start_context_condition,start_context_scale,retrieval_selectivity,lag,conditional_response_probability
No start-of-list reinstatement,0.0,0.0,-63,0.030837005004286766
No start-of-list reinstatement,0.0,0.0,-62,0.019586507230997086
No start-of-list reinstatement,0.0,0.0,-61,0.012903225608170033
No start-of-list reinstatement,0.0,0.0,-60,0.01752522587776184
No start-of-list reinstatement,0.0,0.0,-59,0.012225969694554806
No start-of-list reinstatement,0.0,0.0,-58,0.01935938000679016
No start-of-list reinstatement,0.0,0.0,-57,0.016791604459285736
No start-of-list reinstatement,0.0,0.0,-56,0.015392642468214035
No start-of-list reinstatement,0.0,0.0,-55,0.015316778793931007
No start-of-list reinstatement,0.0,0.0,-54,0.011000415310263634
No start-of-list reinstatement,0.0,0.0,-53,0.016451673582196236
No start-of-list reinstatement,0.0,0.0,-52,0.016309887170791626
No start-of-list reinstatement,0.0,0.0,-51,0.014719847589731216
No start-of-list reinstatement,0.0,0.0,-50,0.015891529619693756
No start-of-list reinstatement,0.0,0.0,-49,0.01671195589005947
No start-of-list reinstatement,0.0,0.0,-48,0.01413472555577755
No start-of-list reinstatement,0.0,0.0,-47,0.017585836350917816
No start-of-list reinstatement,0.0,0.0,-46,0.017768781632184982
No start-of-list reinstatement,0.0,0.0,-45,0.015450643375515938
No start-of-list reinstatement,0.0,0.0,-44,0.0176667682826519
No start-of-list reinstatement,0.0,0.0,-43,0.015893012285232544
No start-of-list reinstatement,0.0,0.0,-42,0.017652494832873344
No start-of-list reinstatement,0.0,0.0,-41,0.01898903399705887
No start-of-list reinstatement,0.0,0.0,-40,0.015749365091323853
No start-of-list reinstatement,0.0,0.0,-39,0.01779041439294815
No start-of-list reinstatement,0.0,0.0,-38,0.017396053299307823
No start-of-list reinstatement,0.0,0.0,-37,0.0164426751434803
No start-of-list reinstatement,0.0,0.0,-36,0.017223836854100227
No start-of-list reinstatement,0.0,0.0,-35,0.015980934724211693
No start-of-list reinstatement,0.0,0.0,-34,0.017374256625771523
No start-of-list reinstatement,0.0,0.0,-33,0.017441103234887123
No start-of-list reinstatement,0.0,0.0,-32,0.017594752833247185
No start-of-list reinstatement,0.0,0.0,-31,0.01565461978316307
No start-of-list reinstatement,0.0,0.0,-30,0.018537163734436035
No start-of-list reinstatement,0.0,0.0,-29,0.018298998475074768
No start-of-list reinstatement,0.0,0.0,-28,0.01772492751479149
No start-of-list reinstatement,0.0,0.0,-27,0.016005225479602814
No start-of-list reinstatement,0.0,0.0,-26,0.01711491495370865
No start-of-list reinstatement,0.0,0.0,-25,0.01794791966676712
No start-of-list reinstatement,0.0,0.0,-24,0.015644777566194534
No start-of-list reinstatement,0.0,0.0,-23,0.014473489485681057
No start-of-list reinstatement,0.0,0.0,-22,0.01665222831070423
No start-of-list reinstatement,0.0,0.0,-21,0.017118938267230988
No start-of-list reinstatement,0.0,0.0,-20,0.017197657376527786
No start-of-list reinstatement,0.0,0.0,-19,0.018017612397670746
No start-of-list reinstatement,0.0,0.0,-18,0.017241379246115685
No start-of-list reinstatement,0.0,0.0,-17,0.0153938764706254
No start-of-list reinstatement,0.0,0.0,-16,0.01590985804796219
No start-of-list reinstatement,0.0,0.0,-15,0.016727933660149574
No start-of-list reinstatement,0.0,0.0,-14,0.015687542036175728
No start-of-list reinstatement,0.0,0.0,-13,0.01777091808617115
No start-of-list reinstatement,0.0,0.0,-12,0.016626618802547455
No start-of-list reinstatement,0.0,0.0,-11,0.016594186425209045
No start-of-list reinstatement,0.0,0.0,-10,0.018097518011927605
No start-of-list reinstatement,0.0,0.0,-9,0.017160458490252495
No start-of-list reinstatement,0.0,0.0,-8,0.016508325934410095
No start-of-list reinstatement,0.0,0.0,-7,0.016745902597904205
No start-of-list reinstatement,0.0,0.0,-6,0.01722094416618347
No start-of-list reinstatement,0.0,0.0,-5,0.01564483530819416
No start-of-list reinstatement,0.0,0.0,-4,0.017057137563824654
No start-of-list reinstatement,0.0,0.0,-3,0.0164326261729002
No start-of-list reinstatement,0.0,0.0,-2,0.016980640590190887
No start-of-list reinstatement,0.0,0.0,-1,0.015735162422060966
No start-of-list reinstatement,0.0,0.0,0,nan
No start-of-list reinstatement,0.0,0.0,1,0.016003072261810303
No start-of-list reinstatement,0.0,0.0,2,0.017019888386130333
No start-of-list reinstatement,0.0,0.0,3,0.016078872606158257
No start-of-list reinstatement,0.0,0.0,4,0.017752673476934433
No start-of-list reinstatement,0.0,0.0,5,0.01693063974380493
No start-of-list reinstatement,0.0,0.0,6,0.016662616282701492
No start-of-list reinstatement,0.0,0.0,7,0.01650993339717388
No start-of-list reinstatement,0.0,0.0,8,0.01710171066224575
No start-of-list reinstatement,0.0,0.0,9,0.016844263300299644
No start-of-list reinstatement,0.0,0.0,10,0.017575349658727646
No start-of-list reinstatement,0.0,0.0,11,0.01719939149916172
No start-of-list reinstatement,0.0,0.0,12,0.017724856734275818
No start-of-list reinstatement,0.0,0.0,13,0.01695452444255352
No start-of-list reinstatement,0.0,0.0,14,0.016958734020590782
No start-of-list reinstatement,0.0,0.0,15,0.017547473311424255
No start-of-list reinstatement,0.0,0.0,16,0.016611294820904732
No start-of-list reinstatement,0.0,0.0,17,0.017082277685403824
No start-of-list reinstatement,0.0,0.0,18,0.016306258738040924
No start-of-list reinstatement,0.0,0.0,19,0.015601115301251411
No start-of-list reinstatement,0.0,0.0,20,0.01774875819683075
No start-of-list reinstatement,0.0,0.0,21,0.016735421493649483
No start-of-list reinstatement,0.0,0.0,22,0.01591881923377514
No start-of-list reinstatement,0.0,0.0,23,0.016364527866244316
No start-of-list reinstatement,0.0,0.0,24,0.01688488945364952
No start-of-list reinstatement,0.0,0.0,25,0.018234413117170334
No start-of-list reinstatement,0.0,0.0,26,0.0186677984893322
No start-of-list reinstatement,0.0,0.0,27,0.015417302027344704
No start-of-list reinstatement,0.0,0.0,28,0.01663585938513279
No start-of-list reinstatement,0.0,0.0,29,0.016170015558600426
No start-of-list reinstatement,0.0,0.0,30,0.01631535030901432
No start-of-list reinstatement,0.0,0.0,31,0.017243487760424614
No start-of-list reinstatement,0.0,0.0,32,0.01626119576394558
No start-of-list reinstatement,0.0,0.0,33,0.014476615004241467
No start-of-list reinstatement,0.0,0.0,34,0.017542671412229538
No start-of-list reinstatement,0.0,0.0,35,0.0173664391040802
No start-of-list reinstatement,0.0,0.0,36,0.01836852729320526
No start-of-list reinstatement,0.0,0.0,37,0.01593625545501709
No start-of-list reinstatement,0.0,0.0,38,0.01632940024137497
No start-of-list reinstatement,0.0,0.0,39,0.016869423910975456
No start-of-list reinstatement,0.0,0.0,40,0.017378101125359535
No start-of-list reinstatement,0.0,0.0,41,0.017053989693522453
No start-of-list reinstatement,0.0,0.0,42,0.0159747377038002
No start-of-list reinstatement,0.0,0.0,43,0.016824599355459213
No start-of-list reinstatement,0.0,0.0,44,0.01622059941291809
No start-of-list reinstatement,0.0,0.0,45,0.015271252021193504
No start-of-list reinstatement,0.0,0.0,46,0.01772209070622921
No start-of-list reinstatement,0.0,0.0,47,0.017204301431775093
No start-of-list reinstatement,0.0,0.0,48,0.015678340569138527
No start-of-list reinstatement,0.0,0.0,49,0.018536057323217392
No start-of-list reinstatement,0.0,0.0,50,0.019499417394399643
No start-of-list reinstatement,0.0,0.0,51,0.014370509423315525
No start-of-list reinstatement,0.0,0.0,52,0.015792155638337135
No start-of-list reinstatement,0.0,0.0,53,0.015190811827778816
No start-of-list reinstatement,0.0,0.0,54,0.018089430406689644
No start-of-list reinstatement,0.0,0.0,55,0.017268802970647812
No start-of-list reinstatement,0.0,0.0,56,0.016422435641288757
No start-of-list reinstatement,0.0,0.0,57,0.014710123650729656
No start-of-list reinstatement,0.0,0.0,58,0.019028201699256897
No start-of-list reinstatement,0.0,0.0,59,0.013951580040156841
No start-of-list reinstatement,0.0,0.0,60,0.019200829789042473
No start-of-list reinstatement,0.0,0.0,61,0.017735334113240242
No start-of-list reinstatement,0.0,0.0,62,0.006160164251923561
No start-of-list reinstatement,0.0,0.0,63,0.01515151560306549
No start-of-list reinstatement,0.0,0.25,-63,0.004494382068514824
No start-of-list reinstatement,0.0,0.25,-62,0.003436426166445017
No start-of-list reinstatement,0.0,0.25,-61,0.0019364833133295178
No start-of-list reinstatement,0.0,0.25,-60,0.001784121268428862
No start-of-list reinstatement,0.0,0.25,-59,0.002184465993195772
No start-of-list reinstatement,0.0,0.25,-58,0.0028694404754787683
No start-of-list reinstatement,0.0,0.25,-57,0.0052205221727490425
No start-of-list reinstatement,0.0,0.25,-56,0.003167062532156706
No start-of-list reinstatement,0.0,0.25,-55,0.00473525607958436
No start-of-list reinstatement,0.0,0.25,-54,0.0028863814659416676
No start-of-list reinstatement,0.0,0.25,-53,0.004587709903717041
No start-of-list reinstatement,0.0,0.25,-52,0.0033711653668433428
No start-of-list reinstatement,0.0,0.25,-51,0.004219409078359604
No start-of-list reinstatement,0.0,0.25,-50,0.0036593808326870203
No start-of-list reinstatement,0.0,0.25,-49,0.0047663552686572075
No start-of-list reinstatement,0.0,0.25,-48,0.004717400763183832
No start-of-list reinstatement,0.0,0.25,-47,0.004429860506206751
No start-of-list reinstatement,0.0,0.25,-46,0.005004549399018288
No start-of-list reinstatement,0.0,0.25,-45,0.006001129746437073
No start-of-list reinstatement,0.0,0.25,-44,0.004785961005836725
No start-of-list reinstatement,0.0,0.25,-43,0.006653276272118092
No start-of-list reinstatement,0.0,0.25,-42,0.005183508154004812
No start-of-list reinstatement,0.0,0.25,-41,0.005498554557561874
No start-of-list reinstatement,0.0,0.25,-40,0.005186946131289005
No start-of-list reinstatement,0.0,0.25,-39,0.006426868494600058
No start-of-list reinstatement,0.0,0.25,-38,0.00659077288582921
No start-of-list reinstatement,0.0,0.25,-37,0.006252404768019915
No start-of-list reinstatement,0.0,0.25,-36,0.006550522521138191
No start-of-list reinstatement,0.0,0.25,-35,0.0061556436121463776
No start-of-list reinstatement,0.0,0.25,-34,0.007272885646671057
No start-of-list reinstatement,0.0,0.25,-33,0.006991229020059109
No start-of-list reinstatement,0.0,0.25,-32,0.0072983670979738235
No start-of-list reinstatement,0.0,0.25,-31,0.008527735248208046
No start-of-list reinstatement,0.0,0.25,-30,0.008545269258320332
No start-of-list reinstatement,0.0,0.25,-29,0.00972087774425745
No start-of-list reinstatement,0.0,0.25,-28,0.010337366722524166
No start-of-list reinstatement,0.0,0.25,-27,0.009862403385341167
No start-of-list reinstatement,0.0,0.25,-26,0.010386340320110321
No start-of-list reinstatement,0.0,0.25,-25,0.010993294417858124
No start-of-list reinstatement,0.0,0.25,-24,0.01156538911163807
No start-of-list reinstatement,0.0,0.25,-23,0.012438097037374973
No start-of-list reinstatement,0.0,0.25,-22,0.012518549337983131
No start-of-list reinstatement,0.0,0.25,-21,0.013059067539870739
No start-of-list reinstatement,0.0,0.25,-20,0.013704768382012844
No start-of-list reinstatement,0.0,0.25,-19,0.013850312680006027
No start-of-list reinstatement,0.0,0.25,-18,0.01379688922315836
No start-of-list reinstatement,0.0,0.25,-17,0.014958972111344337
No start-of-list reinstatement,0.0,0.25,-16,0.016990553587675095
No start-of-list reinstatement,0.0,0.25,-15,0.016723355278372765
No start-of-list reinstatement,0.0,0.25,-14,0.01699845865368843
No start-of-list reinstatement,0.0,0.25,-13,0.016219979152083397
No start-of-list reinstatement,0.0,0.25,-12,0.016759198158979416
No start-of-list reinstatement,0.0,0.25,-11,0.017003297805786133
No start-of-list reinstatement,0.0,0.25,-10,0.019468845799565315
No start-of-list reinstatement,0.0,0.25,-9,0.019491268321871758
No start-of-list reinstatement,0.0,0.25,-8,0.022420622408390045
No start-of-list reinstatement,0.0,0.25,-7,0.023721100762486458
No start-of-list reinstatement,0.0,0.25,-6,0.024020522832870483
No start-of-list reinstatement,0.0,0.25,-5,0.025015758350491524
No start-of-list reinstatement,0.0,0.25,-4,0.026418721303343773
No start-of-list reinstatement,0.0,0.25,-3,0.03057071939110756
No start-of-list reinstatement,0.0,0.25,-2,0.029895812273025513
No start-of-list reinstatement,0.0,0.25,-1,0.03083043172955513
No start-of-list reinstatement,0.0,0.25,0,nan
No start-of-list reinstatement,0.0,0.25,1,0.040103886276483536
No start-of-list reinstatement,0.0,0.25,2,0.03770054504275322
No start-of-list reinstatement,0.0,0.25,3,0.033838722854852676
No start-of-list reinstatement,0.0,0.25,4,0.03226745128631592
No start-of-list reinstatement,0.0,0.25,5,0.029118945822119713
No start-of-list reinstatement,0.0,0.25,6,0.027207234874367714
No start-of-list reinstatement,0.0,0.25,7,0.025346798822283745
No start-of-list reinstatement,0.0,0.25,8,0.02404274232685566
No start-of-list reinstatement,0.0,0.25,9,0.02481420338153839
No start-of-list reinstatement,0.0,0.25,10,0.022457627579569817
No start-of-list reinstatement,0.0,0.25,11,0.02275589480996132
No start-of-list reinstatement,0.0,0.25,12,0.019900497049093246
No start-of-list reinstatement,0.0,0.25,13,0.018435703590512276
No start-of-list reinstatement,0.0,0.25,14,0.018710041418671608
No start-of-list reinstatement,0.0,0.25,15,0.016312740743160248
No start-of-list reinstatement,0.0,0.25,16,0.01877911016345024
No start-of-list reinstatement,0.0,0.25,17,0.017920034006237984
No start-of-list reinstatement,0.0,0.25,18,0.01830863207578659
No start-of-list reinstatement,0.0,0.25,19,0.01857159286737442
No start-of-list reinstatement,0.0,0.25,20,0.01889069937169552
No start-of-list reinstatement,0.0,0.25,21,0.01735096052289009
No start-of-list reinstatement,0.0,0.25,22,0.017968907952308655
No start-of-list reinstatement,0.0,0.25,23,0.019424358382821083
No start-of-list reinstatement,0.0,0.25,24,0.01670931838452816
No start-of-list reinstatement,0.0,0.25,25,0.018164435401558876
No start-of-list reinstatement,0.0,0.25,26,0.018701869994401932
No start-of-list reinstatement,0.0,0.25,27,0.018886590376496315
No start-of-list reinstatement,0.0,0.25,28,0.020215634256601334
No start-of-list reinstatement,0.0,0.25,29,0.018170490860939026
No start-of-list reinstatement,0.0,0.25,30,0.020148344337940216
No start-of-list reinstatement,0.0,0.25,31,0.019880952313542366
No start-of-list reinstatement,0.0,0.25,32,0.022319138050079346
No start-of-list reinstatement,0.0,0.25,33,0.019792895764112473
No start-of-list reinstatement,0.0,0.25,34,0.01684636063873768
No start-of-list reinstatement,0.0,0.25,35,0.013600769452750683
No start-of-list reinstatement,0.0,0.25,36,0.015467574819922447
No start-of-list reinstatement,0.0,0.25,37,0.01661764644086361
No start-of-list reinstatement,0.0,0.25,38,0.014363471418619156
No start-of-list reinstatement,0.0,0.25,39,0.01746106706559658
No start-of-list reinstatement,0.0,0.25,40,0.014274127781391144
No start-of-list reinstatement,0.0,0.25,41,0.014915253967046738
No start-of-list reinstatement,0.0,0.25,42,0.01629006862640381
No start-of-list reinstatement,0.0,0.25,43,0.015148716047406197
No start-of-list reinstatement,0.0,0.25,44,0.011087337508797646
No start-of-list reinstatement,0.0,0.25,45,0.012305168434977531
No start-of-list reinstatement,0.0,0.25,46,0.010917030274868011
No start-of-list reinstatement,0.0,0.25,47,0.013348676264286041
No start-of-list reinstatement,0.0,0.25,48,0.011554885655641556
No start-of-list reinstatement,0.0,0.25,49,0.010459675453603268
No start-of-list reinstatement,0.0,0.25,50,0.010340632870793343
No start-of-list reinstatement,0.0,0.25,51,0.011036789044737816
No start-of-list reinstatement,0.0,0.25,52,0.01100513618439436
No start-of-list reinstatement,0.0,0.25,53,0.013212221674621105
No start-of-list reinstatement,0.0,0.25,54,0.00978108961135149
No start-of-list reinstatement,0.0,0.25,55,0.01331203430891037
No start-of-list reinstatement,0.0,0.25,56,0.01246882788836956
No start-of-list reinstatement,0.0,0.25,57,0.01479289960116148
No start-of-list reinstatement,0.0,0.25,58,0.0164930559694767
No start-of-list reinstatement,0.0,0.25,59,0.013636363670229912
No start-of-list reinstatement,0.0,0.25,60,0.011444921605288982
No start-of-list reinstatement,0.0,0.25,61,0.0178217813372612
No start-of-list reinstatement,0.0,0.25,62,0.012539184652268887
No start-of-list reinstatement,0.0,0.25,63,0.018292682245373726
No start-of-list reinstatement,0.0,0.5,-63,0.0
No start-of-list reinstatement,0.0,0.5,-62,0.0
No start-of-list reinstatement,0.0,0.5,-61,0.0
No start-of-list reinstatement,0.0,0.5,-60,0.00017940437828656286
No start-of-list reinstatement,0.0,0.5,-59,0.00014905350690241903
No start-of-list reinstatement,0.0,0.5,-58,0.0002565747417975217
No start-of-list reinstatement,0.0,0.5,-57,0.0004570906166918576
No start-of-list reinstatement,0.0,0.5,-56,0.00010421008482808247
No start-of-list reinstatement,0.0,0.5,-55,0.0001911497674882412
No start-of-list reinstatement,0.0,0.5,-54,0.00026685642660595477
No start-of-list reinstatement,0.0,0.5,-53,0.000167098332894966
No start-of-list reinstatement,0.0,0.5,-52,0.00031655587372370064
No start-of-list reinstatement,0.0,0.5,-51,0.00030113678076304495
No start-of-list reinstatement,0.0,0.5,-50,0.00021606049267575145
No start-of-list reinstatement,0.0,0.5,-49,0.00013795006088912487
No start-of-list reinstatement,0.0,0.5,-48,0.00046523992205038667
No start-of-list reinstatement,0.0,0.5,-47,0.0006012144731357694
No start-of-list reinstatement,0.0,0.5,-46,0.0007174788624979556
No start-of-list reinstatement,0.0,0.5,-45,0.0010756544070318341
No start-of-list reinstatement,0.0,0.5,-44,0.0010559154907241464
No start-of-list reinstatement,0.0,0.5,-43,0.0005889548338018358
No start-of-list reinstatement,0.0,0.5,-42,0.0012903226306661963
No start-of-list reinstatement,0.0,0.5,-41,0.001025472767651081
No start-of-list reinstatement,0.0,0.5,-40,0.0011412380263209343
No start-of-list reinstatement,0.0,0.5,-39,0.001063748961314559
No start-of-list reinstatement,0.0,0.5,-38,0.0009188136318698525
No start-of-list reinstatement,0.0,0.5,-37,0.0013926582178100944
No start-of-list reinstatement,0.0,0.5,-36,0.0010779609438031912
No start-of-list reinstatement,0.0,0.5,-35,0.0012559402966871858
No start-of-list reinstatement,0.0,0.5,-34,0.001730046235024929
No start-of-list reinstatement,0.0,0.5,-33,0.0017971507040783763
No start-of-list reinstatement,0.0,0.5,-32,0.0021537868306040764
No start-of-list reinstatement,0.0,0.5,-31,0.002666067099198699
No start-of-list reinstatement,0.0,0.5,-30,0.002312807133421302
No start-of-list reinstatement,0.0,0.5,-29,0.0031447550281882286
No start-of-list reinstatement,0.0,0.5,-28,0.0031732802744954824
No start-of-list reinstatement,0.0,0.5,-27,0.00393436336889863
No start-of-list reinstatement,0.0,0.5,-26,0.004057637415826321
No start-of-list reinstatement,0.0,0.5,-25,0.005676563363522291
No start-of-list reinstatement,0.0,0.5,-24,0.006692373659461737
No start-of-list reinstatement,0.0,0.5,-23,0.007092649582773447
No start-of-list reinstatement,0.0,0.5,-22,0.007825921289622784
No start-of-list reinstatement,0.0,0.5,-21,0.008185798302292824
No start-of-list reinstatement,0.0,0.5,-20,0.008918086998164654
No start-of-list reinstatement,0.0,0.5,-19,0.010068070143461227
No start-of-list reinstatement,0.0,0.5,-18,0.011978129856288433
No start-of-list reinstatement,0.0,0.5,-17,0.013045944273471832
No start-of-list reinstatement,0.0,0.5,-16,0.014310481026768684
No start-of-list reinstatement,0.0,0.5,-15,0.014570286497473717
No start-of-list reinstatement,0.0,0.5,-14,0.015103739686310291
No start-of-list reinstatement,0.0,0.5,-13,0.015890497714281082
No start-of-list reinstatement,0.0,0.5,-12,0.017559317871928215
No start-of-list reinstatement,0.0,0.5,-11,0.01739157922565937
No start-of-list reinstatement,0.0,0.5,-10,0.021721921861171722
No start-of-list reinstatement,0.0,0.5,-9,0.02379511296749115
No start-of-list reinstatement,0.0,0.5,-8,0.027336016297340393
No start-of-list reinstatement,0.0,0.5,-7,0.028778601437807083
No start-of-list reinstatement,0.0,0.5,-6,0.030776729807257652
No start-of-list reinstatement,0.0,0.5,-5,0.0376688688993454
No start-of-list reinstatement,0.0,0.5,-4,0.041440241038799286
No start-of-list reinstatement,0.0,0.5,-3,0.046981681138277054
No start-of-list reinstatement,0.0,0.5,-2,0.05357695743441582
No start-of-list reinstatement,0.0,0.5,-1,0.05880076065659523
No start-of-list reinstatement,0.0,0.5,0,nan
No start-of-list reinstatement,0.0,0.5,1,0.08104375749826431
No start-of-list reinstatement,0.0,0.5,2,0.07432897388935089
No start-of-list reinstatement,0.0,0.5,3,0.0642092302441597
No start-of-list reinstatement,0.0,0.5,4,0.05616062507033348
No start-of-list reinstatement,0.0,0.5,5,0.04726110398769379
No start-of-list reinstatement,0.0,0.5,6,0.04257989302277565
No start-of-list reinstatement,0.0,0.5,7,0.03607289120554924
No start-of-list reinstatement,0.0,0.5,8,0.031347811222076416
No start-of-list reinstatement,0.0,0.5,9,0.028342299163341522
No start-of-list reinstatement,0.0,0.5,10,0.025643661618232727
No start-of-list reinstatement,0.0,0.5,11,0.020839961245656013
No start-of-list reinstatement,0.0,0.5,12,0.01884518377482891
No start-of-list reinstatement,0.0,0.5,13,0.01678967848420143
No start-of-list reinstatement,0.0,0.5,14,0.018851354718208313
No start-of-list reinstatement,0.0,0.5,15,0.014620237983763218
No start-of-list reinstatement,0.0,0.5,16,0.015431126579642296
No start-of-list reinstatement,0.0,0.5,17,0.01536659337580204
No start-of-list reinstatement,0.0,0.5,18,0.0129624018445611
No start-of-list reinstatement,0.0,0.5,19,0.014846943318843842
No start-of-list reinstatement,0.0,0.5,20,0.015680089592933655
No start-of-list reinstatement,0.0,0.5,21,0.015889501199126244
No start-of-list reinstatement,0.0,0.5,22,0.016438990831375122
No start-of-list reinstatement,0.0,0.5,23,0.014038310386240482
No start-of-list reinstatement,0.0,0.5,24,0.015393723733723164
No start-of-list reinstatement,0.0,0.5,25,0.01619095355272293
No start-of-list reinstatement,0.0,0.5,26,0.016676250845193863
No start-of-list reinstatement,0.0,0.5,27,0.016817880794405937
No start-of-list reinstatement,0.0,0.5,28,0.01690140925347805
No start-of-list reinstatement,0.0,0.5,29,0.01882210001349449
No start-of-list reinstatement,0.0,0.5,30,0.01888136751949787
No start-of-list reinstatement,0.0,0.5,31,0.019915254786610603
No start-of-list reinstatement,0.0,0.5,32,0.023577652871608734
No start-of-list reinstatement,0.0,0.5,33,0.023970818147063255
No start-of-list reinstatement,0.0,0.5,34,0.019535375759005547
No start-of-list reinstatement,0.0,0.5,35,0.012260127812623978
No start-of-list reinstatement,0.0,0.5,36,0.019791094586253166
No start-of-list reinstatement,0.0,0.5,37,0.01743531972169876
No start-of-list reinstatement,0.0,0.5,38,0.011771630495786667
No start-of-list reinstatement,0.0,0.5,39,0.016393441706895828
No start-of-list reinstatement,0.0,0.5,40,0.008722741156816483
No start-of-list reinstatement,0.0,0.5,41,0.01577909290790558
No start-of-list reinstatement,0.0,0.5,42,0.004807692486792803
No start-of-list reinstatement,0.0,0.5,43,0.00784034188836813
No start-of-list reinstatement,0.0,0.5,44,0.008791209198534489
No start-of-list reinstatement,0.0,0.5,45,0.009623095393180847
No start-of-list reinstatement,0.0,0.5,46,0.007826087065041065
No start-of-list reinstatement,0.0,0.5,47,0.004734848625957966
No start-of-list reinstatement,0.0,0.5,48,0.008412197232246399
No start-of-list reinstatement,0.0,0.5,49,0.009400704875588417
No start-of-list reinstatement,0.0,0.5,50,0.008075370453298092
No start-of-list reinstatement,0.0,0.5,51,0.01221374049782753
No start-of-list reinstatement,0.0,0.5,52,0.003407154930755496
No start-of-list reinstatement,0.0,0.5,53,0.010438413359224796
No start-of-list reinstatement,0.0,0.5,54,0.007092198356986046
No start-of-list reinstatement,0.0,0.5,55,0.008287292905151844
No start-of-list reinstatement,0.0,0.5,56,0.0066006602719426155
No start-of-list reinstatement,0.0,0.5,57,0.01293103490024805
No start-of-list reinstatement,0.0,0.5,58,0.0
No start-of-list reinstatement,0.0,0.5,59,0.00657894741743803
No start-of-list reinstatement,0.0,0.5,60,0.03305784985423088
No start-of-list reinstatement,0.0,0.5,61,0.0
No start-of-list reinstatement,0.0,0.5,62,0.0
No start-of-list reinstatement,0.0,0.5,63,0.0
No start-of-list reinstatement,0.0,0.75,-63,0.0
No start-of-list reinstatement,0.0,0.75,-62,0.0
No start-of-list reinstatement,0.0,0.75,-61,0.0
No start-of-list reinstatement,0.0,0.75,-60,0.0
No start-of-list reinstatement,0.0,0.75,-59,0.0
No start-of-list reinstatement,0.0,0.75,-58,0.0
No start-of-list reinstatement,0.0,0.75,-57,0.0
No start-of-list reinstatement,0.0,0.75,-56,0.0
No start-of-list reinstatement,0.0,0.75,-55,0.0
No start-of-list reinstatement,0.0,0.75,-54,0.0
No start-of-list reinstatement,0.0,0.75,-53,0.0
No start-of-list reinstatement,0.0,0.75,-52,0.0
No start-of-list reinstatement,0.0,0.75,-51,5.9499019698705524e-05
No start-of-list reinstatement,0.0,0.75,-50,0.0
No start-of-list reinstatement,0.0,0.75,-49,0.0
No start-of-list reinstatement,0.0,0.75,-48,0.00010975141049129888
No start-of-list reinstatement,0.0,0.75,-47,4.972155875293538e-05
No start-of-list reinstatement,0.0,0.75,-46,4.5852630137233064e-05
No start-of-list reinstatement,0.0,0.75,-45,0.00012833676009904593
No start-of-list reinstatement,0.0,0.75,-44,4.0371418435825035e-05
No start-of-list reinstatement,0.0,0.75,-43,7.671359344385564e-05
No start-of-list reinstatement,0.0,0.75,-42,7.349158840952441e-05
No start-of-list reinstatement,0.0,0.75,-41,0.00017702874902170151
No start-of-list reinstatement,0.0,0.75,-40,6.86365383444354e-05
No start-of-list reinstatement,0.0,0.75,-39,3.340236435178667e-05
No start-of-list reinstatement,0.0,0.75,-38,0.00016342540038749576
No start-of-list reinstatement,0.0,0.75,-37,0.00019265347509644926
No start-of-list reinstatement,0.0,0.75,-36,9.496074926573783e-05
No start-of-list reinstatement,0.0,0.75,-35,0.00021881154680158943
No start-of-list reinstatement,0.0,0.75,-34,0.00024736401974223554
No start-of-list reinstatement,0.0,0.75,-33,0.00030647582025267184
No start-of-list reinstatement,0.0,0.75,-32,0.00021318714425433427
No start-of-list reinstatement,0.0,0.75,-31,0.0005785450921393931
No start-of-list reinstatement,0.0,0.75,-30,0.001279161893762648
No start-of-list reinstatement,0.0,0.75,-29,0.0009442007867619395
No start-of-list reinstatement,0.0,0.75,-28,0.0015535991406068206
No start-of-list reinstatement,0.0,0.75,-27,0.0016744299791753292
No start-of-list reinstatement,0.0,0.75,-26,0.0021008404437452555
No start-of-list reinstatement,0.0,0.75,-25,0.0024353861808776855
No start-of-list reinstatement,0.0,0.75,-24,0.002922908402979374
No start-of-list reinstatement,0.0,0.75,-23,0.002800097456201911
No start-of-list reinstatement,0.0,0.75,-22,0.0038660578429698944
No start-of-list reinstatement,0.0,0.75,-21,0.004447287414222956
No start-of-list reinstatement,0.0,0.75,-20,0.006608801428228617
No start-of-list reinstatement,0.0,0.75,-19,0.006671540904790163
No start-of-list reinstatement,0.0,0.75,-18,0.008290913887321949
No start-of-list reinstatement,0.0,0.75,-17,0.010153677314519882
No start-of-list reinstatement,0.0,0.75,-16,0.01204193290323019
No start-of-list reinstatement,0.0,0.75,-15,0.012720156461000443
No start-of-list reinstatement,0.0,0.75,-14,0.013363096863031387
No start-of-list reinstatement,0.0,0.75,-13,0.013824178837239742
No start-of-list reinstatement,0.0,0.75,-12,0.01496435608714819
No start-of-list reinstatement,0.0,0.75,-11,0.01678028330206871
No start-of-list reinstatement,0.0,0.75,-10,0.018683770671486855
No start-of-list reinstatement,0.0,0.75,-9,0.02304621785879135
No start-of-list reinstatement,0.0,0.75,-8,0.02532998099923134
No start-of-list reinstatement,0.0,0.75,-7,0.0319138802587986
No start-of-list reinstatement,0.0,0.75,-6,0.03634020686149597
No start-of-list reinstatement,0.0,0.75,-5,0.042168281972408295
No start-of-list reinstatement,0.0,0.75,-4,0.05422111600637436
No start-of-list reinstatement,0.0,0.75,-3,0.06218545511364937
No start-of-list reinstatement,0.0,0.75,-2,0.07506971061229706
No start-of-list reinstatement,0.0,0.75,-1,0.09275221079587936
No start-of-list reinstatement,0.0,0.75,0,nan
No start-of-list reinstatement,0.0,0.75,1,0.14040449261665344
No start-of-list reinstatement,0.0,0.75,2,0.11127969622612
No start-of-list reinstatement,0.0,0.75,3,0.08968942612409592
No start-of-list reinstatement,0.0,0.75,4,0.07161568105220795
No start-of-list reinstatement,0.0,0.75,5,0.055847156792879105
No start-of-list reinstatement,0.0,0.75,6,0.04818076267838478
No start-of-list reinstatement,0.0,0.75,7,0.03766248747706413
No start-of-list reinstatement,0.0,0.75,8,0.030361445620656013
No start-of-list reinstatement,0.0,0.75,9,0.025616876780986786
No start-of-list reinstatement,0.0,0.75,10,0.022045912221074104
No start-of-list reinstatement,0.0,0.75,11,0.019700445234775543
No start-of-list reinstatement,0.0,0.75,12,0.014186389744281769
No start-of-list reinstatement,0.0,0.75,13,0.013895999640226364
No start-of-list reinstatement,0.0,0.75,14,0.011712128296494484
No start-of-list reinstatement,0.0,0.75,15,0.013071895577013493
No start-of-list reinstatement,0.0,0.75,16,0.012051260098814964
No start-of-list reinstatement,0.0,0.75,17,0.008390244096517563
No start-of-list reinstatement,0.0,0.75,18,0.009103169664740562
No start-of-list reinstatement,0.0,0.75,19,0.00824068021029234
No start-of-list reinstatement,0.0,0.75,20,0.007477491162717342
No start-of-list reinstatement,0.0,0.75,21,0.00958928931504488
No start-of-list reinstatement,0.0,0.75,22,0.009269239380955696
No start-of-list reinstatement,0.0,0.75,23,0.009493670426309109
No start-of-list reinstatement,0.0,0.75,24,0.009035172872245312
No start-of-list reinstatement,0.0,0.75,25,0.00806776899844408
No start-of-list reinstatement,0.0,0.75,26,0.010763711296021938
No start-of-list reinstatement,0.0,0.75,27,0.01166558638215065
No start-of-list reinstatement,0.0,0.75,28,0.015177065506577492
No start-of-list reinstatement,0.0,0.75,29,0.010917030274868011
No start-of-list reinstatement,0.0,0.75,30,0.012066365219652653
No start-of-list reinstatement,0.0,0.75,31,0.010683760978281498
No start-of-list reinstatement,0.0,0.75,32,0.015432098880410194
No start-of-list reinstatement,0.0,0.75,33,0.0317460335791111
No start-of-list reinstatement,0.0,0.75,34,0.021671826019883156
No start-of-list reinstatement,0.0,0.75,35,0.016447369009256363
No start-of-list reinstatement,0.0,0.75,36,0.013029315508902073
No start-of-list reinstatement,0.0,0.75,37,0.010067113675177097
No start-of-list reinstatement,0.0,0.75,38,0.010380622930824757
No start-of-list reinstatement,0.0,0.75,39,0.010600706562399864
No start-of-list reinstatement,0.0,0.75,40,0.018450183793902397
No start-of-list reinstatement,0.0,0.75,41,0.00390625
No start-of-list reinstatement,0.0,0.75,42,0.00390625
No start-of-list reinstatement,0.0,0.75,43,0.0
No start-of-list reinstatement,0.0,0.75,44,0.012820512987673283
No start-of-list reinstatement,0.0,0.75,45,0.0
No start-of-list reinstatement,0.0,0.75,46,0.010309278033673763
No start-of-list reinstatement,0.0,0.75,47,0.0
No start-of-list reinstatement,0.0,0.75,48,0.00657894741743803
No start-of-list reinstatement,0.0,0.75,49,0.007518797181546688
No start-of-list reinstatement,0.0,0.75,50,0.008333333767950535
No start-of-list reinstatement,0.0,0.75,51,0.028846153989434242
No start-of-list reinstatement,0.0,0.75,52,0.023255813866853714
No start-of-list reinstatement,0.0,0.75,53,0.02985074557363987
No start-of-list reinstatement,0.0,0.75,54,0.01785714365541935
No start-of-list reinstatement,0.0,0.75,55,0.0
No start-of-list reinstatement,0.0,0.75,56,0.025641025975346565
No start-of-list reinstatement,0.0,0.75,57,0.03448275849223137
No start-of-list reinstatement,0.0,0.75,58,0.05263157933950424
No start-of-list reinstatement,0.0,0.75,59,0.0714285746216774
No start-of-list reinstatement,0.0,0.75,60,0.0
No start-of-list reinstatement,0.0,0.75,61,0.0
No start-of-list reinstatement,0.0,0.75,62,0.0
No start-of-list reinstatement,0.0,0.75,63,nan
No start-of-list reinstatement,0.0,1.0,-63,0.0
No start-of-list reinstatement,0.0,1.0,-62,0.0
No start-of-list reinstatement,0.0,1.0,-61,0.0
No start-of-list reinstatement,0.0,1.0,-60,0.0
No start-of-list reinstatement,0.0,1.0,-59,0.0
No start-of-list reinstatement,0.0,1.0,-58,0.0
No start-of-list reinstatement,0.0,1.0,-57,0.0
No start-of-list reinstatement,0.0,1.0,-56,0.0
No start-of-list reinstatement,0.0,1.0,-55,0.0
No start-of-list reinstatement,0.0,1.0,-54,0.0
No start-of-list reinstatement,0.0,1.0,-53,0.0
No start-of-list reinstatement,0.0,1.0,-52,0.0
No start-of-list reinstatement,0.0,1.0,-51,0.0
No start-of-list reinstatement,0.0,1.0,-50,0.0
No start-of-list reinstatement,0.0,1.0,-49,0.0
No start-of-list reinstatement,0.0,1.0,-48,0.0
No start-of-list reinstatement,0.0,1.0,-47,4.325446570874192e-05
No start-of-list reinstatement,0.0,1.0,-46,0.0
No start-of-list reinstatement,0.0,1.0,-45,0.0
No start-of-list reinstatement,0.0,1.0,-44,0.0
No start-of-list reinstatement,0.0,1.0,-43,3.483835098450072e-05
No start-of-list reinstatement,0.0,1.0,-42,6.738317460985854e-05
No start-of-list reinstatement,0.0,1.0,-41,0.0
No start-of-list reinstatement,0.0,1.0,-40,6.425908941309899e-05
No start-of-list reinstatement,0.0,1.0,-39,0.0
No start-of-list reinstatement,0.0,1.0,-38,0.0
No start-of-list reinstatement,0.0,1.0,-37,3.0844206776237115e-05
No start-of-list reinstatement,0.0,1.0,-36,6.122948980191723e-05
No start-of-list reinstatement,0.0,1.0,-35,0.0
No start-of-list reinstatement,0.0,1.0,-34,0.0
No start-of-list reinstatement,0.0,1.0,-33,0.0
No start-of-list reinstatement,0.0,1.0,-32,0.0
No start-of-list reinstatement,0.0,1.0,-31,3.0156816137605347e-05
No start-of-list reinstatement,0.0,1.0,-30,0.0003920386079698801
No start-of-list reinstatement,0.0,1.0,-29,0.0003317049704492092
No start-of-list reinstatement,0.0,1.0,-28,0.00045242044143378735
No start-of-list reinstatement,0.0,1.0,-27,0.0006333122146315873
No start-of-list reinstatement,0.0,1.0,-26,0.0007840772159397602
No start-of-list reinstatement,0.0,1.0,-25,0.00093494588509202
No start-of-list reinstatement,0.0,1.0,-24,0.0015683436067774892
No start-of-list reinstatement,0.0,1.0,-23,0.002081196755170822
No start-of-list reinstatement,0.0,1.0,-22,0.0024129091762006283
No start-of-list reinstatement,0.0,1.0,-21,0.0037398962303996086
No start-of-list reinstatement,0.0,1.0,-20,0.003801363753154874
No start-of-list reinstatement,0.0,1.0,-19,0.005220592487603426
No start-of-list reinstatement,0.0,1.0,-18,0.005916088353842497
No start-of-list reinstatement,0.0,1.0,-17,0.00870038103312254
No start-of-list reinstatement,0.0,1.0,-16,0.011770045384764671
No start-of-list reinstatement,0.0,1.0,-15,0.011017282493412495
No start-of-list reinstatement,0.0,1.0,-14,0.012238715775310993
No start-of-list reinstatement,0.0,1.0,-13,0.011649072170257568
No start-of-list reinstatement,0.0,1.0,-12,0.012730532325804234
No start-of-list reinstatement,0.0,1.0,-11,0.013037650845944881
No start-of-list reinstatement,0.0,1.0,-10,0.014268255792558193
No start-of-list reinstatement,0.0,1.0,-9,0.019118640571832657
No start-of-list reinstatement,0.0,1.0,-8,0.019990097731351852
No start-of-list reinstatement,0.0,1.0,-7,0.02754640392959118
No start-of-list reinstatement,0.0,1.0,-6,0.03643622249364853
No start-of-list reinstatement,0.0,1.0,-5,0.04331078380346298
No start-of-list reinstatement,0.0,1.0,-4,0.060355737805366516
No start-of-list reinstatement,0.0,1.0,-3,0.07659529894590378
No start-of-list reinstatement,0.0,1.0,-2,0.09434445202350616
No start-of-list reinstatement,0.0,1.0,-1,0.12258877605199814
No start-of-list reinstatement,0.0,1.0,0,nan
No start-of-list reinstatement,0.0,1.0,1,0.2067188024520874
No start-of-list reinstatement,0.0,1.0,2,0.15661926567554474
No start-of-list reinstatement,0.0,1.0,3,0.11633221805095673
No start-of-list reinstatement,0.0,1.0,4,0.08334867656230927
No start-of-list reinstatement,0.0,1.0,5,0.06244664639234543
No start-of-list reinstatement,0.0,1.0,6,0.045022863894701004
No start-of-list reinstatement,0.0,1.0,7,0.031617920845746994
No start-of-list reinstatement,0.0,1.0,8,0.025537842884659767
No start-of-list reinstatement,0.0,1.0,9,0.021938733756542206
No start-of-list reinstatement,0.0,1.0,10,0.016768811270594597
No start-of-list reinstatement,0.0,1.0,11,0.012242725118994713
No start-of-list reinstatement,0.0,1.0,12,0.011668066494166851
No start-of-list reinstatement,0.0,1.0,13,0.008978785946965218
No start-of-list reinstatement,0.0,1.0,14,0.008527213707566261
No start-of-list reinstatement,0.0,1.0,15,0.007793968077749014
No start-of-list reinstatement,0.0,1.0,16,0.008083571679890156
No start-of-list reinstatement,0.0,1.0,17,0.005135729908943176
No start-of-list reinstatement,0.0,1.0,18,0.005519942846149206
No start-of-list reinstatement,0.0,1.0,19,0.004133130423724651
No start-of-list reinstatement,0.0,1.0,20,0.0034611287992447615
No start-of-list reinstatement,0.0,1.0,21,0.0030364373233169317
No start-of-list reinstatement,0.0,1.0,22,0.003931847866624594
No start-of-list reinstatement,0.0,1.0,23,0.0023068049922585487
No start-of-list reinstatement,0.0,1.0,24,0.003074557986110449
No start-of-list reinstatement,0.0,1.0,25,0.003118503140285611
No start-of-list reinstatement,0.0,1.0,26,0.004464285913854837
No start-of-list reinstatement,0.0,1.0,27,0.010570824146270752
No start-of-list reinstatement,0.0,1.0,28,0.015673981979489326
No start-of-list reinstatement,0.0,1.0,29,0.004524887073785067
No start-of-list reinstatement,0.0,1.0,30,0.0
No start-of-list reinstatement,0.0,1.0,31,0.0
No start-of-list reinstatement,0.0,1.0,32,0.0
No start-of-list reinstatement,0.0,1.0,33,0.02857142873108387
No start-of-list reinstatement,0.0,1.0,34,0.0
No start-of-list reinstatement,0.0,1.0,35,0.02777777798473835
No start-of-list reinstatement,0.0,1.0,36,0.0
No start-of-list reinstatement,0.0,1.0,37,0.0
No start-of-list reinstatement,0.0,1.0,38,0.0
No start-of-list reinstatement,0.0,1.0,39,0.029411764815449715
No start-of-list reinstatement,0.0,1.0,40,0.0
No start-of-list reinstatement,0.0,1.0,41,0.0
No start-of-list reinstatement,0.0,1.0,42,0.0
No start-of-list reinstatement,0.0,1.0,43,0.0
No start-of-list reinstatement,0.0,1.0,44,0.0
No start-of-list reinstatement,0.0,1.0,45,0.04545454680919647
No start-of-list reinstatement,0.0,1.0,46,0.0
No start-of-list reinstatement,0.0,1.0,47,0.0
No start-of-list reinstatement,0.0,1.0,48,0.0
No start-of-list reinstatement,0.0,1.0,49,0.0
No start-of-list reinstatement,0.0,1.0,50,0.0833333358168602
No start-of-list reinstatement,0.0,1.0,51,0.0
No start-of-list reinstatement,0.0,1.0,52,0.0
No start-of-list reinstatement,0.0,1.0,53,0.0
No start-of-list reinstatement,0.0,1.0,54,0.0
No start-of-list reinstatement,0.0,1.0,55,0.0
No start-of-list reinstatement,0.0,1.0,56,0.0
No start-of-list reinstatement,0.0,1.0,57,1.0
No start-of-list reinstatement,0.0,1.0,58,nan
No start-of-list reinstatement,0.0,1.0,59,nan
No start-of-list reinstatement,0.0,1.0,60,nan
No start-of-list reinstatement,0.0,1.0,61,nan
No start-of-list reinstatement,0.0,1.0,62,nan
No start-of-list reinstatement,0.0,1.0,63,nan
No start-of-list reinstatement,0.0,1.25,-63,0.0
No start-of-list reinstatement,0.0,1.25,-62,0.0
No start-of-list reinstatement,0.0,1.25,-61,0.0
No start-of-list reinstatement,0.0,1.25,-60,0.0
No start-of-list reinstatement,0.0,1.25,-59,0.0
No start-of-list reinstatement,0.0,1.25,-58,0.0
No start-of-list reinstatement,0.0,1.25,-57,0.0
No start-of-list reinstatement,0.0,1.25,-56,0.0
No start-of-list reinstatement,0.0,1.25,-55,0.0
No start-of-list reinstatement,0.0,1.25,-54,0.0
No start-of-list reinstatement,0.0,1.25,-53,0.0
No start-of-list reinstatement,0.0,1.25,-52,0.0
No start-of-list reinstatement,0.0,1.25,-51,0.0
No start-of-list reinstatement,0.0,1.25,-50,0.0
No start-of-list reinstatement,0.0,1.25,-49,0.0
No start-of-list reinstatement,0.0,1.25,-48,0.0
No start-of-list reinstatement,0.0,1.25,-47,0.0
No start-of-list reinstatement,0.0,1.25,-46,0.0
No start-of-list reinstatement,0.0,1.25,-45,0.0
No start-of-list reinstatement,0.0,1.25,-44,0.0
No start-of-list reinstatement,0.0,1.25,-43,0.0
No start-of-list reinstatement,0.0,1.25,-42,0.0
No start-of-list reinstatement,0.0,1.25,-41,0.0
No start-of-list reinstatement,0.0,1.25,-40,0.0
No start-of-list reinstatement,0.0,1.25,-39,0.0
No start-of-list reinstatement,0.0,1.25,-38,0.0
No start-of-list reinstatement,0.0,1.25,-37,2.9994002034072764e-05
No start-of-list reinstatement,0.0,1.25,-36,0.0
No start-of-list reinstatement,0.0,1.25,-35,0.0
No start-of-list reinstatement,0.0,1.25,-34,0.0
No start-of-list reinstatement,0.0,1.25,-33,0.0
No start-of-list reinstatement,0.0,1.25,-32,2.9734470444964245e-05
No start-of-list reinstatement,0.0,1.25,-31,0.0
No start-of-list reinstatement,0.0,1.25,-30,0.0
No start-of-list reinstatement,0.0,1.25,-29,8.920341497287154e-05
No start-of-list reinstatement,0.0,1.25,-28,0.0002676022704690695
No start-of-list reinstatement,0.0,1.25,-27,0.00029733587871305645
No start-of-list reinstatement,0.0,1.25,-26,0.0002973535447381437
No start-of-list reinstatement,0.0,1.25,-25,0.00044599053217098117
No start-of-list reinstatement,0.0,1.25,-24,0.000654158357065171
No start-of-list reinstatement,0.0,1.25,-23,0.0010407374938949943
No start-of-list reinstatement,0.0,1.25,-22,0.0013084723614156246
No start-of-list reinstatement,0.0,1.25,-21,0.001992150442674756
No start-of-list reinstatement,0.0,1.25,-20,0.002646604087203741
No start-of-list reinstatement,0.0,1.25,-19,0.0033011152409017086
No start-of-list reinstatement,0.0,1.25,-18,0.00407556165009737
No start-of-list reinstatement,0.0,1.25,-17,0.006933904718607664
No start-of-list reinstatement,0.0,1.25,-16,0.010036333464086056
No start-of-list reinstatement,0.0,1.25,-15,0.00965032447129488
No start-of-list reinstatement,0.0,1.25,-14,0.010488676838576794
No start-of-list reinstatement,0.0,1.25,-13,0.00959790125489235
No start-of-list reinstatement,0.0,1.25,-12,0.010180927813053131
No start-of-list reinstatement,0.0,1.25,-11,0.010432546958327293
No start-of-list reinstatement,0.0,1.25,-10,0.011947538703680038
No start-of-list reinstatement,0.0,1.25,-9,0.015066309832036495
No start-of-list reinstatement,0.0,1.25,-8,0.019079245626926422
No start-of-list reinstatement,0.0,1.25,-7,0.0232685636729002
No start-of-list reinstatement,0.0,1.25,-6,0.03330044448375702
No start-of-list reinstatement,0.0,1.25,-5,0.04678564518690109
No start-of-list reinstatement,0.0,1.25,-4,0.061044905334711075
No start-of-list reinstatement,0.0,1.25,-3,0.08432997763156891
No start-of-list reinstatement,0.0,1.25,-2,0.1186787486076355
No start-of-list reinstatement,0.0,1.25,-1,0.1523624211549759
No start-of-list reinstatement,0.0,1.25,0,nan
No start-of-list reinstatement,0.0,1.25,1,0.2769773602485657
No start-of-list reinstatement,0.0,1.25,2,0.19578996300697327
No start-of-list reinstatement,0.0,1.25,3,0.13842400908470154
No start-of-list reinstatement,0.0,1.25,4,0.09397108852863312
No start-of-list reinstatement,0.0,1.25,5,0.0623619370162487
No start-of-list reinstatement,0.0,1.25,6,0.04556752368807793
No start-of-list reinstatement,0.0,1.25,7,0.02986389957368374
No start-of-list reinstatement,0.0,1.25,8,0.01894998364150524
No start-of-list reinstatement,0.0,1.25,9,0.017673207446932793
No start-of-list reinstatement,0.0,1.25,10,0.010615226812660694
No start-of-list reinstatement,0.0,1.25,11,0.009883089922368526
No start-of-list reinstatement,0.0,1.25,12,0.007814501412212849
No start-of-list reinstatement,0.0,1.25,13,0.006646358408033848
No start-of-list reinstatement,0.0,1.25,14,0.006724744103848934
No start-of-list reinstatement,0.0,1.25,15,0.0043044076301157475
No start-of-list reinstatement,0.0,1.25,16,0.005271378438919783
No start-of-list reinstatement,0.0,1.25,17,0.004129220265895128
No start-of-list reinstatement,0.0,1.25,18,0.003372164210304618
No start-of-list reinstatement,0.0,1.25,19,0.0015999999595806003
No start-of-list reinstatement,0.0,1.25,20,0.002097535412758589
No start-of-list reinstatement,0.0,1.25,21,0.0
No start-of-list reinstatement,0.0,1.25,22,0.001932367100380361
No start-of-list reinstatement,0.0,1.25,23,0.0027322403620928526
No start-of-list reinstatement,0.0,1.25,24,0.0059523810632526875
No start-of-list reinstatement,0.0,1.25,25,0.0
No start-of-list reinstatement,0.0,1.25,26,0.0045045046135783195
No start-of-list reinstatement,0.0,1.25,27,0.0
No start-of-list reinstatement,0.0,1.25,28,0.0
No start-of-list reinstatement,0.0,1.25,29,0.0
No start-of-list reinstatement,0.0,1.25,30,0.0
No start-of-list reinstatement,0.0,1.25,31,0.0
No start-of-list reinstatement,0.0,1.25,32,0.0
No start-of-list reinstatement,0.0,1.25,33,0.0
No start-of-list reinstatement,0.0,1.25,34,0.20000000298023224
No start-of-list reinstatement,0.0,1.25,35,0.0
No start-of-list reinstatement,0.0,1.25,36,0.0
No start-of-list reinstatement,0.0,1.25,37,0.0
No start-of-list reinstatement,0.0,1.25,38,0.0
No start-of-list reinstatement,0.0,1.25,39,0.0
No start-of-list reinstatement,0.0,1.25,40,0.0
No start-of-list reinstatement,0.0,1.25,41,0.0
No start-of-list reinstatement,0.0,1.25,42,0.0
No start-of-list reinstatement,0.0,1.25,43,0.0
No start-of-list reinstatement,0.0,1.25,44,0.0
No start-of-list reinstatement,0.0,1.25,45,0.0
No start-of-list reinstatement,0.0,1.25,46,0.0
No start-of-list reinstatement,0.0,1.25,47,0.0
No start-of-list reinstatement,0.0,1.25,48,0.0
No start-of-list reinstatement,0.0,1.25,49,0.0
No start-of-list reinstatement,0.0,1.25,50,0.0
No start-of-list reinstatement,0.0,1.25,51,0.0
No start-of-list reinstatement,0.0,1.25,52,0.0
No start-of-list reinstatement,0.0,1.25,53,0.0
No start-of-list reinstatement,0.0,1.25,54,0.0
No start-of-list reinstatement,0.0,1.25,55,0.5
No start-of-list reinstatement,0.0,1.25,56,0.0
No start-of-list reinstatement,0.0,1.25,57,0.0
No start-of-list reinstatement,0.0,1.25,58,0.0
No start-of-list reinstatement,0.0,1.25,59,0.0
No start-of-list reinstatement,0.0,1.25,60,1.0
No start-of-list reinstatement,0.0,1.25,61,0.0
No start-of-list reinstatement,0.0,1.25,62,0.0
No start-of-list reinstatement,0.0,1.25,63,nan
No start-of-list reinstatement,0.0,1.5,-63,0.0
No start-of-list reinstatement,0.0,1.5,-62,0.00011933174391742796
No start-of-list reinstatement,0.0,1.5,-61,0.0
No start-of-list reinstatement,0.0,1.5,-60,0.0
No start-of-list reinstatement,0.0,1.5,-59,0.0
No start-of-list reinstatement,0.0,1.5,-58,0.0
No start-of-list reinstatement,0.0,1.5,-57,0.0
No start-of-list reinstatement,0.0,1.5,-56,0.0
No start-of-list reinstatement,0.0,1.5,-55,0.0
No start-of-list reinstatement,0.0,1.5,-54,0.0
No start-of-list reinstatement,0.0,1.5,-53,0.0
No start-of-list reinstatement,0.0,1.5,-52,0.0
No start-of-list reinstatement,0.0,1.5,-51,0.0
No start-of-list reinstatement,0.0,1.5,-50,0.0
No start-of-list reinstatement,0.0,1.5,-49,0.0
No start-of-list reinstatement,0.0,1.5,-48,0.0
No start-of-list reinstatement,0.0,1.5,-47,0.0
No start-of-list reinstatement,0.0,1.5,-46,0.0
No start-of-list reinstatement,0.0,1.5,-45,0.0
No start-of-list reinstatement,0.0,1.5,-44,0.0
No start-of-list reinstatement,0.0,1.5,-43,0.0
No start-of-list reinstatement,0.0,1.5,-42,0.0
No start-of-list reinstatement,0.0,1.5,-41,0.0
No start-of-list reinstatement,0.0,1.5,-40,0.0
No start-of-list reinstatement,0.0,1.5,-39,0.0
No start-of-list reinstatement,0.0,1.5,-38,0.0
No start-of-list reinstatement,0.0,1.5,-37,0.0
No start-of-list reinstatement,0.0,1.5,-36,0.0
No start-of-list reinstatement,0.0,1.5,-35,0.0
No start-of-list reinstatement,0.0,1.5,-34,0.0
No start-of-list reinstatement,0.0,1.5,-33,0.0
No start-of-list reinstatement,0.0,1.5,-32,0.0
No start-of-list reinstatement,0.0,1.5,-31,0.0
No start-of-list reinstatement,0.0,1.5,-30,0.0
No start-of-list reinstatement,0.0,1.5,-29,0.0
No start-of-list reinstatement,0.0,1.5,-28,9.041590965352952e-05
No start-of-list reinstatement,0.0,1.5,-27,0.00012055091792717576
No start-of-list reinstatement,0.0,1.5,-26,0.00012055091792717576
No start-of-list reinstatement,0.0,1.5,-25,0.0003616527537815273
No start-of-list reinstatement,0.0,1.5,-24,0.000361641839845106
No start-of-list reinstatement,0.0,1.5,-23,0.0005123413866385818
No start-of-list reinstatement,0.0,1.5,-22,0.0006630100542679429
No start-of-list reinstatement,0.0,1.5,-21,0.001326100085861981
No start-of-list reinstatement,0.0,1.5,-20,0.0017480936367064714
No start-of-list reinstatement,0.0,1.5,-19,0.002501431619748473
No start-of-list reinstatement,0.0,1.5,-18,0.003225028747692704
No start-of-list reinstatement,0.0,1.5,-17,0.004431314766407013
No start-of-list reinstatement,0.0,1.5,-16,0.00723829073831439
No start-of-list reinstatement,0.0,1.5,-15,0.008023164235055447
No start-of-list reinstatement,0.0,1.5,-14,0.008842346258461475
No start-of-list reinstatement,0.0,1.5,-13,0.009295867756009102
No start-of-list reinstatement,0.0,1.5,-12,0.01098668947815895
No start-of-list reinstatement,0.0,1.5,-11,0.010090939700603485
No start-of-list reinstatement,0.0,1.5,-10,0.010371938347816467
No start-of-list reinstatement,0.0,1.5,-9,0.01078559085726738
No start-of-list reinstatement,0.0,1.5,-8,0.014982069842517376
No start-of-list reinstatement,0.0,1.5,-7,0.017778050154447556
No start-of-list reinstatement,0.0,1.5,-6,0.02637837827205658
No start-of-list reinstatement,0.0,1.5,-5,0.04108386114239693
No start-of-list reinstatement,0.0,1.5,-4,0.060906972736120224
No start-of-list reinstatement,0.0,1.5,-3,0.09259510040283203
No start-of-list reinstatement,0.0,1.5,-2,0.1397193819284439
No start-of-list reinstatement,0.0,1.5,-1,0.19075924158096313
No start-of-list reinstatement,0.0,1.5,0,nan
No start-of-list reinstatement,0.0,1.5,1,0.3602651059627533
No start-of-list reinstatement,0.0,1.5,2,0.22436974942684174
No start-of-list reinstatement,0.0,1.5,3,0.1554204523563385
No start-of-list reinstatement,0.0,1.5,4,0.09748237580060959
No start-of-list reinstatement,0.0,1.5,5,0.058856818825006485
No start-of-list reinstatement,0.0,1.5,6,0.0405818372964859
No start-of-list reinstatement,0.0,1.5,7,0.02277163229882717
No start-of-list reinstatement,0.0,1.5,8,0.01739610731601715
No start-of-list reinstatement,0.0,1.5,9,0.00984589010477066
No start-of-list reinstatement,0.0,1.5,10,0.008201700635254383
No start-of-list reinstatement,0.0,1.5,11,0.006348689552396536
No start-of-list reinstatement,0.0,1.5,12,0.0048222895711660385
No start-of-list reinstatement,0.0,1.5,13,0.002967946231365204
No start-of-list reinstatement,0.0,1.5,14,0.004712746944278479
No start-of-list reinstatement,0.0,1.5,15,0.0037027241196483374
No start-of-list reinstatement,0.0,1.5,16,0.004073957912623882
No start-of-list reinstatement,0.0,1.5,17,0.0020251113455742598
No start-of-list reinstatement,0.0,1.5,18,0.002104155719280243
No start-of-list reinstatement,0.0,1.5,19,0.000697836687322706
No start-of-list reinstatement,0.0,1.5,20,0.0018957345746457577
No start-of-list reinstatement,0.0,1.5,21,0.0026212320663034916
No start-of-list reinstatement,0.0,1.5,22,0.0
No start-of-list reinstatement,0.0,1.5,23,0.0028901733458042145
No start-of-list reinstatement,0.0,1.5,24,0.0
No start-of-list reinstatement,0.0,1.5,25,0.007246376946568489
No start-of-list reinstatement,0.0,1.5,26,0.013333333656191826
No start-of-list reinstatement,0.0,1.5,27,0.0
No start-of-list reinstatement,0.0,1.5,28,0.0
No start-of-list reinstatement,0.0,1.5,29,0.0
No start-of-list reinstatement,0.0,1.5,30,0.0
No start-of-list reinstatement,0.0,1.5,31,0.0
No start-of-list reinstatement,0.0,1.5,32,0.0
No start-of-list reinstatement,0.0,1.5,33,0.0
No start-of-list reinstatement,0.0,1.5,34,0.0
No start-of-list reinstatement,0.0,1.5,35,0.0
No start-of-list reinstatement,0.0,1.5,36,0.0
No start-of-list reinstatement,0.0,1.5,37,0.0
No start-of-list reinstatement,0.0,1.5,38,0.0
No start-of-list reinstatement,0.0,1.5,39,0.0
No start-of-list reinstatement,0.0,1.5,40,0.0
No start-of-list reinstatement,0.0,1.5,41,0.0
No start-of-list reinstatement,0.0,1.5,42,0.0
No start-of-list reinstatement,0.0,1.5,43,0.0
No start-of-list reinstatement,0.0,1.5,44,0.0
No start-of-list reinstatement,0.0,1.5,45,0.0
No start-of-list reinstatement,0.0,1.5,46,0.0
No start-of-list reinstatement,0.0,1.5,47,0.0
No start-of-list reinstatement,0.0,1.5,48,0.0
No start-of-list reinstatement,0.0,1.5,49,0.0
No start-of-list reinstatement,0.0,1.5,50,0.0
No start-of-list reinstatement,0.0,1.5,51,0.0
No start-of-list reinstatement,0.0,1.5,52,0.0
No start-of-list reinstatement,0.0,1.5,53,0.0
No start-of-list reinstatement,0.0,1.5,54,0.0
No start-of-list reinstatement,0.0,1.5,55,0.0
No start-of-list reinstatement,0.0,1.5,56,0.0
No start-of-list reinstatement,0.0,1.5,57,0.0
No start-of-list reinstatement,0.0,1.5,58,0.0
No start-of-list reinstatement,0.0,1.5,59,0.0
No start-of-list reinstatement,0.0,1.5,60,0.0
No start-of-list reinstatement,0.0,1.5,61,0.0
No start-of-list reinstatement,0.0,1.5,62,nan
No start-of-list reinstatement,0.0,1.5,63,nan
No start-of-list reinstatement,0.0,1.75,-63,0.0
No start-of-list reinstatement,0.0,1.75,-62,0.0
No start-of-list reinstatement,0.0,1.75,-61,0.0
No start-of-list reinstatement,0.0,1.75,-60,0.0
No start-of-list reinstatement,0.0,1.75,-59,0.0
No start-of-list reinstatement,0.0,1.75,-58,0.0
No start-of-list reinstatement,0.0,1.75,-57,0.0
No start-of-list reinstatement,0.0,1.75,-56,0.0
No start-of-list reinstatement,0.0,1.75,-55,0.0
No start-of-list reinstatement,0.0,1.75,-54,0.0
No start-of-list reinstatement,0.0,1.75,-53,0.0
No start-of-list reinstatement,0.0,1.75,-52,0.0
No start-of-list reinstatement,0.0,1.75,-51,0.0
No start-of-list reinstatement,0.0,1.75,-50,0.0
No start-of-list reinstatement,0.0,1.75,-49,0.0
No start-of-list reinstatement,0.0,1.75,-48,0.0
No start-of-list reinstatement,0.0,1.75,-47,0.0
No start-of-list reinstatement,0.0,1.75,-46,0.0
No start-of-list reinstatement,0.0,1.75,-45,0.0
No start-of-list reinstatement,0.0,1.75,-44,0.0
No start-of-list reinstatement,0.0,1.75,-43,0.0
No start-of-list reinstatement,0.0,1.75,-42,0.0
No start-of-list reinstatement,0.0,1.75,-41,0.0
No start-of-list reinstatement,0.0,1.75,-40,0.0
No start-of-list reinstatement,0.0,1.75,-39,0.0
No start-of-list reinstatement,0.0,1.75,-38,0.0
No start-of-list reinstatement,0.0,1.75,-37,0.0
No start-of-list reinstatement,0.0,1.75,-36,0.0
No start-of-list reinstatement,0.0,1.75,-35,0.0
No start-of-list reinstatement,0.0,1.75,-34,0.0
No start-of-list reinstatement,0.0,1.75,-33,0.0
No start-of-list reinstatement,0.0,1.75,-32,0.0
No start-of-list reinstatement,0.0,1.75,-31,0.0
No start-of-list reinstatement,0.0,1.75,-30,0.0
No start-of-list reinstatement,0.0,1.75,-29,0.0
No start-of-list reinstatement,0.0,1.75,-28,3.0153178158798255e-05
No start-of-list reinstatement,0.0,1.75,-27,6.030635631759651e-05
No start-of-list reinstatement,0.0,1.75,-26,9.045953629538417e-05
No start-of-list reinstatement,0.0,1.75,-25,3.0153178158798255e-05
No start-of-list reinstatement,0.0,1.75,-24,0.00015076588897500187
No start-of-list reinstatement,0.0,1.75,-23,0.00015076588897500187
No start-of-list reinstatement,0.0,1.75,-22,0.00030153177795000374
No start-of-list reinstatement,0.0,1.75,-21,0.00066336989402771
No start-of-list reinstatement,0.0,1.75,-20,0.0007839826284907758
No start-of-list reinstatement,0.0,1.75,-19,0.00132673978805542
No start-of-list reinstatement,0.0,1.75,-18,0.0023218647111207247
No start-of-list reinstatement,0.0,1.75,-17,0.0027745107654482126
No start-of-list reinstatement,0.0,1.75,-16,0.005489699076861143
No start-of-list reinstatement,0.0,1.75,-15,0.006515640765428543
No start-of-list reinstatement,0.0,1.75,-14,0.008267206139862537
No start-of-list reinstatement,0.0,1.75,-13,0.009565480053424835
No start-of-list reinstatement,0.0,1.75,-12,0.009267364628612995
No start-of-list reinstatement,0.0,1.75,-11,0.00935962051153183
No start-of-list reinstatement,0.0,1.75,-10,0.009606089442968369
No start-of-list reinstatement,0.0,1.75,-9,0.00922146625816822
No start-of-list reinstatement,0.0,1.75,-8,0.010122132487595081
No start-of-list reinstatement,0.0,1.75,-7,0.015080571174621582
No start-of-list reinstatement,0.0,1.75,-6,0.024345485493540764
No start-of-list reinstatement,0.0,1.75,-5,0.03726765885949135
No start-of-list reinstatement,0.0,1.75,-4,0.06104494258761406
No start-of-list reinstatement,0.0,1.75,-3,0.0962698757648468
No start-of-list reinstatement,0.0,1.75,-2,0.15306010842323303
No start-of-list reinstatement,0.0,1.75,-1,0.22890286147594452
No start-of-list reinstatement,0.0,1.75,0,nan
No start-of-list reinstatement,0.0,1.75,1,0.43037211894989014
No start-of-list reinstatement,0.0,1.75,2,0.26008930802345276
No start-of-list reinstatement,0.0,1.75,3,0.162644162774086
No start-of-list reinstatement,0.0,1.75,4,0.09696733206510544
No start-of-list reinstatement,0.0,1.75,5,0.05285222455859184
No start-of-list reinstatement,0.0,1.75,6,0.028529508039355278
No start-of-list reinstatement,0.0,1.75,7,0.017019081860780716
No start-of-list reinstatement,0.0,1.75,8,0.012820512987673283
No start-of-list reinstatement,0.0,1.75,9,0.007272727321833372
No start-of-list reinstatement,0.0,1.75,10,0.005787515547126532
No start-of-list reinstatement,0.0,1.75,11,0.004950494971126318
No start-of-list reinstatement,0.0,1.75,12,0.005630918778479099
No start-of-list reinstatement,0.0,1.75,13,0.003295386442914605
No start-of-list reinstatement,0.0,1.75,14,0.005730659235268831
No start-of-list reinstatement,0.0,1.75,15,0.0026443367823958397
No start-of-list reinstatement,0.0,1.75,16,0.0027870680205523968
No start-of-list reinstatement,0.0,1.75,17,0.0014992504147812724
No start-of-list reinstatement,0.0,1.75,18,0.0
No start-of-list reinstatement,0.0,1.75,19,0.0
No start-of-list reinstatement,0.0,1.75,20,0.0
No start-of-list reinstatement,0.0,1.75,21,0.0
No start-of-list reinstatement,0.0,1.75,22,0.0
No start-of-list reinstatement,0.0,1.75,23,0.0
No start-of-list reinstatement,0.0,1.75,24,0.0
No start-of-list reinstatement,0.0,1.75,25,0.0
No start-of-list reinstatement,0.0,1.75,26,0.0
No start-of-list reinstatement,0.0,1.75,27,0.0
No start-of-list reinstatement,0.0,1.75,28,0.0
No start-of-list reinstatement,0.0,1.75,29,0.0
No start-of-list reinstatement,0.0,1.75,30,0.0
No start-of-list reinstatement,0.0,1.75,31,0.0
No start-of-list reinstatement,0.0,1.75,32,nan
No start-of-list reinstatement,0.0,1.75,33,nan
No start-of-list reinstatement,0.0,1.75,34,nan
No start-of-list reinstatement,0.0,1.75,35,nan
No start-of-list reinstatement,0.0,1.75,36,nan
No start-of-list reinstatement,0.0,1.75,37,nan
No start-of-list reinstatement,0.0,1.75,38,nan
No start-of-list reinstatement,0.0,1.75,39,nan
No start-of-list reinstatement,0.0,1.75,40,nan
No start-of-list reinstatement,0.0,1.75,41,nan
No start-of-list reinstatement,0.0,1.75,42,nan
No start-of-list reinstatement,0.0,1.75,43,nan
No start-of-list reinstatement,0.0,1.75,44,nan
No start-of-list reinstatement,0.0,1.75,45,nan
No start-of-list reinstatement,0.0,1.75,46,nan
No start-of-list reinstatement,0.0,1.75,47,nan
No start-of-list reinstatement,0.0,1.75,48,nan
No start-of-list reinstatement,0.0,1.75,49,nan
No start-of-list reinstatement,0.0,1.75,50,nan
No start-of-list reinstatement,0.0,1.75,51,nan
No start-of-list reinstatement,0.0,1.75,52,nan
No start-of-list reinstatement,0.0,1.75,53,nan
No start-of-list reinstatement,0.0,1.75,54,nan
No start-of-list reinstatement,0.0,1.75,55,nan
No start-of-list reinstatement,0.0,1.75,56,nan
No start-of-list reinstatement,0.0,1.75,57,nan
No start-of-list reinstatement,0.0,1.75,58,nan
No start-of-list reinstatement,0.0,1.75,59,nan
No start-of-list reinstatement,0.0,1.75,60,nan
No start-of-list reinstatement,0.0,1.75,61,nan
No start-of-list reinstatement,0.0,1.75,62,nan
No start-of-list reinstatement,0.0,1.75,63,nan
No start-of-list reinstatement,0.0,2.0,-63,0.0
No start-of-list reinstatement,0.0,2.0,-62,0.0
No start-of-list reinstatement,0.0,2.0,-61,0.0
No start-of-list reinstatement,0.0,2.0,-60,0.0
No start-of-list reinstatement,0.0,2.0,-59,0.0
No start-of-list reinstatement,0.0,2.0,-58,0.0
No start-of-list reinstatement,0.0,2.0,-57,0.0
No start-of-list reinstatement,0.0,2.0,-56,0.0
No start-of-list reinstatement,0.0,2.0,-55,0.0
No start-of-list reinstatement,0.0,2.0,-54,0.0
No start-of-list reinstatement,0.0,2.0,-53,0.0
No start-of-list reinstatement,0.0,2.0,-52,0.0
No start-of-list reinstatement,0.0,2.0,-51,0.0
No start-of-list reinstatement,0.0,2.0,-50,0.0
No start-of-list reinstatement,0.0,2.0,-49,0.0
No start-of-list reinstatement,0.0,2.0,-48,0.0
No start-of-list reinstatement,0.0,2.0,-47,3.3020736736943945e-05
No start-of-list reinstatement,0.0,2.0,-46,0.0
No start-of-list reinstatement,0.0,2.0,-45,0.0
No start-of-list reinstatement,0.0,2.0,-44,0.0
No start-of-list reinstatement,0.0,2.0,-43,0.0
No start-of-list reinstatement,0.0,2.0,-42,0.0
No start-of-list reinstatement,0.0,2.0,-41,0.0
No start-of-list reinstatement,0.0,2.0,-40,0.0
No start-of-list reinstatement,0.0,2.0,-39,0.0
No start-of-list reinstatement,0.0,2.0,-38,0.0
No start-of-list reinstatement,0.0,2.0,-37,0.0
No start-of-list reinstatement,0.0,2.0,-36,0.0
No start-of-list reinstatement,0.0,2.0,-35,0.0
No start-of-list reinstatement,0.0,2.0,-34,0.0
No start-of-list reinstatement,0.0,2.0,-33,0.0
No start-of-list reinstatement,0.0,2.0,-32,0.0
No start-of-list reinstatement,0.0,2.0,-31,0.0
No start-of-list reinstatement,0.0,2.0,-30,0.0
No start-of-list reinstatement,0.0,2.0,-29,2.9922202884336002e-05
No start-of-list reinstatement,0.0,2.0,-28,2.9922202884336002e-05
No start-of-list reinstatement,0.0,2.0,-27,0.0
No start-of-list reinstatement,0.0,2.0,-26,0.00011968881153734401
No start-of-list reinstatement,0.0,2.0,-25,0.0
No start-of-list reinstatement,0.0,2.0,-24,2.9921306122560054e-05
No start-of-list reinstatement,0.0,2.0,-23,0.00017952783673536032
No start-of-list reinstatement,0.0,2.0,-22,0.00014960653788875788
No start-of-list reinstatement,0.0,2.0,-21,0.000209449150133878
No start-of-list reinstatement,0.0,2.0,-20,0.00038898864295333624
No start-of-list reinstatement,0.0,2.0,-19,0.0010173243936151266
No start-of-list reinstatement,0.0,2.0,-18,0.001555954571813345
No start-of-list reinstatement,0.0,2.0,-17,0.0023338620085269213
No start-of-list reinstatement,0.0,2.0,-16,0.002932463539764285
No start-of-list reinstatement,0.0,2.0,-15,0.005117462016642094
No start-of-list reinstatement,0.0,2.0,-14,0.0061948224902153015
No start-of-list reinstatement,0.0,2.0,-13,0.008798443712294102
No start-of-list reinstatement,0.0,2.0,-12,0.009308590553700924
No start-of-list reinstatement,0.0,2.0,-11,0.009160579182207584
No start-of-list reinstatement,0.0,2.0,-10,0.008595387451350689
No start-of-list reinstatement,0.0,2.0,-9,0.008206295780837536
No start-of-list reinstatement,0.0,2.0,-8,0.008909286931157112
No start-of-list reinstatement,0.0,2.0,-7,0.011090739630162716
No start-of-list reinstatement,0.0,2.0,-6,0.01860184222459793
No start-of-list reinstatement,0.0,2.0,-5,0.031739264726638794
No start-of-list reinstatement,0.0,2.0,-4,0.05650227144360542
No start-of-list reinstatement,0.0,2.0,-3,0.103433758020401
No start-of-list reinstatement,0.0,2.0,-2,0.17483849823474884
No start-of-list reinstatement,0.0,2.0,-1,0.2588210701942444
No start-of-list reinstatement,0.0,2.0,0,nan
No start-of-list reinstatement,0.0,2.0,1,0.4946504831314087
No start-of-list reinstatement,0.0,2.0,2,0.2963108420372009
No start-of-list reinstatement,0.0,2.0,3,0.16280969977378845
No start-of-list reinstatement,0.0,2.0,4,0.09124641865491867
No start-of-list reinstatement,0.0,2.0,5,0.04595910385251045
No start-of-list reinstatement,0.0,2.0,6,0.023678647354245186
No start-of-list reinstatement,0.0,2.0,7,0.015429338440299034
No start-of-list reinstatement,0.0,2.0,8,0.008190966211259365
No start-of-list reinstatement,0.0,2.0,9,0.00399600388482213
No start-of-list reinstatement,0.0,2.0,10,0.0060158600099384785
No start-of-list reinstatement,0.0,2.0,11,0.0018604651559144258
No start-of-list reinstatement,0.0,2.0,12,0.003671071957796812
No start-of-list reinstatement,0.0,2.0,13,0.0018026138423010707
No start-of-list reinstatement,0.0,2.0,14,0.002839295892044902
No start-of-list reinstatement,0.0,2.0,15,0.0030604437924921513
No start-of-list reinstatement,0.0,2.0,16,0.002053388161584735
No start-of-list reinstatement,0.0,2.0,17,0.0
No start-of-list reinstatement,0.0,2.0,18,0.0021367522422224283
No start-of-list reinstatement,0.0,2.0,19,0.0
No start-of-list reinstatement,0.0,2.0,20,0.0
No start-of-list reinstatement,0.0,2.0,21,0.0
No start-of-list reinstatement,0.0,2.0,22,0.0
No start-of-list reinstatement,0.0,2.0,23,0.0
No start-of-list reinstatement,0.0,2.0,24,0.0
No start-of-list reinstatement,0.0,2.0,25,0.0
No start-of-list reinstatement,0.0,2.0,26,0.0
No start-of-list reinstatement,0.0,2.0,27,0.0
No start-of-list reinstatement,0.0,2.0,28,0.0
No start-of-list reinstatement,0.0,2.0,29,0.0
No start-of-list reinstatement,0.0,2.0,30,0.0
No start-of-list reinstatement,0.0,2.0,31,0.0
No start-of-list reinstatement,0.0,2.0,32,0.0
No start-of-list reinstatement,0.0,2.0,33,0.0
No start-of-list reinstatement,0.0,2.0,34,0.0
No start-of-list reinstatement,0.0,2.0,35,0.0
No start-of-list reinstatement,0.0,2.0,36,0.0
No start-of-list reinstatement,0.0,2.0,37,0.0
No start-of-list reinstatement,0.0,2.0,38,0.0
No start-of-list reinstatement,0.0,2.0,39,0.0
No start-of-list reinstatement,0.0,2.0,40,0.0
No start-of-list reinstatement,0.0,2.0,41,0.0
No start-of-list reinstatement,0.0,2.0,42,0.0
No start-of-list reinstatement,0.0,2.0,43,0.0
No start-of-list reinstatement,0.0,2.0,44,0.0
No start-of-list reinstatement,0.0,2.0,45,0.0
No start-of-list reinstatement,0.0,2.0,46,0.0
No start-of-list reinstatement,0.0,2.0,47,nan
No start-of-list reinstatement,0.0,2.0,48,nan
No start-of-list reinstatement,0.0,2.0,49,nan
No start-of-list reinstatement,0.0,2.0,50,nan
No start-of-list reinstatement,0.0,2.0,51,nan
No start-of-list reinstatement,0.0,2.0,52,nan
No start-of-list reinstatement,0.0,2.0,53,nan
No start-of-list reinstatement,0.0,2.0,54,nan
No start-of-list reinstatement,0.0,2.0,55,nan
No start-of-list reinstatement,0.0,2.0,56,nan
No start-of-list reinstatement,0.0,2.0,57,nan
No start-of-list reinstatement,0.0,2.0,58,nan
No start-of-list reinstatement,0.0,2.0,59,nan
No start-of-list reinstatement,0.0,2.0,60,nan
No start-of-list reinstatement,0.0,2.0,61,nan
No start-of-list reinstatement,0.0,2.0,62,nan
No start-of-list reinstatement,0.0,2.0,63,nan
With start-of-list reinstatement,1.0,0.0,-63,0.010438413359224796
With start-of-list reinstatement,1.0,0.0,-62,0.00927835050970316
With start-of-list reinstatement,1.0,0.0,-61,0.014550264924764633
With start-of-list reinstatement,1.0,0.0,-60,0.015075377188622952
With start-of-list reinstatement,1.0,0.0,-59,0.014551334083080292
With start-of-list reinstatement,1.0,0.0,-58,0.0162491537630558
With start-of-list reinstatement,1.0,0.0,-57,0.020252421498298645
With start-of-list reinstatement,1.0,0.0,-56,0.01741803251206875
With start-of-list reinstatement,1.0,0.0,-55,0.017748819664120674
With start-of-list reinstatement,1.0,0.0,-54,0.015970515087246895
With start-of-list reinstatement,1.0,0.0,-53,0.017504654824733734
With start-of-list reinstatement,1.0,0.0,-52,0.019308943301439285
With start-of-list reinstatement,1.0,0.0,-51,0.018250472843647003
With start-of-list reinstatement,1.0,0.0,-50,0.01582232490181923
With start-of-list reinstatement,1.0,0.0,-49,0.017043905332684517
With start-of-list reinstatement,1.0,0.0,-48,0.01642475090920925
With start-of-list reinstatement,1.0,0.0,-47,0.017381923273205757
With start-of-list reinstatement,1.0,0.0,-46,0.017292378470301628
With start-of-list reinstatement,1.0,0.0,-45,0.01855625957250595
With start-of-list reinstatement,1.0,0.0,-44,0.016158724203705788
With start-of-list reinstatement,1.0,0.0,-43,0.016472868621349335
With start-of-list reinstatement,1.0,0.0,-42,0.015420343726873398
With start-of-list reinstatement,1.0,0.0,-41,0.016558930277824402
With start-of-list reinstatement,1.0,0.0,-40,0.01730457693338394
With start-of-list reinstatement,1.0,0.0,-39,0.017556753009557724
With start-of-list reinstatement,1.0,0.0,-38,0.015838168561458588
With start-of-list reinstatement,1.0,0.0,-37,0.016511399298906326
With start-of-list reinstatement,1.0,0.0,-36,0.016867469996213913
With start-of-list reinstatement,1.0,0.0,-35,0.01628825254738331
With start-of-list reinstatement,1.0,0.0,-34,0.014649768359959126
With start-of-list reinstatement,1.0,0.0,-33,0.017879527062177658
With start-of-list reinstatement,1.0,0.0,-32,0.01688435859978199
With start-of-list reinstatement,1.0,0.0,-31,0.01725519262254238
With start-of-list reinstatement,1.0,0.0,-30,0.01662977784872055
With start-of-list reinstatement,1.0,0.0,-29,0.017061665654182434
With start-of-list reinstatement,1.0,0.0,-28,0.01660056598484516
With start-of-list reinstatement,1.0,0.0,-27,0.015349787659943104
With start-of-list reinstatement,1.0,0.0,-26,0.01670258678495884
With start-of-list reinstatement,1.0,0.0,-25,0.01587551087141037
With start-of-list reinstatement,1.0,0.0,-24,0.015898089855909348
With start-of-list reinstatement,1.0,0.0,-23,0.016925526782870293
With start-of-list reinstatement,1.0,0.0,-22,0.017636770382523537
With start-of-list reinstatement,1.0,0.0,-21,0.016842205077409744
With start-of-list reinstatement,1.0,0.0,-20,0.01773691736161709
With start-of-list reinstatement,1.0,0.0,-19,0.01687457412481308
With start-of-list reinstatement,1.0,0.0,-18,0.0162833109498024
With start-of-list reinstatement,1.0,0.0,-17,0.017213650047779083
With start-of-list reinstatement,1.0,0.0,-16,0.018053608015179634
With start-of-list reinstatement,1.0,0.0,-15,0.016581950709223747
With start-of-list reinstatement,1.0,0.0,-14,0.017110422253608704
With start-of-list reinstatement,1.0,0.0,-13,0.01778830774128437
With start-of-list reinstatement,1.0,0.0,-12,0.018254466354846954
With start-of-list reinstatement,1.0,0.0,-11,0.016563305631279945
With start-of-list reinstatement,1.0,0.0,-10,0.016194332391023636
With start-of-list reinstatement,1.0,0.0,-9,0.01580060087144375
With start-of-list reinstatement,1.0,0.0,-8,0.016504181548953056
With start-of-list reinstatement,1.0,0.0,-7,0.01723521389067173
With start-of-list reinstatement,1.0,0.0,-6,0.015769096091389656
With start-of-list reinstatement,1.0,0.0,-5,0.01820388436317444
With start-of-list reinstatement,1.0,0.0,-4,0.016102127730846405
With start-of-list reinstatement,1.0,0.0,-3,0.01434254925698042
With start-of-list reinstatement,1.0,0.0,-2,0.016955848783254623
With start-of-list reinstatement,1.0,0.0,-1,0.01741945929825306
With start-of-list reinstatement,1.0,0.0,0,nan
With start-of-list reinstatement,1.0,0.0,1,0.016443321481347084
With start-of-list reinstatement,1.0,0.0,2,0.016763081774115562
With start-of-list reinstatement,1.0,0.0,3,0.01537997554987669
With start-of-list reinstatement,1.0,0.0,4,0.017253724858164787
With start-of-list reinstatement,1.0,0.0,5,0.017393112182617188
With start-of-list reinstatement,1.0,0.0,6,0.016674287617206573
With start-of-list reinstatement,1.0,0.0,7,0.016186213120818138
With start-of-list reinstatement,1.0,0.0,8,0.017353657633066177
With start-of-list reinstatement,1.0,0.0,9,0.017405180260539055
With start-of-list reinstatement,1.0,0.0,10,0.01634085550904274
With start-of-list reinstatement,1.0,0.0,11,0.016413606703281403
With start-of-list reinstatement,1.0,0.0,12,0.016307558864355087
With start-of-list reinstatement,1.0,0.0,13,0.017643757164478302
With start-of-list reinstatement,1.0,0.0,14,0.01675041951239109
With start-of-list reinstatement,1.0,0.0,15,0.01714523509144783
With start-of-list reinstatement,1.0,0.0,16,0.01621621660888195
With start-of-list reinstatement,1.0,0.0,17,0.01679290272295475
With start-of-list reinstatement,1.0,0.0,18,0.01702957972884178
With start-of-list reinstatement,1.0,0.0,19,0.016770441085100174
With start-of-list reinstatement,1.0,0.0,20,0.016335785388946533
With start-of-list reinstatement,1.0,0.0,21,0.01699340157210827
With start-of-list reinstatement,1.0,0.0,22,0.01688336953520775
With start-of-list reinstatement,1.0,0.0,23,0.01589912362396717
With start-of-list reinstatement,1.0,0.0,24,0.016754355281591415
With start-of-list reinstatement,1.0,0.0,25,0.016569403931498528
With start-of-list reinstatement,1.0,0.0,26,0.017154498025774956
With start-of-list reinstatement,1.0,0.0,27,0.015484295785427094
With start-of-list reinstatement,1.0,0.0,28,0.01657802425324917
With start-of-list reinstatement,1.0,0.0,29,0.01754182204604149
With start-of-list reinstatement,1.0,0.0,30,0.014257472939789295
With start-of-list reinstatement,1.0,0.0,31,0.0166174303740263
With start-of-list reinstatement,1.0,0.0,32,0.016200294718146324
With start-of-list reinstatement,1.0,0.0,33,0.01752767525613308
With start-of-list reinstatement,1.0,0.0,34,0.016454748809337616
With start-of-list reinstatement,1.0,0.0,35,0.01808585412800312
With start-of-list reinstatement,1.0,0.0,36,0.018263842910528183
With start-of-list reinstatement,1.0,0.0,37,0.018184561282396317
With start-of-list reinstatement,1.0,0.0,38,0.016941213980317116
With start-of-list reinstatement,1.0,0.0,39,0.01673436164855957
With start-of-list reinstatement,1.0,0.0,40,0.018477708101272583
With start-of-list reinstatement,1.0,0.0,41,0.017683465033769608
With start-of-list reinstatement,1.0,0.0,42,0.01804315485060215
With start-of-list reinstatement,1.0,0.0,43,0.017336562275886536
With start-of-list reinstatement,1.0,0.0,44,0.017501264810562134
With start-of-list reinstatement,1.0,0.0,45,0.015551265329122543
With start-of-list reinstatement,1.0,0.0,46,0.016410140320658684
With start-of-list reinstatement,1.0,0.0,47,0.014499700628221035
With start-of-list reinstatement,1.0,0.0,48,0.01518244482576847
With start-of-list reinstatement,1.0,0.0,49,0.019991839304566383
With start-of-list reinstatement,1.0,0.0,50,0.0179169699549675
With start-of-list reinstatement,1.0,0.0,51,0.01706484705209732
With start-of-list reinstatement,1.0,0.0,52,0.01499148178845644
With start-of-list reinstatement,1.0,0.0,53,0.018275799229741096
With start-of-list reinstatement,1.0,0.0,54,0.017094017937779427
With start-of-list reinstatement,1.0,0.0,55,0.012434998527169228
With start-of-list reinstatement,1.0,0.0,56,0.016112789511680603
With start-of-list reinstatement,1.0,0.0,57,0.019607843831181526
With start-of-list reinstatement,1.0,0.0,58,0.014965081587433815
With start-of-list reinstatement,1.0,0.0,59,0.019739439710974693
With start-of-list reinstatement,1.0,0.0,60,0.019461078569293022
With start-of-list reinstatement,1.0,0.0,61,0.018766755238175392
With start-of-list reinstatement,1.0,0.0,62,0.013806706294417381
With start-of-list reinstatement,1.0,0.0,63,0.0191938579082489
With start-of-list reinstatement,1.0,0.25,-63,0.031034482643008232
With start-of-list reinstatement,1.0,0.25,-62,0.010919017717242241
With start-of-list reinstatement,1.0,0.25,-61,0.014206300489604473
With start-of-list reinstatement,1.0,0.25,-60,0.01555663626641035
With start-of-list reinstatement,1.0,0.25,-59,0.01542111486196518
With start-of-list reinstatement,1.0,0.25,-58,0.01559907104820013
With start-of-list reinstatement,1.0,0.25,-57,0.011203677393496037
With start-of-list reinstatement,1.0,0.25,-56,0.008828875608742237
With start-of-list reinstatement,1.0,0.25,-55,0.011459307745099068
With start-of-list reinstatement,1.0,0.25,-54,0.01307740993797779
With start-of-list reinstatement,1.0,0.25,-53,0.011826288886368275
With start-of-list reinstatement,1.0,0.25,-52,0.009816169738769531
With start-of-list reinstatement,1.0,0.25,-51,0.01302605215460062
With start-of-list reinstatement,1.0,0.25,-50,0.010406958870589733
With start-of-list reinstatement,1.0,0.25,-49,0.011176470667123795
With start-of-list reinstatement,1.0,0.25,-48,0.01024646870791912
With start-of-list reinstatement,1.0,0.25,-47,0.010074297897517681
With start-of-list reinstatement,1.0,0.25,-46,0.01039621140807867
With start-of-list reinstatement,1.0,0.25,-45,0.00893521960824728
With start-of-list reinstatement,1.0,0.25,-44,0.009276621043682098
With start-of-list reinstatement,1.0,0.25,-43,0.009084167890250683
With start-of-list reinstatement,1.0,0.25,-42,0.00787265319377184
With start-of-list reinstatement,1.0,0.25,-41,0.010497192852199078
With start-of-list reinstatement,1.0,0.25,-40,0.009062283672392368
With start-of-list reinstatement,1.0,0.25,-39,0.009131758473813534
With start-of-list reinstatement,1.0,0.25,-38,0.010086455382406712
With start-of-list reinstatement,1.0,0.25,-37,0.010750586166977882
With start-of-list reinstatement,1.0,0.25,-36,0.010257678106427193
With start-of-list reinstatement,1.0,0.25,-35,0.009763557463884354
With start-of-list reinstatement,1.0,0.25,-34,0.009691232815384865
With start-of-list reinstatement,1.0,0.25,-33,0.010557500645518303
With start-of-list reinstatement,1.0,0.25,-32,0.010030505247414112
With start-of-list reinstatement,1.0,0.25,-31,0.010717399418354034
With start-of-list reinstatement,1.0,0.25,-30,0.011461609043180943
With start-of-list reinstatement,1.0,0.25,-29,0.011978148482739925
With start-of-list reinstatement,1.0,0.25,-28,0.011615785770118237
With start-of-list reinstatement,1.0,0.25,-27,0.012318413704633713
With start-of-list reinstatement,1.0,0.25,-26,0.013406253419816494
With start-of-list reinstatement,1.0,0.25,-25,0.012517916969954967
With start-of-list reinstatement,1.0,0.25,-24,0.011815100908279419
With start-of-list reinstatement,1.0,0.25,-23,0.013665520586073399
With start-of-list reinstatement,1.0,0.25,-22,0.014163915999233723
With start-of-list reinstatement,1.0,0.25,-21,0.014715870842337608
With start-of-list reinstatement,1.0,0.25,-20,0.012923927046358585
With start-of-list reinstatement,1.0,0.25,-19,0.014342734590172768
With start-of-list reinstatement,1.0,0.25,-18,0.014827661216259003
With start-of-list reinstatement,1.0,0.25,-17,0.016423514112830162
With start-of-list reinstatement,1.0,0.25,-16,0.015583762899041176
With start-of-list reinstatement,1.0,0.25,-15,0.014180888421833515
With start-of-list reinstatement,1.0,0.25,-14,0.014545454643666744
With start-of-list reinstatement,1.0,0.25,-13,0.01525045745074749
With start-of-list reinstatement,1.0,0.25,-12,0.016943182796239853
With start-of-list reinstatement,1.0,0.25,-11,0.016802188009023666
With start-of-list reinstatement,1.0,0.25,-10,0.01883353665471077
With start-of-list reinstatement,1.0,0.25,-9,0.018189288675785065
With start-of-list reinstatement,1.0,0.25,-8,0.02021319791674614
With start-of-list reinstatement,1.0,0.25,-7,0.020747791975736618
With start-of-list reinstatement,1.0,0.25,-6,0.021959884092211723
With start-of-list reinstatement,1.0,0.25,-5,0.022238722071051598
With start-of-list reinstatement,1.0,0.25,-4,0.02326393686234951
With start-of-list reinstatement,1.0,0.25,-3,0.024144453927874565
With start-of-list reinstatement,1.0,0.25,-2,0.02813750132918358
With start-of-list reinstatement,1.0,0.25,-1,0.02985474281013012
With start-of-list reinstatement,1.0,0.25,0,nan
With start-of-list reinstatement,1.0,0.25,1,0.0344485267996788
With start-of-list reinstatement,1.0,0.25,2,0.03398986533284187
With start-of-list reinstatement,1.0,0.25,3,0.03118312358856201
With start-of-list reinstatement,1.0,0.25,4,0.030031992122530937
With start-of-list reinstatement,1.0,0.25,5,0.027279077097773552
With start-of-list reinstatement,1.0,0.25,6,0.02546689286828041
With start-of-list reinstatement,1.0,0.25,7,0.02232271060347557
With start-of-list reinstatement,1.0,0.25,8,0.022693384438753128
With start-of-list reinstatement,1.0,0.25,9,0.020926810801029205
With start-of-list reinstatement,1.0,0.25,10,0.018955223262310028
With start-of-list reinstatement,1.0,0.25,11,0.01638101041316986
With start-of-list reinstatement,1.0,0.25,12,0.01659543253481388
With start-of-list reinstatement,1.0,0.25,13,0.016178706660866737
With start-of-list reinstatement,1.0,0.25,14,0.015079553239047527
With start-of-list reinstatement,1.0,0.25,15,0.014458992518484592
With start-of-list reinstatement,1.0,0.25,16,0.014676505699753761
With start-of-list reinstatement,1.0,0.25,17,0.013523761183023453
With start-of-list reinstatement,1.0,0.25,18,0.015855778008699417
With start-of-list reinstatement,1.0,0.25,19,0.015088916756212711
With start-of-list reinstatement,1.0,0.25,20,0.0150013891980052
With start-of-list reinstatement,1.0,0.25,21,0.015259116888046265
With start-of-list reinstatement,1.0,0.25,22,0.015346287749707699
With start-of-list reinstatement,1.0,0.25,23,0.014902204275131226
With start-of-list reinstatement,1.0,0.25,24,0.015643415972590446
With start-of-list reinstatement,1.0,0.25,25,0.015346701256930828
With start-of-list reinstatement,1.0,0.25,26,0.016421224921941757
With start-of-list reinstatement,1.0,0.25,27,0.017856046557426453
With start-of-list reinstatement,1.0,0.25,28,0.01600826159119606
With start-of-list reinstatement,1.0,0.25,29,0.01777534745633602
With start-of-list reinstatement,1.0,0.25,30,0.01587415672838688
With start-of-list reinstatement,1.0,0.25,31,0.018549619242548943
With start-of-list reinstatement,1.0,0.25,32,0.018275918439030647
With start-of-list reinstatement,1.0,0.25,33,0.017062313854694366
With start-of-list reinstatement,1.0,0.25,34,0.017303351312875748
With start-of-list reinstatement,1.0,0.25,35,0.015886500477790833
With start-of-list reinstatement,1.0,0.25,36,0.015105740167200565
With start-of-list reinstatement,1.0,0.25,37,0.014305898919701576
With start-of-list reinstatement,1.0,0.25,38,0.014267654158174992
With start-of-list reinstatement,1.0,0.25,39,0.012151339091360569
With start-of-list reinstatement,1.0,0.25,40,0.012953857891261578
With start-of-list reinstatement,1.0,0.25,41,0.010892822407186031
With start-of-list reinstatement,1.0,0.25,42,0.01150920707732439
With start-of-list reinstatement,1.0,0.25,43,0.010033098980784416
With start-of-list reinstatement,1.0,0.25,44,0.010283878073096275
With start-of-list reinstatement,1.0,0.25,45,0.011766011826694012
With start-of-list reinstatement,1.0,0.25,46,0.009129781275987625
With start-of-list reinstatement,1.0,0.25,47,0.010015686973929405
With start-of-list reinstatement,1.0,0.25,48,0.009604448452591896
With start-of-list reinstatement,1.0,0.25,49,0.0091730747371912
With start-of-list reinstatement,1.0,0.25,50,0.008183776400983334
With start-of-list reinstatement,1.0,0.25,51,0.010450283996760845
With start-of-list reinstatement,1.0,0.25,52,0.007472600322216749
With start-of-list reinstatement,1.0,0.25,53,0.008798707276582718
With start-of-list reinstatement,1.0,0.25,54,0.009811616502702236
With start-of-list reinstatement,1.0,0.25,55,0.011966927908360958
With start-of-list reinstatement,1.0,0.25,56,0.014074253849685192
With start-of-list reinstatement,1.0,0.25,57,0.011976048350334167
With start-of-list reinstatement,1.0,0.25,58,0.010732322931289673
With start-of-list reinstatement,1.0,0.25,59,0.016326529905200005
With start-of-list reinstatement,1.0,0.25,60,0.011595547199249268
With start-of-list reinstatement,1.0,0.25,61,0.012836186215281487
With start-of-list reinstatement,1.0,0.25,62,0.019108280539512634
With start-of-list reinstatement,1.0,0.25,63,0.020183486863970757
With start-of-list reinstatement,1.0,0.5,-63,0.02454991824924946
With start-of-list reinstatement,1.0,0.5,-62,0.0258620698004961
With start-of-list reinstatement,1.0,0.5,-61,0.016969697549939156
With start-of-list reinstatement,1.0,0.5,-60,0.014783022925257683
With start-of-list reinstatement,1.0,0.5,-59,0.016640253365039825
With start-of-list reinstatement,1.0,0.5,-58,0.01050847489386797
With start-of-list reinstatement,1.0,0.5,-57,0.009286997839808464
With start-of-list reinstatement,1.0,0.5,-56,0.007823037914931774
With start-of-list reinstatement,1.0,0.5,-55,0.011299435049295425
With start-of-list reinstatement,1.0,0.5,-54,0.00751537224277854
With start-of-list reinstatement,1.0,0.5,-53,0.00738085201010108
With start-of-list reinstatement,1.0,0.5,-52,0.005344417877495289
With start-of-list reinstatement,1.0,0.5,-51,0.003532255068421364
With start-of-list reinstatement,1.0,0.5,-50,0.004209049511700869
With start-of-list reinstatement,1.0,0.5,-49,0.003477396909147501
With start-of-list reinstatement,1.0,0.5,-48,0.0050481148064136505
With start-of-list reinstatement,1.0,0.5,-47,0.0037154259625822306
With start-of-list reinstatement,1.0,0.5,-46,0.004277159925550222
With start-of-list reinstatement,1.0,0.5,-45,0.0035168700851500034
With start-of-list reinstatement,1.0,0.5,-44,0.004058602266013622
With start-of-list reinstatement,1.0,0.5,-43,0.004517528228461742
With start-of-list reinstatement,1.0,0.5,-42,0.0034851878881454468
With start-of-list reinstatement,1.0,0.5,-41,0.003226549830287695
With start-of-list reinstatement,1.0,0.5,-40,0.00349351204931736
With start-of-list reinstatement,1.0,0.5,-39,0.003533333307132125
With start-of-list reinstatement,1.0,0.5,-38,0.0033712072763592005
With start-of-list reinstatement,1.0,0.5,-37,0.0032939238008111715
With start-of-list reinstatement,1.0,0.5,-36,0.003849587170407176
With start-of-list reinstatement,1.0,0.5,-35,0.0033157893922179937
With start-of-list reinstatement,1.0,0.5,-34,0.0034617700148373842
With start-of-list reinstatement,1.0,0.5,-33,0.003679281333461404
With start-of-list reinstatement,1.0,0.5,-32,0.0043923864141106606
With start-of-list reinstatement,1.0,0.5,-31,0.0057627735659480095
With start-of-list reinstatement,1.0,0.5,-30,0.006113853771239519
With start-of-list reinstatement,1.0,0.5,-29,0.006076428107917309
With start-of-list reinstatement,1.0,0.5,-28,0.007476719096302986
With start-of-list reinstatement,1.0,0.5,-27,0.007451365236192942
With start-of-list reinstatement,1.0,0.5,-26,0.00817378144711256
With start-of-list reinstatement,1.0,0.5,-25,0.0079651465639472
With start-of-list reinstatement,1.0,0.5,-24,0.00872042030096054
With start-of-list reinstatement,1.0,0.5,-23,0.009364519268274307
With start-of-list reinstatement,1.0,0.5,-22,0.010077854618430138
With start-of-list reinstatement,1.0,0.5,-21,0.009017132222652435
With start-of-list reinstatement,1.0,0.5,-20,0.010071267373859882
With start-of-list reinstatement,1.0,0.5,-19,0.008879868313670158
With start-of-list reinstatement,1.0,0.5,-18,0.01003890112042427
With start-of-list reinstatement,1.0,0.5,-17,0.011263405904173851
With start-of-list reinstatement,1.0,0.5,-16,0.01166264247149229
With start-of-list reinstatement,1.0,0.5,-15,0.010303841903805733
With start-of-list reinstatement,1.0,0.5,-14,0.012172585353255272
With start-of-list reinstatement,1.0,0.5,-13,0.012222797609865665
With start-of-list reinstatement,1.0,0.5,-12,0.013960091397166252
With start-of-list reinstatement,1.0,0.5,-11,0.01687566004693508
With start-of-list reinstatement,1.0,0.5,-10,0.016888750717043877
With start-of-list reinstatement,1.0,0.5,-9,0.019841421395540237
With start-of-list reinstatement,1.0,0.5,-8,0.02179545722901821
With start-of-list reinstatement,1.0,0.5,-7,0.025263553485274315
With start-of-list reinstatement,1.0,0.5,-6,0.028376759961247444
With start-of-list reinstatement,1.0,0.5,-5,0.03282986953854561
With start-of-list reinstatement,1.0,0.5,-4,0.03323763236403465
With start-of-list reinstatement,1.0,0.5,-3,0.03934461995959282
With start-of-list reinstatement,1.0,0.5,-2,0.042601462453603745
With start-of-list reinstatement,1.0,0.5,-1,0.05296836048364639
With start-of-list reinstatement,1.0,0.5,0,nan
With start-of-list reinstatement,1.0,0.5,1,0.07075876742601395
With start-of-list reinstatement,1.0,0.5,2,0.062340352684259415
With start-of-list reinstatement,1.0,0.5,3,0.05329719930887222
With start-of-list reinstatement,1.0,0.5,4,0.045435450971126556
With start-of-list reinstatement,1.0,0.5,5,0.04023110121488571
With start-of-list reinstatement,1.0,0.5,6,0.033229194581508636
With start-of-list reinstatement,1.0,0.5,7,0.029579229652881622
With start-of-list reinstatement,1.0,0.5,8,0.025985727086663246
With start-of-list reinstatement,1.0,0.5,9,0.022085800766944885
With start-of-list reinstatement,1.0,0.5,10,0.020258164033293724
With start-of-list reinstatement,1.0,0.5,11,0.015070725232362747
With start-of-list reinstatement,1.0,0.5,12,0.01493927463889122
With start-of-list reinstatement,1.0,0.5,13,0.012438932433724403
With start-of-list reinstatement,1.0,0.5,14,0.011474600061774254
With start-of-list reinstatement,1.0,0.5,15,0.009921550750732422
With start-of-list reinstatement,1.0,0.5,16,0.008654970675706863
With start-of-list reinstatement,1.0,0.5,17,0.009110786952078342
With start-of-list reinstatement,1.0,0.5,18,0.008719827979803085
With start-of-list reinstatement,1.0,0.5,19,0.010200492106378078
With start-of-list reinstatement,1.0,0.5,20,0.011270444840192795
With start-of-list reinstatement,1.0,0.5,21,0.010863295756280422
With start-of-list reinstatement,1.0,0.5,22,0.011943156830966473
With start-of-list reinstatement,1.0,0.5,23,0.011419163085520267
With start-of-list reinstatement,1.0,0.5,24,0.014033906161785126
With start-of-list reinstatement,1.0,0.5,25,0.013874002732336521
With start-of-list reinstatement,1.0,0.5,26,0.01388187799602747
With start-of-list reinstatement,1.0,0.5,27,0.015012172050774097
With start-of-list reinstatement,1.0,0.5,28,0.016311440616846085
With start-of-list reinstatement,1.0,0.5,29,0.01613280363380909
With start-of-list reinstatement,1.0,0.5,30,0.019190125167369843
With start-of-list reinstatement,1.0,0.5,31,0.017417749390006065
With start-of-list reinstatement,1.0,0.5,32,0.020480584353208542
With start-of-list reinstatement,1.0,0.5,33,0.017810160294175148
With start-of-list reinstatement,1.0,0.5,34,0.014216084033250809
With start-of-list reinstatement,1.0,0.5,35,0.011642157100141048
With start-of-list reinstatement,1.0,0.5,36,0.013163307681679726
With start-of-list reinstatement,1.0,0.5,37,0.0092764375731349
With start-of-list reinstatement,1.0,0.5,38,0.010315723717212677
With start-of-list reinstatement,1.0,0.5,39,0.00869656354188919
With start-of-list reinstatement,1.0,0.5,40,0.006140165030956268
With start-of-list reinstatement,1.0,0.5,41,0.007083825301378965
With start-of-list reinstatement,1.0,0.5,42,0.006210503168404102
With start-of-list reinstatement,1.0,0.5,43,0.005632869433611631
With start-of-list reinstatement,1.0,0.5,44,0.005176099948585033
With start-of-list reinstatement,1.0,0.5,45,0.0054097604006528854
With start-of-list reinstatement,1.0,0.5,46,0.004250294994562864
With start-of-list reinstatement,1.0,0.5,47,0.004491381347179413
With start-of-list reinstatement,1.0,0.5,48,0.0032659212592989206
With start-of-list reinstatement,1.0,0.5,49,0.004336969461292028
With start-of-list reinstatement,1.0,0.5,50,0.0040011038072407246
With start-of-list reinstatement,1.0,0.5,51,0.00480979448184371
With start-of-list reinstatement,1.0,0.5,52,0.005122632719576359
With start-of-list reinstatement,1.0,0.5,53,0.00465735187754035
With start-of-list reinstatement,1.0,0.5,54,0.0062500000931322575
With start-of-list reinstatement,1.0,0.5,55,0.005682931747287512
With start-of-list reinstatement,1.0,0.5,56,0.005965061951428652
With start-of-list reinstatement,1.0,0.5,57,0.008070258423686028
With start-of-list reinstatement,1.0,0.5,58,0.007028926629573107
With start-of-list reinstatement,1.0,0.5,59,0.011475932784378529
With start-of-list reinstatement,1.0,0.5,60,0.012672810815274715
With start-of-list reinstatement,1.0,0.5,61,0.010853477753698826
With start-of-list reinstatement,1.0,0.5,62,0.012239021249115467
With start-of-list reinstatement,1.0,0.5,63,0.018918918445706367
With start-of-list reinstatement,1.0,0.75,-63,0.02753623202443123
With start-of-list reinstatement,1.0,0.75,-62,0.018025077879428864
With start-of-list reinstatement,1.0,0.75,-61,0.011001099832355976
With start-of-list reinstatement,1.0,0.75,-60,0.010056843049824238
With start-of-list reinstatement,1.0,0.75,-59,0.010029717348515987
With start-of-list reinstatement,1.0,0.75,-58,0.005148005206137896
With start-of-list reinstatement,1.0,0.75,-57,0.005859947297722101
With start-of-list reinstatement,1.0,0.75,-56,0.002972169779241085
With start-of-list reinstatement,1.0,0.75,-55,0.0032936406787484884
With start-of-list reinstatement,1.0,0.75,-54,0.002617801073938608
With start-of-list reinstatement,1.0,0.75,-53,0.0022588660940527916
With start-of-list reinstatement,1.0,0.75,-52,0.0025962786749005318
With start-of-list reinstatement,1.0,0.75,-51,0.0029039618093520403
With start-of-list reinstatement,1.0,0.75,-50,0.0023932987824082375
With start-of-list reinstatement,1.0,0.75,-49,0.0011505272705107927
With start-of-list reinstatement,1.0,0.75,-48,0.0014700477477163076
With start-of-list reinstatement,1.0,0.75,-47,0.0014062500558793545
With start-of-list reinstatement,1.0,0.75,-46,0.000810482248198241
With start-of-list reinstatement,1.0,0.75,-45,0.0013110846048220992
With start-of-list reinstatement,1.0,0.75,-44,0.0007469853735528886
With start-of-list reinstatement,1.0,0.75,-43,0.0013397128786891699
With start-of-list reinstatement,1.0,0.75,-42,0.0010390509851276875
With start-of-list reinstatement,1.0,0.75,-41,0.0011935073416680098
With start-of-list reinstatement,1.0,0.75,-40,0.000733460474293679
With start-of-list reinstatement,1.0,0.75,-39,0.0012957784347236156
With start-of-list reinstatement,1.0,0.75,-38,0.0009514144621789455
With start-of-list reinstatement,1.0,0.75,-37,0.0012525349156931043
With start-of-list reinstatement,1.0,0.75,-36,0.0011785834794864058
With start-of-list reinstatement,1.0,0.75,-35,0.00095207872800529
With start-of-list reinstatement,1.0,0.75,-34,0.0011013767216354609
With start-of-list reinstatement,1.0,0.75,-33,0.0021349273156374693
With start-of-list reinstatement,1.0,0.75,-32,0.0022605000995099545
With start-of-list reinstatement,1.0,0.75,-31,0.0030791200697422028
With start-of-list reinstatement,1.0,0.75,-30,0.0030202087946236134
With start-of-list reinstatement,1.0,0.75,-29,0.003929012920707464
With start-of-list reinstatement,1.0,0.75,-28,0.00435164850205183
With start-of-list reinstatement,1.0,0.75,-27,0.0037534916773438454
With start-of-list reinstatement,1.0,0.75,-26,0.004341596737504005
With start-of-list reinstatement,1.0,0.75,-25,0.0050623053684830666
With start-of-list reinstatement,1.0,0.75,-24,0.00522836297750473
With start-of-list reinstatement,1.0,0.75,-23,0.005703503731638193
With start-of-list reinstatement,1.0,0.75,-22,0.00593915581703186
With start-of-list reinstatement,1.0,0.75,-21,0.006320522632449865
With start-of-list reinstatement,1.0,0.75,-20,0.006126415450125933
With start-of-list reinstatement,1.0,0.75,-19,0.006766695994883776
With start-of-list reinstatement,1.0,0.75,-18,0.006188325583934784
With start-of-list reinstatement,1.0,0.75,-17,0.006855006329715252
With start-of-list reinstatement,1.0,0.75,-16,0.007647156249731779
With start-of-list reinstatement,1.0,0.75,-15,0.006901368033140898
With start-of-list reinstatement,1.0,0.75,-14,0.006992435082793236
With start-of-list reinstatement,1.0,0.75,-13,0.009450102224946022
With start-of-list reinstatement,1.0,0.75,-12,0.008889790624380112
With start-of-list reinstatement,1.0,0.75,-11,0.011610502377152443
With start-of-list reinstatement,1.0,0.75,-10,0.01446530781686306
With start-of-list reinstatement,1.0,0.75,-9,0.016676688566803932
With start-of-list reinstatement,1.0,0.75,-8,0.020764153450727463
With start-of-list reinstatement,1.0,0.75,-7,0.0255510825663805
With start-of-list reinstatement,1.0,0.75,-6,0.029243027791380882
With start-of-list reinstatement,1.0,0.75,-5,0.03591247648000717
With start-of-list reinstatement,1.0,0.75,-4,0.04348856583237648
With start-of-list reinstatement,1.0,0.75,-3,0.05025813356041908
With start-of-list reinstatement,1.0,0.75,-2,0.0639394149184227
With start-of-list reinstatement,1.0,0.75,-1,0.07378588616847992
With start-of-list reinstatement,1.0,0.75,0,nan
With start-of-list reinstatement,1.0,0.75,1,0.117592953145504
With start-of-list reinstatement,1.0,0.75,2,0.10147647559642792
With start-of-list reinstatement,1.0,0.75,3,0.07594399899244308
With start-of-list reinstatement,1.0,0.75,4,0.06018321216106415
With start-of-list reinstatement,1.0,0.75,5,0.05106216296553612
With start-of-list reinstatement,1.0,0.75,6,0.038590364158153534
With start-of-list reinstatement,1.0,0.75,7,0.02954837866127491
With start-of-list reinstatement,1.0,0.75,8,0.02550910972058773
With start-of-list reinstatement,1.0,0.75,9,0.018942920491099358
With start-of-list reinstatement,1.0,0.75,10,0.015706993639469147
With start-of-list reinstatement,1.0,0.75,11,0.013163113966584206
With start-of-list reinstatement,1.0,0.75,12,0.009491033852100372
With start-of-list reinstatement,1.0,0.75,13,0.007029684726148844
With start-of-list reinstatement,1.0,0.75,14,0.0061662690714001656
With start-of-list reinstatement,1.0,0.75,15,0.004879852291196585
With start-of-list reinstatement,1.0,0.75,16,0.004229200072586536
With start-of-list reinstatement,1.0,0.75,17,0.005512422416359186
With start-of-list reinstatement,1.0,0.75,18,0.006187067832797766
With start-of-list reinstatement,1.0,0.75,19,0.005949115846306086
With start-of-list reinstatement,1.0,0.75,20,0.007522766478359699
With start-of-list reinstatement,1.0,0.75,21,0.00842007901519537
With start-of-list reinstatement,1.0,0.75,22,0.008579506538808346
With start-of-list reinstatement,1.0,0.75,23,0.0096668042242527
With start-of-list reinstatement,1.0,0.75,24,0.012094138190150261
With start-of-list reinstatement,1.0,0.75,25,0.010945100337266922
With start-of-list reinstatement,1.0,0.75,26,0.013043209910392761
With start-of-list reinstatement,1.0,0.75,27,0.01359416451305151
With start-of-list reinstatement,1.0,0.75,28,0.014326647855341434
With start-of-list reinstatement,1.0,0.75,29,0.016365202143788338
With start-of-list reinstatement,1.0,0.75,30,0.016234323382377625
With start-of-list reinstatement,1.0,0.75,31,0.017548879608511925
With start-of-list reinstatement,1.0,0.75,32,0.020403780043125153
With start-of-list reinstatement,1.0,0.75,33,0.01493018213659525
With start-of-list reinstatement,1.0,0.75,34,0.013932054862380028
With start-of-list reinstatement,1.0,0.75,35,0.009454232640564442
With start-of-list reinstatement,1.0,0.75,36,0.00600987346842885
With start-of-list reinstatement,1.0,0.75,37,0.0048340316861867905
With start-of-list reinstatement,1.0,0.75,38,0.0049526272341609
With start-of-list reinstatement,1.0,0.75,39,0.003347732126712799
With start-of-list reinstatement,1.0,0.75,40,0.003565640188753605
With start-of-list reinstatement,1.0,0.75,41,0.0039020159747451544
With start-of-list reinstatement,1.0,0.75,42,0.0023936459328979254
With start-of-list reinstatement,1.0,0.75,43,0.002624097978696227
With start-of-list reinstatement,1.0,0.75,44,0.0020920501556247473
With start-of-list reinstatement,1.0,0.75,45,0.0025518694892525673
With start-of-list reinstatement,1.0,0.75,46,0.0020172586664557457
With start-of-list reinstatement,1.0,0.75,47,0.0010227272287011147
With start-of-list reinstatement,1.0,0.75,48,0.001155802165158093
With start-of-list reinstatement,1.0,0.75,49,0.0008346250397153199
With start-of-list reinstatement,1.0,0.75,50,0.0012286521960049868
With start-of-list reinstatement,1.0,0.75,51,0.001667521777562797
With start-of-list reinstatement,1.0,0.75,52,0.0013431833358481526
With start-of-list reinstatement,1.0,0.75,53,0.0016975527396425605
With start-of-list reinstatement,1.0,0.75,54,0.0022455090656876564
With start-of-list reinstatement,1.0,0.75,55,0.002875399310141802
With start-of-list reinstatement,1.0,0.75,56,0.0029616723768413067
With start-of-list reinstatement,1.0,0.75,57,0.0032307107467204332
With start-of-list reinstatement,1.0,0.75,58,0.004451038781553507
With start-of-list reinstatement,1.0,0.75,59,0.0049019609577953815
With start-of-list reinstatement,1.0,0.75,60,0.0072358897887170315
With start-of-list reinstatement,1.0,0.75,61,0.009583487175405025
With start-of-list reinstatement,1.0,0.75,62,0.009264024905860424
With start-of-list reinstatement,1.0,0.75,63,0.015080112963914871
With start-of-list reinstatement,1.0,1.0,-63,0.023225806653499603
With start-of-list reinstatement,1.0,1.0,-62,0.020311441272497177
With start-of-list reinstatement,1.0,1.0,-61,0.010258915834128857
With start-of-list reinstatement,1.0,1.0,-60,0.00904088094830513
With start-of-list reinstatement,1.0,1.0,-59,0.0057316250167787075
With start-of-list reinstatement,1.0,1.0,-58,0.0045221587643027306
With start-of-list reinstatement,1.0,1.0,-57,0.005235602147877216
With start-of-list reinstatement,1.0,1.0,-56,0.003867973107844591
With start-of-list reinstatement,1.0,1.0,-55,0.0017131669446825981
With start-of-list reinstatement,1.0,1.0,-54,0.001882352982647717
With start-of-list reinstatement,1.0,1.0,-53,0.0015948963118717074
With start-of-list reinstatement,1.0,1.0,-52,0.0008826125413179398
With start-of-list reinstatement,1.0,1.0,-51,0.0004321521264500916
With start-of-list reinstatement,1.0,1.0,-50,0.000844416324980557
With start-of-list reinstatement,1.0,1.0,-49,0.0004112687602173537
With start-of-list reinstatement,1.0,1.0,-48,0.00040184849058277905
With start-of-list reinstatement,1.0,1.0,-47,0.0006921612657606602
With start-of-list reinstatement,1.0,1.0,-46,0.0003030303050763905
With start-of-list reinstatement,1.0,1.0,-45,0.00026838431949727237
With start-of-list reinstatement,1.0,1.0,-44,0.0002403268445050344
With start-of-list reinstatement,1.0,1.0,-43,0.00021800740796606988
With start-of-list reinstatement,1.0,1.0,-42,0.0002976781106553972
With start-of-list reinstatement,1.0,1.0,-41,0.0002727768733166158
With start-of-list reinstatement,1.0,1.0,-40,0.00016810960369184613
With start-of-list reinstatement,1.0,1.0,-39,0.00015699819778092206
With start-of-list reinstatement,1.0,1.0,-38,0.0003643518139142543
With start-of-list reinstatement,1.0,1.0,-37,0.00020526855951175094
With start-of-list reinstatement,1.0,1.0,-36,0.0002557708357926458
With start-of-list reinstatement,1.0,1.0,-35,0.0005419075023382902
With start-of-list reinstatement,1.0,1.0,-34,0.0006238303030841053
With start-of-list reinstatement,1.0,1.0,-33,0.0005873871850781143
With start-of-list reinstatement,1.0,1.0,-32,0.0015652612783014774
With start-of-list reinstatement,1.0,1.0,-31,0.0012475672410801053
With start-of-list reinstatement,1.0,1.0,-30,0.0020245914347469807
With start-of-list reinstatement,1.0,1.0,-29,0.0018092909594997764
With start-of-list reinstatement,1.0,1.0,-28,0.002129410160705447
With start-of-list reinstatement,1.0,1.0,-27,0.002540869638323784
With start-of-list reinstatement,1.0,1.0,-26,0.0022852791007608175
With start-of-list reinstatement,1.0,1.0,-25,0.002924114465713501
With start-of-list reinstatement,1.0,1.0,-24,0.0024863951839506626
With start-of-list reinstatement,1.0,1.0,-23,0.0029328244272619486
With start-of-list reinstatement,1.0,1.0,-22,0.0037966477684676647
With start-of-list reinstatement,1.0,1.0,-21,0.0035948012955486774
With start-of-list reinstatement,1.0,1.0,-20,0.00407173577696085
With start-of-list reinstatement,1.0,1.0,-19,0.0038786218501627445
With start-of-list reinstatement,1.0,1.0,-18,0.004397298209369183
With start-of-list reinstatement,1.0,1.0,-17,0.005152542144060135
With start-of-list reinstatement,1.0,1.0,-16,0.006341638974845409
With start-of-list reinstatement,1.0,1.0,-15,0.005608902312815189
With start-of-list reinstatement,1.0,1.0,-14,0.005963590927422047
With start-of-list reinstatement,1.0,1.0,-13,0.006022484041750431
With start-of-list reinstatement,1.0,1.0,-12,0.006331371609121561
With start-of-list reinstatement,1.0,1.0,-11,0.00896582379937172
With start-of-list reinstatement,1.0,1.0,-10,0.009951788932085037
With start-of-list reinstatement,1.0,1.0,-9,0.0129376957193017
With start-of-list reinstatement,1.0,1.0,-8,0.016450976952910423
With start-of-list reinstatement,1.0,1.0,-7,0.02306152693927288
With start-of-list reinstatement,1.0,1.0,-6,0.028726641088724136
With start-of-list reinstatement,1.0,1.0,-5,0.03619968146085739
With start-of-list reinstatement,1.0,1.0,-4,0.046105947345495224
With start-of-list reinstatement,1.0,1.0,-3,0.058651771396398544
With start-of-list reinstatement,1.0,1.0,-2,0.0711982250213623
With start-of-list reinstatement,1.0,1.0,-1,0.09543891251087189
With start-of-list reinstatement,1.0,1.0,0,nan
With start-of-list reinstatement,1.0,1.0,1,0.16856443881988525
With start-of-list reinstatement,1.0,1.0,2,0.13257093727588654
With start-of-list reinstatement,1.0,1.0,3,0.09281942993402481
With start-of-list reinstatement,1.0,1.0,4,0.07175739109516144
With start-of-list reinstatement,1.0,1.0,5,0.05237310007214546
With start-of-list reinstatement,1.0,1.0,6,0.03888363018631935
With start-of-list reinstatement,1.0,1.0,7,0.02588169276714325
With start-of-list reinstatement,1.0,1.0,8,0.01995309256017208
With start-of-list reinstatement,1.0,1.0,9,0.015518811531364918
With start-of-list reinstatement,1.0,1.0,10,0.011981082148849964
With start-of-list reinstatement,1.0,1.0,11,0.008671230636537075
With start-of-list reinstatement,1.0,1.0,12,0.006835318170487881
With start-of-list reinstatement,1.0,1.0,13,0.004633723758161068
With start-of-list reinstatement,1.0,1.0,14,0.0037737193051725626
With start-of-list reinstatement,1.0,1.0,15,0.0026508094742894173
With start-of-list reinstatement,1.0,1.0,16,0.0022764226887375116
With start-of-list reinstatement,1.0,1.0,17,0.0032401029020547867
With start-of-list reinstatement,1.0,1.0,18,0.004073945805430412
With start-of-list reinstatement,1.0,1.0,19,0.004961302038282156
With start-of-list reinstatement,1.0,1.0,20,0.005020989570766687
With start-of-list reinstatement,1.0,1.0,21,0.007927036844193935
With start-of-list reinstatement,1.0,1.0,22,0.009122057817876339
With start-of-list reinstatement,1.0,1.0,23,0.00994100421667099
With start-of-list reinstatement,1.0,1.0,24,0.010156477801501751
With start-of-list reinstatement,1.0,1.0,25,0.010501631535589695
With start-of-list reinstatement,1.0,1.0,26,0.010767740197479725
With start-of-list reinstatement,1.0,1.0,27,0.012471395544707775
With start-of-list reinstatement,1.0,1.0,28,0.011872705072164536
With start-of-list reinstatement,1.0,1.0,29,0.012826415710151196
With start-of-list reinstatement,1.0,1.0,30,0.0130537124350667
With start-of-list reinstatement,1.0,1.0,31,0.015297717414796352
With start-of-list reinstatement,1.0,1.0,32,0.012411502189934254
With start-of-list reinstatement,1.0,1.0,33,0.009511344134807587
With start-of-list reinstatement,1.0,1.0,34,0.006021467968821526
With start-of-list reinstatement,1.0,1.0,35,0.0054096500389277935
With start-of-list reinstatement,1.0,1.0,36,0.004621555563062429
With start-of-list reinstatement,1.0,1.0,37,0.0021805495489388704
With start-of-list reinstatement,1.0,1.0,38,0.0012213208246976137
With start-of-list reinstatement,1.0,1.0,39,0.0011343804653733969
With start-of-list reinstatement,1.0,1.0,40,0.0013964042300358415
With start-of-list reinstatement,1.0,1.0,41,0.0011356687173247337
With start-of-list reinstatement,1.0,1.0,42,0.0007869884721003473
With start-of-list reinstatement,1.0,1.0,43,0.0005254860734567046
With start-of-list reinstatement,1.0,1.0,44,0.0007021239143796265
With start-of-list reinstatement,1.0,1.0,45,0.0005281225312501192
With start-of-list reinstatement,1.0,1.0,46,0.00026508793234825134
With start-of-list reinstatement,1.0,1.0,47,8.877052459865808e-05
With start-of-list reinstatement,1.0,1.0,48,8.934155630413443e-05
With start-of-list reinstatement,1.0,1.0,49,0.0003638348134700209
With start-of-list reinstatement,1.0,1.0,50,0.00018596001609694213
With start-of-list reinstatement,1.0,1.0,51,0.00047846889356151223
With start-of-list reinstatement,1.0,1.0,52,0.0004947555717080832
With start-of-list reinstatement,1.0,1.0,53,0.0006174745503813028
With start-of-list reinstatement,1.0,1.0,54,0.00043075598659925163
With start-of-list reinstatement,1.0,1.0,55,0.0017121332930400968
With start-of-list reinstatement,1.0,1.0,56,0.0015950920060276985
With start-of-list reinstatement,1.0,1.0,57,0.0008009611628949642
With start-of-list reinstatement,1.0,1.0,58,0.0026662717573344707
With start-of-list reinstatement,1.0,1.0,59,0.003899626899510622
With start-of-list reinstatement,1.0,1.0,60,0.006055712699890137
With start-of-list reinstatement,1.0,1.0,61,0.004597701132297516
With start-of-list reinstatement,1.0,1.0,62,0.009084302000701427
With start-of-list reinstatement,1.0,1.0,63,0.011184210889041424
With start-of-list reinstatement,1.0,1.25,-63,0.025930101051926613
With start-of-list reinstatement,1.0,1.25,-62,0.014679976738989353
With start-of-list reinstatement,1.0,1.25,-61,0.007471980061382055
With start-of-list reinstatement,1.0,1.25,-60,0.002320185536518693
With start-of-list reinstatement,1.0,1.25,-59,0.003703703638166189
With start-of-list reinstatement,1.0,1.25,-58,0.001785258878953755
With start-of-list reinstatement,1.0,1.25,-57,0.0014107688330113888
With start-of-list reinstatement,1.0,1.25,-56,0.00022286605963017792
With start-of-list reinstatement,1.0,1.25,-55,0.00021440823911689222
With start-of-list reinstatement,1.0,1.25,-54,0.0008314279839396477
With start-of-list reinstatement,1.0,1.25,-53,0.0006116207805462182
With start-of-list reinstatement,1.0,1.25,-52,0.0
With start-of-list reinstatement,1.0,1.25,-51,0.0
With start-of-list reinstatement,1.0,1.25,-50,0.000390548724681139
With start-of-list reinstatement,1.0,1.25,-49,0.0
With start-of-list reinstatement,1.0,1.25,-48,0.00019058509496971965
With start-of-list reinstatement,1.0,1.25,-47,0.00017085255240090191
With start-of-list reinstatement,1.0,1.25,-46,0.0
With start-of-list reinstatement,1.0,1.25,-45,0.00014158290287014097
With start-of-list reinstatement,1.0,1.25,-44,0.0002601795131340623
With start-of-list reinstatement,1.0,1.25,-43,0.0
With start-of-list reinstatement,1.0,1.25,-42,0.00011212019308004528
With start-of-list reinstatement,1.0,1.25,-41,0.00020863758982159197
With start-of-list reinstatement,1.0,1.25,-40,0.0
With start-of-list reinstatement,1.0,1.25,-39,0.0001823652710299939
With start-of-list reinstatement,1.0,1.25,-38,0.0
With start-of-list reinstatement,1.0,1.25,-37,0.00016051364946179092
With start-of-list reinstatement,1.0,1.25,-36,0.0
With start-of-list reinstatement,1.0,1.25,-35,7.055171590764076e-05
With start-of-list reinstatement,1.0,1.25,-34,0.00019872814300470054
With start-of-list reinstatement,1.0,1.25,-33,0.000124192752991803
With start-of-list reinstatement,1.0,1.25,-32,0.00029093449120409787
With start-of-list reinstatement,1.0,1.25,-31,0.00045589241199195385
With start-of-list reinstatement,1.0,1.25,-30,0.0008978675468824804
With start-of-list reinstatement,1.0,1.25,-29,0.0008830021834000945
With start-of-list reinstatement,1.0,1.25,-28,0.0017441543750464916
With start-of-list reinstatement,1.0,1.25,-27,0.0017717169830575585
With start-of-list reinstatement,1.0,1.25,-26,0.001855976297520101
With start-of-list reinstatement,1.0,1.25,-25,0.0019362603779882193
With start-of-list reinstatement,1.0,1.25,-24,0.00119282235391438
With start-of-list reinstatement,1.0,1.25,-23,0.001798653625883162
With start-of-list reinstatement,1.0,1.25,-22,0.0018863114528357983
With start-of-list reinstatement,1.0,1.25,-21,0.0023809524718672037
With start-of-list reinstatement,1.0,1.25,-20,0.002363947220146656
With start-of-list reinstatement,1.0,1.25,-19,0.003306778846308589
With start-of-list reinstatement,1.0,1.25,-18,0.002843034453690052
With start-of-list reinstatement,1.0,1.25,-17,0.003428912255913019
With start-of-list reinstatement,1.0,1.25,-16,0.004560777451843023
With start-of-list reinstatement,1.0,1.25,-15,0.004006330855190754
With start-of-list reinstatement,1.0,1.25,-14,0.004348470829427242
With start-of-list reinstatement,1.0,1.25,-13,0.0041971164755523205
With start-of-list reinstatement,1.0,1.25,-12,0.0044772448018193245
With start-of-list reinstatement,1.0,1.25,-11,0.0055975643917918205
With start-of-list reinstatement,1.0,1.25,-10,0.007539779879152775
With start-of-list reinstatement,1.0,1.25,-9,0.009571470320224762
With start-of-list reinstatement,1.0,1.25,-8,0.012404303066432476
With start-of-list reinstatement,1.0,1.25,-7,0.016863083466887474
With start-of-list reinstatement,1.0,1.25,-6,0.025302007794380188
With start-of-list reinstatement,1.0,1.25,-5,0.03322509303689003
With start-of-list reinstatement,1.0,1.25,-4,0.045988213270902634
With start-of-list reinstatement,1.0,1.25,-3,0.06610928475856781
With start-of-list reinstatement,1.0,1.25,-2,0.0881994292140007
With start-of-list reinstatement,1.0,1.25,-1,0.11423378437757492
With start-of-list reinstatement,1.0,1.25,0,nan
With start-of-list reinstatement,1.0,1.25,1,0.22278554737567902
With start-of-list reinstatement,1.0,1.25,2,0.15515555441379547
With start-of-list reinstatement,1.0,1.25,3,0.10457468777894974
With start-of-list reinstatement,1.0,1.25,4,0.07382020354270935
With start-of-list reinstatement,1.0,1.25,5,0.048900019377470016
With start-of-list reinstatement,1.0,1.25,6,0.03530629724264145
With start-of-list reinstatement,1.0,1.25,7,0.023751696571707726
With start-of-list reinstatement,1.0,1.25,8,0.015995724126696587
With start-of-list reinstatement,1.0,1.25,9,0.01084010861814022
With start-of-list reinstatement,1.0,1.25,10,0.00840125884860754
With start-of-list reinstatement,1.0,1.25,11,0.005945771466940641
With start-of-list reinstatement,1.0,1.25,12,0.0030196276493370533
With start-of-list reinstatement,1.0,1.25,13,0.0026328128296881914
With start-of-list reinstatement,1.0,1.25,14,0.0015607984969392419
With start-of-list reinstatement,1.0,1.25,15,0.0013149724109098315
With start-of-list reinstatement,1.0,1.25,16,0.0008465530700050294
With start-of-list reinstatement,1.0,1.25,17,0.002217294881120324
With start-of-list reinstatement,1.0,1.25,18,0.002919371472671628
With start-of-list reinstatement,1.0,1.25,19,0.004163557197898626
With start-of-list reinstatement,1.0,1.25,20,0.005186138208955526
With start-of-list reinstatement,1.0,1.25,21,0.007132844068109989
With start-of-list reinstatement,1.0,1.25,22,0.007546850014477968
With start-of-list reinstatement,1.0,1.25,23,0.009291572496294975
With start-of-list reinstatement,1.0,1.25,24,0.010841087438166142
With start-of-list reinstatement,1.0,1.25,25,0.010815385729074478
With start-of-list reinstatement,1.0,1.25,26,0.012303318828344345
With start-of-list reinstatement,1.0,1.25,27,0.012300565838813782
With start-of-list reinstatement,1.0,1.25,28,0.011544326320290565
With start-of-list reinstatement,1.0,1.25,29,0.011893020942807198
With start-of-list reinstatement,1.0,1.25,30,0.012015771120786667
With start-of-list reinstatement,1.0,1.25,31,0.010452247224748135
With start-of-list reinstatement,1.0,1.25,32,0.011731758713722229
With start-of-list reinstatement,1.0,1.25,33,0.006356413010507822
With start-of-list reinstatement,1.0,1.25,34,0.004161937162280083
With start-of-list reinstatement,1.0,1.25,35,0.0018162555061280727
With start-of-list reinstatement,1.0,1.25,36,0.001361985458061099
With start-of-list reinstatement,1.0,1.25,37,0.0008323874208144844
With start-of-list reinstatement,1.0,1.25,38,0.0009079903247766197
With start-of-list reinstatement,1.0,1.25,39,0.00037841519224457443
With start-of-list reinstatement,1.0,1.25,40,0.000454132619779557
With start-of-list reinstatement,1.0,1.25,41,0.00022718666878063232
With start-of-list reinstatement,1.0,1.25,42,0.00015151515253819525
With start-of-list reinstatement,1.0,1.25,43,0.0003030991938430816
With start-of-list reinstatement,1.0,1.25,44,0.00022742779401596636
With start-of-list reinstatement,1.0,1.25,45,7.590132736368105e-05
With start-of-list reinstatement,1.0,1.25,46,0.0003799103433266282
With start-of-list reinstatement,1.0,1.25,47,0.00015227653784677386
With start-of-list reinstatement,1.0,1.25,48,7.641754200449213e-05
With start-of-list reinstatement,1.0,1.25,49,0.0
With start-of-list reinstatement,1.0,1.25,50,0.0
With start-of-list reinstatement,1.0,1.25,51,7.959882350405678e-05
With start-of-list reinstatement,1.0,1.25,52,0.000244140625
With start-of-list reinstatement,1.0,1.25,53,0.0002515723172109574
With start-of-list reinstatement,1.0,1.25,54,0.0
With start-of-list reinstatement,1.0,1.25,55,0.000639561447314918
With start-of-list reinstatement,1.0,1.25,56,0.0007768498617224395
With start-of-list reinstatement,1.0,1.25,57,0.0006329781608656049
With start-of-list reinstatement,1.0,1.25,58,0.0008205368649214506
With start-of-list reinstatement,1.0,1.25,59,0.001478097285144031
With start-of-list reinstatement,1.0,1.25,60,0.0017611271468922496
With start-of-list reinstatement,1.0,1.25,61,0.0026283864863216877
With start-of-list reinstatement,1.0,1.25,62,0.005678591784089804
With start-of-list reinstatement,1.0,1.25,63,0.00820092298090458
With start-of-list reinstatement,1.0,1.5,-63,0.017412934452295303
With start-of-list reinstatement,1.0,1.5,-62,0.011834319680929184
With start-of-list reinstatement,1.0,1.5,-61,0.003701989771798253
With start-of-list reinstatement,1.0,1.5,-60,0.003668378572911024
With start-of-list reinstatement,1.0,1.5,-59,0.0015561779728159308
With start-of-list reinstatement,1.0,1.5,-58,0.0011074197245761752
With start-of-list reinstatement,1.0,1.5,-57,0.0005103342700749636
With start-of-list reinstatement,1.0,1.5,-56,0.00024183797359000891
With start-of-list reinstatement,1.0,1.5,-55,0.000233481201576069
With start-of-list reinstatement,1.0,1.5,-54,0.0002284148067701608
With start-of-list reinstatement,1.0,1.5,-53,0.0
With start-of-list reinstatement,1.0,1.5,-52,0.00022172949684318155
With start-of-list reinstatement,1.0,1.5,-51,0.0
With start-of-list reinstatement,1.0,1.5,-50,0.0
With start-of-list reinstatement,1.0,1.5,-49,0.0
With start-of-list reinstatement,1.0,1.5,-48,0.0
With start-of-list reinstatement,1.0,1.5,-47,0.0
With start-of-list reinstatement,1.0,1.5,-46,0.0
With start-of-list reinstatement,1.0,1.5,-45,0.0
With start-of-list reinstatement,1.0,1.5,-44,0.0
With start-of-list reinstatement,1.0,1.5,-43,0.0
With start-of-list reinstatement,1.0,1.5,-42,0.0
With start-of-list reinstatement,1.0,1.5,-41,0.0
With start-of-list reinstatement,1.0,1.5,-40,0.00012696800695266575
With start-of-list reinstatement,1.0,1.5,-39,0.0
With start-of-list reinstatement,1.0,1.5,-38,0.0
With start-of-list reinstatement,1.0,1.5,-37,0.00020684662740677595
With start-of-list reinstatement,1.0,1.5,-36,9.631127613829449e-05
With start-of-list reinstatement,1.0,1.5,-35,8.896797226043418e-05
With start-of-list reinstatement,1.0,1.5,-34,0.0
With start-of-list reinstatement,1.0,1.5,-33,7.617306255269796e-05
With start-of-list reinstatement,1.0,1.5,-32,0.00014175349497236311
With start-of-list reinstatement,1.0,1.5,-31,0.00033935115789063275
With start-of-list reinstatement,1.0,1.5,-30,0.0007316262344829738
With start-of-list reinstatement,1.0,1.5,-29,0.0007169860764406621
With start-of-list reinstatement,1.0,1.5,-28,0.0006409023771993816
With start-of-list reinstatement,1.0,1.5,-27,0.0005022601690143347
With start-of-list reinstatement,1.0,1.5,-26,0.0010511346627026796
With start-of-list reinstatement,1.0,1.5,-25,0.0007279344717971981
With start-of-list reinstatement,1.0,1.5,-24,0.0010750119108706713
With start-of-list reinstatement,1.0,1.5,-23,0.0014718869933858514
With start-of-list reinstatement,1.0,1.5,-22,0.0010487065883353353
With start-of-list reinstatement,1.0,1.5,-21,0.0013280212879180908
With start-of-list reinstatement,1.0,1.5,-20,0.0010903248330578208
With start-of-list reinstatement,1.0,1.5,-19,0.0014872440369799733
With start-of-list reinstatement,1.0,1.5,-18,0.002159704454243183
With start-of-list reinstatement,1.0,1.5,-17,0.0023781212512403727
With start-of-list reinstatement,1.0,1.5,-16,0.002992321504279971
With start-of-list reinstatement,1.0,1.5,-15,0.003103487193584442
With start-of-list reinstatement,1.0,1.5,-14,0.0032109057065099478
With start-of-list reinstatement,1.0,1.5,-13,0.003487848676741123
With start-of-list reinstatement,1.0,1.5,-12,0.003982722759246826
With start-of-list reinstatement,1.0,1.5,-11,0.004073206335306168
With start-of-list reinstatement,1.0,1.5,-10,0.005510102026164532
With start-of-list reinstatement,1.0,1.5,-9,0.006285493727773428
With start-of-list reinstatement,1.0,1.5,-8,0.009517037309706211
With start-of-list reinstatement,1.0,1.5,-7,0.013993192464113235
With start-of-list reinstatement,1.0,1.5,-6,0.020710691809654236
With start-of-list reinstatement,1.0,1.5,-5,0.027659237384796143
With start-of-list reinstatement,1.0,1.5,-4,0.04533443972468376
With start-of-list reinstatement,1.0,1.5,-3,0.06185567006468773
With start-of-list reinstatement,1.0,1.5,-2,0.09067460149526596
With start-of-list reinstatement,1.0,1.5,-1,0.12951821088790894
With start-of-list reinstatement,1.0,1.5,0,nan
With start-of-list reinstatement,1.0,1.5,1,0.27156445384025574
With start-of-list reinstatement,1.0,1.5,2,0.1759820282459259
With start-of-list reinstatement,1.0,1.5,3,0.11150380223989487
With start-of-list reinstatement,1.0,1.5,4,0.06961622834205627
With start-of-list reinstatement,1.0,1.5,5,0.04479239881038666
With start-of-list reinstatement,1.0,1.5,6,0.029863331466913223
With start-of-list reinstatement,1.0,1.5,7,0.018363120034337044
With start-of-list reinstatement,1.0,1.5,8,0.011678474023938179
With start-of-list reinstatement,1.0,1.5,9,0.0084614846855402
With start-of-list reinstatement,1.0,1.5,10,0.004638414364308119
With start-of-list reinstatement,1.0,1.5,11,0.0029919042717665434
With start-of-list reinstatement,1.0,1.5,12,0.0020458553917706013
With start-of-list reinstatement,1.0,1.5,13,0.0014494290808215737
With start-of-list reinstatement,1.0,1.5,14,0.0010650005424395204
With start-of-list reinstatement,1.0,1.5,15,0.0004633920325431973
With start-of-list reinstatement,1.0,1.5,16,0.0002864508714992553
With start-of-list reinstatement,1.0,1.5,17,0.0015579710016027093
With start-of-list reinstatement,1.0,1.5,18,0.0022738941479474306
With start-of-list reinstatement,1.0,1.5,19,0.004603846464306116
With start-of-list reinstatement,1.0,1.5,20,0.004935015924274921
With start-of-list reinstatement,1.0,1.5,21,0.0061563169583678246
With start-of-list reinstatement,1.0,1.5,22,0.008710869587957859
With start-of-list reinstatement,1.0,1.5,23,0.010399301536381245
With start-of-list reinstatement,1.0,1.5,24,0.011840338818728924
With start-of-list reinstatement,1.0,1.5,25,0.01149666402488947
With start-of-list reinstatement,1.0,1.5,26,0.012165450491011143
With start-of-list reinstatement,1.0,1.5,27,0.011041723191738129
With start-of-list reinstatement,1.0,1.5,28,0.010972307994961739
With start-of-list reinstatement,1.0,1.5,29,0.010669350624084473
With start-of-list reinstatement,1.0,1.5,30,0.00975110474973917
With start-of-list reinstatement,1.0,1.5,31,0.0073559461161494255
With start-of-list reinstatement,1.0,1.5,32,0.006694991607218981
With start-of-list reinstatement,1.0,1.5,33,0.003668661927804351
With start-of-list reinstatement,1.0,1.5,34,0.0019952370785176754
With start-of-list reinstatement,1.0,1.5,35,0.0007079874048940837
With start-of-list reinstatement,1.0,1.5,36,0.0007723995950073004
With start-of-list reinstatement,1.0,1.5,37,0.0006436663097701967
With start-of-list reinstatement,1.0,1.5,38,0.0005792251322418451
With start-of-list reinstatement,1.0,1.5,39,0.00045050843618810177
With start-of-list reinstatement,1.0,1.5,40,0.00019311232608743012
With start-of-list reinstatement,1.0,1.5,41,0.0001287415507249534
With start-of-list reinstatement,1.0,1.5,42,0.00012873327068518847
With start-of-list reinstatement,1.0,1.5,43,0.0
With start-of-list reinstatement,1.0,1.5,44,0.0
With start-of-list reinstatement,1.0,1.5,45,0.0
With start-of-list reinstatement,1.0,1.5,46,0.0
With start-of-list reinstatement,1.0,1.5,47,0.0
With start-of-list reinstatement,1.0,1.5,48,0.0
With start-of-list reinstatement,1.0,1.5,49,0.0
With start-of-list reinstatement,1.0,1.5,50,6.560388283105567e-05
With start-of-list reinstatement,1.0,1.5,51,0.0
With start-of-list reinstatement,1.0,1.5,52,6.744452548446134e-05
With start-of-list reinstatement,1.0,1.5,53,0.0
With start-of-list reinstatement,1.0,1.5,54,0.0
With start-of-list reinstatement,1.0,1.5,55,7.432181155309081e-05
With start-of-list reinstatement,1.0,1.5,56,0.00023707919172011316
With start-of-list reinstatement,1.0,1.5,57,0.00034208499710075557
With start-of-list reinstatement,1.0,1.5,58,0.0004750142397824675
With start-of-list reinstatement,1.0,1.5,59,0.0007565931882709265
With start-of-list reinstatement,1.0,1.5,60,0.00115045381244272
With start-of-list reinstatement,1.0,1.5,61,0.0011266699293628335
With start-of-list reinstatement,1.0,1.5,62,0.004057709593325853
With start-of-list reinstatement,1.0,1.5,63,0.004880032502114773
With start-of-list reinstatement,1.0,1.75,-63,0.01341281644999981
With start-of-list reinstatement,1.0,1.75,-62,0.007020280696451664
With start-of-list reinstatement,1.0,1.75,-61,0.0038272279780358076
With start-of-list reinstatement,1.0,1.75,-60,0.0025706940796226263
With start-of-list reinstatement,1.0,1.75,-59,0.0007256894023157656
With start-of-list reinstatement,1.0,1.75,-58,0.000322788895573467
With start-of-list reinstatement,1.0,1.75,-57,0.0005964807351119816
With start-of-list reinstatement,1.0,1.75,-56,0.0005673759151250124
With start-of-list reinstatement,1.0,1.75,-55,0.0
With start-of-list reinstatement,1.0,1.75,-54,0.0002691789995878935
With start-of-list reinstatement,1.0,1.75,-53,0.0
With start-of-list reinstatement,1.0,1.75,-52,0.0
With start-of-list reinstatement,1.0,1.75,-51,0.0
With start-of-list reinstatement,1.0,1.75,-50,0.0
With start-of-list reinstatement,1.0,1.75,-49,0.0
With start-of-list reinstatement,1.0,1.75,-48,0.0
With start-of-list reinstatement,1.0,1.75,-47,0.0
With start-of-list reinstatement,1.0,1.75,-46,0.00022456770238932222
With start-of-list reinstatement,1.0,1.75,-45,0.0
With start-of-list reinstatement,1.0,1.75,-44,0.0
With start-of-list reinstatement,1.0,1.75,-43,0.0
With start-of-list reinstatement,1.0,1.75,-42,0.0
With start-of-list reinstatement,1.0,1.75,-41,0.0
With start-of-list reinstatement,1.0,1.75,-40,0.0
With start-of-list reinstatement,1.0,1.75,-39,0.0
With start-of-list reinstatement,1.0,1.75,-38,0.0
With start-of-list reinstatement,1.0,1.75,-37,0.0
With start-of-list reinstatement,1.0,1.75,-36,0.0001232285867445171
With start-of-list reinstatement,1.0,1.75,-35,0.00011380448268027976
With start-of-list reinstatement,1.0,1.75,-34,0.0
With start-of-list reinstatement,1.0,1.75,-33,0.0
With start-of-list reinstatement,1.0,1.75,-32,0.0001734605320962146
With start-of-list reinstatement,1.0,1.75,-31,0.0002504173608031124
With start-of-list reinstatement,1.0,1.75,-30,0.0004057453479617834
With start-of-list reinstatement,1.0,1.75,-29,7.895776070654392e-05
With start-of-list reinstatement,1.0,1.75,-28,0.0006899195141158998
With start-of-list reinstatement,1.0,1.75,-27,0.0002993115922436118
With start-of-list reinstatement,1.0,1.75,-26,0.00043576149619184434
With start-of-list reinstatement,1.0,1.75,-25,0.000707363651599735
With start-of-list reinstatement,1.0,1.75,-24,0.000621890532784164
With start-of-list reinstatement,1.0,1.75,-23,0.0008802816737443209
With start-of-list reinstatement,1.0,1.75,-22,0.0005356186302378774
With start-of-list reinstatement,1.0,1.75,-21,0.0006607638206332922
With start-of-list reinstatement,1.0,1.75,-20,0.0009184543741866946
With start-of-list reinstatement,1.0,1.75,-19,0.0009777082595974207
With start-of-list reinstatement,1.0,1.75,-18,0.0012344876304268837
With start-of-list reinstatement,1.0,1.75,-17,0.0014896373031660914
With start-of-list reinstatement,1.0,1.75,-16,0.002458274131640792
With start-of-list reinstatement,1.0,1.75,-15,0.0020064725540578365
With start-of-list reinstatement,1.0,1.75,-14,0.002132747322320938
With start-of-list reinstatement,1.0,1.75,-13,0.0028385266195982695
With start-of-list reinstatement,1.0,1.75,-12,0.0041120536625385284
With start-of-list reinstatement,1.0,1.75,-11,0.0034529061522334814
With start-of-list reinstatement,1.0,1.75,-10,0.00379722798243165
With start-of-list reinstatement,1.0,1.75,-9,0.005965088494122028
With start-of-list reinstatement,1.0,1.75,-8,0.0062705655582249165
With start-of-list reinstatement,1.0,1.75,-7,0.008653787896037102
With start-of-list reinstatement,1.0,1.75,-6,0.014982391148805618
With start-of-list reinstatement,1.0,1.75,-5,0.02457820065319538
With start-of-list reinstatement,1.0,1.75,-4,0.04094729572534561
With start-of-list reinstatement,1.0,1.75,-3,0.06547292321920395
With start-of-list reinstatement,1.0,1.75,-2,0.09310658276081085
With start-of-list reinstatement,1.0,1.75,-1,0.1337582916021347
With start-of-list reinstatement,1.0,1.75,0,nan
With start-of-list reinstatement,1.0,1.75,1,0.31442388892173767
With start-of-list reinstatement,1.0,1.75,2,0.18869365751743317
With start-of-list reinstatement,1.0,1.75,3,0.1074320375919342
With start-of-list reinstatement,1.0,1.75,4,0.06718718260526657
With start-of-list reinstatement,1.0,1.75,5,0.04105531796813011
With start-of-list reinstatement,1.0,1.75,6,0.02413652464747429
With start-of-list reinstatement,1.0,1.75,7,0.0147368423640728
With start-of-list reinstatement,1.0,1.75,8,0.008042076602578163
With start-of-list reinstatement,1.0,1.75,9,0.004687022417783737
With start-of-list reinstatement,1.0,1.75,10,0.0028543274383991957
With start-of-list reinstatement,1.0,1.75,11,0.0019061234779655933
With start-of-list reinstatement,1.0,1.75,12,0.001092261984013021
With start-of-list reinstatement,1.0,1.75,13,0.0007187104201875627
With start-of-list reinstatement,1.0,1.75,14,0.00044601503759622574
With start-of-list reinstatement,1.0,1.75,15,0.00030983201577328146
With start-of-list reinstatement,1.0,1.75,16,0.0001727951312204823
With start-of-list reinstatement,1.0,1.75,17,0.0006608235999010503
With start-of-list reinstatement,1.0,1.75,18,0.002344953129068017
With start-of-list reinstatement,1.0,1.75,19,0.00285623618401587
With start-of-list reinstatement,1.0,1.75,20,0.0043365443125367165
With start-of-list reinstatement,1.0,1.75,21,0.006273300852626562
With start-of-list reinstatement,1.0,1.75,22,0.009281415492296219
With start-of-list reinstatement,1.0,1.75,23,0.009529766626656055
With start-of-list reinstatement,1.0,1.75,24,0.012201055884361267
With start-of-list reinstatement,1.0,1.75,25,0.01346595212817192
With start-of-list reinstatement,1.0,1.75,26,0.012927308678627014
With start-of-list reinstatement,1.0,1.75,27,0.013790017925202847
With start-of-list reinstatement,1.0,1.75,28,0.009747414849698544
With start-of-list reinstatement,1.0,1.75,29,0.009400338865816593
With start-of-list reinstatement,1.0,1.75,30,0.006619698368012905
With start-of-list reinstatement,1.0,1.75,31,0.006822463124990463
With start-of-list reinstatement,1.0,1.75,32,0.0051279193721711636
With start-of-list reinstatement,1.0,1.75,33,0.001504681189544499
With start-of-list reinstatement,1.0,1.75,34,0.0011703076306730509
With start-of-list reinstatement,1.0,1.75,35,0.0007245165179483593
With start-of-list reinstatement,1.0,1.75,36,0.00027864467119798064
With start-of-list reinstatement,1.0,1.75,37,0.00022291573986876756
With start-of-list reinstatement,1.0,1.75,38,0.00011145786993438378
With start-of-list reinstatement,1.0,1.75,39,5.572893496719189e-05
With start-of-list reinstatement,1.0,1.75,40,0.0
With start-of-list reinstatement,1.0,1.75,41,0.00011145786993438378
With start-of-list reinstatement,1.0,1.75,42,5.572893496719189e-05
With start-of-list reinstatement,1.0,1.75,43,0.0
With start-of-list reinstatement,1.0,1.75,44,0.0
With start-of-list reinstatement,1.0,1.75,45,5.573825183091685e-05
With start-of-list reinstatement,1.0,1.75,46,0.0
With start-of-list reinstatement,1.0,1.75,47,5.5763117416063324e-05
With start-of-list reinstatement,1.0,1.75,48,0.0
With start-of-list reinstatement,1.0,1.75,49,0.0
With start-of-list reinstatement,1.0,1.75,50,0.0
With start-of-list reinstatement,1.0,1.75,51,0.0
With start-of-list reinstatement,1.0,1.75,52,0.0
With start-of-list reinstatement,1.0,1.75,53,0.0
With start-of-list reinstatement,1.0,1.75,54,0.0
With start-of-list reinstatement,1.0,1.75,55,0.0
With start-of-list reinstatement,1.0,1.75,56,0.0
With start-of-list reinstatement,1.0,1.75,57,0.00021593608835246414
With start-of-list reinstatement,1.0,1.75,58,0.00015975716814864427
With start-of-list reinstatement,1.0,1.75,59,0.0
With start-of-list reinstatement,1.0,1.75,60,0.0003310527536086738
With start-of-list reinstatement,1.0,1.75,61,0.0005598320276476443
With start-of-list reinstatement,1.0,1.75,62,0.0015813402133062482
With start-of-list reinstatement,1.0,1.75,63,0.002148997038602829
With start-of-list reinstatement,1.0,2.0,-63,0.009225091896951199
With start-of-list reinstatement,1.0,2.0,-62,0.002808988792821765
With start-of-list reinstatement,1.0,2.0,-61,0.0025923524517565966
With start-of-list reinstatement,1.0,2.0,-60,0.0015189873520284891
With start-of-list reinstatement,1.0,2.0,-59,0.0008499787654727697
With start-of-list reinstatement,1.0,2.0,-58,0.0
With start-of-list reinstatement,1.0,2.0,-57,0.0
With start-of-list reinstatement,1.0,2.0,-56,0.0
With start-of-list reinstatement,1.0,2.0,-55,0.0
With start-of-list reinstatement,1.0,2.0,-54,0.0
With start-of-list reinstatement,1.0,2.0,-53,0.0
With start-of-list reinstatement,1.0,2.0,-52,0.0
With start-of-list reinstatement,1.0,2.0,-51,0.0
With start-of-list reinstatement,1.0,2.0,-50,0.0
With start-of-list reinstatement,1.0,2.0,-49,0.0
With start-of-list reinstatement,1.0,2.0,-48,0.0
With start-of-list reinstatement,1.0,2.0,-47,0.0
With start-of-list reinstatement,1.0,2.0,-46,0.0
With start-of-list reinstatement,1.0,2.0,-45,0.0
With start-of-list reinstatement,1.0,2.0,-44,0.0
With start-of-list reinstatement,1.0,2.0,-43,0.0
With start-of-list reinstatement,1.0,2.0,-42,0.0
With start-of-list reinstatement,1.0,2.0,-41,0.0
With start-of-list reinstatement,1.0,2.0,-40,0.0
With start-of-list reinstatement,1.0,2.0,-39,0.0
With start-of-list reinstatement,1.0,2.0,-38,0.0
With start-of-list reinstatement,1.0,2.0,-37,0.0
With start-of-list reinstatement,1.0,2.0,-36,0.0
With start-of-list reinstatement,1.0,2.0,-35,0.0
With start-of-list reinstatement,1.0,2.0,-34,0.0
With start-of-list reinstatement,1.0,2.0,-33,0.00024286581901833415
With start-of-list reinstatement,1.0,2.0,-32,0.00010836584260687232
With start-of-list reinstatement,1.0,2.0,-31,0.0
With start-of-list reinstatement,1.0,2.0,-30,0.00029732409166172147
With start-of-list reinstatement,1.0,2.0,-29,0.0002870263997465372
With start-of-list reinstatement,1.0,2.0,-28,0.00018501387967262417
With start-of-list reinstatement,1.0,2.0,-27,0.00017830079013947397
With start-of-list reinstatement,1.0,2.0,-26,0.000345423148246482
With start-of-list reinstatement,1.0,2.0,-25,0.0
With start-of-list reinstatement,1.0,2.0,-24,0.0006456819828599691
With start-of-list reinstatement,1.0,2.0,-23,0.0003919416922144592
With start-of-list reinstatement,1.0,2.0,-22,0.0003085943462792784
With start-of-list reinstatement,1.0,2.0,-21,0.0006844106246717274
With start-of-list reinstatement,1.0,2.0,-20,0.0005271084373816848
With start-of-list reinstatement,1.0,2.0,-19,0.0005244231433607638
With start-of-list reinstatement,1.0,2.0,-18,0.0005967922625131905
With start-of-list reinstatement,1.0,2.0,-17,0.0010415116557851434
With start-of-list reinstatement,1.0,2.0,-16,0.0020060925744473934
With start-of-list reinstatement,1.0,2.0,-15,0.001858183415606618
With start-of-list reinstatement,1.0,2.0,-14,0.0025233784690499306
With start-of-list reinstatement,1.0,2.0,-13,0.002889102790504694
With start-of-list reinstatement,1.0,2.0,-12,0.002514421008527279
With start-of-list reinstatement,1.0,2.0,-11,0.0031594415195286274
With start-of-list reinstatement,1.0,2.0,-10,0.0029148145113140345
With start-of-list reinstatement,1.0,2.0,-9,0.0032378758769482374
With start-of-list reinstatement,1.0,2.0,-8,0.00374108855612576
With start-of-list reinstatement,1.0,2.0,-7,0.006284530274569988
With start-of-list reinstatement,1.0,2.0,-6,0.010054967366158962
With start-of-list reinstatement,1.0,2.0,-5,0.020237401127815247
With start-of-list reinstatement,1.0,2.0,-4,0.032089926302433014
With start-of-list reinstatement,1.0,2.0,-3,0.058346640318632126
With start-of-list reinstatement,1.0,2.0,-2,0.09797631949186325
With start-of-list reinstatement,1.0,2.0,-1,0.14919443428516388
With start-of-list reinstatement,1.0,2.0,0,nan
With start-of-list reinstatement,1.0,2.0,1,0.35644012689590454
With start-of-list reinstatement,1.0,2.0,2,0.19696658849716187
With start-of-list reinstatement,1.0,2.0,3,0.11036992073059082
With start-of-list reinstatement,1.0,2.0,4,0.058976929634809494
With start-of-list reinstatement,1.0,2.0,5,0.03429410234093666
With start-of-list reinstatement,1.0,2.0,6,0.018636226654052734
With start-of-list reinstatement,1.0,2.0,7,0.01140444166958332
With start-of-list reinstatement,1.0,2.0,8,0.00584639934822917
With start-of-list reinstatement,1.0,2.0,9,0.0034223818220198154
With start-of-list reinstatement,1.0,2.0,10,0.002494512125849724
With start-of-list reinstatement,1.0,2.0,11,0.0009662157390266657
With start-of-list reinstatement,1.0,2.0,12,0.0007680491544306278
With start-of-list reinstatement,1.0,2.0,13,0.00030123506439849734
With start-of-list reinstatement,1.0,2.0,14,6.710733578074723e-05
With start-of-list reinstatement,1.0,2.0,15,3.363492578500882e-05
With start-of-list reinstatement,1.0,2.0,16,0.0
With start-of-list reinstatement,1.0,2.0,17,0.0006084781489335
With start-of-list reinstatement,1.0,2.0,18,0.0018308188300579786
With start-of-list reinstatement,1.0,2.0,19,0.002789305290207267
With start-of-list reinstatement,1.0,2.0,20,0.00392732722684741
With start-of-list reinstatement,1.0,2.0,21,0.006314561236649752
With start-of-list reinstatement,1.0,2.0,22,0.00821114331483841
With start-of-list reinstatement,1.0,2.0,23,0.010815886780619621
With start-of-list reinstatement,1.0,2.0,24,0.014313849620521069
With start-of-list reinstatement,1.0,2.0,25,0.013998500071465969
With start-of-list reinstatement,1.0,2.0,26,0.013665682636201382
With start-of-list reinstatement,1.0,2.0,27,0.011153529398143291
With start-of-list reinstatement,1.0,2.0,28,0.00883857998996973
With start-of-list reinstatement,1.0,2.0,29,0.006704591680318117
With start-of-list reinstatement,1.0,2.0,30,0.00635165860876441
With start-of-list reinstatement,1.0,2.0,31,0.0038592300843447447
With start-of-list reinstatement,1.0,2.0,32,0.002655310556292534
With start-of-list reinstatement,1.0,2.0,33,0.0011523623252287507
With start-of-list reinstatement,1.0,2.0,34,0.0007514653843827546
With start-of-list reinstatement,1.0,2.0,35,0.00030060121207498014
With start-of-list reinstatement,1.0,2.0,36,5.009768938180059e-05
With start-of-list reinstatement,1.0,2.0,37,0.0
With start-of-list reinstatement,1.0,2.0,38,5.009768938180059e-05
With start-of-list reinstatement,1.0,2.0,39,0.0
With start-of-list reinstatement,1.0,2.0,40,0.0
With start-of-list reinstatement,1.0,2.0,41,5.009768938180059e-05
With start-of-list reinstatement,1.0,2.0,42,0.0
With start-of-list reinstatement,1.0,2.0,43,0.0
With start-of-list reinstatement,1.0,2.0,44,0.0
With start-of-list reinstatement,1.0,2.0,45,0.0
With start-of-list reinstatement,1.0,2.0,46,0.0
With start-of-list reinstatement,1.0,2.0,47,0.0
With start-of-list reinstatement,1.0,2.0,48,0.0
With start-of-list reinstatement,1.0,2.0,49,0.0
With start-of-list reinstatement,1.0,2.0,50,0.0
With start-of-list reinstatement,1.0,2.0,51,0.0
With start-of-list reinstatement,1.0,2.0,52,0.0
With start-of-list reinstatement,1.0,2.0,53,0.0
With start-of-list reinstatement,1.0,2.0,54,0.0
With start-of-list reinstatement,1.0,2.0,55,0.0
With start-of-list reinstatement,1.0,2.0,56,0.0
With start-of-list reinstatement,1.0,2.0,57,0.0
With start-of-list reinstatement,1.0,2.0,58,0.0
With start-of-list reinstatement,1.0,2.0,59,8.043111301958561e-05
With start-of-list reinstatement,1.0,2.0,60,0.00019256692030467093
With start-of-list reinstatement,1.0,2.0,61,0.0003660322108771652
With start-of-list reinstatement,1.0,2.0,62,0.0005168849020265043
With start-of-list reinstatement,1.0,2.0,63,0.0012449424248188734
