package_index,retrieval_control_package,goal_group,within_group_label,film_goal_included,start_reinstatement_included,target_monitoring_included,start_drift_scale,film_item_support_boost,rejected_recall_drift_scale,endpoint,endpoint_short,reminder_condition,task_condition,task_mcf_scale,film_cue_reinstatement,cue_interval,first_cue_after,experiment_count,position,phase,recall_probability
1,No deliberate control,Film-category cue absent,None,False,False,False,0.0,0.0,1.0,No reminder + weak task encoding,Low endpoint,No reminder,Weak task encoding,1.0,0.9,4,0,5000,1,film,0.08259999752044678
1,No deliberate control,Film-category cue absent,None,False,False,False,0.0,0.0,1.0,No reminder + weak task encoding,Low endpoint,No reminder,Weak task encoding,1.0,0.9,4,0,5000,2,film,0.10300000011920929
1,No deliberate control,Film-category cue absent,None,False,False,False,0.0,0.0,1.0,No reminder + weak task encoding,Low endpoint,No reminder,Weak task encoding,1.0,0.9,4,0,5000,3,film,0.12860000133514404
1,No deliberate control,Film-category cue absent,None,False,False,False,0.0,0.0,1.0,No reminder + weak task encoding,Low endpoint,No reminder,Weak task encoding,1.0,0.9,4,0,5000,4,film,0.1597999930381775
1,No deliberate control,Film-category cue absent,None,False,False,False,0.0,0.0,1.0,No reminder + weak task encoding,Low endpoint,No reminder,Weak task encoding,1.0,0.9,4,0,5000,5,film,0.17640000581741333
1,No deliberate control,Film-category cue absent,None,False,False,False,0.0,0.0,1.0,No reminder + weak task encoding,Low endpoint,No reminder,Weak task encoding,1.0,0.9,4,0,5000,6,film,0.18520000576972961
1,No deliberate control,Film-category cue absent,None,False,False,False,0.0,0.0,1.0,No reminder + weak task encoding,Low endpoint,No reminder,Weak task encoding,1.0,0.9,4,0,5000,7,film,0.2176000028848648
1,No deliberate control,Film-category cue absent,None,False,False,False,0.0,0.0,1.0,No reminder + weak task encoding,Low endpoint,No reminder,Weak task encoding,1.0,0.9,4,0,5000,8,film,0.2337999939918518
1,No deliberate control,Film-category cue absent,None,False,False,False,0.0,0.0,1.0,No reminder + weak task encoding,Low endpoint,No reminder,Weak task encoding,1.0,0.9,4,0,5000,9,film,0.23579999804496765
1,No deliberate control,Film-category cue absent,None,False,False,False,0.0,0.0,1.0,No reminder + weak task encoding,Low endpoint,No reminder,Weak task encoding,1.0,0.9,4,0,5000,10,film,0.2451999932527542
1,No deliberate control,Film-category cue absent,None,False,False,False,0.0,0.0,1.0,No reminder + weak task encoding,Low endpoint,No reminder,Weak task encoding,1.0,0.9,4,0,5000,11,film,0.24799999594688416
1,No deliberate control,Film-category cue absent,None,False,False,False,0.0,0.0,1.0,No reminder + weak task encoding,Low endpoint,No reminder,Weak task encoding,1.0,0.9,4,0,5000,12,film,0.2526000142097473
1,No deliberate control,Film-category cue absent,None,False,False,False,0.0,0.0,1.0,No reminder + weak task encoding,Low endpoint,No reminder,Weak task encoding,1.0,0.9,4,0,5000,13,film,0.2581999897956848
1,No deliberate control,Film-category cue absent,None,False,False,False,0.0,0.0,1.0,No reminder + weak task encoding,Low endpoint,No reminder,Weak task encoding,1.0,0.9,4,0,5000,14,film,0.2556000053882599
1,No deliberate control,Film-category cue absent,None,False,False,False,0.0,0.0,1.0,No reminder + weak task encoding,Low endpoint,No reminder,Weak task encoding,1.0,0.9,4,0,5000,15,film,0.23880000412464142
1,No deliberate control,Film-category cue absent,None,False,False,False,0.0,0.0,1.0,No reminder + weak task encoding,Low endpoint,No reminder,Weak task encoding,1.0,0.9,4,0,5000,16,film,0.23839999735355377
1,No deliberate control,Film-category cue absent,None,False,False,False,0.0,0.0,1.0,No reminder + weak task encoding,Low endpoint,No reminder,Weak task encoding,1.0,0.9,4,0,5000,17,break,0.13680000603199005
1,No deliberate control,Film-category cue absent,None,False,False,False,0.0,0.0,1.0,No reminder + weak task encoding,Low endpoint,No reminder,Weak task encoding,1.0,0.9,4,0,5000,18,break,0.11559999734163284
1,No deliberate control,Film-category cue absent,None,False,False,False,0.0,0.0,1.0,No reminder + weak task encoding,Low endpoint,No reminder,Weak task encoding,1.0,0.9,4,0,5000,19,break,0.09459999948740005
1,No deliberate control,Film-category cue absent,None,False,False,False,0.0,0.0,1.0,No reminder + weak task encoding,Low endpoint,No reminder,Weak task encoding,1.0,0.9,4,0,5000,20,break,0.08340000361204147
1,No deliberate control,Film-category cue absent,None,False,False,False,0.0,0.0,1.0,No reminder + weak task encoding,Low endpoint,No reminder,Weak task encoding,1.0,0.9,4,0,5000,21,break,0.06319999694824219
1,No deliberate control,Film-category cue absent,None,False,False,False,0.0,0.0,1.0,No reminder + weak task encoding,Low endpoint,No reminder,Weak task encoding,1.0,0.9,4,0,5000,22,break,0.05620000138878822
1,No deliberate control,Film-category cue absent,None,False,False,False,0.0,0.0,1.0,No reminder + weak task encoding,Low endpoint,No reminder,Weak task encoding,1.0,0.9,4,0,5000,23,break,0.044599998742341995
1,No deliberate control,Film-category cue absent,None,False,False,False,0.0,0.0,1.0,No reminder + weak task encoding,Low endpoint,No reminder,Weak task encoding,1.0,0.9,4,0,5000,24,break,0.03480000048875809
1,No deliberate control,Film-category cue absent,None,False,False,False,0.0,0.0,1.0,No reminder + weak task encoding,Low endpoint,No reminder,Weak task encoding,1.0,0.9,4,0,5000,25,break,0.029600000008940697
1,No deliberate control,Film-category cue absent,None,False,False,False,0.0,0.0,1.0,No reminder + weak task encoding,Low endpoint,No reminder,Weak task encoding,1.0,0.9,4,0,5000,26,break,0.02280000038444996
1,No deliberate control,Film-category cue absent,None,False,False,False,0.0,0.0,1.0,No reminder + weak task encoding,Low endpoint,No reminder,Weak task encoding,1.0,0.9,4,0,5000,27,break,0.021199999377131462
1,No deliberate control,Film-category cue absent,None,False,False,False,0.0,0.0,1.0,No reminder + weak task encoding,Low endpoint,No reminder,Weak task encoding,1.0,0.9,4,0,5000,28,break,0.016599999740719795
1,No deliberate control,Film-category cue absent,None,False,False,False,0.0,0.0,1.0,No reminder + weak task encoding,Low endpoint,No reminder,Weak task encoding,1.0,0.9,4,0,5000,29,break,0.015599999576807022
1,No deliberate control,Film-category cue absent,None,False,False,False,0.0,0.0,1.0,No reminder + weak task encoding,Low endpoint,No reminder,Weak task encoding,1.0,0.9,4,0,5000,30,break,0.010999999940395355
1,No deliberate control,Film-category cue absent,None,False,False,False,0.0,0.0,1.0,No reminder + weak task encoding,Low endpoint,No reminder,Weak task encoding,1.0,0.9,4,0,5000,31,break,0.011599999852478504
1,No deliberate control,Film-category cue absent,None,False,False,False,0.0,0.0,1.0,No reminder + weak task encoding,Low endpoint,No reminder,Weak task encoding,1.0,0.9,4,0,5000,32,break,0.007199999876320362
1,No deliberate control,Film-category cue absent,None,False,False,False,0.0,0.0,1.0,No reminder + weak task encoding,Low endpoint,No reminder,Weak task encoding,1.0,0.9,4,0,5000,33,task,0.00800000037997961
1,No deliberate control,Film-category cue absent,None,False,False,False,0.0,0.0,1.0,No reminder + weak task encoding,Low endpoint,No reminder,Weak task encoding,1.0,0.9,4,0,5000,34,task,0.007799999788403511
1,No deliberate control,Film-category cue absent,None,False,False,False,0.0,0.0,1.0,No reminder + weak task encoding,Low endpoint,No reminder,Weak task encoding,1.0,0.9,4,0,5000,35,task,0.006399999838322401
1,No deliberate control,Film-category cue absent,None,False,False,False,0.0,0.0,1.0,No reminder + weak task encoding,Low endpoint,No reminder,Weak task encoding,1.0,0.9,4,0,5000,36,task,0.005799999926239252
1,No deliberate control,Film-category cue absent,None,False,False,False,0.0,0.0,1.0,No reminder + weak task encoding,Low endpoint,No reminder,Weak task encoding,1.0,0.9,4,0,5000,37,task,0.00559999980032444
1,No deliberate control,Film-category cue absent,None,False,False,False,0.0,0.0,1.0,No reminder + weak task encoding,Low endpoint,No reminder,Weak task encoding,1.0,0.9,4,0,5000,38,task,0.005200000014156103
1,No deliberate control,Film-category cue absent,None,False,False,False,0.0,0.0,1.0,No reminder + weak task encoding,Low endpoint,No reminder,Weak task encoding,1.0,0.9,4,0,5000,39,task,0.004000000189989805
1,No deliberate control,Film-category cue absent,None,False,False,False,0.0,0.0,1.0,No reminder + weak task encoding,Low endpoint,No reminder,Weak task encoding,1.0,0.9,4,0,5000,40,task,0.007400000002235174
1,No deliberate control,Film-category cue absent,None,False,False,False,0.0,0.0,1.0,No reminder + weak task encoding,Low endpoint,No reminder,Weak task encoding,1.0,0.9,4,0,5000,41,task,0.004600000102072954
1,No deliberate control,Film-category cue absent,None,False,False,False,0.0,0.0,1.0,No reminder + weak task encoding,Low endpoint,No reminder,Weak task encoding,1.0,0.9,4,0,5000,42,task,0.006800000090152025
1,No deliberate control,Film-category cue absent,None,False,False,False,0.0,0.0,1.0,No reminder + weak task encoding,Low endpoint,No reminder,Weak task encoding,1.0,0.9,4,0,5000,43,task,0.006200000178068876
1,No deliberate control,Film-category cue absent,None,False,False,False,0.0,0.0,1.0,No reminder + weak task encoding,Low endpoint,No reminder,Weak task encoding,1.0,0.9,4,0,5000,44,task,0.013799999840557575
1,No deliberate control,Film-category cue absent,None,False,False,False,0.0,0.0,1.0,No reminder + weak task encoding,Low endpoint,No reminder,Weak task encoding,1.0,0.9,4,0,5000,45,task,0.009999999776482582
1,No deliberate control,Film-category cue absent,None,False,False,False,0.0,0.0,1.0,No reminder + weak task encoding,Low endpoint,No reminder,Weak task encoding,1.0,0.9,4,0,5000,46,task,0.015399999916553497
1,No deliberate control,Film-category cue absent,None,False,False,False,0.0,0.0,1.0,No reminder + weak task encoding,Low endpoint,No reminder,Weak task encoding,1.0,0.9,4,0,5000,47,task,0.015599999576807022
1,No deliberate control,Film-category cue absent,None,False,False,False,0.0,0.0,1.0,No reminder + weak task encoding,Low endpoint,No reminder,Weak task encoding,1.0,0.9,4,0,5000,48,task,0.020600000396370888
1,No deliberate control,Film-category cue absent,None,False,False,False,0.0,0.0,1.0,No reminder + weak task encoding,Low endpoint,No reminder,Weak task encoding,1.0,0.9,4,0,5000,49,filler,0.03359999880194664
1,No deliberate control,Film-category cue absent,None,False,False,False,0.0,0.0,1.0,No reminder + weak task encoding,Low endpoint,No reminder,Weak task encoding,1.0,0.9,4,0,5000,50,filler,0.033399999141693115
1,No deliberate control,Film-category cue absent,None,False,False,False,0.0,0.0,1.0,No reminder + weak task encoding,Low endpoint,No reminder,Weak task encoding,1.0,0.9,4,0,5000,51,filler,0.05040000006556511
1,No deliberate control,Film-category cue absent,None,False,False,False,0.0,0.0,1.0,No reminder + weak task encoding,Low endpoint,No reminder,Weak task encoding,1.0,0.9,4,0,5000,52,filler,0.05820000171661377
1,No deliberate control,Film-category cue absent,None,False,False,False,0.0,0.0,1.0,No reminder + weak task encoding,Low endpoint,No reminder,Weak task encoding,1.0,0.9,4,0,5000,53,filler,0.07259999960660934
1,No deliberate control,Film-category cue absent,None,False,False,False,0.0,0.0,1.0,No reminder + weak task encoding,Low endpoint,No reminder,Weak task encoding,1.0,0.9,4,0,5000,54,filler,0.09640000015497208
1,No deliberate control,Film-category cue absent,None,False,False,False,0.0,0.0,1.0,No reminder + weak task encoding,Low endpoint,No reminder,Weak task encoding,1.0,0.9,4,0,5000,55,filler,0.12839999794960022
1,No deliberate control,Film-category cue absent,None,False,False,False,0.0,0.0,1.0,No reminder + weak task encoding,Low endpoint,No reminder,Weak task encoding,1.0,0.9,4,0,5000,56,filler,0.15600000321865082
1,No deliberate control,Film-category cue absent,None,False,False,False,0.0,0.0,1.0,No reminder + weak task encoding,Low endpoint,No reminder,Weak task encoding,1.0,0.9,4,0,5000,57,filler,0.1979999989271164
1,No deliberate control,Film-category cue absent,None,False,False,False,0.0,0.0,1.0,No reminder + weak task encoding,Low endpoint,No reminder,Weak task encoding,1.0,0.9,4,0,5000,58,filler,0.22920000553131104
1,No deliberate control,Film-category cue absent,None,False,False,False,0.0,0.0,1.0,No reminder + weak task encoding,Low endpoint,No reminder,Weak task encoding,1.0,0.9,4,0,5000,59,filler,0.2671999931335449
1,No deliberate control,Film-category cue absent,None,False,False,False,0.0,0.0,1.0,No reminder + weak task encoding,Low endpoint,No reminder,Weak task encoding,1.0,0.9,4,0,5000,60,filler,0.31679999828338623
1,No deliberate control,Film-category cue absent,None,False,False,False,0.0,0.0,1.0,No reminder + weak task encoding,Low endpoint,No reminder,Weak task encoding,1.0,0.9,4,0,5000,61,filler,0.3734000027179718
1,No deliberate control,Film-category cue absent,None,False,False,False,0.0,0.0,1.0,No reminder + weak task encoding,Low endpoint,No reminder,Weak task encoding,1.0,0.9,4,0,5000,62,filler,0.4300000071525574
1,No deliberate control,Film-category cue absent,None,False,False,False,0.0,0.0,1.0,No reminder + weak task encoding,Low endpoint,No reminder,Weak task encoding,1.0,0.9,4,0,5000,63,filler,0.48159998655319214
1,No deliberate control,Film-category cue absent,None,False,False,False,0.0,0.0,1.0,No reminder + weak task encoding,Low endpoint,No reminder,Weak task encoding,1.0,0.9,4,0,5000,64,filler,0.5166000127792358
1,No deliberate control,Film-category cue absent,None,False,False,False,0.0,0.0,1.0,Film reminder + strong task encoding,High endpoint,With reminder,Strong task encoding,2.0,0.9,4,0,5000,1,film,0.0272000003606081
1,No deliberate control,Film-category cue absent,None,False,False,False,0.0,0.0,1.0,Film reminder + strong task encoding,High endpoint,With reminder,Strong task encoding,2.0,0.9,4,0,5000,2,film,0.03060000017285347
1,No deliberate control,Film-category cue absent,None,False,False,False,0.0,0.0,1.0,Film reminder + strong task encoding,High endpoint,With reminder,Strong task encoding,2.0,0.9,4,0,5000,3,film,0.03480000048875809
1,No deliberate control,Film-category cue absent,None,False,False,False,0.0,0.0,1.0,Film reminder + strong task encoding,High endpoint,With reminder,Strong task encoding,2.0,0.9,4,0,5000,4,film,0.04259999841451645
1,No deliberate control,Film-category cue absent,None,False,False,False,0.0,0.0,1.0,Film reminder + strong task encoding,High endpoint,With reminder,Strong task encoding,2.0,0.9,4,0,5000,5,film,0.04859999939799309
1,No deliberate control,Film-category cue absent,None,False,False,False,0.0,0.0,1.0,Film reminder + strong task encoding,High endpoint,With reminder,Strong task encoding,2.0,0.9,4,0,5000,6,film,0.05339999869465828
1,No deliberate control,Film-category cue absent,None,False,False,False,0.0,0.0,1.0,Film reminder + strong task encoding,High endpoint,With reminder,Strong task encoding,2.0,0.9,4,0,5000,7,film,0.05299999937415123
1,No deliberate control,Film-category cue absent,None,False,False,False,0.0,0.0,1.0,Film reminder + strong task encoding,High endpoint,With reminder,Strong task encoding,2.0,0.9,4,0,5000,8,film,0.06159999966621399
1,No deliberate control,Film-category cue absent,None,False,False,False,0.0,0.0,1.0,Film reminder + strong task encoding,High endpoint,With reminder,Strong task encoding,2.0,0.9,4,0,5000,9,film,0.0551999993622303
1,No deliberate control,Film-category cue absent,None,False,False,False,0.0,0.0,1.0,Film reminder + strong task encoding,High endpoint,With reminder,Strong task encoding,2.0,0.9,4,0,5000,10,film,0.054999999701976776
1,No deliberate control,Film-category cue absent,None,False,False,False,0.0,0.0,1.0,Film reminder + strong task encoding,High endpoint,With reminder,Strong task encoding,2.0,0.9,4,0,5000,11,film,0.06040000170469284
1,No deliberate control,Film-category cue absent,None,False,False,False,0.0,0.0,1.0,Film reminder + strong task encoding,High endpoint,With reminder,Strong task encoding,2.0,0.9,4,0,5000,12,film,0.05180000141263008
1,No deliberate control,Film-category cue absent,None,False,False,False,0.0,0.0,1.0,Film reminder + strong task encoding,High endpoint,With reminder,Strong task encoding,2.0,0.9,4,0,5000,13,film,0.05119999870657921
1,No deliberate control,Film-category cue absent,None,False,False,False,0.0,0.0,1.0,Film reminder + strong task encoding,High endpoint,With reminder,Strong task encoding,2.0,0.9,4,0,5000,14,film,0.05260000005364418
1,No deliberate control,Film-category cue absent,None,False,False,False,0.0,0.0,1.0,Film reminder + strong task encoding,High endpoint,With reminder,Strong task encoding,2.0,0.9,4,0,5000,15,film,0.04619999974966049
1,No deliberate control,Film-category cue absent,None,False,False,False,0.0,0.0,1.0,Film reminder + strong task encoding,High endpoint,With reminder,Strong task encoding,2.0,0.9,4,0,5000,16,film,0.05119999870657921
1,No deliberate control,Film-category cue absent,None,False,False,False,0.0,0.0,1.0,Film reminder + strong task encoding,High endpoint,With reminder,Strong task encoding,2.0,0.9,4,0,5000,17,break,0.02280000038444996
1,No deliberate control,Film-category cue absent,None,False,False,False,0.0,0.0,1.0,Film reminder + strong task encoding,High endpoint,With reminder,Strong task encoding,2.0,0.9,4,0,5000,18,break,0.01759999990463257
1,No deliberate control,Film-category cue absent,None,False,False,False,0.0,0.0,1.0,Film reminder + strong task encoding,High endpoint,With reminder,Strong task encoding,2.0,0.9,4,0,5000,19,break,0.014000000432133675
1,No deliberate control,Film-category cue absent,None,False,False,False,0.0,0.0,1.0,Film reminder + strong task encoding,High endpoint,With reminder,Strong task encoding,2.0,0.9,4,0,5000,20,break,0.009600000455975533
1,No deliberate control,Film-category cue absent,None,False,False,False,0.0,0.0,1.0,Film reminder + strong task encoding,High endpoint,With reminder,Strong task encoding,2.0,0.9,4,0,5000,21,break,0.01140000019222498
1,No deliberate control,Film-category cue absent,None,False,False,False,0.0,0.0,1.0,Film reminder + strong task encoding,High endpoint,With reminder,Strong task encoding,2.0,0.9,4,0,5000,22,break,0.006000000052154064
1,No deliberate control,Film-category cue absent,None,False,False,False,0.0,0.0,1.0,Film reminder + strong task encoding,High endpoint,With reminder,Strong task encoding,2.0,0.9,4,0,5000,23,break,0.004399999976158142
1,No deliberate control,Film-category cue absent,None,False,False,False,0.0,0.0,1.0,Film reminder + strong task encoding,High endpoint,With reminder,Strong task encoding,2.0,0.9,4,0,5000,24,break,0.00419999985024333
1,No deliberate control,Film-category cue absent,None,False,False,False,0.0,0.0,1.0,Film reminder + strong task encoding,High endpoint,With reminder,Strong task encoding,2.0,0.9,4,0,5000,25,break,0.002199999988079071
1,No deliberate control,Film-category cue absent,None,False,False,False,0.0,0.0,1.0,Film reminder + strong task encoding,High endpoint,With reminder,Strong task encoding,2.0,0.9,4,0,5000,26,break,0.0020000000949949026
1,No deliberate control,Film-category cue absent,None,False,False,False,0.0,0.0,1.0,Film reminder + strong task encoding,High endpoint,With reminder,Strong task encoding,2.0,0.9,4,0,5000,27,break,0.002199999988079071
1,No deliberate control,Film-category cue absent,None,False,False,False,0.0,0.0,1.0,Film reminder + strong task encoding,High endpoint,With reminder,Strong task encoding,2.0,0.9,4,0,5000,28,break,0.00019999999494757503
1,No deliberate control,Film-category cue absent,None,False,False,False,0.0,0.0,1.0,Film reminder + strong task encoding,High endpoint,With reminder,Strong task encoding,2.0,0.9,4,0,5000,29,break,0.00019999999494757503
1,No deliberate control,Film-category cue absent,None,False,False,False,0.0,0.0,1.0,Film reminder + strong task encoding,High endpoint,With reminder,Strong task encoding,2.0,0.9,4,0,5000,30,break,0.0015999999595806003
1,No deliberate control,Film-category cue absent,None,False,False,False,0.0,0.0,1.0,Film reminder + strong task encoding,High endpoint,With reminder,Strong task encoding,2.0,0.9,4,0,5000,31,break,0.0015999999595806003
1,No deliberate control,Film-category cue absent,None,False,False,False,0.0,0.0,1.0,Film reminder + strong task encoding,High endpoint,With reminder,Strong task encoding,2.0,0.9,4,0,5000,32,break,0.0006000000284984708
1,No deliberate control,Film-category cue absent,None,False,False,False,0.0,0.0,1.0,Film reminder + strong task encoding,High endpoint,With reminder,Strong task encoding,2.0,0.9,4,0,5000,33,task,0.3492000102996826
1,No deliberate control,Film-category cue absent,None,False,False,False,0.0,0.0,1.0,Film reminder + strong task encoding,High endpoint,With reminder,Strong task encoding,2.0,0.9,4,0,5000,34,task,0.3659999966621399
1,No deliberate control,Film-category cue absent,None,False,False,False,0.0,0.0,1.0,Film reminder + strong task encoding,High endpoint,With reminder,Strong task encoding,2.0,0.9,4,0,5000,35,task,0.3637999892234802
1,No deliberate control,Film-category cue absent,None,False,False,False,0.0,0.0,1.0,Film reminder + strong task encoding,High endpoint,With reminder,Strong task encoding,2.0,0.9,4,0,5000,36,task,0.36340001225471497
1,No deliberate control,Film-category cue absent,None,False,False,False,0.0,0.0,1.0,Film reminder + strong task encoding,High endpoint,With reminder,Strong task encoding,2.0,0.9,4,0,5000,37,task,0.362199991941452
1,No deliberate control,Film-category cue absent,None,False,False,False,0.0,0.0,1.0,Film reminder + strong task encoding,High endpoint,With reminder,Strong task encoding,2.0,0.9,4,0,5000,38,task,0.34940001368522644
1,No deliberate control,Film-category cue absent,None,False,False,False,0.0,0.0,1.0,Film reminder + strong task encoding,High endpoint,With reminder,Strong task encoding,2.0,0.9,4,0,5000,39,task,0.3547999858856201
1,No deliberate control,Film-category cue absent,None,False,False,False,0.0,0.0,1.0,Film reminder + strong task encoding,High endpoint,With reminder,Strong task encoding,2.0,0.9,4,0,5000,40,task,0.33739998936653137
1,No deliberate control,Film-category cue absent,None,False,False,False,0.0,0.0,1.0,Film reminder + strong task encoding,High endpoint,With reminder,Strong task encoding,2.0,0.9,4,0,5000,41,task,0.3357999920845032
1,No deliberate control,Film-category cue absent,None,False,False,False,0.0,0.0,1.0,Film reminder + strong task encoding,High endpoint,With reminder,Strong task encoding,2.0,0.9,4,0,5000,42,task,0.3296000063419342
1,No deliberate control,Film-category cue absent,None,False,False,False,0.0,0.0,1.0,Film reminder + strong task encoding,High endpoint,With reminder,Strong task encoding,2.0,0.9,4,0,5000,43,task,0.3325999975204468
1,No deliberate control,Film-category cue absent,None,False,False,False,0.0,0.0,1.0,Film reminder + strong task encoding,High endpoint,With reminder,Strong task encoding,2.0,0.9,4,0,5000,44,task,0.311599999666214
1,No deliberate control,Film-category cue absent,None,False,False,False,0.0,0.0,1.0,Film reminder + strong task encoding,High endpoint,With reminder,Strong task encoding,2.0,0.9,4,0,5000,45,task,0.30320000648498535
1,No deliberate control,Film-category cue absent,None,False,False,False,0.0,0.0,1.0,Film reminder + strong task encoding,High endpoint,With reminder,Strong task encoding,2.0,0.9,4,0,5000,46,task,0.29820001125335693
1,No deliberate control,Film-category cue absent,None,False,False,False,0.0,0.0,1.0,Film reminder + strong task encoding,High endpoint,With reminder,Strong task encoding,2.0,0.9,4,0,5000,47,task,0.2888000011444092
1,No deliberate control,Film-category cue absent,None,False,False,False,0.0,0.0,1.0,Film reminder + strong task encoding,High endpoint,With reminder,Strong task encoding,2.0,0.9,4,0,5000,48,task,0.27559998631477356
1,No deliberate control,Film-category cue absent,None,False,False,False,0.0,0.0,1.0,Film reminder + strong task encoding,High endpoint,With reminder,Strong task encoding,2.0,0.9,4,0,5000,49,filler,0.03420000150799751
1,No deliberate control,Film-category cue absent,None,False,False,False,0.0,0.0,1.0,Film reminder + strong task encoding,High endpoint,With reminder,Strong task encoding,2.0,0.9,4,0,5000,50,filler,0.03060000017285347
1,No deliberate control,Film-category cue absent,None,False,False,False,0.0,0.0,1.0,Film reminder + strong task encoding,High endpoint,With reminder,Strong task encoding,2.0,0.9,4,0,5000,51,filler,0.026799999177455902
1,No deliberate control,Film-category cue absent,None,False,False,False,0.0,0.0,1.0,Film reminder + strong task encoding,High endpoint,With reminder,Strong task encoding,2.0,0.9,4,0,5000,52,filler,0.02759999968111515
1,No deliberate control,Film-category cue absent,None,False,False,False,0.0,0.0,1.0,Film reminder + strong task encoding,High endpoint,With reminder,Strong task encoding,2.0,0.9,4,0,5000,53,filler,0.02979999966919422
1,No deliberate control,Film-category cue absent,None,False,False,False,0.0,0.0,1.0,Film reminder + strong task encoding,High endpoint,With reminder,Strong task encoding,2.0,0.9,4,0,5000,54,filler,0.029999999329447746
1,No deliberate control,Film-category cue absent,None,False,False,False,0.0,0.0,1.0,Film reminder + strong task encoding,High endpoint,With reminder,Strong task encoding,2.0,0.9,4,0,5000,55,filler,0.03519999980926514
1,No deliberate control,Film-category cue absent,None,False,False,False,0.0,0.0,1.0,Film reminder + strong task encoding,High endpoint,With reminder,Strong task encoding,2.0,0.9,4,0,5000,56,filler,0.04659999907016754
1,No deliberate control,Film-category cue absent,None,False,False,False,0.0,0.0,1.0,Film reminder + strong task encoding,High endpoint,With reminder,Strong task encoding,2.0,0.9,4,0,5000,57,filler,0.06279999762773514
1,No deliberate control,Film-category cue absent,None,False,False,False,0.0,0.0,1.0,Film reminder + strong task encoding,High endpoint,With reminder,Strong task encoding,2.0,0.9,4,0,5000,58,filler,0.07500000298023224
1,No deliberate control,Film-category cue absent,None,False,False,False,0.0,0.0,1.0,Film reminder + strong task encoding,High endpoint,With reminder,Strong task encoding,2.0,0.9,4,0,5000,59,filler,0.09139999747276306
1,No deliberate control,Film-category cue absent,None,False,False,False,0.0,0.0,1.0,Film reminder + strong task encoding,High endpoint,With reminder,Strong task encoding,2.0,0.9,4,0,5000,60,filler,0.11840000003576279
1,No deliberate control,Film-category cue absent,None,False,False,False,0.0,0.0,1.0,Film reminder + strong task encoding,High endpoint,With reminder,Strong task encoding,2.0,0.9,4,0,5000,61,filler,0.15000000596046448
1,No deliberate control,Film-category cue absent,None,False,False,False,0.0,0.0,1.0,Film reminder + strong task encoding,High endpoint,With reminder,Strong task encoding,2.0,0.9,4,0,5000,62,filler,0.17579999566078186
1,No deliberate control,Film-category cue absent,None,False,False,False,0.0,0.0,1.0,Film reminder + strong task encoding,High endpoint,With reminder,Strong task encoding,2.0,0.9,4,0,5000,63,filler,0.21439999341964722
1,No deliberate control,Film-category cue absent,None,False,False,False,0.0,0.0,1.0,Film reminder + strong task encoding,High endpoint,With reminder,Strong task encoding,2.0,0.9,4,0,5000,64,filler,0.25220000743865967
2,retrieval monitoring,Film-category cue absent,"Retrieval
monitoring",False,False,True,0.0,0.0,0.0,No reminder + weak task encoding,Low endpoint,No reminder,Weak task encoding,1.0,0.9,4,0,5000,1,film,0.12559999525547028
2,retrieval monitoring,Film-category cue absent,"Retrieval
monitoring",False,False,True,0.0,0.0,0.0,No reminder + weak task encoding,Low endpoint,No reminder,Weak task encoding,1.0,0.9,4,0,5000,2,film,0.1687999963760376
2,retrieval monitoring,Film-category cue absent,"Retrieval
monitoring",False,False,True,0.0,0.0,0.0,No reminder + weak task encoding,Low endpoint,No reminder,Weak task encoding,1.0,0.9,4,0,5000,3,film,0.21400000154972076
2,retrieval monitoring,Film-category cue absent,"Retrieval
monitoring",False,False,True,0.0,0.0,0.0,No reminder + weak task encoding,Low endpoint,No reminder,Weak task encoding,1.0,0.9,4,0,5000,4,film,0.23440000414848328
2,retrieval monitoring,Film-category cue absent,"Retrieval
monitoring",False,False,True,0.0,0.0,0.0,No reminder + weak task encoding,Low endpoint,No reminder,Weak task encoding,1.0,0.9,4,0,5000,5,film,0.28119999170303345
2,retrieval monitoring,Film-category cue absent,"Retrieval
monitoring",False,False,True,0.0,0.0,0.0,No reminder + weak task encoding,Low endpoint,No reminder,Weak task encoding,1.0,0.9,4,0,5000,6,film,0.3176000118255615
2,retrieval monitoring,Film-category cue absent,"Retrieval
monitoring",False,False,True,0.0,0.0,0.0,No reminder + weak task encoding,Low endpoint,No reminder,Weak task encoding,1.0,0.9,4,0,5000,7,film,0.334199994802475
2,retrieval monitoring,Film-category cue absent,"Retrieval
monitoring",False,False,True,0.0,0.0,0.0,No reminder + weak task encoding,Low endpoint,No reminder,Weak task encoding,1.0,0.9,4,0,5000,8,film,0.37119999527931213
2,retrieval monitoring,Film-category cue absent,"Retrieval
monitoring",False,False,True,0.0,0.0,0.0,No reminder + weak task encoding,Low endpoint,No reminder,Weak task encoding,1.0,0.9,4,0,5000,9,film,0.3962000012397766
2,retrieval monitoring,Film-category cue absent,"Retrieval
monitoring",False,False,True,0.0,0.0,0.0,No reminder + weak task encoding,Low endpoint,No reminder,Weak task encoding,1.0,0.9,4,0,5000,10,film,0.4050000011920929
2,retrieval monitoring,Film-category cue absent,"Retrieval
monitoring",False,False,True,0.0,0.0,0.0,No reminder + weak task encoding,Low endpoint,No reminder,Weak task encoding,1.0,0.9,4,0,5000,11,film,0.42239999771118164
2,retrieval monitoring,Film-category cue absent,"Retrieval
monitoring",False,False,True,0.0,0.0,0.0,No reminder + weak task encoding,Low endpoint,No reminder,Weak task encoding,1.0,0.9,4,0,5000,12,film,0.4212000072002411
2,retrieval monitoring,Film-category cue absent,"Retrieval
monitoring",False,False,True,0.0,0.0,0.0,No reminder + weak task encoding,Low endpoint,No reminder,Weak task encoding,1.0,0.9,4,0,5000,13,film,0.4131999909877777
2,retrieval monitoring,Film-category cue absent,"Retrieval
monitoring",False,False,True,0.0,0.0,0.0,No reminder + weak task encoding,Low endpoint,No reminder,Weak task encoding,1.0,0.9,4,0,5000,14,film,0.43140000104904175
2,retrieval monitoring,Film-category cue absent,"Retrieval
monitoring",False,False,True,0.0,0.0,0.0,No reminder + weak task encoding,Low endpoint,No reminder,Weak task encoding,1.0,0.9,4,0,5000,15,film,0.4009999930858612
2,retrieval monitoring,Film-category cue absent,"Retrieval
monitoring",False,False,True,0.0,0.0,0.0,No reminder + weak task encoding,Low endpoint,No reminder,Weak task encoding,1.0,0.9,4,0,5000,16,film,0.38339999318122864
2,retrieval monitoring,Film-category cue absent,"Retrieval
monitoring",False,False,True,0.0,0.0,0.0,No reminder + weak task encoding,Low endpoint,No reminder,Weak task encoding,1.0,0.9,4,0,5000,17,break,0.20739999413490295
2,retrieval monitoring,Film-category cue absent,"Retrieval
monitoring",False,False,True,0.0,0.0,0.0,No reminder + weak task encoding,Low endpoint,No reminder,Weak task encoding,1.0,0.9,4,0,5000,18,break,0.147599995136261
2,retrieval monitoring,Film-category cue absent,"Retrieval
monitoring",False,False,True,0.0,0.0,0.0,No reminder + weak task encoding,Low endpoint,No reminder,Weak task encoding,1.0,0.9,4,0,5000,19,break,0.09040000289678574
2,retrieval monitoring,Film-category cue absent,"Retrieval
monitoring",False,False,True,0.0,0.0,0.0,No reminder + weak task encoding,Low endpoint,No reminder,Weak task encoding,1.0,0.9,4,0,5000,20,break,0.06459999829530716
2,retrieval monitoring,Film-category cue absent,"Retrieval
monitoring",False,False,True,0.0,0.0,0.0,No reminder + weak task encoding,Low endpoint,No reminder,Weak task encoding,1.0,0.9,4,0,5000,21,break,0.041999999433755875
2,retrieval monitoring,Film-category cue absent,"Retrieval
monitoring",False,False,True,0.0,0.0,0.0,No reminder + weak task encoding,Low endpoint,No reminder,Weak task encoding,1.0,0.9,4,0,5000,22,break,0.029400000348687172
2,retrieval monitoring,Film-category cue absent,"Retrieval
monitoring",False,False,True,0.0,0.0,0.0,No reminder + weak task encoding,Low endpoint,No reminder,Weak task encoding,1.0,0.9,4,0,5000,23,break,0.02319999970495701
2,retrieval monitoring,Film-category cue absent,"Retrieval
monitoring",False,False,True,0.0,0.0,0.0,No reminder + weak task encoding,Low endpoint,No reminder,Weak task encoding,1.0,0.9,4,0,5000,24,break,0.01600000075995922
2,retrieval monitoring,Film-category cue absent,"Retrieval
monitoring",False,False,True,0.0,0.0,0.0,No reminder + weak task encoding,Low endpoint,No reminder,Weak task encoding,1.0,0.9,4,0,5000,25,break,0.012400000356137753
2,retrieval monitoring,Film-category cue absent,"Retrieval
monitoring",False,False,True,0.0,0.0,0.0,No reminder + weak task encoding,Low endpoint,No reminder,Weak task encoding,1.0,0.9,4,0,5000,26,break,0.008200000040233135
2,retrieval monitoring,Film-category cue absent,"Retrieval
monitoring",False,False,True,0.0,0.0,0.0,No reminder + weak task encoding,Low endpoint,No reminder,Weak task encoding,1.0,0.9,4,0,5000,27,break,0.006200000178068876
2,retrieval monitoring,Film-category cue absent,"Retrieval
monitoring",False,False,True,0.0,0.0,0.0,No reminder + weak task encoding,Low endpoint,No reminder,Weak task encoding,1.0,0.9,4,0,5000,28,break,0.004000000189989805
2,retrieval monitoring,Film-category cue absent,"Retrieval
monitoring",False,False,True,0.0,0.0,0.0,No reminder + weak task encoding,Low endpoint,No reminder,Weak task encoding,1.0,0.9,4,0,5000,29,break,0.0026000000070780516
2,retrieval monitoring,Film-category cue absent,"Retrieval
monitoring",False,False,True,0.0,0.0,0.0,No reminder + weak task encoding,Low endpoint,No reminder,Weak task encoding,1.0,0.9,4,0,5000,30,break,0.0015999999595806003
2,retrieval monitoring,Film-category cue absent,"Retrieval
monitoring",False,False,True,0.0,0.0,0.0,No reminder + weak task encoding,Low endpoint,No reminder,Weak task encoding,1.0,0.9,4,0,5000,31,break,0.0015999999595806003
2,retrieval monitoring,Film-category cue absent,"Retrieval
monitoring",False,False,True,0.0,0.0,0.0,No reminder + weak task encoding,Low endpoint,No reminder,Weak task encoding,1.0,0.9,4,0,5000,32,break,0.0015999999595806003
2,retrieval monitoring,Film-category cue absent,"Retrieval
monitoring",False,False,True,0.0,0.0,0.0,No reminder + weak task encoding,Low endpoint,No reminder,Weak task encoding,1.0,0.9,4,0,5000,33,task,0.0007999999797903001
2,retrieval monitoring,Film-category cue absent,"Retrieval
monitoring",False,False,True,0.0,0.0,0.0,No reminder + weak task encoding,Low endpoint,No reminder,Weak task encoding,1.0,0.9,4,0,5000,34,task,0.0007999999797903001
2,retrieval monitoring,Film-category cue absent,"Retrieval
monitoring",False,False,True,0.0,0.0,0.0,No reminder + weak task encoding,Low endpoint,No reminder,Weak task encoding,1.0,0.9,4,0,5000,35,task,0.0010000000474974513
2,retrieval monitoring,Film-category cue absent,"Retrieval
monitoring",False,False,True,0.0,0.0,0.0,No reminder + weak task encoding,Low endpoint,No reminder,Weak task encoding,1.0,0.9,4,0,5000,36,task,0.00039999998989515007
2,retrieval monitoring,Film-category cue absent,"Retrieval
monitoring",False,False,True,0.0,0.0,0.0,No reminder + weak task encoding,Low endpoint,No reminder,Weak task encoding,1.0,0.9,4,0,5000,37,task,0.00039999998989515007
2,retrieval monitoring,Film-category cue absent,"Retrieval
monitoring",False,False,True,0.0,0.0,0.0,No reminder + weak task encoding,Low endpoint,No reminder,Weak task encoding,1.0,0.9,4,0,5000,38,task,0.0006000000284984708
2,retrieval monitoring,Film-category cue absent,"Retrieval
monitoring",False,False,True,0.0,0.0,0.0,No reminder + weak task encoding,Low endpoint,No reminder,Weak task encoding,1.0,0.9,4,0,5000,39,task,0.0006000000284984708
2,retrieval monitoring,Film-category cue absent,"Retrieval
monitoring",False,False,True,0.0,0.0,0.0,No reminder + weak task encoding,Low endpoint,No reminder,Weak task encoding,1.0,0.9,4,0,5000,40,task,0.00139999995008111
2,retrieval monitoring,Film-category cue absent,"Retrieval
monitoring",False,False,True,0.0,0.0,0.0,No reminder + weak task encoding,Low endpoint,No reminder,Weak task encoding,1.0,0.9,4,0,5000,41,task,0.0015999999595806003
2,retrieval monitoring,Film-category cue absent,"Retrieval
monitoring",False,False,True,0.0,0.0,0.0,No reminder + weak task encoding,Low endpoint,No reminder,Weak task encoding,1.0,0.9,4,0,5000,42,task,0.0006000000284984708
2,retrieval monitoring,Film-category cue absent,"Retrieval
monitoring",False,False,True,0.0,0.0,0.0,No reminder + weak task encoding,Low endpoint,No reminder,Weak task encoding,1.0,0.9,4,0,5000,43,task,0.0015999999595806003
2,retrieval monitoring,Film-category cue absent,"Retrieval
monitoring",False,False,True,0.0,0.0,0.0,No reminder + weak task encoding,Low endpoint,No reminder,Weak task encoding,1.0,0.9,4,0,5000,44,task,0.0010000000474974513
2,retrieval monitoring,Film-category cue absent,"Retrieval
monitoring",False,False,True,0.0,0.0,0.0,No reminder + weak task encoding,Low endpoint,No reminder,Weak task encoding,1.0,0.9,4,0,5000,45,task,0.0020000000949949026
2,retrieval monitoring,Film-category cue absent,"Retrieval
monitoring",False,False,True,0.0,0.0,0.0,No reminder + weak task encoding,Low endpoint,No reminder,Weak task encoding,1.0,0.9,4,0,5000,46,task,0.002199999988079071
2,retrieval monitoring,Film-category cue absent,"Retrieval
monitoring",False,False,True,0.0,0.0,0.0,No reminder + weak task encoding,Low endpoint,No reminder,Weak task encoding,1.0,0.9,4,0,5000,47,task,0.00419999985024333
2,retrieval monitoring,Film-category cue absent,"Retrieval
monitoring",False,False,True,0.0,0.0,0.0,No reminder + weak task encoding,Low endpoint,No reminder,Weak task encoding,1.0,0.9,4,0,5000,48,task,0.0034000000450760126
2,retrieval monitoring,Film-category cue absent,"Retrieval
monitoring",False,False,True,0.0,0.0,0.0,No reminder + weak task encoding,Low endpoint,No reminder,Weak task encoding,1.0,0.9,4,0,5000,49,filler,0.005400000140070915
2,retrieval monitoring,Film-category cue absent,"Retrieval
monitoring",False,False,True,0.0,0.0,0.0,No reminder + weak task encoding,Low endpoint,No reminder,Weak task encoding,1.0,0.9,4,0,5000,50,filler,0.006000000052154064
2,retrieval monitoring,Film-category cue absent,"Retrieval
monitoring",False,False,True,0.0,0.0,0.0,No reminder + weak task encoding,Low endpoint,No reminder,Weak task encoding,1.0,0.9,4,0,5000,51,filler,0.00800000037997961
2,retrieval monitoring,Film-category cue absent,"Retrieval
monitoring",False,False,True,0.0,0.0,0.0,No reminder + weak task encoding,Low endpoint,No reminder,Weak task encoding,1.0,0.9,4,0,5000,52,filler,0.008200000040233135
2,retrieval monitoring,Film-category cue absent,"Retrieval
monitoring",False,False,True,0.0,0.0,0.0,No reminder + weak task encoding,Low endpoint,No reminder,Weak task encoding,1.0,0.9,4,0,5000,53,filler,0.012000000104308128
2,retrieval monitoring,Film-category cue absent,"Retrieval
monitoring",False,False,True,0.0,0.0,0.0,No reminder + weak task encoding,Low endpoint,No reminder,Weak task encoding,1.0,0.9,4,0,5000,54,filler,0.015799999237060547
2,retrieval monitoring,Film-category cue absent,"Retrieval
monitoring",False,False,True,0.0,0.0,0.0,No reminder + weak task encoding,Low endpoint,No reminder,Weak task encoding,1.0,0.9,4,0,5000,55,filler,0.025800000876188278
2,retrieval monitoring,Film-category cue absent,"Retrieval
monitoring",False,False,True,0.0,0.0,0.0,No reminder + weak task encoding,Low endpoint,No reminder,Weak task encoding,1.0,0.9,4,0,5000,56,filler,0.03440000116825104
2,retrieval monitoring,Film-category cue absent,"Retrieval
monitoring",False,False,True,0.0,0.0,0.0,No reminder + weak task encoding,Low endpoint,No reminder,Weak task encoding,1.0,0.9,4,0,5000,57,filler,0.052400000393390656
2,retrieval monitoring,Film-category cue absent,"Retrieval
monitoring",False,False,True,0.0,0.0,0.0,No reminder + weak task encoding,Low endpoint,No reminder,Weak task encoding,1.0,0.9,4,0,5000,58,filler,0.06499999761581421
2,retrieval monitoring,Film-category cue absent,"Retrieval
monitoring",False,False,True,0.0,0.0,0.0,No reminder + weak task encoding,Low endpoint,No reminder,Weak task encoding,1.0,0.9,4,0,5000,59,filler,0.09099999815225601
2,retrieval monitoring,Film-category cue absent,"Retrieval
monitoring",False,False,True,0.0,0.0,0.0,No reminder + weak task encoding,Low endpoint,No reminder,Weak task encoding,1.0,0.9,4,0,5000,60,filler,0.13379999995231628
2,retrieval monitoring,Film-category cue absent,"Retrieval
monitoring",False,False,True,0.0,0.0,0.0,No reminder + weak task encoding,Low endpoint,No reminder,Weak task encoding,1.0,0.9,4,0,5000,61,filler,0.18019999563694
2,retrieval monitoring,Film-category cue absent,"Retrieval
monitoring",False,False,True,0.0,0.0,0.0,No reminder + weak task encoding,Low endpoint,No reminder,Weak task encoding,1.0,0.9,4,0,5000,62,filler,0.2540000081062317
2,retrieval monitoring,Film-category cue absent,"Retrieval
monitoring",False,False,True,0.0,0.0,0.0,No reminder + weak task encoding,Low endpoint,No reminder,Weak task encoding,1.0,0.9,4,0,5000,63,filler,0.3246000111103058
2,retrieval monitoring,Film-category cue absent,"Retrieval
monitoring",False,False,True,0.0,0.0,0.0,No reminder + weak task encoding,Low endpoint,No reminder,Weak task encoding,1.0,0.9,4,0,5000,64,filler,0.41940000653266907
2,retrieval monitoring,Film-category cue absent,"Retrieval
monitoring",False,False,True,0.0,0.0,0.0,Film reminder + strong task encoding,High endpoint,With reminder,Strong task encoding,2.0,0.9,4,0,5000,1,film,0.09260000288486481
2,retrieval monitoring,Film-category cue absent,"Retrieval
monitoring",False,False,True,0.0,0.0,0.0,Film reminder + strong task encoding,High endpoint,With reminder,Strong task encoding,2.0,0.9,4,0,5000,2,film,0.11299999803304672
2,retrieval monitoring,Film-category cue absent,"Retrieval
monitoring",False,False,True,0.0,0.0,0.0,Film reminder + strong task encoding,High endpoint,With reminder,Strong task encoding,2.0,0.9,4,0,5000,3,film,0.13539999723434448
2,retrieval monitoring,Film-category cue absent,"Retrieval
monitoring",False,False,True,0.0,0.0,0.0,Film reminder + strong task encoding,High endpoint,With reminder,Strong task encoding,2.0,0.9,4,0,5000,4,film,0.16699999570846558
2,retrieval monitoring,Film-category cue absent,"Retrieval
monitoring",False,False,True,0.0,0.0,0.0,Film reminder + strong task encoding,High endpoint,With reminder,Strong task encoding,2.0,0.9,4,0,5000,5,film,0.17219999432563782
2,retrieval monitoring,Film-category cue absent,"Retrieval
monitoring",False,False,True,0.0,0.0,0.0,Film reminder + strong task encoding,High endpoint,With reminder,Strong task encoding,2.0,0.9,4,0,5000,6,film,0.1817999929189682
2,retrieval monitoring,Film-category cue absent,"Retrieval
monitoring",False,False,True,0.0,0.0,0.0,Film reminder + strong task encoding,High endpoint,With reminder,Strong task encoding,2.0,0.9,4,0,5000,7,film,0.20739999413490295
2,retrieval monitoring,Film-category cue absent,"Retrieval
monitoring",False,False,True,0.0,0.0,0.0,Film reminder + strong task encoding,High endpoint,With reminder,Strong task encoding,2.0,0.9,4,0,5000,8,film,0.22360000014305115
2,retrieval monitoring,Film-category cue absent,"Retrieval
monitoring",False,False,True,0.0,0.0,0.0,Film reminder + strong task encoding,High endpoint,With reminder,Strong task encoding,2.0,0.9,4,0,5000,9,film,0.2248000055551529
2,retrieval monitoring,Film-category cue absent,"Retrieval
monitoring",False,False,True,0.0,0.0,0.0,Film reminder + strong task encoding,High endpoint,With reminder,Strong task encoding,2.0,0.9,4,0,5000,10,film,0.2409999966621399
2,retrieval monitoring,Film-category cue absent,"Retrieval
monitoring",False,False,True,0.0,0.0,0.0,Film reminder + strong task encoding,High endpoint,With reminder,Strong task encoding,2.0,0.9,4,0,5000,11,film,0.23499999940395355
2,retrieval monitoring,Film-category cue absent,"Retrieval
monitoring",False,False,True,0.0,0.0,0.0,Film reminder + strong task encoding,High endpoint,With reminder,Strong task encoding,2.0,0.9,4,0,5000,12,film,0.2425999939441681
2,retrieval monitoring,Film-category cue absent,"Retrieval
monitoring",False,False,True,0.0,0.0,0.0,Film reminder + strong task encoding,High endpoint,With reminder,Strong task encoding,2.0,0.9,4,0,5000,13,film,0.2282000035047531
2,retrieval monitoring,Film-category cue absent,"Retrieval
monitoring",False,False,True,0.0,0.0,0.0,Film reminder + strong task encoding,High endpoint,With reminder,Strong task encoding,2.0,0.9,4,0,5000,14,film,0.2134000062942505
2,retrieval monitoring,Film-category cue absent,"Retrieval
monitoring",False,False,True,0.0,0.0,0.0,Film reminder + strong task encoding,High endpoint,With reminder,Strong task encoding,2.0,0.9,4,0,5000,15,film,0.1923999935388565
2,retrieval monitoring,Film-category cue absent,"Retrieval
monitoring",False,False,True,0.0,0.0,0.0,Film reminder + strong task encoding,High endpoint,With reminder,Strong task encoding,2.0,0.9,4,0,5000,16,film,0.17720000445842743
2,retrieval monitoring,Film-category cue absent,"Retrieval
monitoring",False,False,True,0.0,0.0,0.0,Film reminder + strong task encoding,High endpoint,With reminder,Strong task encoding,2.0,0.9,4,0,5000,17,break,0.08100000023841858
2,retrieval monitoring,Film-category cue absent,"Retrieval
monitoring",False,False,True,0.0,0.0,0.0,Film reminder + strong task encoding,High endpoint,With reminder,Strong task encoding,2.0,0.9,4,0,5000,18,break,0.04619999974966049
2,retrieval monitoring,Film-category cue absent,"Retrieval
monitoring",False,False,True,0.0,0.0,0.0,Film reminder + strong task encoding,High endpoint,With reminder,Strong task encoding,2.0,0.9,4,0,5000,19,break,0.03280000016093254
2,retrieval monitoring,Film-category cue absent,"Retrieval
monitoring",False,False,True,0.0,0.0,0.0,Film reminder + strong task encoding,High endpoint,With reminder,Strong task encoding,2.0,0.9,4,0,5000,20,break,0.022600000724196434
2,retrieval monitoring,Film-category cue absent,"Retrieval
monitoring",False,False,True,0.0,0.0,0.0,Film reminder + strong task encoding,High endpoint,With reminder,Strong task encoding,2.0,0.9,4,0,5000,21,break,0.016599999740719795
2,retrieval monitoring,Film-category cue absent,"Retrieval
monitoring",False,False,True,0.0,0.0,0.0,Film reminder + strong task encoding,High endpoint,With reminder,Strong task encoding,2.0,0.9,4,0,5000,22,break,0.013000000268220901
2,retrieval monitoring,Film-category cue absent,"Retrieval
monitoring",False,False,True,0.0,0.0,0.0,Film reminder + strong task encoding,High endpoint,With reminder,Strong task encoding,2.0,0.9,4,0,5000,23,break,0.007799999788403511
2,retrieval monitoring,Film-category cue absent,"Retrieval
monitoring",False,False,True,0.0,0.0,0.0,Film reminder + strong task encoding,High endpoint,With reminder,Strong task encoding,2.0,0.9,4,0,5000,24,break,0.004600000102072954
2,retrieval monitoring,Film-category cue absent,"Retrieval
monitoring",False,False,True,0.0,0.0,0.0,Film reminder + strong task encoding,High endpoint,With reminder,Strong task encoding,2.0,0.9,4,0,5000,25,break,0.0026000000070780516
2,retrieval monitoring,Film-category cue absent,"Retrieval
monitoring",False,False,True,0.0,0.0,0.0,Film reminder + strong task encoding,High endpoint,With reminder,Strong task encoding,2.0,0.9,4,0,5000,26,break,0.003000000026077032
2,retrieval monitoring,Film-category cue absent,"Retrieval
monitoring",False,False,True,0.0,0.0,0.0,Film reminder + strong task encoding,High endpoint,With reminder,Strong task encoding,2.0,0.9,4,0,5000,27,break,0.002400000113993883
2,retrieval monitoring,Film-category cue absent,"Retrieval
monitoring",False,False,True,0.0,0.0,0.0,Film reminder + strong task encoding,High endpoint,With reminder,Strong task encoding,2.0,0.9,4,0,5000,28,break,0.0007999999797903001
2,retrieval monitoring,Film-category cue absent,"Retrieval
monitoring",False,False,True,0.0,0.0,0.0,Film reminder + strong task encoding,High endpoint,With reminder,Strong task encoding,2.0,0.9,4,0,5000,29,break,0.0007999999797903001
2,retrieval monitoring,Film-category cue absent,"Retrieval
monitoring",False,False,True,0.0,0.0,0.0,Film reminder + strong task encoding,High endpoint,With reminder,Strong task encoding,2.0,0.9,4,0,5000,30,break,0.0006000000284984708
2,retrieval monitoring,Film-category cue absent,"Retrieval
monitoring",False,False,True,0.0,0.0,0.0,Film reminder + strong task encoding,High endpoint,With reminder,Strong task encoding,2.0,0.9,4,0,5000,31,break,0.0006000000284984708
2,retrieval monitoring,Film-category cue absent,"Retrieval
monitoring",False,False,True,0.0,0.0,0.0,Film reminder + strong task encoding,High endpoint,With reminder,Strong task encoding,2.0,0.9,4,0,5000,32,break,0.00039999998989515007
2,retrieval monitoring,Film-category cue absent,"Retrieval
monitoring",False,False,True,0.0,0.0,0.0,Film reminder + strong task encoding,High endpoint,With reminder,Strong task encoding,2.0,0.9,4,0,5000,33,task,0.626800000667572
2,retrieval monitoring,Film-category cue absent,"Retrieval
monitoring",False,False,True,0.0,0.0,0.0,Film reminder + strong task encoding,High endpoint,With reminder,Strong task encoding,2.0,0.9,4,0,5000,34,task,0.5238000154495239
2,retrieval monitoring,Film-category cue absent,"Retrieval
monitoring",False,False,True,0.0,0.0,0.0,Film reminder + strong task encoding,High endpoint,With reminder,Strong task encoding,2.0,0.9,4,0,5000,35,task,0.420199990272522
2,retrieval monitoring,Film-category cue absent,"Retrieval
monitoring",False,False,True,0.0,0.0,0.0,Film reminder + strong task encoding,High endpoint,With reminder,Strong task encoding,2.0,0.9,4,0,5000,36,task,0.33059999346733093
2,retrieval monitoring,Film-category cue absent,"Retrieval
monitoring",False,False,True,0.0,0.0,0.0,Film reminder + strong task encoding,High endpoint,With reminder,Strong task encoding,2.0,0.9,4,0,5000,37,task,0.24860000610351562
2,retrieval monitoring,Film-category cue absent,"Retrieval
monitoring",False,False,True,0.0,0.0,0.0,Film reminder + strong task encoding,High endpoint,With reminder,Strong task encoding,2.0,0.9,4,0,5000,38,task,0.19040000438690186
2,retrieval monitoring,Film-category cue absent,"Retrieval
monitoring",False,False,True,0.0,0.0,0.0,Film reminder + strong task encoding,High endpoint,With reminder,Strong task encoding,2.0,0.9,4,0,5000,39,task,0.14180000126361847
2,retrieval monitoring,Film-category cue absent,"Retrieval
monitoring",False,False,True,0.0,0.0,0.0,Film reminder + strong task encoding,High endpoint,With reminder,Strong task encoding,2.0,0.9,4,0,5000,40,task,0.11140000075101852
2,retrieval monitoring,Film-category cue absent,"Retrieval
monitoring",False,False,True,0.0,0.0,0.0,Film reminder + strong task encoding,High endpoint,With reminder,Strong task encoding,2.0,0.9,4,0,5000,41,task,0.08919999748468399
2,retrieval monitoring,Film-category cue absent,"Retrieval
monitoring",False,False,True,0.0,0.0,0.0,Film reminder + strong task encoding,High endpoint,With reminder,Strong task encoding,2.0,0.9,4,0,5000,42,task,0.07680000364780426
2,retrieval monitoring,Film-category cue absent,"Retrieval
monitoring",False,False,True,0.0,0.0,0.0,Film reminder + strong task encoding,High endpoint,With reminder,Strong task encoding,2.0,0.9,4,0,5000,43,task,0.0658000037074089
2,retrieval monitoring,Film-category cue absent,"Retrieval
monitoring",False,False,True,0.0,0.0,0.0,Film reminder + strong task encoding,High endpoint,With reminder,Strong task encoding,2.0,0.9,4,0,5000,44,task,0.05339999869465828
2,retrieval monitoring,Film-category cue absent,"Retrieval
monitoring",False,False,True,0.0,0.0,0.0,Film reminder + strong task encoding,High endpoint,With reminder,Strong task encoding,2.0,0.9,4,0,5000,45,task,0.051600001752376556
2,retrieval monitoring,Film-category cue absent,"Retrieval
monitoring",False,False,True,0.0,0.0,0.0,Film reminder + strong task encoding,High endpoint,With reminder,Strong task encoding,2.0,0.9,4,0,5000,46,task,0.04960000142455101
2,retrieval monitoring,Film-category cue absent,"Retrieval
monitoring",False,False,True,0.0,0.0,0.0,Film reminder + strong task encoding,High endpoint,With reminder,Strong task encoding,2.0,0.9,4,0,5000,47,task,0.052000001072883606
2,retrieval monitoring,Film-category cue absent,"Retrieval
monitoring",False,False,True,0.0,0.0,0.0,Film reminder + strong task encoding,High endpoint,With reminder,Strong task encoding,2.0,0.9,4,0,5000,48,task,0.05999999865889549
2,retrieval monitoring,Film-category cue absent,"Retrieval
monitoring",False,False,True,0.0,0.0,0.0,Film reminder + strong task encoding,High endpoint,With reminder,Strong task encoding,2.0,0.9,4,0,5000,49,filler,0.006800000090152025
2,retrieval monitoring,Film-category cue absent,"Retrieval
monitoring",False,False,True,0.0,0.0,0.0,Film reminder + strong task encoding,High endpoint,With reminder,Strong task encoding,2.0,0.9,4,0,5000,50,filler,0.006599999964237213
2,retrieval monitoring,Film-category cue absent,"Retrieval
monitoring",False,False,True,0.0,0.0,0.0,Film reminder + strong task encoding,High endpoint,With reminder,Strong task encoding,2.0,0.9,4,0,5000,51,filler,0.00839999970048666
2,retrieval monitoring,Film-category cue absent,"Retrieval
monitoring",False,False,True,0.0,0.0,0.0,Film reminder + strong task encoding,High endpoint,With reminder,Strong task encoding,2.0,0.9,4,0,5000,52,filler,0.008200000040233135
2,retrieval monitoring,Film-category cue absent,"Retrieval
monitoring",False,False,True,0.0,0.0,0.0,Film reminder + strong task encoding,High endpoint,With reminder,Strong task encoding,2.0,0.9,4,0,5000,53,filler,0.011599999852478504
2,retrieval monitoring,Film-category cue absent,"Retrieval
monitoring",False,False,True,0.0,0.0,0.0,Film reminder + strong task encoding,High endpoint,With reminder,Strong task encoding,2.0,0.9,4,0,5000,54,filler,0.013000000268220901
2,retrieval monitoring,Film-category cue absent,"Retrieval
monitoring",False,False,True,0.0,0.0,0.0,Film reminder + strong task encoding,High endpoint,With reminder,Strong task encoding,2.0,0.9,4,0,5000,55,filler,0.026399999856948853
2,retrieval monitoring,Film-category cue absent,"Retrieval
monitoring",False,False,True,0.0,0.0,0.0,Film reminder + strong task encoding,High endpoint,With reminder,Strong task encoding,2.0,0.9,4,0,5000,56,filler,0.02539999969303608
2,retrieval monitoring,Film-category cue absent,"Retrieval
monitoring",False,False,True,0.0,0.0,0.0,Film reminder + strong task encoding,High endpoint,With reminder,Strong task encoding,2.0,0.9,4,0,5000,57,filler,0.03799999877810478
2,retrieval monitoring,Film-category cue absent,"Retrieval
monitoring",False,False,True,0.0,0.0,0.0,Film reminder + strong task encoding,High endpoint,With reminder,Strong task encoding,2.0,0.9,4,0,5000,58,filler,0.046799998730421066
2,retrieval monitoring,Film-category cue absent,"Retrieval
monitoring",False,False,True,0.0,0.0,0.0,Film reminder + strong task encoding,High endpoint,With reminder,Strong task encoding,2.0,0.9,4,0,5000,59,filler,0.0674000009894371
2,retrieval monitoring,Film-category cue absent,"Retrieval
monitoring",False,False,True,0.0,0.0,0.0,Film reminder + strong task encoding,High endpoint,With reminder,Strong task encoding,2.0,0.9,4,0,5000,60,filler,0.10379999876022339
2,retrieval monitoring,Film-category cue absent,"Retrieval
monitoring",False,False,True,0.0,0.0,0.0,Film reminder + strong task encoding,High endpoint,With reminder,Strong task encoding,2.0,0.9,4,0,5000,61,filler,0.1387999951839447
2,retrieval monitoring,Film-category cue absent,"Retrieval
monitoring",False,False,True,0.0,0.0,0.0,Film reminder + strong task encoding,High endpoint,With reminder,Strong task encoding,2.0,0.9,4,0,5000,62,filler,0.18279999494552612
2,retrieval monitoring,Film-category cue absent,"Retrieval
monitoring",False,False,True,0.0,0.0,0.0,Film reminder + strong task encoding,High endpoint,With reminder,Strong task encoding,2.0,0.9,4,0,5000,63,filler,0.24580000340938568
2,retrieval monitoring,Film-category cue absent,"Retrieval
monitoring",False,False,True,0.0,0.0,0.0,Film reminder + strong task encoding,High endpoint,With reminder,Strong task encoding,2.0,0.9,4,0,5000,64,filler,0.33000001311302185
3,start-of-film reinstatement,Film-category cue absent,"Start-of-film
reinstatement",False,True,False,1.0,0.0,1.0,No reminder + weak task encoding,Low endpoint,No reminder,Weak task encoding,1.0,0.9,4,0,5000,1,film,0.321399986743927
3,start-of-film reinstatement,Film-category cue absent,"Start-of-film
reinstatement",False,True,False,1.0,0.0,1.0,No reminder + weak task encoding,Low endpoint,No reminder,Weak task encoding,1.0,0.9,4,0,5000,2,film,0.3100000023841858
3,start-of-film reinstatement,Film-category cue absent,"Start-of-film
reinstatement",False,True,False,1.0,0.0,1.0,No reminder + weak task encoding,Low endpoint,No reminder,Weak task encoding,1.0,0.9,4,0,5000,3,film,0.3441999852657318
3,start-of-film reinstatement,Film-category cue absent,"Start-of-film
reinstatement",False,True,False,1.0,0.0,1.0,No reminder + weak task encoding,Low endpoint,No reminder,Weak task encoding,1.0,0.9,4,0,5000,4,film,0.37059998512268066
3,start-of-film reinstatement,Film-category cue absent,"Start-of-film
reinstatement",False,True,False,1.0,0.0,1.0,No reminder + weak task encoding,Low endpoint,No reminder,Weak task encoding,1.0,0.9,4,0,5000,5,film,0.3944000005722046
3,start-of-film reinstatement,Film-category cue absent,"Start-of-film
reinstatement",False,True,False,1.0,0.0,1.0,No reminder + weak task encoding,Low endpoint,No reminder,Weak task encoding,1.0,0.9,4,0,5000,6,film,0.4050000011920929
3,start-of-film reinstatement,Film-category cue absent,"Start-of-film
reinstatement",False,True,False,1.0,0.0,1.0,No reminder + weak task encoding,Low endpoint,No reminder,Weak task encoding,1.0,0.9,4,0,5000,7,film,0.4113999903202057
3,start-of-film reinstatement,Film-category cue absent,"Start-of-film
reinstatement",False,True,False,1.0,0.0,1.0,No reminder + weak task encoding,Low endpoint,No reminder,Weak task encoding,1.0,0.9,4,0,5000,8,film,0.42820000648498535
3,start-of-film reinstatement,Film-category cue absent,"Start-of-film
reinstatement",False,True,False,1.0,0.0,1.0,No reminder + weak task encoding,Low endpoint,No reminder,Weak task encoding,1.0,0.9,4,0,5000,9,film,0.43880000710487366
3,start-of-film reinstatement,Film-category cue absent,"Start-of-film
reinstatement",False,True,False,1.0,0.0,1.0,No reminder + weak task encoding,Low endpoint,No reminder,Weak task encoding,1.0,0.9,4,0,5000,10,film,0.4352000057697296
3,start-of-film reinstatement,Film-category cue absent,"Start-of-film
reinstatement",False,True,False,1.0,0.0,1.0,No reminder + weak task encoding,Low endpoint,No reminder,Weak task encoding,1.0,0.9,4,0,5000,11,film,0.4269999861717224
3,start-of-film reinstatement,Film-category cue absent,"Start-of-film
reinstatement",False,True,False,1.0,0.0,1.0,No reminder + weak task encoding,Low endpoint,No reminder,Weak task encoding,1.0,0.9,4,0,5000,12,film,0.40860000252723694
3,start-of-film reinstatement,Film-category cue absent,"Start-of-film
reinstatement",False,True,False,1.0,0.0,1.0,No reminder + weak task encoding,Low endpoint,No reminder,Weak task encoding,1.0,0.9,4,0,5000,13,film,0.4147999882698059
3,start-of-film reinstatement,Film-category cue absent,"Start-of-film
reinstatement",False,True,False,1.0,0.0,1.0,No reminder + weak task encoding,Low endpoint,No reminder,Weak task encoding,1.0,0.9,4,0,5000,14,film,0.38679999113082886
3,start-of-film reinstatement,Film-category cue absent,"Start-of-film
reinstatement",False,True,False,1.0,0.0,1.0,No reminder + weak task encoding,Low endpoint,No reminder,Weak task encoding,1.0,0.9,4,0,5000,15,film,0.3752000033855438
3,start-of-film reinstatement,Film-category cue absent,"Start-of-film
reinstatement",False,True,False,1.0,0.0,1.0,No reminder + weak task encoding,Low endpoint,No reminder,Weak task encoding,1.0,0.9,4,0,5000,16,film,0.3441999852657318
3,start-of-film reinstatement,Film-category cue absent,"Start-of-film
reinstatement",False,True,False,1.0,0.0,1.0,No reminder + weak task encoding,Low endpoint,No reminder,Weak task encoding,1.0,0.9,4,0,5000,17,break,0.19380000233650208
3,start-of-film reinstatement,Film-category cue absent,"Start-of-film
reinstatement",False,True,False,1.0,0.0,1.0,No reminder + weak task encoding,Low endpoint,No reminder,Weak task encoding,1.0,0.9,4,0,5000,18,break,0.1526000052690506
3,start-of-film reinstatement,Film-category cue absent,"Start-of-film
reinstatement",False,True,False,1.0,0.0,1.0,No reminder + weak task encoding,Low endpoint,No reminder,Weak task encoding,1.0,0.9,4,0,5000,19,break,0.12720000743865967
3,start-of-film reinstatement,Film-category cue absent,"Start-of-film
reinstatement",False,True,False,1.0,0.0,1.0,No reminder + weak task encoding,Low endpoint,No reminder,Weak task encoding,1.0,0.9,4,0,5000,20,break,0.10660000145435333
3,start-of-film reinstatement,Film-category cue absent,"Start-of-film
reinstatement",False,True,False,1.0,0.0,1.0,No reminder + weak task encoding,Low endpoint,No reminder,Weak task encoding,1.0,0.9,4,0,5000,21,break,0.08079999685287476
3,start-of-film reinstatement,Film-category cue absent,"Start-of-film
reinstatement",False,True,False,1.0,0.0,1.0,No reminder + weak task encoding,Low endpoint,No reminder,Weak task encoding,1.0,0.9,4,0,5000,22,break,0.07180000096559525
3,start-of-film reinstatement,Film-category cue absent,"Start-of-film
reinstatement",False,True,False,1.0,0.0,1.0,No reminder + weak task encoding,Low endpoint,No reminder,Weak task encoding,1.0,0.9,4,0,5000,23,break,0.053599998354911804
3,start-of-film reinstatement,Film-category cue absent,"Start-of-film
reinstatement",False,True,False,1.0,0.0,1.0,No reminder + weak task encoding,Low endpoint,No reminder,Weak task encoding,1.0,0.9,4,0,5000,24,break,0.04019999876618385
3,start-of-film reinstatement,Film-category cue absent,"Start-of-film
reinstatement",False,True,False,1.0,0.0,1.0,No reminder + weak task encoding,Low endpoint,No reminder,Weak task encoding,1.0,0.9,4,0,5000,25,break,0.031599998474121094
3,start-of-film reinstatement,Film-category cue absent,"Start-of-film
reinstatement",False,True,False,1.0,0.0,1.0,No reminder + weak task encoding,Low endpoint,No reminder,Weak task encoding,1.0,0.9,4,0,5000,26,break,0.03240000084042549
3,start-of-film reinstatement,Film-category cue absent,"Start-of-film
reinstatement",False,True,False,1.0,0.0,1.0,No reminder + weak task encoding,Low endpoint,No reminder,Weak task encoding,1.0,0.9,4,0,5000,27,break,0.02239999920129776
3,start-of-film reinstatement,Film-category cue absent,"Start-of-film
reinstatement",False,True,False,1.0,0.0,1.0,No reminder + weak task encoding,Low endpoint,No reminder,Weak task encoding,1.0,0.9,4,0,5000,28,break,0.017799999564886093
3,start-of-film reinstatement,Film-category cue absent,"Start-of-film
reinstatement",False,True,False,1.0,0.0,1.0,No reminder + weak task encoding,Low endpoint,No reminder,Weak task encoding,1.0,0.9,4,0,5000,29,break,0.0142000000923872
3,start-of-film reinstatement,Film-category cue absent,"Start-of-film
reinstatement",False,True,False,1.0,0.0,1.0,No reminder + weak task encoding,Low endpoint,No reminder,Weak task encoding,1.0,0.9,4,0,5000,30,break,0.012000000104308128
3,start-of-film reinstatement,Film-category cue absent,"Start-of-film
reinstatement",False,True,False,1.0,0.0,1.0,No reminder + weak task encoding,Low endpoint,No reminder,Weak task encoding,1.0,0.9,4,0,5000,31,break,0.009399999864399433
3,start-of-film reinstatement,Film-category cue absent,"Start-of-film
reinstatement",False,True,False,1.0,0.0,1.0,No reminder + weak task encoding,Low endpoint,No reminder,Weak task encoding,1.0,0.9,4,0,5000,32,break,0.006000000052154064
3,start-of-film reinstatement,Film-category cue absent,"Start-of-film
reinstatement",False,True,False,1.0,0.0,1.0,No reminder + weak task encoding,Low endpoint,No reminder,Weak task encoding,1.0,0.9,4,0,5000,33,task,0.005200000014156103
3,start-of-film reinstatement,Film-category cue absent,"Start-of-film
reinstatement",False,True,False,1.0,0.0,1.0,No reminder + weak task encoding,Low endpoint,No reminder,Weak task encoding,1.0,0.9,4,0,5000,34,task,0.00559999980032444
3,start-of-film reinstatement,Film-category cue absent,"Start-of-film
reinstatement",False,True,False,1.0,0.0,1.0,No reminder + weak task encoding,Low endpoint,No reminder,Weak task encoding,1.0,0.9,4,0,5000,35,task,0.004600000102072954
3,start-of-film reinstatement,Film-category cue absent,"Start-of-film
reinstatement",False,True,False,1.0,0.0,1.0,No reminder + weak task encoding,Low endpoint,No reminder,Weak task encoding,1.0,0.9,4,0,5000,36,task,0.004800000227987766
3,start-of-film reinstatement,Film-category cue absent,"Start-of-film
reinstatement",False,True,False,1.0,0.0,1.0,No reminder + weak task encoding,Low endpoint,No reminder,Weak task encoding,1.0,0.9,4,0,5000,37,task,0.0015999999595806003
3,start-of-film reinstatement,Film-category cue absent,"Start-of-film
reinstatement",False,True,False,1.0,0.0,1.0,No reminder + weak task encoding,Low endpoint,No reminder,Weak task encoding,1.0,0.9,4,0,5000,38,task,0.0020000000949949026
3,start-of-film reinstatement,Film-category cue absent,"Start-of-film
reinstatement",False,True,False,1.0,0.0,1.0,No reminder + weak task encoding,Low endpoint,No reminder,Weak task encoding,1.0,0.9,4,0,5000,39,task,0.00039999998989515007
3,start-of-film reinstatement,Film-category cue absent,"Start-of-film
reinstatement",False,True,False,1.0,0.0,1.0,No reminder + weak task encoding,Low endpoint,No reminder,Weak task encoding,1.0,0.9,4,0,5000,40,task,0.0017999999690800905
3,start-of-film reinstatement,Film-category cue absent,"Start-of-film
reinstatement",False,True,False,1.0,0.0,1.0,No reminder + weak task encoding,Low endpoint,No reminder,Weak task encoding,1.0,0.9,4,0,5000,41,task,0.0012000000569969416
3,start-of-film reinstatement,Film-category cue absent,"Start-of-film
reinstatement",False,True,False,1.0,0.0,1.0,No reminder + weak task encoding,Low endpoint,No reminder,Weak task encoding,1.0,0.9,4,0,5000,42,task,0.0015999999595806003
3,start-of-film reinstatement,Film-category cue absent,"Start-of-film
reinstatement",False,True,False,1.0,0.0,1.0,No reminder + weak task encoding,Low endpoint,No reminder,Weak task encoding,1.0,0.9,4,0,5000,43,task,0.0017999999690800905
3,start-of-film reinstatement,Film-category cue absent,"Start-of-film
reinstatement",False,True,False,1.0,0.0,1.0,No reminder + weak task encoding,Low endpoint,No reminder,Weak task encoding,1.0,0.9,4,0,5000,44,task,0.002400000113993883
3,start-of-film reinstatement,Film-category cue absent,"Start-of-film
reinstatement",False,True,False,1.0,0.0,1.0,No reminder + weak task encoding,Low endpoint,No reminder,Weak task encoding,1.0,0.9,4,0,5000,45,task,0.00139999995008111
3,start-of-film reinstatement,Film-category cue absent,"Start-of-film
reinstatement",False,True,False,1.0,0.0,1.0,No reminder + weak task encoding,Low endpoint,No reminder,Weak task encoding,1.0,0.9,4,0,5000,46,task,0.0020000000949949026
3,start-of-film reinstatement,Film-category cue absent,"Start-of-film
reinstatement",False,True,False,1.0,0.0,1.0,No reminder + weak task encoding,Low endpoint,No reminder,Weak task encoding,1.0,0.9,4,0,5000,47,task,0.002199999988079071
3,start-of-film reinstatement,Film-category cue absent,"Start-of-film
reinstatement",False,True,False,1.0,0.0,1.0,No reminder + weak task encoding,Low endpoint,No reminder,Weak task encoding,1.0,0.9,4,0,5000,48,task,0.003000000026077032
3,start-of-film reinstatement,Film-category cue absent,"Start-of-film
reinstatement",False,True,False,1.0,0.0,1.0,No reminder + weak task encoding,Low endpoint,No reminder,Weak task encoding,1.0,0.9,4,0,5000,49,filler,0.002199999988079071
3,start-of-film reinstatement,Film-category cue absent,"Start-of-film
reinstatement",False,True,False,1.0,0.0,1.0,No reminder + weak task encoding,Low endpoint,No reminder,Weak task encoding,1.0,0.9,4,0,5000,50,filler,0.003800000064074993
3,start-of-film reinstatement,Film-category cue absent,"Start-of-film
reinstatement",False,True,False,1.0,0.0,1.0,No reminder + weak task encoding,Low endpoint,No reminder,Weak task encoding,1.0,0.9,4,0,5000,51,filler,0.004399999976158142
3,start-of-film reinstatement,Film-category cue absent,"Start-of-film
reinstatement",False,True,False,1.0,0.0,1.0,No reminder + weak task encoding,Low endpoint,No reminder,Weak task encoding,1.0,0.9,4,0,5000,52,filler,0.005400000140070915
3,start-of-film reinstatement,Film-category cue absent,"Start-of-film
reinstatement",False,True,False,1.0,0.0,1.0,No reminder + weak task encoding,Low endpoint,No reminder,Weak task encoding,1.0,0.9,4,0,5000,53,filler,0.008999999612569809
3,start-of-film reinstatement,Film-category cue absent,"Start-of-film
reinstatement",False,True,False,1.0,0.0,1.0,No reminder + weak task encoding,Low endpoint,No reminder,Weak task encoding,1.0,0.9,4,0,5000,54,filler,0.009399999864399433
3,start-of-film reinstatement,Film-category cue absent,"Start-of-film
reinstatement",False,True,False,1.0,0.0,1.0,No reminder + weak task encoding,Low endpoint,No reminder,Weak task encoding,1.0,0.9,4,0,5000,55,filler,0.01119999960064888
3,start-of-film reinstatement,Film-category cue absent,"Start-of-film
reinstatement",False,True,False,1.0,0.0,1.0,No reminder + weak task encoding,Low endpoint,No reminder,Weak task encoding,1.0,0.9,4,0,5000,56,filler,0.013399999588727951
3,start-of-film reinstatement,Film-category cue absent,"Start-of-film
reinstatement",False,True,False,1.0,0.0,1.0,No reminder + weak task encoding,Low endpoint,No reminder,Weak task encoding,1.0,0.9,4,0,5000,57,filler,0.01640000008046627
3,start-of-film reinstatement,Film-category cue absent,"Start-of-film
reinstatement",False,True,False,1.0,0.0,1.0,No reminder + weak task encoding,Low endpoint,No reminder,Weak task encoding,1.0,0.9,4,0,5000,58,filler,0.020800000056624413
3,start-of-film reinstatement,Film-category cue absent,"Start-of-film
reinstatement",False,True,False,1.0,0.0,1.0,No reminder + weak task encoding,Low endpoint,No reminder,Weak task encoding,1.0,0.9,4,0,5000,59,filler,0.027400000020861626
3,start-of-film reinstatement,Film-category cue absent,"Start-of-film
reinstatement",False,True,False,1.0,0.0,1.0,No reminder + weak task encoding,Low endpoint,No reminder,Weak task encoding,1.0,0.9,4,0,5000,60,filler,0.03220000118017197
3,start-of-film reinstatement,Film-category cue absent,"Start-of-film
reinstatement",False,True,False,1.0,0.0,1.0,No reminder + weak task encoding,Low endpoint,No reminder,Weak task encoding,1.0,0.9,4,0,5000,61,filler,0.03680000081658363
3,start-of-film reinstatement,Film-category cue absent,"Start-of-film
reinstatement",False,True,False,1.0,0.0,1.0,No reminder + weak task encoding,Low endpoint,No reminder,Weak task encoding,1.0,0.9,4,0,5000,62,filler,0.04259999841451645
3,start-of-film reinstatement,Film-category cue absent,"Start-of-film
reinstatement",False,True,False,1.0,0.0,1.0,No reminder + weak task encoding,Low endpoint,No reminder,Weak task encoding,1.0,0.9,4,0,5000,63,filler,0.05260000005364418
3,start-of-film reinstatement,Film-category cue absent,"Start-of-film
reinstatement",False,True,False,1.0,0.0,1.0,No reminder + weak task encoding,Low endpoint,No reminder,Weak task encoding,1.0,0.9,4,0,5000,64,filler,0.058800000697374344
3,start-of-film reinstatement,Film-category cue absent,"Start-of-film
reinstatement",False,True,False,1.0,0.0,1.0,Film reminder + strong task encoding,High endpoint,With reminder,Strong task encoding,2.0,0.9,4,0,5000,1,film,0.16599999368190765
3,start-of-film reinstatement,Film-category cue absent,"Start-of-film
reinstatement",False,True,False,1.0,0.0,1.0,Film reminder + strong task encoding,High endpoint,With reminder,Strong task encoding,2.0,0.9,4,0,5000,2,film,0.1477999985218048
3,start-of-film reinstatement,Film-category cue absent,"Start-of-film
reinstatement",False,True,False,1.0,0.0,1.0,Film reminder + strong task encoding,High endpoint,With reminder,Strong task encoding,2.0,0.9,4,0,5000,3,film,0.15139999985694885
3,start-of-film reinstatement,Film-category cue absent,"Start-of-film
reinstatement",False,True,False,1.0,0.0,1.0,Film reminder + strong task encoding,High endpoint,With reminder,Strong task encoding,2.0,0.9,4,0,5000,4,film,0.1501999944448471
3,start-of-film reinstatement,Film-category cue absent,"Start-of-film
reinstatement",False,True,False,1.0,0.0,1.0,Film reminder + strong task encoding,High endpoint,With reminder,Strong task encoding,2.0,0.9,4,0,5000,5,film,0.14720000326633453
3,start-of-film reinstatement,Film-category cue absent,"Start-of-film
reinstatement",False,True,False,1.0,0.0,1.0,Film reminder + strong task encoding,High endpoint,With reminder,Strong task encoding,2.0,0.9,4,0,5000,6,film,0.14740000665187836
3,start-of-film reinstatement,Film-category cue absent,"Start-of-film
reinstatement",False,True,False,1.0,0.0,1.0,Film reminder + strong task encoding,High endpoint,With reminder,Strong task encoding,2.0,0.9,4,0,5000,7,film,0.1459999978542328
3,start-of-film reinstatement,Film-category cue absent,"Start-of-film
reinstatement",False,True,False,1.0,0.0,1.0,Film reminder + strong task encoding,High endpoint,With reminder,Strong task encoding,2.0,0.9,4,0,5000,8,film,0.1363999992609024
3,start-of-film reinstatement,Film-category cue absent,"Start-of-film
reinstatement",False,True,False,1.0,0.0,1.0,Film reminder + strong task encoding,High endpoint,With reminder,Strong task encoding,2.0,0.9,4,0,5000,9,film,0.12219999730587006
3,start-of-film reinstatement,Film-category cue absent,"Start-of-film
reinstatement",False,True,False,1.0,0.0,1.0,Film reminder + strong task encoding,High endpoint,With reminder,Strong task encoding,2.0,0.9,4,0,5000,10,film,0.12200000137090683
3,start-of-film reinstatement,Film-category cue absent,"Start-of-film
reinstatement",False,True,False,1.0,0.0,1.0,Film reminder + strong task encoding,High endpoint,With reminder,Strong task encoding,2.0,0.9,4,0,5000,11,film,0.11739999800920486
3,start-of-film reinstatement,Film-category cue absent,"Start-of-film
reinstatement",False,True,False,1.0,0.0,1.0,Film reminder + strong task encoding,High endpoint,With reminder,Strong task encoding,2.0,0.9,4,0,5000,12,film,0.11060000211000443
3,start-of-film reinstatement,Film-category cue absent,"Start-of-film
reinstatement",False,True,False,1.0,0.0,1.0,Film reminder + strong task encoding,High endpoint,With reminder,Strong task encoding,2.0,0.9,4,0,5000,13,film,0.09220000356435776
3,start-of-film reinstatement,Film-category cue absent,"Start-of-film
reinstatement",False,True,False,1.0,0.0,1.0,Film reminder + strong task encoding,High endpoint,With reminder,Strong task encoding,2.0,0.9,4,0,5000,14,film,0.09059999883174896
3,start-of-film reinstatement,Film-category cue absent,"Start-of-film
reinstatement",False,True,False,1.0,0.0,1.0,Film reminder + strong task encoding,High endpoint,With reminder,Strong task encoding,2.0,0.9,4,0,5000,15,film,0.08259999752044678
3,start-of-film reinstatement,Film-category cue absent,"Start-of-film
reinstatement",False,True,False,1.0,0.0,1.0,Film reminder + strong task encoding,High endpoint,With reminder,Strong task encoding,2.0,0.9,4,0,5000,16,film,0.07320000231266022
3,start-of-film reinstatement,Film-category cue absent,"Start-of-film
reinstatement",False,True,False,1.0,0.0,1.0,Film reminder + strong task encoding,High endpoint,With reminder,Strong task encoding,2.0,0.9,4,0,5000,17,break,0.03680000081658363
3,start-of-film reinstatement,Film-category cue absent,"Start-of-film
reinstatement",False,True,False,1.0,0.0,1.0,Film reminder + strong task encoding,High endpoint,With reminder,Strong task encoding,2.0,0.9,4,0,5000,18,break,0.02160000056028366
3,start-of-film reinstatement,Film-category cue absent,"Start-of-film
reinstatement",False,True,False,1.0,0.0,1.0,Film reminder + strong task encoding,High endpoint,With reminder,Strong task encoding,2.0,0.9,4,0,5000,19,break,0.018200000748038292
3,start-of-film reinstatement,Film-category cue absent,"Start-of-film
reinstatement",False,True,False,1.0,0.0,1.0,Film reminder + strong task encoding,High endpoint,With reminder,Strong task encoding,2.0,0.9,4,0,5000,20,break,0.012600000016391277
3,start-of-film reinstatement,Film-category cue absent,"Start-of-film
reinstatement",False,True,False,1.0,0.0,1.0,Film reminder + strong task encoding,High endpoint,With reminder,Strong task encoding,2.0,0.9,4,0,5000,21,break,0.009200000204145908
3,start-of-film reinstatement,Film-category cue absent,"Start-of-film
reinstatement",False,True,False,1.0,0.0,1.0,Film reminder + strong task encoding,High endpoint,With reminder,Strong task encoding,2.0,0.9,4,0,5000,22,break,0.007799999788403511
3,start-of-film reinstatement,Film-category cue absent,"Start-of-film
reinstatement",False,True,False,1.0,0.0,1.0,Film reminder + strong task encoding,High endpoint,With reminder,Strong task encoding,2.0,0.9,4,0,5000,23,break,0.006399999838322401
3,start-of-film reinstatement,Film-category cue absent,"Start-of-film
reinstatement",False,True,False,1.0,0.0,1.0,Film reminder + strong task encoding,High endpoint,With reminder,Strong task encoding,2.0,0.9,4,0,5000,24,break,0.003800000064074993
3,start-of-film reinstatement,Film-category cue absent,"Start-of-film
reinstatement",False,True,False,1.0,0.0,1.0,Film reminder + strong task encoding,High endpoint,With reminder,Strong task encoding,2.0,0.9,4,0,5000,25,break,0.002400000113993883
3,start-of-film reinstatement,Film-category cue absent,"Start-of-film
reinstatement",False,True,False,1.0,0.0,1.0,Film reminder + strong task encoding,High endpoint,With reminder,Strong task encoding,2.0,0.9,4,0,5000,26,break,0.0010000000474974513
3,start-of-film reinstatement,Film-category cue absent,"Start-of-film
reinstatement",False,True,False,1.0,0.0,1.0,Film reminder + strong task encoding,High endpoint,With reminder,Strong task encoding,2.0,0.9,4,0,5000,27,break,0.002400000113993883
3,start-of-film reinstatement,Film-category cue absent,"Start-of-film
reinstatement",False,True,False,1.0,0.0,1.0,Film reminder + strong task encoding,High endpoint,With reminder,Strong task encoding,2.0,0.9,4,0,5000,28,break,0.0017999999690800905
3,start-of-film reinstatement,Film-category cue absent,"Start-of-film
reinstatement",False,True,False,1.0,0.0,1.0,Film reminder + strong task encoding,High endpoint,With reminder,Strong task encoding,2.0,0.9,4,0,5000,29,break,0.0010000000474974513
3,start-of-film reinstatement,Film-category cue absent,"Start-of-film
reinstatement",False,True,False,1.0,0.0,1.0,Film reminder + strong task encoding,High endpoint,With reminder,Strong task encoding,2.0,0.9,4,0,5000,30,break,0.0007999999797903001
3,start-of-film reinstatement,Film-category cue absent,"Start-of-film
reinstatement",False,True,False,1.0,0.0,1.0,Film reminder + strong task encoding,High endpoint,With reminder,Strong task encoding,2.0,0.9,4,0,5000,31,break,0.0006000000284984708
3,start-of-film reinstatement,Film-category cue absent,"Start-of-film
reinstatement",False,True,False,1.0,0.0,1.0,Film reminder + strong task encoding,High endpoint,With reminder,Strong task encoding,2.0,0.9,4,0,5000,32,break,0.0006000000284984708
3,start-of-film reinstatement,Film-category cue absent,"Start-of-film
reinstatement",False,True,False,1.0,0.0,1.0,Film reminder + strong task encoding,High endpoint,With reminder,Strong task encoding,2.0,0.9,4,0,5000,33,task,0.4706000089645386
3,start-of-film reinstatement,Film-category cue absent,"Start-of-film
reinstatement",False,True,False,1.0,0.0,1.0,Film reminder + strong task encoding,High endpoint,With reminder,Strong task encoding,2.0,0.9,4,0,5000,34,task,0.47699999809265137
3,start-of-film reinstatement,Film-category cue absent,"Start-of-film
reinstatement",False,True,False,1.0,0.0,1.0,Film reminder + strong task encoding,High endpoint,With reminder,Strong task encoding,2.0,0.9,4,0,5000,35,task,0.4490000009536743
3,start-of-film reinstatement,Film-category cue absent,"Start-of-film
reinstatement",False,True,False,1.0,0.0,1.0,Film reminder + strong task encoding,High endpoint,With reminder,Strong task encoding,2.0,0.9,4,0,5000,36,task,0.45840001106262207
3,start-of-film reinstatement,Film-category cue absent,"Start-of-film
reinstatement",False,True,False,1.0,0.0,1.0,Film reminder + strong task encoding,High endpoint,With reminder,Strong task encoding,2.0,0.9,4,0,5000,37,task,0.42899999022483826
3,start-of-film reinstatement,Film-category cue absent,"Start-of-film
reinstatement",False,True,False,1.0,0.0,1.0,Film reminder + strong task encoding,High endpoint,With reminder,Strong task encoding,2.0,0.9,4,0,5000,38,task,0.3962000012397766
3,start-of-film reinstatement,Film-category cue absent,"Start-of-film
reinstatement",False,True,False,1.0,0.0,1.0,Film reminder + strong task encoding,High endpoint,With reminder,Strong task encoding,2.0,0.9,4,0,5000,39,task,0.3808000087738037
3,start-of-film reinstatement,Film-category cue absent,"Start-of-film
reinstatement",False,True,False,1.0,0.0,1.0,Film reminder + strong task encoding,High endpoint,With reminder,Strong task encoding,2.0,0.9,4,0,5000,40,task,0.34700000286102295
3,start-of-film reinstatement,Film-category cue absent,"Start-of-film
reinstatement",False,True,False,1.0,0.0,1.0,Film reminder + strong task encoding,High endpoint,With reminder,Strong task encoding,2.0,0.9,4,0,5000,41,task,0.3287999927997589
3,start-of-film reinstatement,Film-category cue absent,"Start-of-film
reinstatement",False,True,False,1.0,0.0,1.0,Film reminder + strong task encoding,High endpoint,With reminder,Strong task encoding,2.0,0.9,4,0,5000,42,task,0.30799999833106995
3,start-of-film reinstatement,Film-category cue absent,"Start-of-film
reinstatement",False,True,False,1.0,0.0,1.0,Film reminder + strong task encoding,High endpoint,With reminder,Strong task encoding,2.0,0.9,4,0,5000,43,task,0.26100000739097595
3,start-of-film reinstatement,Film-category cue absent,"Start-of-film
reinstatement",False,True,False,1.0,0.0,1.0,Film reminder + strong task encoding,High endpoint,With reminder,Strong task encoding,2.0,0.9,4,0,5000,44,task,0.25440001487731934
3,start-of-film reinstatement,Film-category cue absent,"Start-of-film
reinstatement",False,True,False,1.0,0.0,1.0,Film reminder + strong task encoding,High endpoint,With reminder,Strong task encoding,2.0,0.9,4,0,5000,45,task,0.21559999883174896
3,start-of-film reinstatement,Film-category cue absent,"Start-of-film
reinstatement",False,True,False,1.0,0.0,1.0,Film reminder + strong task encoding,High endpoint,With reminder,Strong task encoding,2.0,0.9,4,0,5000,46,task,0.1956000030040741
3,start-of-film reinstatement,Film-category cue absent,"Start-of-film
reinstatement",False,True,False,1.0,0.0,1.0,Film reminder + strong task encoding,High endpoint,With reminder,Strong task encoding,2.0,0.9,4,0,5000,47,task,0.17560000717639923
3,start-of-film reinstatement,Film-category cue absent,"Start-of-film
reinstatement",False,True,False,1.0,0.0,1.0,Film reminder + strong task encoding,High endpoint,With reminder,Strong task encoding,2.0,0.9,4,0,5000,48,task,0.1518000066280365
3,start-of-film reinstatement,Film-category cue absent,"Start-of-film
reinstatement",False,True,False,1.0,0.0,1.0,Film reminder + strong task encoding,High endpoint,With reminder,Strong task encoding,2.0,0.9,4,0,5000,49,filler,0.01720000058412552
3,start-of-film reinstatement,Film-category cue absent,"Start-of-film
reinstatement",False,True,False,1.0,0.0,1.0,Film reminder + strong task encoding,High endpoint,With reminder,Strong task encoding,2.0,0.9,4,0,5000,50,filler,0.01360000018030405
3,start-of-film reinstatement,Film-category cue absent,"Start-of-film
reinstatement",False,True,False,1.0,0.0,1.0,Film reminder + strong task encoding,High endpoint,With reminder,Strong task encoding,2.0,0.9,4,0,5000,51,filler,0.009800000116229057
3,start-of-film reinstatement,Film-category cue absent,"Start-of-film
reinstatement",False,True,False,1.0,0.0,1.0,Film reminder + strong task encoding,High endpoint,With reminder,Strong task encoding,2.0,0.9,4,0,5000,52,filler,0.007400000002235174
3,start-of-film reinstatement,Film-category cue absent,"Start-of-film
reinstatement",False,True,False,1.0,0.0,1.0,Film reminder + strong task encoding,High endpoint,With reminder,Strong task encoding,2.0,0.9,4,0,5000,53,filler,0.006800000090152025
3,start-of-film reinstatement,Film-category cue absent,"Start-of-film
reinstatement",False,True,False,1.0,0.0,1.0,Film reminder + strong task encoding,High endpoint,With reminder,Strong task encoding,2.0,0.9,4,0,5000,54,filler,0.005799999926239252
3,start-of-film reinstatement,Film-category cue absent,"Start-of-film
reinstatement",False,True,False,1.0,0.0,1.0,Film reminder + strong task encoding,High endpoint,With reminder,Strong task encoding,2.0,0.9,4,0,5000,55,filler,0.00559999980032444
3,start-of-film reinstatement,Film-category cue absent,"Start-of-film
reinstatement",False,True,False,1.0,0.0,1.0,Film reminder + strong task encoding,High endpoint,With reminder,Strong task encoding,2.0,0.9,4,0,5000,56,filler,0.007000000216066837
3,start-of-film reinstatement,Film-category cue absent,"Start-of-film
reinstatement",False,True,False,1.0,0.0,1.0,Film reminder + strong task encoding,High endpoint,With reminder,Strong task encoding,2.0,0.9,4,0,5000,57,filler,0.007000000216066837
3,start-of-film reinstatement,Film-category cue absent,"Start-of-film
reinstatement",False,True,False,1.0,0.0,1.0,Film reminder + strong task encoding,High endpoint,With reminder,Strong task encoding,2.0,0.9,4,0,5000,58,filler,0.009200000204145908
3,start-of-film reinstatement,Film-category cue absent,"Start-of-film
reinstatement",False,True,False,1.0,0.0,1.0,Film reminder + strong task encoding,High endpoint,With reminder,Strong task encoding,2.0,0.9,4,0,5000,59,filler,0.01119999960064888
3,start-of-film reinstatement,Film-category cue absent,"Start-of-film
reinstatement",False,True,False,1.0,0.0,1.0,Film reminder + strong task encoding,High endpoint,With reminder,Strong task encoding,2.0,0.9,4,0,5000,60,filler,0.010999999940395355
3,start-of-film reinstatement,Film-category cue absent,"Start-of-film
reinstatement",False,True,False,1.0,0.0,1.0,Film reminder + strong task encoding,High endpoint,With reminder,Strong task encoding,2.0,0.9,4,0,5000,61,filler,0.01720000058412552
3,start-of-film reinstatement,Film-category cue absent,"Start-of-film
reinstatement",False,True,False,1.0,0.0,1.0,Film reminder + strong task encoding,High endpoint,With reminder,Strong task encoding,2.0,0.9,4,0,5000,62,filler,0.019999999552965164
3,start-of-film reinstatement,Film-category cue absent,"Start-of-film
reinstatement",False,True,False,1.0,0.0,1.0,Film reminder + strong task encoding,High endpoint,With reminder,Strong task encoding,2.0,0.9,4,0,5000,63,filler,0.022600000724196434
3,start-of-film reinstatement,Film-category cue absent,"Start-of-film
reinstatement",False,True,False,1.0,0.0,1.0,Film reminder + strong task encoding,High endpoint,With reminder,Strong task encoding,2.0,0.9,4,0,5000,64,filler,0.03060000017285347
4,start-of-film reinstatement + retrieval monitoring,Film-category cue absent,"Reinstatement
+ monitoring",False,True,True,1.0,0.0,0.0,No reminder + weak task encoding,Low endpoint,No reminder,Weak task encoding,1.0,0.9,4,0,5000,1,film,0.3483999967575073
4,start-of-film reinstatement + retrieval monitoring,Film-category cue absent,"Reinstatement
+ monitoring",False,True,True,1.0,0.0,0.0,No reminder + weak task encoding,Low endpoint,No reminder,Weak task encoding,1.0,0.9,4,0,5000,2,film,0.3467999994754791
4,start-of-film reinstatement + retrieval monitoring,Film-category cue absent,"Reinstatement
+ monitoring",False,True,True,1.0,0.0,0.0,No reminder + weak task encoding,Low endpoint,No reminder,Weak task encoding,1.0,0.9,4,0,5000,3,film,0.3723999857902527
4,start-of-film reinstatement + retrieval monitoring,Film-category cue absent,"Reinstatement
+ monitoring",False,True,True,1.0,0.0,0.0,No reminder + weak task encoding,Low endpoint,No reminder,Weak task encoding,1.0,0.9,4,0,5000,4,film,0.4002000093460083
4,start-of-film reinstatement + retrieval monitoring,Film-category cue absent,"Reinstatement
+ monitoring",False,True,True,1.0,0.0,0.0,No reminder + weak task encoding,Low endpoint,No reminder,Weak task encoding,1.0,0.9,4,0,5000,5,film,0.4336000084877014
4,start-of-film reinstatement + retrieval monitoring,Film-category cue absent,"Reinstatement
+ monitoring",False,True,True,1.0,0.0,0.0,No reminder + weak task encoding,Low endpoint,No reminder,Weak task encoding,1.0,0.9,4,0,5000,6,film,0.44600000977516174
4,start-of-film reinstatement + retrieval monitoring,Film-category cue absent,"Reinstatement
+ monitoring",False,True,True,1.0,0.0,0.0,No reminder + weak task encoding,Low endpoint,No reminder,Weak task encoding,1.0,0.9,4,0,5000,7,film,0.4790000021457672
4,start-of-film reinstatement + retrieval monitoring,Film-category cue absent,"Reinstatement
+ monitoring",False,True,True,1.0,0.0,0.0,No reminder + weak task encoding,Low endpoint,No reminder,Weak task encoding,1.0,0.9,4,0,5000,8,film,0.47780001163482666
4,start-of-film reinstatement + retrieval monitoring,Film-category cue absent,"Reinstatement
+ monitoring",False,True,True,1.0,0.0,0.0,No reminder + weak task encoding,Low endpoint,No reminder,Weak task encoding,1.0,0.9,4,0,5000,9,film,0.4966000020503998
4,start-of-film reinstatement + retrieval monitoring,Film-category cue absent,"Reinstatement
+ monitoring",False,True,True,1.0,0.0,0.0,No reminder + weak task encoding,Low endpoint,No reminder,Weak task encoding,1.0,0.9,4,0,5000,10,film,0.4848000109195709
4,start-of-film reinstatement + retrieval monitoring,Film-category cue absent,"Reinstatement
+ monitoring",False,True,True,1.0,0.0,0.0,No reminder + weak task encoding,Low endpoint,No reminder,Weak task encoding,1.0,0.9,4,0,5000,11,film,0.4909999966621399
4,start-of-film reinstatement + retrieval monitoring,Film-category cue absent,"Reinstatement
+ monitoring",False,True,True,1.0,0.0,0.0,No reminder + weak task encoding,Low endpoint,No reminder,Weak task encoding,1.0,0.9,4,0,5000,12,film,0.4722000062465668
4,start-of-film reinstatement + retrieval monitoring,Film-category cue absent,"Reinstatement
+ monitoring",False,True,True,1.0,0.0,0.0,No reminder + weak task encoding,Low endpoint,No reminder,Weak task encoding,1.0,0.9,4,0,5000,13,film,0.45739999413490295
4,start-of-film reinstatement + retrieval monitoring,Film-category cue absent,"Reinstatement
+ monitoring",False,True,True,1.0,0.0,0.0,No reminder + weak task encoding,Low endpoint,No reminder,Weak task encoding,1.0,0.9,4,0,5000,14,film,0.4339999854564667
4,start-of-film reinstatement + retrieval monitoring,Film-category cue absent,"Reinstatement
+ monitoring",False,True,True,1.0,0.0,0.0,No reminder + weak task encoding,Low endpoint,No reminder,Weak task encoding,1.0,0.9,4,0,5000,15,film,0.3991999924182892
4,start-of-film reinstatement + retrieval monitoring,Film-category cue absent,"Reinstatement
+ monitoring",False,True,True,1.0,0.0,0.0,No reminder + weak task encoding,Low endpoint,No reminder,Weak task encoding,1.0,0.9,4,0,5000,16,film,0.3781999945640564
4,start-of-film reinstatement + retrieval monitoring,Film-category cue absent,"Reinstatement
+ monitoring",False,True,True,1.0,0.0,0.0,No reminder + weak task encoding,Low endpoint,No reminder,Weak task encoding,1.0,0.9,4,0,5000,17,break,0.20739999413490295
4,start-of-film reinstatement + retrieval monitoring,Film-category cue absent,"Reinstatement
+ monitoring",False,True,True,1.0,0.0,0.0,No reminder + weak task encoding,Low endpoint,No reminder,Weak task encoding,1.0,0.9,4,0,5000,18,break,0.13379999995231628
4,start-of-film reinstatement + retrieval monitoring,Film-category cue absent,"Reinstatement
+ monitoring",False,True,True,1.0,0.0,0.0,No reminder + weak task encoding,Low endpoint,No reminder,Weak task encoding,1.0,0.9,4,0,5000,19,break,0.09220000356435776
4,start-of-film reinstatement + retrieval monitoring,Film-category cue absent,"Reinstatement
+ monitoring",False,True,True,1.0,0.0,0.0,No reminder + weak task encoding,Low endpoint,No reminder,Weak task encoding,1.0,0.9,4,0,5000,20,break,0.061799999326467514
4,start-of-film reinstatement + retrieval monitoring,Film-category cue absent,"Reinstatement
+ monitoring",False,True,True,1.0,0.0,0.0,No reminder + weak task encoding,Low endpoint,No reminder,Weak task encoding,1.0,0.9,4,0,5000,21,break,0.04259999841451645
4,start-of-film reinstatement + retrieval monitoring,Film-category cue absent,"Reinstatement
+ monitoring",False,True,True,1.0,0.0,0.0,No reminder + weak task encoding,Low endpoint,No reminder,Weak task encoding,1.0,0.9,4,0,5000,22,break,0.030400000512599945
4,start-of-film reinstatement + retrieval monitoring,Film-category cue absent,"Reinstatement
+ monitoring",False,True,True,1.0,0.0,0.0,No reminder + weak task encoding,Low endpoint,No reminder,Weak task encoding,1.0,0.9,4,0,5000,23,break,0.020800000056624413
4,start-of-film reinstatement + retrieval monitoring,Film-category cue absent,"Reinstatement
+ monitoring",False,True,True,1.0,0.0,0.0,No reminder + weak task encoding,Low endpoint,No reminder,Weak task encoding,1.0,0.9,4,0,5000,24,break,0.016599999740719795
4,start-of-film reinstatement + retrieval monitoring,Film-category cue absent,"Reinstatement
+ monitoring",False,True,True,1.0,0.0,0.0,No reminder + weak task encoding,Low endpoint,No reminder,Weak task encoding,1.0,0.9,4,0,5000,25,break,0.00839999970048666
4,start-of-film reinstatement + retrieval monitoring,Film-category cue absent,"Reinstatement
+ monitoring",False,True,True,1.0,0.0,0.0,No reminder + weak task encoding,Low endpoint,No reminder,Weak task encoding,1.0,0.9,4,0,5000,26,break,0.006399999838322401
4,start-of-film reinstatement + retrieval monitoring,Film-category cue absent,"Reinstatement
+ monitoring",False,True,True,1.0,0.0,0.0,No reminder + weak task encoding,Low endpoint,No reminder,Weak task encoding,1.0,0.9,4,0,5000,27,break,0.006000000052154064
4,start-of-film reinstatement + retrieval monitoring,Film-category cue absent,"Reinstatement
+ monitoring",False,True,True,1.0,0.0,0.0,No reminder + weak task encoding,Low endpoint,No reminder,Weak task encoding,1.0,0.9,4,0,5000,28,break,0.002199999988079071
4,start-of-film reinstatement + retrieval monitoring,Film-category cue absent,"Reinstatement
+ monitoring",False,True,True,1.0,0.0,0.0,No reminder + weak task encoding,Low endpoint,No reminder,Weak task encoding,1.0,0.9,4,0,5000,29,break,0.003800000064074993
4,start-of-film reinstatement + retrieval monitoring,Film-category cue absent,"Reinstatement
+ monitoring",False,True,True,1.0,0.0,0.0,No reminder + weak task encoding,Low endpoint,No reminder,Weak task encoding,1.0,0.9,4,0,5000,30,break,0.002400000113993883
4,start-of-film reinstatement + retrieval monitoring,Film-category cue absent,"Reinstatement
+ monitoring",False,True,True,1.0,0.0,0.0,No reminder + weak task encoding,Low endpoint,No reminder,Weak task encoding,1.0,0.9,4,0,5000,31,break,0.00139999995008111
4,start-of-film reinstatement + retrieval monitoring,Film-category cue absent,"Reinstatement
+ monitoring",False,True,True,1.0,0.0,0.0,No reminder + weak task encoding,Low endpoint,No reminder,Weak task encoding,1.0,0.9,4,0,5000,32,break,0.00019999999494757503
4,start-of-film reinstatement + retrieval monitoring,Film-category cue absent,"Reinstatement
+ monitoring",False,True,True,1.0,0.0,0.0,No reminder + weak task encoding,Low endpoint,No reminder,Weak task encoding,1.0,0.9,4,0,5000,33,task,0.0010000000474974513
4,start-of-film reinstatement + retrieval monitoring,Film-category cue absent,"Reinstatement
+ monitoring",False,True,True,1.0,0.0,0.0,No reminder + weak task encoding,Low endpoint,No reminder,Weak task encoding,1.0,0.9,4,0,5000,34,task,0.0006000000284984708
4,start-of-film reinstatement + retrieval monitoring,Film-category cue absent,"Reinstatement
+ monitoring",False,True,True,1.0,0.0,0.0,No reminder + weak task encoding,Low endpoint,No reminder,Weak task encoding,1.0,0.9,4,0,5000,35,task,0.00019999999494757503
4,start-of-film reinstatement + retrieval monitoring,Film-category cue absent,"Reinstatement
+ monitoring",False,True,True,1.0,0.0,0.0,No reminder + weak task encoding,Low endpoint,No reminder,Weak task encoding,1.0,0.9,4,0,5000,36,task,0.0
4,start-of-film reinstatement + retrieval monitoring,Film-category cue absent,"Reinstatement
+ monitoring",False,True,True,1.0,0.0,0.0,No reminder + weak task encoding,Low endpoint,No reminder,Weak task encoding,1.0,0.9,4,0,5000,37,task,0.0
4,start-of-film reinstatement + retrieval monitoring,Film-category cue absent,"Reinstatement
+ monitoring",False,True,True,1.0,0.0,0.0,No reminder + weak task encoding,Low endpoint,No reminder,Weak task encoding,1.0,0.9,4,0,5000,38,task,0.0
4,start-of-film reinstatement + retrieval monitoring,Film-category cue absent,"Reinstatement
+ monitoring",False,True,True,1.0,0.0,0.0,No reminder + weak task encoding,Low endpoint,No reminder,Weak task encoding,1.0,0.9,4,0,5000,39,task,0.00019999999494757503
4,start-of-film reinstatement + retrieval monitoring,Film-category cue absent,"Reinstatement
+ monitoring",False,True,True,1.0,0.0,0.0,No reminder + weak task encoding,Low endpoint,No reminder,Weak task encoding,1.0,0.9,4,0,5000,40,task,0.0
4,start-of-film reinstatement + retrieval monitoring,Film-category cue absent,"Reinstatement
+ monitoring",False,True,True,1.0,0.0,0.0,No reminder + weak task encoding,Low endpoint,No reminder,Weak task encoding,1.0,0.9,4,0,5000,41,task,0.00019999999494757503
4,start-of-film reinstatement + retrieval monitoring,Film-category cue absent,"Reinstatement
+ monitoring",False,True,True,1.0,0.0,0.0,No reminder + weak task encoding,Low endpoint,No reminder,Weak task encoding,1.0,0.9,4,0,5000,42,task,0.00019999999494757503
4,start-of-film reinstatement + retrieval monitoring,Film-category cue absent,"Reinstatement
+ monitoring",False,True,True,1.0,0.0,0.0,No reminder + weak task encoding,Low endpoint,No reminder,Weak task encoding,1.0,0.9,4,0,5000,43,task,0.00019999999494757503
4,start-of-film reinstatement + retrieval monitoring,Film-category cue absent,"Reinstatement
+ monitoring",False,True,True,1.0,0.0,0.0,No reminder + weak task encoding,Low endpoint,No reminder,Weak task encoding,1.0,0.9,4,0,5000,44,task,0.0
4,start-of-film reinstatement + retrieval monitoring,Film-category cue absent,"Reinstatement
+ monitoring",False,True,True,1.0,0.0,0.0,No reminder + weak task encoding,Low endpoint,No reminder,Weak task encoding,1.0,0.9,4,0,5000,45,task,0.0
4,start-of-film reinstatement + retrieval monitoring,Film-category cue absent,"Reinstatement
+ monitoring",False,True,True,1.0,0.0,0.0,No reminder + weak task encoding,Low endpoint,No reminder,Weak task encoding,1.0,0.9,4,0,5000,46,task,0.0
4,start-of-film reinstatement + retrieval monitoring,Film-category cue absent,"Reinstatement
+ monitoring",False,True,True,1.0,0.0,0.0,No reminder + weak task encoding,Low endpoint,No reminder,Weak task encoding,1.0,0.9,4,0,5000,47,task,0.0
4,start-of-film reinstatement + retrieval monitoring,Film-category cue absent,"Reinstatement
+ monitoring",False,True,True,1.0,0.0,0.0,No reminder + weak task encoding,Low endpoint,No reminder,Weak task encoding,1.0,0.9,4,0,5000,48,task,0.0
4,start-of-film reinstatement + retrieval monitoring,Film-category cue absent,"Reinstatement
+ monitoring",False,True,True,1.0,0.0,0.0,No reminder + weak task encoding,Low endpoint,No reminder,Weak task encoding,1.0,0.9,4,0,5000,49,filler,0.00019999999494757503
4,start-of-film reinstatement + retrieval monitoring,Film-category cue absent,"Reinstatement
+ monitoring",False,True,True,1.0,0.0,0.0,No reminder + weak task encoding,Low endpoint,No reminder,Weak task encoding,1.0,0.9,4,0,5000,50,filler,0.00019999999494757503
4,start-of-film reinstatement + retrieval monitoring,Film-category cue absent,"Reinstatement
+ monitoring",False,True,True,1.0,0.0,0.0,No reminder + weak task encoding,Low endpoint,No reminder,Weak task encoding,1.0,0.9,4,0,5000,51,filler,0.00019999999494757503
4,start-of-film reinstatement + retrieval monitoring,Film-category cue absent,"Reinstatement
+ monitoring",False,True,True,1.0,0.0,0.0,No reminder + weak task encoding,Low endpoint,No reminder,Weak task encoding,1.0,0.9,4,0,5000,52,filler,0.0007999999797903001
4,start-of-film reinstatement + retrieval monitoring,Film-category cue absent,"Reinstatement
+ monitoring",False,True,True,1.0,0.0,0.0,No reminder + weak task encoding,Low endpoint,No reminder,Weak task encoding,1.0,0.9,4,0,5000,53,filler,0.00039999998989515007
4,start-of-film reinstatement + retrieval monitoring,Film-category cue absent,"Reinstatement
+ monitoring",False,True,True,1.0,0.0,0.0,No reminder + weak task encoding,Low endpoint,No reminder,Weak task encoding,1.0,0.9,4,0,5000,54,filler,0.00019999999494757503
4,start-of-film reinstatement + retrieval monitoring,Film-category cue absent,"Reinstatement
+ monitoring",False,True,True,1.0,0.0,0.0,No reminder + weak task encoding,Low endpoint,No reminder,Weak task encoding,1.0,0.9,4,0,5000,55,filler,0.00279999990016222
4,start-of-film reinstatement + retrieval monitoring,Film-category cue absent,"Reinstatement
+ monitoring",False,True,True,1.0,0.0,0.0,No reminder + weak task encoding,Low endpoint,No reminder,Weak task encoding,1.0,0.9,4,0,5000,56,filler,0.0015999999595806003
4,start-of-film reinstatement + retrieval monitoring,Film-category cue absent,"Reinstatement
+ monitoring",False,True,True,1.0,0.0,0.0,No reminder + weak task encoding,Low endpoint,No reminder,Weak task encoding,1.0,0.9,4,0,5000,57,filler,0.0026000000070780516
4,start-of-film reinstatement + retrieval monitoring,Film-category cue absent,"Reinstatement
+ monitoring",False,True,True,1.0,0.0,0.0,No reminder + weak task encoding,Low endpoint,No reminder,Weak task encoding,1.0,0.9,4,0,5000,58,filler,0.00279999990016222
4,start-of-film reinstatement + retrieval monitoring,Film-category cue absent,"Reinstatement
+ monitoring",False,True,True,1.0,0.0,0.0,No reminder + weak task encoding,Low endpoint,No reminder,Weak task encoding,1.0,0.9,4,0,5000,59,filler,0.006000000052154064
4,start-of-film reinstatement + retrieval monitoring,Film-category cue absent,"Reinstatement
+ monitoring",False,True,True,1.0,0.0,0.0,No reminder + weak task encoding,Low endpoint,No reminder,Weak task encoding,1.0,0.9,4,0,5000,60,filler,0.007600000128149986
4,start-of-film reinstatement + retrieval monitoring,Film-category cue absent,"Reinstatement
+ monitoring",False,True,True,1.0,0.0,0.0,No reminder + weak task encoding,Low endpoint,No reminder,Weak task encoding,1.0,0.9,4,0,5000,61,filler,0.009800000116229057
4,start-of-film reinstatement + retrieval monitoring,Film-category cue absent,"Reinstatement
+ monitoring",False,True,True,1.0,0.0,0.0,No reminder + weak task encoding,Low endpoint,No reminder,Weak task encoding,1.0,0.9,4,0,5000,62,filler,0.015599999576807022
4,start-of-film reinstatement + retrieval monitoring,Film-category cue absent,"Reinstatement
+ monitoring",False,True,True,1.0,0.0,0.0,No reminder + weak task encoding,Low endpoint,No reminder,Weak task encoding,1.0,0.9,4,0,5000,63,filler,0.02500000037252903
4,start-of-film reinstatement + retrieval monitoring,Film-category cue absent,"Reinstatement
+ monitoring",False,True,True,1.0,0.0,0.0,No reminder + weak task encoding,Low endpoint,No reminder,Weak task encoding,1.0,0.9,4,0,5000,64,filler,0.029200000688433647
4,start-of-film reinstatement + retrieval monitoring,Film-category cue absent,"Reinstatement
+ monitoring",False,True,True,1.0,0.0,0.0,Film reminder + strong task encoding,High endpoint,With reminder,Strong task encoding,2.0,0.9,4,0,5000,1,film,0.28760001063346863
4,start-of-film reinstatement + retrieval monitoring,Film-category cue absent,"Reinstatement
+ monitoring",False,True,True,1.0,0.0,0.0,Film reminder + strong task encoding,High endpoint,With reminder,Strong task encoding,2.0,0.9,4,0,5000,2,film,0.27219998836517334
4,start-of-film reinstatement + retrieval monitoring,Film-category cue absent,"Reinstatement
+ monitoring",False,True,True,1.0,0.0,0.0,Film reminder + strong task encoding,High endpoint,With reminder,Strong task encoding,2.0,0.9,4,0,5000,3,film,0.27559998631477356
4,start-of-film reinstatement + retrieval monitoring,Film-category cue absent,"Reinstatement
+ monitoring",False,True,True,1.0,0.0,0.0,Film reminder + strong task encoding,High endpoint,With reminder,Strong task encoding,2.0,0.9,4,0,5000,4,film,0.29760000109672546
4,start-of-film reinstatement + retrieval monitoring,Film-category cue absent,"Reinstatement
+ monitoring",False,True,True,1.0,0.0,0.0,Film reminder + strong task encoding,High endpoint,With reminder,Strong task encoding,2.0,0.9,4,0,5000,5,film,0.29820001125335693
4,start-of-film reinstatement + retrieval monitoring,Film-category cue absent,"Reinstatement
+ monitoring",False,True,True,1.0,0.0,0.0,Film reminder + strong task encoding,High endpoint,With reminder,Strong task encoding,2.0,0.9,4,0,5000,6,film,0.3061999976634979
4,start-of-film reinstatement + retrieval monitoring,Film-category cue absent,"Reinstatement
+ monitoring",False,True,True,1.0,0.0,0.0,Film reminder + strong task encoding,High endpoint,With reminder,Strong task encoding,2.0,0.9,4,0,5000,7,film,0.3118000030517578
4,start-of-film reinstatement + retrieval monitoring,Film-category cue absent,"Reinstatement
+ monitoring",False,True,True,1.0,0.0,0.0,Film reminder + strong task encoding,High endpoint,With reminder,Strong task encoding,2.0,0.9,4,0,5000,8,film,0.3100000023841858
4,start-of-film reinstatement + retrieval monitoring,Film-category cue absent,"Reinstatement
+ monitoring",False,True,True,1.0,0.0,0.0,Film reminder + strong task encoding,High endpoint,With reminder,Strong task encoding,2.0,0.9,4,0,5000,9,film,0.3093999922275543
4,start-of-film reinstatement + retrieval monitoring,Film-category cue absent,"Reinstatement
+ monitoring",False,True,True,1.0,0.0,0.0,Film reminder + strong task encoding,High endpoint,With reminder,Strong task encoding,2.0,0.9,4,0,5000,10,film,0.3070000112056732
4,start-of-film reinstatement + retrieval monitoring,Film-category cue absent,"Reinstatement
+ monitoring",False,True,True,1.0,0.0,0.0,Film reminder + strong task encoding,High endpoint,With reminder,Strong task encoding,2.0,0.9,4,0,5000,11,film,0.29440000653266907
4,start-of-film reinstatement + retrieval monitoring,Film-category cue absent,"Reinstatement
+ monitoring",False,True,True,1.0,0.0,0.0,Film reminder + strong task encoding,High endpoint,With reminder,Strong task encoding,2.0,0.9,4,0,5000,12,film,0.2750000059604645
4,start-of-film reinstatement + retrieval monitoring,Film-category cue absent,"Reinstatement
+ monitoring",False,True,True,1.0,0.0,0.0,Film reminder + strong task encoding,High endpoint,With reminder,Strong task encoding,2.0,0.9,4,0,5000,13,film,0.2603999972343445
4,start-of-film reinstatement + retrieval monitoring,Film-category cue absent,"Reinstatement
+ monitoring",False,True,True,1.0,0.0,0.0,Film reminder + strong task encoding,High endpoint,With reminder,Strong task encoding,2.0,0.9,4,0,5000,14,film,0.22859999537467957
4,start-of-film reinstatement + retrieval monitoring,Film-category cue absent,"Reinstatement
+ monitoring",False,True,True,1.0,0.0,0.0,Film reminder + strong task encoding,High endpoint,With reminder,Strong task encoding,2.0,0.9,4,0,5000,15,film,0.21199999749660492
4,start-of-film reinstatement + retrieval monitoring,Film-category cue absent,"Reinstatement
+ monitoring",False,True,True,1.0,0.0,0.0,Film reminder + strong task encoding,High endpoint,With reminder,Strong task encoding,2.0,0.9,4,0,5000,16,film,0.186599999666214
4,start-of-film reinstatement + retrieval monitoring,Film-category cue absent,"Reinstatement
+ monitoring",False,True,True,1.0,0.0,0.0,Film reminder + strong task encoding,High endpoint,With reminder,Strong task encoding,2.0,0.9,4,0,5000,17,break,0.07159999758005142
4,start-of-film reinstatement + retrieval monitoring,Film-category cue absent,"Reinstatement
+ monitoring",False,True,True,1.0,0.0,0.0,Film reminder + strong task encoding,High endpoint,With reminder,Strong task encoding,2.0,0.9,4,0,5000,18,break,0.049400001764297485
4,start-of-film reinstatement + retrieval monitoring,Film-category cue absent,"Reinstatement
+ monitoring",False,True,True,1.0,0.0,0.0,Film reminder + strong task encoding,High endpoint,With reminder,Strong task encoding,2.0,0.9,4,0,5000,19,break,0.03240000084042549
4,start-of-film reinstatement + retrieval monitoring,Film-category cue absent,"Reinstatement
+ monitoring",False,True,True,1.0,0.0,0.0,Film reminder + strong task encoding,High endpoint,With reminder,Strong task encoding,2.0,0.9,4,0,5000,20,break,0.021400000900030136
4,start-of-film reinstatement + retrieval monitoring,Film-category cue absent,"Reinstatement
+ monitoring",False,True,True,1.0,0.0,0.0,Film reminder + strong task encoding,High endpoint,With reminder,Strong task encoding,2.0,0.9,4,0,5000,21,break,0.01600000075995922
4,start-of-film reinstatement + retrieval monitoring,Film-category cue absent,"Reinstatement
+ monitoring",False,True,True,1.0,0.0,0.0,Film reminder + strong task encoding,High endpoint,With reminder,Strong task encoding,2.0,0.9,4,0,5000,22,break,0.01080000028014183
4,start-of-film reinstatement + retrieval monitoring,Film-category cue absent,"Reinstatement
+ monitoring",False,True,True,1.0,0.0,0.0,Film reminder + strong task encoding,High endpoint,With reminder,Strong task encoding,2.0,0.9,4,0,5000,23,break,0.005400000140070915
4,start-of-film reinstatement + retrieval monitoring,Film-category cue absent,"Reinstatement
+ monitoring",False,True,True,1.0,0.0,0.0,Film reminder + strong task encoding,High endpoint,With reminder,Strong task encoding,2.0,0.9,4,0,5000,24,break,0.003599999938160181
4,start-of-film reinstatement + retrieval monitoring,Film-category cue absent,"Reinstatement
+ monitoring",False,True,True,1.0,0.0,0.0,Film reminder + strong task encoding,High endpoint,With reminder,Strong task encoding,2.0,0.9,4,0,5000,25,break,0.00279999990016222
4,start-of-film reinstatement + retrieval monitoring,Film-category cue absent,"Reinstatement
+ monitoring",False,True,True,1.0,0.0,0.0,Film reminder + strong task encoding,High endpoint,With reminder,Strong task encoding,2.0,0.9,4,0,5000,26,break,0.00279999990016222
4,start-of-film reinstatement + retrieval monitoring,Film-category cue absent,"Reinstatement
+ monitoring",False,True,True,1.0,0.0,0.0,Film reminder + strong task encoding,High endpoint,With reminder,Strong task encoding,2.0,0.9,4,0,5000,27,break,0.0017999999690800905
4,start-of-film reinstatement + retrieval monitoring,Film-category cue absent,"Reinstatement
+ monitoring",False,True,True,1.0,0.0,0.0,Film reminder + strong task encoding,High endpoint,With reminder,Strong task encoding,2.0,0.9,4,0,5000,28,break,0.0015999999595806003
4,start-of-film reinstatement + retrieval monitoring,Film-category cue absent,"Reinstatement
+ monitoring",False,True,True,1.0,0.0,0.0,Film reminder + strong task encoding,High endpoint,With reminder,Strong task encoding,2.0,0.9,4,0,5000,29,break,0.0006000000284984708
4,start-of-film reinstatement + retrieval monitoring,Film-category cue absent,"Reinstatement
+ monitoring",False,True,True,1.0,0.0,0.0,Film reminder + strong task encoding,High endpoint,With reminder,Strong task encoding,2.0,0.9,4,0,5000,30,break,0.00039999998989515007
4,start-of-film reinstatement + retrieval monitoring,Film-category cue absent,"Reinstatement
+ monitoring",False,True,True,1.0,0.0,0.0,Film reminder + strong task encoding,High endpoint,With reminder,Strong task encoding,2.0,0.9,4,0,5000,31,break,0.00039999998989515007
4,start-of-film reinstatement + retrieval monitoring,Film-category cue absent,"Reinstatement
+ monitoring",False,True,True,1.0,0.0,0.0,Film reminder + strong task encoding,High endpoint,With reminder,Strong task encoding,2.0,0.9,4,0,5000,32,break,0.0007999999797903001
4,start-of-film reinstatement + retrieval monitoring,Film-category cue absent,"Reinstatement
+ monitoring",False,True,True,1.0,0.0,0.0,Film reminder + strong task encoding,High endpoint,With reminder,Strong task encoding,2.0,0.9,4,0,5000,33,task,0.670799970626831
4,start-of-film reinstatement + retrieval monitoring,Film-category cue absent,"Reinstatement
+ monitoring",False,True,True,1.0,0.0,0.0,Film reminder + strong task encoding,High endpoint,With reminder,Strong task encoding,2.0,0.9,4,0,5000,34,task,0.5364000201225281
4,start-of-film reinstatement + retrieval monitoring,Film-category cue absent,"Reinstatement
+ monitoring",False,True,True,1.0,0.0,0.0,Film reminder + strong task encoding,High endpoint,With reminder,Strong task encoding,2.0,0.9,4,0,5000,35,task,0.4246000051498413
4,start-of-film reinstatement + retrieval monitoring,Film-category cue absent,"Reinstatement
+ monitoring",False,True,True,1.0,0.0,0.0,Film reminder + strong task encoding,High endpoint,With reminder,Strong task encoding,2.0,0.9,4,0,5000,36,task,0.33079999685287476
4,start-of-film reinstatement + retrieval monitoring,Film-category cue absent,"Reinstatement
+ monitoring",False,True,True,1.0,0.0,0.0,Film reminder + strong task encoding,High endpoint,With reminder,Strong task encoding,2.0,0.9,4,0,5000,37,task,0.24079999327659607
4,start-of-film reinstatement + retrieval monitoring,Film-category cue absent,"Reinstatement
+ monitoring",False,True,True,1.0,0.0,0.0,Film reminder + strong task encoding,High endpoint,With reminder,Strong task encoding,2.0,0.9,4,0,5000,38,task,0.17759999632835388
4,start-of-film reinstatement + retrieval monitoring,Film-category cue absent,"Reinstatement
+ monitoring",False,True,True,1.0,0.0,0.0,Film reminder + strong task encoding,High endpoint,With reminder,Strong task encoding,2.0,0.9,4,0,5000,39,task,0.12800000607967377
4,start-of-film reinstatement + retrieval monitoring,Film-category cue absent,"Reinstatement
+ monitoring",False,True,True,1.0,0.0,0.0,Film reminder + strong task encoding,High endpoint,With reminder,Strong task encoding,2.0,0.9,4,0,5000,40,task,0.09799999743700027
4,start-of-film reinstatement + retrieval monitoring,Film-category cue absent,"Reinstatement
+ monitoring",False,True,True,1.0,0.0,0.0,Film reminder + strong task encoding,High endpoint,With reminder,Strong task encoding,2.0,0.9,4,0,5000,41,task,0.0689999982714653
4,start-of-film reinstatement + retrieval monitoring,Film-category cue absent,"Reinstatement
+ monitoring",False,True,True,1.0,0.0,0.0,Film reminder + strong task encoding,High endpoint,With reminder,Strong task encoding,2.0,0.9,4,0,5000,42,task,0.04859999939799309
4,start-of-film reinstatement + retrieval monitoring,Film-category cue absent,"Reinstatement
+ monitoring",False,True,True,1.0,0.0,0.0,Film reminder + strong task encoding,High endpoint,With reminder,Strong task encoding,2.0,0.9,4,0,5000,43,task,0.0406000018119812
4,start-of-film reinstatement + retrieval monitoring,Film-category cue absent,"Reinstatement
+ monitoring",False,True,True,1.0,0.0,0.0,Film reminder + strong task encoding,High endpoint,With reminder,Strong task encoding,2.0,0.9,4,0,5000,44,task,0.035599999129772186
4,start-of-film reinstatement + retrieval monitoring,Film-category cue absent,"Reinstatement
+ monitoring",False,True,True,1.0,0.0,0.0,Film reminder + strong task encoding,High endpoint,With reminder,Strong task encoding,2.0,0.9,4,0,5000,45,task,0.022600000724196434
4,start-of-film reinstatement + retrieval monitoring,Film-category cue absent,"Reinstatement
+ monitoring",False,True,True,1.0,0.0,0.0,Film reminder + strong task encoding,High endpoint,With reminder,Strong task encoding,2.0,0.9,4,0,5000,46,task,0.019200000911951065
4,start-of-film reinstatement + retrieval monitoring,Film-category cue absent,"Reinstatement
+ monitoring",False,True,True,1.0,0.0,0.0,Film reminder + strong task encoding,High endpoint,With reminder,Strong task encoding,2.0,0.9,4,0,5000,47,task,0.014800000004470348
4,start-of-film reinstatement + retrieval monitoring,Film-category cue absent,"Reinstatement
+ monitoring",False,True,True,1.0,0.0,0.0,Film reminder + strong task encoding,High endpoint,With reminder,Strong task encoding,2.0,0.9,4,0,5000,48,task,0.013799999840557575
4,start-of-film reinstatement + retrieval monitoring,Film-category cue absent,"Reinstatement
+ monitoring",False,True,True,1.0,0.0,0.0,Film reminder + strong task encoding,High endpoint,With reminder,Strong task encoding,2.0,0.9,4,0,5000,49,filler,0.0006000000284984708
4,start-of-film reinstatement + retrieval monitoring,Film-category cue absent,"Reinstatement
+ monitoring",False,True,True,1.0,0.0,0.0,Film reminder + strong task encoding,High endpoint,With reminder,Strong task encoding,2.0,0.9,4,0,5000,50,filler,0.0010000000474974513
4,start-of-film reinstatement + retrieval monitoring,Film-category cue absent,"Reinstatement
+ monitoring",False,True,True,1.0,0.0,0.0,Film reminder + strong task encoding,High endpoint,With reminder,Strong task encoding,2.0,0.9,4,0,5000,51,filler,0.0010000000474974513
4,start-of-film reinstatement + retrieval monitoring,Film-category cue absent,"Reinstatement
+ monitoring",False,True,True,1.0,0.0,0.0,Film reminder + strong task encoding,High endpoint,With reminder,Strong task encoding,2.0,0.9,4,0,5000,52,filler,0.00139999995008111
4,start-of-film reinstatement + retrieval monitoring,Film-category cue absent,"Reinstatement
+ monitoring",False,True,True,1.0,0.0,0.0,Film reminder + strong task encoding,High endpoint,With reminder,Strong task encoding,2.0,0.9,4,0,5000,53,filler,0.0007999999797903001
4,start-of-film reinstatement + retrieval monitoring,Film-category cue absent,"Reinstatement
+ monitoring",False,True,True,1.0,0.0,0.0,Film reminder + strong task encoding,High endpoint,With reminder,Strong task encoding,2.0,0.9,4,0,5000,54,filler,0.0020000000949949026
4,start-of-film reinstatement + retrieval monitoring,Film-category cue absent,"Reinstatement
+ monitoring",False,True,True,1.0,0.0,0.0,Film reminder + strong task encoding,High endpoint,With reminder,Strong task encoding,2.0,0.9,4,0,5000,55,filler,0.0017999999690800905
4,start-of-film reinstatement + retrieval monitoring,Film-category cue absent,"Reinstatement
+ monitoring",False,True,True,1.0,0.0,0.0,Film reminder + strong task encoding,High endpoint,With reminder,Strong task encoding,2.0,0.9,4,0,5000,56,filler,0.0026000000070780516
4,start-of-film reinstatement + retrieval monitoring,Film-category cue absent,"Reinstatement
+ monitoring",False,True,True,1.0,0.0,0.0,Film reminder + strong task encoding,High endpoint,With reminder,Strong task encoding,2.0,0.9,4,0,5000,57,filler,0.0034000000450760126
4,start-of-film reinstatement + retrieval monitoring,Film-category cue absent,"Reinstatement
+ monitoring",False,True,True,1.0,0.0,0.0,Film reminder + strong task encoding,High endpoint,With reminder,Strong task encoding,2.0,0.9,4,0,5000,58,filler,0.00419999985024333
4,start-of-film reinstatement + retrieval monitoring,Film-category cue absent,"Reinstatement
+ monitoring",False,True,True,1.0,0.0,0.0,Film reminder + strong task encoding,High endpoint,With reminder,Strong task encoding,2.0,0.9,4,0,5000,59,filler,0.007000000216066837
4,start-of-film reinstatement + retrieval monitoring,Film-category cue absent,"Reinstatement
+ monitoring",False,True,True,1.0,0.0,0.0,Film reminder + strong task encoding,High endpoint,With reminder,Strong task encoding,2.0,0.9,4,0,5000,60,filler,0.009399999864399433
4,start-of-film reinstatement + retrieval monitoring,Film-category cue absent,"Reinstatement
+ monitoring",False,True,True,1.0,0.0,0.0,Film reminder + strong task encoding,High endpoint,With reminder,Strong task encoding,2.0,0.9,4,0,5000,61,filler,0.010400000028312206
4,start-of-film reinstatement + retrieval monitoring,Film-category cue absent,"Reinstatement
+ monitoring",False,True,True,1.0,0.0,0.0,Film reminder + strong task encoding,High endpoint,With reminder,Strong task encoding,2.0,0.9,4,0,5000,62,filler,0.01600000075995922
4,start-of-film reinstatement + retrieval monitoring,Film-category cue absent,"Reinstatement
+ monitoring",False,True,True,1.0,0.0,0.0,Film reminder + strong task encoding,High endpoint,With reminder,Strong task encoding,2.0,0.9,4,0,5000,63,filler,0.021400000900030136
4,start-of-film reinstatement + retrieval monitoring,Film-category cue absent,"Reinstatement
+ monitoring",False,True,True,1.0,0.0,0.0,Film reminder + strong task encoding,High endpoint,With reminder,Strong task encoding,2.0,0.9,4,0,5000,64,filler,0.02879999950528145
5,maintained film-category cue,Film-category cue present,None,True,False,False,0.0,1.0,1.0,No reminder + weak task encoding,Low endpoint,No reminder,Weak task encoding,1.0,0.9,4,0,5000,1,film,0.33180001378059387
5,maintained film-category cue,Film-category cue present,None,True,False,False,0.0,1.0,1.0,No reminder + weak task encoding,Low endpoint,No reminder,Weak task encoding,1.0,0.9,4,0,5000,2,film,0.3700000047683716
5,maintained film-category cue,Film-category cue present,None,True,False,False,0.0,1.0,1.0,No reminder + weak task encoding,Low endpoint,No reminder,Weak task encoding,1.0,0.9,4,0,5000,3,film,0.40119999647140503
5,maintained film-category cue,Film-category cue present,None,True,False,False,0.0,1.0,1.0,No reminder + weak task encoding,Low endpoint,No reminder,Weak task encoding,1.0,0.9,4,0,5000,4,film,0.4336000084877014
5,maintained film-category cue,Film-category cue present,None,True,False,False,0.0,1.0,1.0,No reminder + weak task encoding,Low endpoint,No reminder,Weak task encoding,1.0,0.9,4,0,5000,5,film,0.4498000144958496
5,maintained film-category cue,Film-category cue present,None,True,False,False,0.0,1.0,1.0,No reminder + weak task encoding,Low endpoint,No reminder,Weak task encoding,1.0,0.9,4,0,5000,6,film,0.4747999906539917
5,maintained film-category cue,Film-category cue present,None,True,False,False,0.0,1.0,1.0,No reminder + weak task encoding,Low endpoint,No reminder,Weak task encoding,1.0,0.9,4,0,5000,7,film,0.49079999327659607
5,maintained film-category cue,Film-category cue present,None,True,False,False,0.0,1.0,1.0,No reminder + weak task encoding,Low endpoint,No reminder,Weak task encoding,1.0,0.9,4,0,5000,8,film,0.5090000033378601
5,maintained film-category cue,Film-category cue present,None,True,False,False,0.0,1.0,1.0,No reminder + weak task encoding,Low endpoint,No reminder,Weak task encoding,1.0,0.9,4,0,5000,9,film,0.5095999836921692
5,maintained film-category cue,Film-category cue present,None,True,False,False,0.0,1.0,1.0,No reminder + weak task encoding,Low endpoint,No reminder,Weak task encoding,1.0,0.9,4,0,5000,10,film,0.517799973487854
5,maintained film-category cue,Film-category cue present,None,True,False,False,0.0,1.0,1.0,No reminder + weak task encoding,Low endpoint,No reminder,Weak task encoding,1.0,0.9,4,0,5000,11,film,0.5285999774932861
5,maintained film-category cue,Film-category cue present,None,True,False,False,0.0,1.0,1.0,No reminder + weak task encoding,Low endpoint,No reminder,Weak task encoding,1.0,0.9,4,0,5000,12,film,0.5212000012397766
5,maintained film-category cue,Film-category cue present,None,True,False,False,0.0,1.0,1.0,No reminder + weak task encoding,Low endpoint,No reminder,Weak task encoding,1.0,0.9,4,0,5000,13,film,0.5016000270843506
5,maintained film-category cue,Film-category cue present,None,True,False,False,0.0,1.0,1.0,No reminder + weak task encoding,Low endpoint,No reminder,Weak task encoding,1.0,0.9,4,0,5000,14,film,0.5121999979019165
5,maintained film-category cue,Film-category cue present,None,True,False,False,0.0,1.0,1.0,No reminder + weak task encoding,Low endpoint,No reminder,Weak task encoding,1.0,0.9,4,0,5000,15,film,0.48159998655319214
5,maintained film-category cue,Film-category cue present,None,True,False,False,0.0,1.0,1.0,No reminder + weak task encoding,Low endpoint,No reminder,Weak task encoding,1.0,0.9,4,0,5000,16,film,0.4787999987602234
5,maintained film-category cue,Film-category cue present,None,True,False,False,0.0,1.0,1.0,No reminder + weak task encoding,Low endpoint,No reminder,Weak task encoding,1.0,0.9,4,0,5000,17,break,0.01860000006854534
5,maintained film-category cue,Film-category cue present,None,True,False,False,0.0,1.0,1.0,No reminder + weak task encoding,Low endpoint,No reminder,Weak task encoding,1.0,0.9,4,0,5000,18,break,0.00860000029206276
5,maintained film-category cue,Film-category cue present,None,True,False,False,0.0,1.0,1.0,No reminder + weak task encoding,Low endpoint,No reminder,Weak task encoding,1.0,0.9,4,0,5000,19,break,0.00800000037997961
5,maintained film-category cue,Film-category cue present,None,True,False,False,0.0,1.0,1.0,No reminder + weak task encoding,Low endpoint,No reminder,Weak task encoding,1.0,0.9,4,0,5000,20,break,0.004600000102072954
5,maintained film-category cue,Film-category cue present,None,True,False,False,0.0,1.0,1.0,No reminder + weak task encoding,Low endpoint,No reminder,Weak task encoding,1.0,0.9,4,0,5000,21,break,0.003599999938160181
5,maintained film-category cue,Film-category cue present,None,True,False,False,0.0,1.0,1.0,No reminder + weak task encoding,Low endpoint,No reminder,Weak task encoding,1.0,0.9,4,0,5000,22,break,0.00279999990016222
5,maintained film-category cue,Film-category cue present,None,True,False,False,0.0,1.0,1.0,No reminder + weak task encoding,Low endpoint,No reminder,Weak task encoding,1.0,0.9,4,0,5000,23,break,0.0015999999595806003
5,maintained film-category cue,Film-category cue present,None,True,False,False,0.0,1.0,1.0,No reminder + weak task encoding,Low endpoint,No reminder,Weak task encoding,1.0,0.9,4,0,5000,24,break,0.0012000000569969416
5,maintained film-category cue,Film-category cue present,None,True,False,False,0.0,1.0,1.0,No reminder + weak task encoding,Low endpoint,No reminder,Weak task encoding,1.0,0.9,4,0,5000,25,break,0.0007999999797903001
5,maintained film-category cue,Film-category cue present,None,True,False,False,0.0,1.0,1.0,No reminder + weak task encoding,Low endpoint,No reminder,Weak task encoding,1.0,0.9,4,0,5000,26,break,0.0007999999797903001
5,maintained film-category cue,Film-category cue present,None,True,False,False,0.0,1.0,1.0,No reminder + weak task encoding,Low endpoint,No reminder,Weak task encoding,1.0,0.9,4,0,5000,27,break,0.00019999999494757503
5,maintained film-category cue,Film-category cue present,None,True,False,False,0.0,1.0,1.0,No reminder + weak task encoding,Low endpoint,No reminder,Weak task encoding,1.0,0.9,4,0,5000,28,break,0.0012000000569969416
5,maintained film-category cue,Film-category cue present,None,True,False,False,0.0,1.0,1.0,No reminder + weak task encoding,Low endpoint,No reminder,Weak task encoding,1.0,0.9,4,0,5000,29,break,0.00019999999494757503
5,maintained film-category cue,Film-category cue present,None,True,False,False,0.0,1.0,1.0,No reminder + weak task encoding,Low endpoint,No reminder,Weak task encoding,1.0,0.9,4,0,5000,30,break,0.0
5,maintained film-category cue,Film-category cue present,None,True,False,False,0.0,1.0,1.0,No reminder + weak task encoding,Low endpoint,No reminder,Weak task encoding,1.0,0.9,4,0,5000,31,break,0.00019999999494757503
5,maintained film-category cue,Film-category cue present,None,True,False,False,0.0,1.0,1.0,No reminder + weak task encoding,Low endpoint,No reminder,Weak task encoding,1.0,0.9,4,0,5000,32,break,0.0
5,maintained film-category cue,Film-category cue present,None,True,False,False,0.0,1.0,1.0,No reminder + weak task encoding,Low endpoint,No reminder,Weak task encoding,1.0,0.9,4,0,5000,33,task,0.0
5,maintained film-category cue,Film-category cue present,None,True,False,False,0.0,1.0,1.0,No reminder + weak task encoding,Low endpoint,No reminder,Weak task encoding,1.0,0.9,4,0,5000,34,task,0.0
5,maintained film-category cue,Film-category cue present,None,True,False,False,0.0,1.0,1.0,No reminder + weak task encoding,Low endpoint,No reminder,Weak task encoding,1.0,0.9,4,0,5000,35,task,0.0
5,maintained film-category cue,Film-category cue present,None,True,False,False,0.0,1.0,1.0,No reminder + weak task encoding,Low endpoint,No reminder,Weak task encoding,1.0,0.9,4,0,5000,36,task,0.0
5,maintained film-category cue,Film-category cue present,None,True,False,False,0.0,1.0,1.0,No reminder + weak task encoding,Low endpoint,No reminder,Weak task encoding,1.0,0.9,4,0,5000,37,task,0.00019999999494757503
5,maintained film-category cue,Film-category cue present,None,True,False,False,0.0,1.0,1.0,No reminder + weak task encoding,Low endpoint,No reminder,Weak task encoding,1.0,0.9,4,0,5000,38,task,0.0
5,maintained film-category cue,Film-category cue present,None,True,False,False,0.0,1.0,1.0,No reminder + weak task encoding,Low endpoint,No reminder,Weak task encoding,1.0,0.9,4,0,5000,39,task,0.0
5,maintained film-category cue,Film-category cue present,None,True,False,False,0.0,1.0,1.0,No reminder + weak task encoding,Low endpoint,No reminder,Weak task encoding,1.0,0.9,4,0,5000,40,task,0.0
5,maintained film-category cue,Film-category cue present,None,True,False,False,0.0,1.0,1.0,No reminder + weak task encoding,Low endpoint,No reminder,Weak task encoding,1.0,0.9,4,0,5000,41,task,0.0
5,maintained film-category cue,Film-category cue present,None,True,False,False,0.0,1.0,1.0,No reminder + weak task encoding,Low endpoint,No reminder,Weak task encoding,1.0,0.9,4,0,5000,42,task,0.0
5,maintained film-category cue,Film-category cue present,None,True,False,False,0.0,1.0,1.0,No reminder + weak task encoding,Low endpoint,No reminder,Weak task encoding,1.0,0.9,4,0,5000,43,task,0.0
5,maintained film-category cue,Film-category cue present,None,True,False,False,0.0,1.0,1.0,No reminder + weak task encoding,Low endpoint,No reminder,Weak task encoding,1.0,0.9,4,0,5000,44,task,0.0
5,maintained film-category cue,Film-category cue present,None,True,False,False,0.0,1.0,1.0,No reminder + weak task encoding,Low endpoint,No reminder,Weak task encoding,1.0,0.9,4,0,5000,45,task,0.0
5,maintained film-category cue,Film-category cue present,None,True,False,False,0.0,1.0,1.0,No reminder + weak task encoding,Low endpoint,No reminder,Weak task encoding,1.0,0.9,4,0,5000,46,task,0.0
5,maintained film-category cue,Film-category cue present,None,True,False,False,0.0,1.0,1.0,No reminder + weak task encoding,Low endpoint,No reminder,Weak task encoding,1.0,0.9,4,0,5000,47,task,0.00019999999494757503
5,maintained film-category cue,Film-category cue present,None,True,False,False,0.0,1.0,1.0,No reminder + weak task encoding,Low endpoint,No reminder,Weak task encoding,1.0,0.9,4,0,5000,48,task,0.0
5,maintained film-category cue,Film-category cue present,None,True,False,False,0.0,1.0,1.0,No reminder + weak task encoding,Low endpoint,No reminder,Weak task encoding,1.0,0.9,4,0,5000,49,filler,0.0
5,maintained film-category cue,Film-category cue present,None,True,False,False,0.0,1.0,1.0,No reminder + weak task encoding,Low endpoint,No reminder,Weak task encoding,1.0,0.9,4,0,5000,50,filler,0.0
5,maintained film-category cue,Film-category cue present,None,True,False,False,0.0,1.0,1.0,No reminder + weak task encoding,Low endpoint,No reminder,Weak task encoding,1.0,0.9,4,0,5000,51,filler,0.00019999999494757503
5,maintained film-category cue,Film-category cue present,None,True,False,False,0.0,1.0,1.0,No reminder + weak task encoding,Low endpoint,No reminder,Weak task encoding,1.0,0.9,4,0,5000,52,filler,0.00039999998989515007
5,maintained film-category cue,Film-category cue present,None,True,False,False,0.0,1.0,1.0,No reminder + weak task encoding,Low endpoint,No reminder,Weak task encoding,1.0,0.9,4,0,5000,53,filler,0.0
5,maintained film-category cue,Film-category cue present,None,True,False,False,0.0,1.0,1.0,No reminder + weak task encoding,Low endpoint,No reminder,Weak task encoding,1.0,0.9,4,0,5000,54,filler,0.00039999998989515007
5,maintained film-category cue,Film-category cue present,None,True,False,False,0.0,1.0,1.0,No reminder + weak task encoding,Low endpoint,No reminder,Weak task encoding,1.0,0.9,4,0,5000,55,filler,0.00039999998989515007
5,maintained film-category cue,Film-category cue present,None,True,False,False,0.0,1.0,1.0,No reminder + weak task encoding,Low endpoint,No reminder,Weak task encoding,1.0,0.9,4,0,5000,56,filler,0.00039999998989515007
5,maintained film-category cue,Film-category cue present,None,True,False,False,0.0,1.0,1.0,No reminder + weak task encoding,Low endpoint,No reminder,Weak task encoding,1.0,0.9,4,0,5000,57,filler,0.0010000000474974513
5,maintained film-category cue,Film-category cue present,None,True,False,False,0.0,1.0,1.0,No reminder + weak task encoding,Low endpoint,No reminder,Weak task encoding,1.0,0.9,4,0,5000,58,filler,0.0010000000474974513
5,maintained film-category cue,Film-category cue present,None,True,False,False,0.0,1.0,1.0,No reminder + weak task encoding,Low endpoint,No reminder,Weak task encoding,1.0,0.9,4,0,5000,59,filler,0.002400000113993883
5,maintained film-category cue,Film-category cue present,None,True,False,False,0.0,1.0,1.0,No reminder + weak task encoding,Low endpoint,No reminder,Weak task encoding,1.0,0.9,4,0,5000,60,filler,0.0026000000070780516
5,maintained film-category cue,Film-category cue present,None,True,False,False,0.0,1.0,1.0,No reminder + weak task encoding,Low endpoint,No reminder,Weak task encoding,1.0,0.9,4,0,5000,61,filler,0.0031999999191612005
5,maintained film-category cue,Film-category cue present,None,True,False,False,0.0,1.0,1.0,No reminder + weak task encoding,Low endpoint,No reminder,Weak task encoding,1.0,0.9,4,0,5000,62,filler,0.004399999976158142
5,maintained film-category cue,Film-category cue present,None,True,False,False,0.0,1.0,1.0,No reminder + weak task encoding,Low endpoint,No reminder,Weak task encoding,1.0,0.9,4,0,5000,63,filler,0.007199999876320362
5,maintained film-category cue,Film-category cue present,None,True,False,False,0.0,1.0,1.0,No reminder + weak task encoding,Low endpoint,No reminder,Weak task encoding,1.0,0.9,4,0,5000,64,filler,0.012400000356137753
5,maintained film-category cue,Film-category cue present,None,True,False,False,0.0,1.0,1.0,Film reminder + strong task encoding,High endpoint,With reminder,Strong task encoding,2.0,0.9,4,0,5000,1,film,0.3025999963283539
5,maintained film-category cue,Film-category cue present,None,True,False,False,0.0,1.0,1.0,Film reminder + strong task encoding,High endpoint,With reminder,Strong task encoding,2.0,0.9,4,0,5000,2,film,0.33219999074935913
5,maintained film-category cue,Film-category cue present,None,True,False,False,0.0,1.0,1.0,Film reminder + strong task encoding,High endpoint,With reminder,Strong task encoding,2.0,0.9,4,0,5000,3,film,0.36820000410079956
5,maintained film-category cue,Film-category cue present,None,True,False,False,0.0,1.0,1.0,Film reminder + strong task encoding,High endpoint,With reminder,Strong task encoding,2.0,0.9,4,0,5000,4,film,0.37119999527931213
5,maintained film-category cue,Film-category cue present,None,True,False,False,0.0,1.0,1.0,Film reminder + strong task encoding,High endpoint,With reminder,Strong task encoding,2.0,0.9,4,0,5000,5,film,0.4059999883174896
5,maintained film-category cue,Film-category cue present,None,True,False,False,0.0,1.0,1.0,Film reminder + strong task encoding,High endpoint,With reminder,Strong task encoding,2.0,0.9,4,0,5000,6,film,0.41659998893737793
5,maintained film-category cue,Film-category cue present,None,True,False,False,0.0,1.0,1.0,Film reminder + strong task encoding,High endpoint,With reminder,Strong task encoding,2.0,0.9,4,0,5000,7,film,0.43540000915527344
5,maintained film-category cue,Film-category cue present,None,True,False,False,0.0,1.0,1.0,Film reminder + strong task encoding,High endpoint,With reminder,Strong task encoding,2.0,0.9,4,0,5000,8,film,0.45179998874664307
5,maintained film-category cue,Film-category cue present,None,True,False,False,0.0,1.0,1.0,Film reminder + strong task encoding,High endpoint,With reminder,Strong task encoding,2.0,0.9,4,0,5000,9,film,0.4674000144004822
5,maintained film-category cue,Film-category cue present,None,True,False,False,0.0,1.0,1.0,Film reminder + strong task encoding,High endpoint,With reminder,Strong task encoding,2.0,0.9,4,0,5000,10,film,0.4772000014781952
5,maintained film-category cue,Film-category cue present,None,True,False,False,0.0,1.0,1.0,Film reminder + strong task encoding,High endpoint,With reminder,Strong task encoding,2.0,0.9,4,0,5000,11,film,0.48919999599456787
5,maintained film-category cue,Film-category cue present,None,True,False,False,0.0,1.0,1.0,Film reminder + strong task encoding,High endpoint,With reminder,Strong task encoding,2.0,0.9,4,0,5000,12,film,0.46000000834465027
5,maintained film-category cue,Film-category cue present,None,True,False,False,0.0,1.0,1.0,Film reminder + strong task encoding,High endpoint,With reminder,Strong task encoding,2.0,0.9,4,0,5000,13,film,0.475600004196167
5,maintained film-category cue,Film-category cue present,None,True,False,False,0.0,1.0,1.0,Film reminder + strong task encoding,High endpoint,With reminder,Strong task encoding,2.0,0.9,4,0,5000,14,film,0.47360000014305115
5,maintained film-category cue,Film-category cue present,None,True,False,False,0.0,1.0,1.0,Film reminder + strong task encoding,High endpoint,With reminder,Strong task encoding,2.0,0.9,4,0,5000,15,film,0.4625999927520752
5,maintained film-category cue,Film-category cue present,None,True,False,False,0.0,1.0,1.0,Film reminder + strong task encoding,High endpoint,With reminder,Strong task encoding,2.0,0.9,4,0,5000,16,film,0.43380001187324524
5,maintained film-category cue,Film-category cue present,None,True,False,False,0.0,1.0,1.0,Film reminder + strong task encoding,High endpoint,With reminder,Strong task encoding,2.0,0.9,4,0,5000,17,break,0.011800000444054604
5,maintained film-category cue,Film-category cue present,None,True,False,False,0.0,1.0,1.0,Film reminder + strong task encoding,High endpoint,With reminder,Strong task encoding,2.0,0.9,4,0,5000,18,break,0.010400000028312206
5,maintained film-category cue,Film-category cue present,None,True,False,False,0.0,1.0,1.0,Film reminder + strong task encoding,High endpoint,With reminder,Strong task encoding,2.0,0.9,4,0,5000,19,break,0.006599999964237213
5,maintained film-category cue,Film-category cue present,None,True,False,False,0.0,1.0,1.0,Film reminder + strong task encoding,High endpoint,With reminder,Strong task encoding,2.0,0.9,4,0,5000,20,break,0.003800000064074993
5,maintained film-category cue,Film-category cue present,None,True,False,False,0.0,1.0,1.0,Film reminder + strong task encoding,High endpoint,With reminder,Strong task encoding,2.0,0.9,4,0,5000,21,break,0.0026000000070780516
5,maintained film-category cue,Film-category cue present,None,True,False,False,0.0,1.0,1.0,Film reminder + strong task encoding,High endpoint,With reminder,Strong task encoding,2.0,0.9,4,0,5000,22,break,0.0020000000949949026
5,maintained film-category cue,Film-category cue present,None,True,False,False,0.0,1.0,1.0,Film reminder + strong task encoding,High endpoint,With reminder,Strong task encoding,2.0,0.9,4,0,5000,23,break,0.0006000000284984708
5,maintained film-category cue,Film-category cue present,None,True,False,False,0.0,1.0,1.0,Film reminder + strong task encoding,High endpoint,With reminder,Strong task encoding,2.0,0.9,4,0,5000,24,break,0.0012000000569969416
5,maintained film-category cue,Film-category cue present,None,True,False,False,0.0,1.0,1.0,Film reminder + strong task encoding,High endpoint,With reminder,Strong task encoding,2.0,0.9,4,0,5000,25,break,0.0006000000284984708
5,maintained film-category cue,Film-category cue present,None,True,False,False,0.0,1.0,1.0,Film reminder + strong task encoding,High endpoint,With reminder,Strong task encoding,2.0,0.9,4,0,5000,26,break,0.0006000000284984708
5,maintained film-category cue,Film-category cue present,None,True,False,False,0.0,1.0,1.0,Film reminder + strong task encoding,High endpoint,With reminder,Strong task encoding,2.0,0.9,4,0,5000,27,break,0.00039999998989515007
5,maintained film-category cue,Film-category cue present,None,True,False,False,0.0,1.0,1.0,Film reminder + strong task encoding,High endpoint,With reminder,Strong task encoding,2.0,0.9,4,0,5000,28,break,0.00039999998989515007
5,maintained film-category cue,Film-category cue present,None,True,False,False,0.0,1.0,1.0,Film reminder + strong task encoding,High endpoint,With reminder,Strong task encoding,2.0,0.9,4,0,5000,29,break,0.00019999999494757503
5,maintained film-category cue,Film-category cue present,None,True,False,False,0.0,1.0,1.0,Film reminder + strong task encoding,High endpoint,With reminder,Strong task encoding,2.0,0.9,4,0,5000,30,break,0.00019999999494757503
5,maintained film-category cue,Film-category cue present,None,True,False,False,0.0,1.0,1.0,Film reminder + strong task encoding,High endpoint,With reminder,Strong task encoding,2.0,0.9,4,0,5000,31,break,0.0
5,maintained film-category cue,Film-category cue present,None,True,False,False,0.0,1.0,1.0,Film reminder + strong task encoding,High endpoint,With reminder,Strong task encoding,2.0,0.9,4,0,5000,32,break,0.0
5,maintained film-category cue,Film-category cue present,None,True,False,False,0.0,1.0,1.0,Film reminder + strong task encoding,High endpoint,With reminder,Strong task encoding,2.0,0.9,4,0,5000,33,task,0.18860000371932983
5,maintained film-category cue,Film-category cue present,None,True,False,False,0.0,1.0,1.0,Film reminder + strong task encoding,High endpoint,With reminder,Strong task encoding,2.0,0.9,4,0,5000,34,task,0.1444000005722046
5,maintained film-category cue,Film-category cue present,None,True,False,False,0.0,1.0,1.0,Film reminder + strong task encoding,High endpoint,With reminder,Strong task encoding,2.0,0.9,4,0,5000,35,task,0.11339999735355377
5,maintained film-category cue,Film-category cue present,None,True,False,False,0.0,1.0,1.0,Film reminder + strong task encoding,High endpoint,With reminder,Strong task encoding,2.0,0.9,4,0,5000,36,task,0.0828000009059906
5,maintained film-category cue,Film-category cue present,None,True,False,False,0.0,1.0,1.0,Film reminder + strong task encoding,High endpoint,With reminder,Strong task encoding,2.0,0.9,4,0,5000,37,task,0.06400000303983688
5,maintained film-category cue,Film-category cue present,None,True,False,False,0.0,1.0,1.0,Film reminder + strong task encoding,High endpoint,With reminder,Strong task encoding,2.0,0.9,4,0,5000,38,task,0.04659999907016754
5,maintained film-category cue,Film-category cue present,None,True,False,False,0.0,1.0,1.0,Film reminder + strong task encoding,High endpoint,With reminder,Strong task encoding,2.0,0.9,4,0,5000,39,task,0.03620000183582306
5,maintained film-category cue,Film-category cue present,None,True,False,False,0.0,1.0,1.0,Film reminder + strong task encoding,High endpoint,With reminder,Strong task encoding,2.0,0.9,4,0,5000,40,task,0.03359999880194664
5,maintained film-category cue,Film-category cue present,None,True,False,False,0.0,1.0,1.0,Film reminder + strong task encoding,High endpoint,With reminder,Strong task encoding,2.0,0.9,4,0,5000,41,task,0.021199999377131462
5,maintained film-category cue,Film-category cue present,None,True,False,False,0.0,1.0,1.0,Film reminder + strong task encoding,High endpoint,With reminder,Strong task encoding,2.0,0.9,4,0,5000,42,task,0.01679999940097332
5,maintained film-category cue,Film-category cue present,None,True,False,False,0.0,1.0,1.0,Film reminder + strong task encoding,High endpoint,With reminder,Strong task encoding,2.0,0.9,4,0,5000,43,task,0.012199999764561653
5,maintained film-category cue,Film-category cue present,None,True,False,False,0.0,1.0,1.0,Film reminder + strong task encoding,High endpoint,With reminder,Strong task encoding,2.0,0.9,4,0,5000,44,task,0.010999999940395355
5,maintained film-category cue,Film-category cue present,None,True,False,False,0.0,1.0,1.0,Film reminder + strong task encoding,High endpoint,With reminder,Strong task encoding,2.0,0.9,4,0,5000,45,task,0.00559999980032444
5,maintained film-category cue,Film-category cue present,None,True,False,False,0.0,1.0,1.0,Film reminder + strong task encoding,High endpoint,With reminder,Strong task encoding,2.0,0.9,4,0,5000,46,task,0.007799999788403511
5,maintained film-category cue,Film-category cue present,None,True,False,False,0.0,1.0,1.0,Film reminder + strong task encoding,High endpoint,With reminder,Strong task encoding,2.0,0.9,4,0,5000,47,task,0.004800000227987766
5,maintained film-category cue,Film-category cue present,None,True,False,False,0.0,1.0,1.0,Film reminder + strong task encoding,High endpoint,With reminder,Strong task encoding,2.0,0.9,4,0,5000,48,task,0.003800000064074993
5,maintained film-category cue,Film-category cue present,None,True,False,False,0.0,1.0,1.0,Film reminder + strong task encoding,High endpoint,With reminder,Strong task encoding,2.0,0.9,4,0,5000,49,filler,0.00019999999494757503
5,maintained film-category cue,Film-category cue present,None,True,False,False,0.0,1.0,1.0,Film reminder + strong task encoding,High endpoint,With reminder,Strong task encoding,2.0,0.9,4,0,5000,50,filler,0.00039999998989515007
5,maintained film-category cue,Film-category cue present,None,True,False,False,0.0,1.0,1.0,Film reminder + strong task encoding,High endpoint,With reminder,Strong task encoding,2.0,0.9,4,0,5000,51,filler,0.00019999999494757503
5,maintained film-category cue,Film-category cue present,None,True,False,False,0.0,1.0,1.0,Film reminder + strong task encoding,High endpoint,With reminder,Strong task encoding,2.0,0.9,4,0,5000,52,filler,0.00019999999494757503
5,maintained film-category cue,Film-category cue present,None,True,False,False,0.0,1.0,1.0,Film reminder + strong task encoding,High endpoint,With reminder,Strong task encoding,2.0,0.9,4,0,5000,53,filler,0.0006000000284984708
5,maintained film-category cue,Film-category cue present,None,True,False,False,0.0,1.0,1.0,Film reminder + strong task encoding,High endpoint,With reminder,Strong task encoding,2.0,0.9,4,0,5000,54,filler,0.0007999999797903001
5,maintained film-category cue,Film-category cue present,None,True,False,False,0.0,1.0,1.0,Film reminder + strong task encoding,High endpoint,With reminder,Strong task encoding,2.0,0.9,4,0,5000,55,filler,0.0006000000284984708
5,maintained film-category cue,Film-category cue present,None,True,False,False,0.0,1.0,1.0,Film reminder + strong task encoding,High endpoint,With reminder,Strong task encoding,2.0,0.9,4,0,5000,56,filler,0.00139999995008111
5,maintained film-category cue,Film-category cue present,None,True,False,False,0.0,1.0,1.0,Film reminder + strong task encoding,High endpoint,With reminder,Strong task encoding,2.0,0.9,4,0,5000,57,filler,0.0010000000474974513
5,maintained film-category cue,Film-category cue present,None,True,False,False,0.0,1.0,1.0,Film reminder + strong task encoding,High endpoint,With reminder,Strong task encoding,2.0,0.9,4,0,5000,58,filler,0.0017999999690800905
5,maintained film-category cue,Film-category cue present,None,True,False,False,0.0,1.0,1.0,Film reminder + strong task encoding,High endpoint,With reminder,Strong task encoding,2.0,0.9,4,0,5000,59,filler,0.003800000064074993
5,maintained film-category cue,Film-category cue present,None,True,False,False,0.0,1.0,1.0,Film reminder + strong task encoding,High endpoint,With reminder,Strong task encoding,2.0,0.9,4,0,5000,60,filler,0.0017999999690800905
5,maintained film-category cue,Film-category cue present,None,True,False,False,0.0,1.0,1.0,Film reminder + strong task encoding,High endpoint,With reminder,Strong task encoding,2.0,0.9,4,0,5000,61,filler,0.004399999976158142
5,maintained film-category cue,Film-category cue present,None,True,False,False,0.0,1.0,1.0,Film reminder + strong task encoding,High endpoint,With reminder,Strong task encoding,2.0,0.9,4,0,5000,62,filler,0.00559999980032444
5,maintained film-category cue,Film-category cue present,None,True,False,False,0.0,1.0,1.0,Film reminder + strong task encoding,High endpoint,With reminder,Strong task encoding,2.0,0.9,4,0,5000,63,filler,0.005200000014156103
5,maintained film-category cue,Film-category cue present,None,True,False,False,0.0,1.0,1.0,Film reminder + strong task encoding,High endpoint,With reminder,Strong task encoding,2.0,0.9,4,0,5000,64,filler,0.01080000028014183
6,maintained film-category cue + retrieval monitoring,Film-category cue present,"Retrieval
monitoring",True,False,True,0.0,1.0,0.0,No reminder + weak task encoding,Low endpoint,No reminder,Weak task encoding,1.0,0.9,4,0,5000,1,film,0.3513999879360199
6,maintained film-category cue + retrieval monitoring,Film-category cue present,"Retrieval
monitoring",True,False,True,0.0,1.0,0.0,No reminder + weak task encoding,Low endpoint,No reminder,Weak task encoding,1.0,0.9,4,0,5000,2,film,0.38100001215934753
6,maintained film-category cue + retrieval monitoring,Film-category cue present,"Retrieval
monitoring",True,False,True,0.0,1.0,0.0,No reminder + weak task encoding,Low endpoint,No reminder,Weak task encoding,1.0,0.9,4,0,5000,3,film,0.4050000011920929
6,maintained film-category cue + retrieval monitoring,Film-category cue present,"Retrieval
monitoring",True,False,True,0.0,1.0,0.0,No reminder + weak task encoding,Low endpoint,No reminder,Weak task encoding,1.0,0.9,4,0,5000,4,film,0.4284000098705292
6,maintained film-category cue + retrieval monitoring,Film-category cue present,"Retrieval
monitoring",True,False,True,0.0,1.0,0.0,No reminder + weak task encoding,Low endpoint,No reminder,Weak task encoding,1.0,0.9,4,0,5000,5,film,0.4702000021934509
6,maintained film-category cue + retrieval monitoring,Film-category cue present,"Retrieval
monitoring",True,False,True,0.0,1.0,0.0,No reminder + weak task encoding,Low endpoint,No reminder,Weak task encoding,1.0,0.9,4,0,5000,6,film,0.4846000075340271
6,maintained film-category cue + retrieval monitoring,Film-category cue present,"Retrieval
monitoring",True,False,True,0.0,1.0,0.0,No reminder + weak task encoding,Low endpoint,No reminder,Weak task encoding,1.0,0.9,4,0,5000,7,film,0.4909999966621399
6,maintained film-category cue + retrieval monitoring,Film-category cue present,"Retrieval
monitoring",True,False,True,0.0,1.0,0.0,No reminder + weak task encoding,Low endpoint,No reminder,Weak task encoding,1.0,0.9,4,0,5000,8,film,0.5076000094413757
6,maintained film-category cue + retrieval monitoring,Film-category cue present,"Retrieval
monitoring",True,False,True,0.0,1.0,0.0,No reminder + weak task encoding,Low endpoint,No reminder,Weak task encoding,1.0,0.9,4,0,5000,9,film,0.5070000290870667
6,maintained film-category cue + retrieval monitoring,Film-category cue present,"Retrieval
monitoring",True,False,True,0.0,1.0,0.0,No reminder + weak task encoding,Low endpoint,No reminder,Weak task encoding,1.0,0.9,4,0,5000,10,film,0.5103999972343445
6,maintained film-category cue + retrieval monitoring,Film-category cue present,"Retrieval
monitoring",True,False,True,0.0,1.0,0.0,No reminder + weak task encoding,Low endpoint,No reminder,Weak task encoding,1.0,0.9,4,0,5000,11,film,0.5270000100135803
6,maintained film-category cue + retrieval monitoring,Film-category cue present,"Retrieval
monitoring",True,False,True,0.0,1.0,0.0,No reminder + weak task encoding,Low endpoint,No reminder,Weak task encoding,1.0,0.9,4,0,5000,12,film,0.5248000025749207
6,maintained film-category cue + retrieval monitoring,Film-category cue present,"Retrieval
monitoring",True,False,True,0.0,1.0,0.0,No reminder + weak task encoding,Low endpoint,No reminder,Weak task encoding,1.0,0.9,4,0,5000,13,film,0.5008000135421753
6,maintained film-category cue + retrieval monitoring,Film-category cue present,"Retrieval
monitoring",True,False,True,0.0,1.0,0.0,No reminder + weak task encoding,Low endpoint,No reminder,Weak task encoding,1.0,0.9,4,0,5000,14,film,0.517799973487854
6,maintained film-category cue + retrieval monitoring,Film-category cue present,"Retrieval
monitoring",True,False,True,0.0,1.0,0.0,No reminder + weak task encoding,Low endpoint,No reminder,Weak task encoding,1.0,0.9,4,0,5000,15,film,0.4875999987125397
6,maintained film-category cue + retrieval monitoring,Film-category cue present,"Retrieval
monitoring",True,False,True,0.0,1.0,0.0,No reminder + weak task encoding,Low endpoint,No reminder,Weak task encoding,1.0,0.9,4,0,5000,16,film,0.47540000081062317
6,maintained film-category cue + retrieval monitoring,Film-category cue present,"Retrieval
monitoring",True,False,True,0.0,1.0,0.0,No reminder + weak task encoding,Low endpoint,No reminder,Weak task encoding,1.0,0.9,4,0,5000,17,break,0.016599999740719795
6,maintained film-category cue + retrieval monitoring,Film-category cue present,"Retrieval
monitoring",True,False,True,0.0,1.0,0.0,No reminder + weak task encoding,Low endpoint,No reminder,Weak task encoding,1.0,0.9,4,0,5000,18,break,0.008999999612569809
6,maintained film-category cue + retrieval monitoring,Film-category cue present,"Retrieval
monitoring",True,False,True,0.0,1.0,0.0,No reminder + weak task encoding,Low endpoint,No reminder,Weak task encoding,1.0,0.9,4,0,5000,19,break,0.007600000128149986
6,maintained film-category cue + retrieval monitoring,Film-category cue present,"Retrieval
monitoring",True,False,True,0.0,1.0,0.0,No reminder + weak task encoding,Low endpoint,No reminder,Weak task encoding,1.0,0.9,4,0,5000,20,break,0.004999999888241291
6,maintained film-category cue + retrieval monitoring,Film-category cue present,"Retrieval
monitoring",True,False,True,0.0,1.0,0.0,No reminder + weak task encoding,Low endpoint,No reminder,Weak task encoding,1.0,0.9,4,0,5000,21,break,0.0031999999191612005
6,maintained film-category cue + retrieval monitoring,Film-category cue present,"Retrieval
monitoring",True,False,True,0.0,1.0,0.0,No reminder + weak task encoding,Low endpoint,No reminder,Weak task encoding,1.0,0.9,4,0,5000,22,break,0.003000000026077032
6,maintained film-category cue + retrieval monitoring,Film-category cue present,"Retrieval
monitoring",True,False,True,0.0,1.0,0.0,No reminder + weak task encoding,Low endpoint,No reminder,Weak task encoding,1.0,0.9,4,0,5000,23,break,0.00139999995008111
6,maintained film-category cue + retrieval monitoring,Film-category cue present,"Retrieval
monitoring",True,False,True,0.0,1.0,0.0,No reminder + weak task encoding,Low endpoint,No reminder,Weak task encoding,1.0,0.9,4,0,5000,24,break,0.0010000000474974513
6,maintained film-category cue + retrieval monitoring,Film-category cue present,"Retrieval
monitoring",True,False,True,0.0,1.0,0.0,No reminder + weak task encoding,Low endpoint,No reminder,Weak task encoding,1.0,0.9,4,0,5000,25,break,0.00019999999494757503
6,maintained film-category cue + retrieval monitoring,Film-category cue present,"Retrieval
monitoring",True,False,True,0.0,1.0,0.0,No reminder + weak task encoding,Low endpoint,No reminder,Weak task encoding,1.0,0.9,4,0,5000,26,break,0.0007999999797903001
6,maintained film-category cue + retrieval monitoring,Film-category cue present,"Retrieval
monitoring",True,False,True,0.0,1.0,0.0,No reminder + weak task encoding,Low endpoint,No reminder,Weak task encoding,1.0,0.9,4,0,5000,27,break,0.00019999999494757503
6,maintained film-category cue + retrieval monitoring,Film-category cue present,"Retrieval
monitoring",True,False,True,0.0,1.0,0.0,No reminder + weak task encoding,Low endpoint,No reminder,Weak task encoding,1.0,0.9,4,0,5000,28,break,0.0006000000284984708
6,maintained film-category cue + retrieval monitoring,Film-category cue present,"Retrieval
monitoring",True,False,True,0.0,1.0,0.0,No reminder + weak task encoding,Low endpoint,No reminder,Weak task encoding,1.0,0.9,4,0,5000,29,break,0.0
6,maintained film-category cue + retrieval monitoring,Film-category cue present,"Retrieval
monitoring",True,False,True,0.0,1.0,0.0,No reminder + weak task encoding,Low endpoint,No reminder,Weak task encoding,1.0,0.9,4,0,5000,30,break,0.0
6,maintained film-category cue + retrieval monitoring,Film-category cue present,"Retrieval
monitoring",True,False,True,0.0,1.0,0.0,No reminder + weak task encoding,Low endpoint,No reminder,Weak task encoding,1.0,0.9,4,0,5000,31,break,0.0
6,maintained film-category cue + retrieval monitoring,Film-category cue present,"Retrieval
monitoring",True,False,True,0.0,1.0,0.0,No reminder + weak task encoding,Low endpoint,No reminder,Weak task encoding,1.0,0.9,4,0,5000,32,break,0.0
6,maintained film-category cue + retrieval monitoring,Film-category cue present,"Retrieval
monitoring",True,False,True,0.0,1.0,0.0,No reminder + weak task encoding,Low endpoint,No reminder,Weak task encoding,1.0,0.9,4,0,5000,33,task,0.00019999999494757503
6,maintained film-category cue + retrieval monitoring,Film-category cue present,"Retrieval
monitoring",True,False,True,0.0,1.0,0.0,No reminder + weak task encoding,Low endpoint,No reminder,Weak task encoding,1.0,0.9,4,0,5000,34,task,0.0
6,maintained film-category cue + retrieval monitoring,Film-category cue present,"Retrieval
monitoring",True,False,True,0.0,1.0,0.0,No reminder + weak task encoding,Low endpoint,No reminder,Weak task encoding,1.0,0.9,4,0,5000,35,task,0.00019999999494757503
6,maintained film-category cue + retrieval monitoring,Film-category cue present,"Retrieval
monitoring",True,False,True,0.0,1.0,0.0,No reminder + weak task encoding,Low endpoint,No reminder,Weak task encoding,1.0,0.9,4,0,5000,36,task,0.0
6,maintained film-category cue + retrieval monitoring,Film-category cue present,"Retrieval
monitoring",True,False,True,0.0,1.0,0.0,No reminder + weak task encoding,Low endpoint,No reminder,Weak task encoding,1.0,0.9,4,0,5000,37,task,0.0
6,maintained film-category cue + retrieval monitoring,Film-category cue present,"Retrieval
monitoring",True,False,True,0.0,1.0,0.0,No reminder + weak task encoding,Low endpoint,No reminder,Weak task encoding,1.0,0.9,4,0,5000,38,task,0.0
6,maintained film-category cue + retrieval monitoring,Film-category cue present,"Retrieval
monitoring",True,False,True,0.0,1.0,0.0,No reminder + weak task encoding,Low endpoint,No reminder,Weak task encoding,1.0,0.9,4,0,5000,39,task,0.0
6,maintained film-category cue + retrieval monitoring,Film-category cue present,"Retrieval
monitoring",True,False,True,0.0,1.0,0.0,No reminder + weak task encoding,Low endpoint,No reminder,Weak task encoding,1.0,0.9,4,0,5000,40,task,0.0
6,maintained film-category cue + retrieval monitoring,Film-category cue present,"Retrieval
monitoring",True,False,True,0.0,1.0,0.0,No reminder + weak task encoding,Low endpoint,No reminder,Weak task encoding,1.0,0.9,4,0,5000,41,task,0.0
6,maintained film-category cue + retrieval monitoring,Film-category cue present,"Retrieval
monitoring",True,False,True,0.0,1.0,0.0,No reminder + weak task encoding,Low endpoint,No reminder,Weak task encoding,1.0,0.9,4,0,5000,42,task,0.0
6,maintained film-category cue + retrieval monitoring,Film-category cue present,"Retrieval
monitoring",True,False,True,0.0,1.0,0.0,No reminder + weak task encoding,Low endpoint,No reminder,Weak task encoding,1.0,0.9,4,0,5000,43,task,0.0
6,maintained film-category cue + retrieval monitoring,Film-category cue present,"Retrieval
monitoring",True,False,True,0.0,1.0,0.0,No reminder + weak task encoding,Low endpoint,No reminder,Weak task encoding,1.0,0.9,4,0,5000,44,task,0.0
6,maintained film-category cue + retrieval monitoring,Film-category cue present,"Retrieval
monitoring",True,False,True,0.0,1.0,0.0,No reminder + weak task encoding,Low endpoint,No reminder,Weak task encoding,1.0,0.9,4,0,5000,45,task,0.0
6,maintained film-category cue + retrieval monitoring,Film-category cue present,"Retrieval
monitoring",True,False,True,0.0,1.0,0.0,No reminder + weak task encoding,Low endpoint,No reminder,Weak task encoding,1.0,0.9,4,0,5000,46,task,0.0
6,maintained film-category cue + retrieval monitoring,Film-category cue present,"Retrieval
monitoring",True,False,True,0.0,1.0,0.0,No reminder + weak task encoding,Low endpoint,No reminder,Weak task encoding,1.0,0.9,4,0,5000,47,task,0.00019999999494757503
6,maintained film-category cue + retrieval monitoring,Film-category cue present,"Retrieval
monitoring",True,False,True,0.0,1.0,0.0,No reminder + weak task encoding,Low endpoint,No reminder,Weak task encoding,1.0,0.9,4,0,5000,48,task,0.0
6,maintained film-category cue + retrieval monitoring,Film-category cue present,"Retrieval
monitoring",True,False,True,0.0,1.0,0.0,No reminder + weak task encoding,Low endpoint,No reminder,Weak task encoding,1.0,0.9,4,0,5000,49,filler,0.00039999998989515007
6,maintained film-category cue + retrieval monitoring,Film-category cue present,"Retrieval
monitoring",True,False,True,0.0,1.0,0.0,No reminder + weak task encoding,Low endpoint,No reminder,Weak task encoding,1.0,0.9,4,0,5000,50,filler,0.00019999999494757503
6,maintained film-category cue + retrieval monitoring,Film-category cue present,"Retrieval
monitoring",True,False,True,0.0,1.0,0.0,No reminder + weak task encoding,Low endpoint,No reminder,Weak task encoding,1.0,0.9,4,0,5000,51,filler,0.00019999999494757503
6,maintained film-category cue + retrieval monitoring,Film-category cue present,"Retrieval
monitoring",True,False,True,0.0,1.0,0.0,No reminder + weak task encoding,Low endpoint,No reminder,Weak task encoding,1.0,0.9,4,0,5000,52,filler,0.0006000000284984708
6,maintained film-category cue + retrieval monitoring,Film-category cue present,"Retrieval
monitoring",True,False,True,0.0,1.0,0.0,No reminder + weak task encoding,Low endpoint,No reminder,Weak task encoding,1.0,0.9,4,0,5000,53,filler,0.0
6,maintained film-category cue + retrieval monitoring,Film-category cue present,"Retrieval
monitoring",True,False,True,0.0,1.0,0.0,No reminder + weak task encoding,Low endpoint,No reminder,Weak task encoding,1.0,0.9,4,0,5000,54,filler,0.0006000000284984708
6,maintained film-category cue + retrieval monitoring,Film-category cue present,"Retrieval
monitoring",True,False,True,0.0,1.0,0.0,No reminder + weak task encoding,Low endpoint,No reminder,Weak task encoding,1.0,0.9,4,0,5000,55,filler,0.00039999998989515007
6,maintained film-category cue + retrieval monitoring,Film-category cue present,"Retrieval
monitoring",True,False,True,0.0,1.0,0.0,No reminder + weak task encoding,Low endpoint,No reminder,Weak task encoding,1.0,0.9,4,0,5000,56,filler,0.0006000000284984708
6,maintained film-category cue + retrieval monitoring,Film-category cue present,"Retrieval
monitoring",True,False,True,0.0,1.0,0.0,No reminder + weak task encoding,Low endpoint,No reminder,Weak task encoding,1.0,0.9,4,0,5000,57,filler,0.0006000000284984708
6,maintained film-category cue + retrieval monitoring,Film-category cue present,"Retrieval
monitoring",True,False,True,0.0,1.0,0.0,No reminder + weak task encoding,Low endpoint,No reminder,Weak task encoding,1.0,0.9,4,0,5000,58,filler,0.0007999999797903001
6,maintained film-category cue + retrieval monitoring,Film-category cue present,"Retrieval
monitoring",True,False,True,0.0,1.0,0.0,No reminder + weak task encoding,Low endpoint,No reminder,Weak task encoding,1.0,0.9,4,0,5000,59,filler,0.0020000000949949026
6,maintained film-category cue + retrieval monitoring,Film-category cue present,"Retrieval
monitoring",True,False,True,0.0,1.0,0.0,No reminder + weak task encoding,Low endpoint,No reminder,Weak task encoding,1.0,0.9,4,0,5000,60,filler,0.0026000000070780516
6,maintained film-category cue + retrieval monitoring,Film-category cue present,"Retrieval
monitoring",True,False,True,0.0,1.0,0.0,No reminder + weak task encoding,Low endpoint,No reminder,Weak task encoding,1.0,0.9,4,0,5000,61,filler,0.002199999988079071
6,maintained film-category cue + retrieval monitoring,Film-category cue present,"Retrieval
monitoring",True,False,True,0.0,1.0,0.0,No reminder + weak task encoding,Low endpoint,No reminder,Weak task encoding,1.0,0.9,4,0,5000,62,filler,0.005400000140070915
6,maintained film-category cue + retrieval monitoring,Film-category cue present,"Retrieval
monitoring",True,False,True,0.0,1.0,0.0,No reminder + weak task encoding,Low endpoint,No reminder,Weak task encoding,1.0,0.9,4,0,5000,63,filler,0.00800000037997961
6,maintained film-category cue + retrieval monitoring,Film-category cue present,"Retrieval
monitoring",True,False,True,0.0,1.0,0.0,No reminder + weak task encoding,Low endpoint,No reminder,Weak task encoding,1.0,0.9,4,0,5000,64,filler,0.008799999952316284
6,maintained film-category cue + retrieval monitoring,Film-category cue present,"Retrieval
monitoring",True,False,True,0.0,1.0,0.0,Film reminder + strong task encoding,High endpoint,With reminder,Strong task encoding,2.0,0.9,4,0,5000,1,film,0.3172000050544739
6,maintained film-category cue + retrieval monitoring,Film-category cue present,"Retrieval
monitoring",True,False,True,0.0,1.0,0.0,Film reminder + strong task encoding,High endpoint,With reminder,Strong task encoding,2.0,0.9,4,0,5000,2,film,0.33660000562667847
6,maintained film-category cue + retrieval monitoring,Film-category cue present,"Retrieval
monitoring",True,False,True,0.0,1.0,0.0,Film reminder + strong task encoding,High endpoint,With reminder,Strong task encoding,2.0,0.9,4,0,5000,3,film,0.37439998984336853
6,maintained film-category cue + retrieval monitoring,Film-category cue present,"Retrieval
monitoring",True,False,True,0.0,1.0,0.0,Film reminder + strong task encoding,High endpoint,With reminder,Strong task encoding,2.0,0.9,4,0,5000,4,film,0.3944000005722046
6,maintained film-category cue + retrieval monitoring,Film-category cue present,"Retrieval
monitoring",True,False,True,0.0,1.0,0.0,Film reminder + strong task encoding,High endpoint,With reminder,Strong task encoding,2.0,0.9,4,0,5000,5,film,0.420199990272522
6,maintained film-category cue + retrieval monitoring,Film-category cue present,"Retrieval
monitoring",True,False,True,0.0,1.0,0.0,Film reminder + strong task encoding,High endpoint,With reminder,Strong task encoding,2.0,0.9,4,0,5000,6,film,0.42800000309944153
6,maintained film-category cue + retrieval monitoring,Film-category cue present,"Retrieval
monitoring",True,False,True,0.0,1.0,0.0,Film reminder + strong task encoding,High endpoint,With reminder,Strong task encoding,2.0,0.9,4,0,5000,7,film,0.4546000063419342
6,maintained film-category cue + retrieval monitoring,Film-category cue present,"Retrieval
monitoring",True,False,True,0.0,1.0,0.0,Film reminder + strong task encoding,High endpoint,With reminder,Strong task encoding,2.0,0.9,4,0,5000,8,film,0.45080000162124634
6,maintained film-category cue + retrieval monitoring,Film-category cue present,"Retrieval
monitoring",True,False,True,0.0,1.0,0.0,Film reminder + strong task encoding,High endpoint,With reminder,Strong task encoding,2.0,0.9,4,0,5000,9,film,0.4715999960899353
6,maintained film-category cue + retrieval monitoring,Film-category cue present,"Retrieval
monitoring",True,False,True,0.0,1.0,0.0,Film reminder + strong task encoding,High endpoint,With reminder,Strong task encoding,2.0,0.9,4,0,5000,10,film,0.4896000027656555
6,maintained film-category cue + retrieval monitoring,Film-category cue present,"Retrieval
monitoring",True,False,True,0.0,1.0,0.0,Film reminder + strong task encoding,High endpoint,With reminder,Strong task encoding,2.0,0.9,4,0,5000,11,film,0.4747999906539917
6,maintained film-category cue + retrieval monitoring,Film-category cue present,"Retrieval
monitoring",True,False,True,0.0,1.0,0.0,Film reminder + strong task encoding,High endpoint,With reminder,Strong task encoding,2.0,0.9,4,0,5000,12,film,0.4722000062465668
6,maintained film-category cue + retrieval monitoring,Film-category cue present,"Retrieval
monitoring",True,False,True,0.0,1.0,0.0,Film reminder + strong task encoding,High endpoint,With reminder,Strong task encoding,2.0,0.9,4,0,5000,13,film,0.483599990606308
6,maintained film-category cue + retrieval monitoring,Film-category cue present,"Retrieval
monitoring",True,False,True,0.0,1.0,0.0,Film reminder + strong task encoding,High endpoint,With reminder,Strong task encoding,2.0,0.9,4,0,5000,14,film,0.4675999879837036
6,maintained film-category cue + retrieval monitoring,Film-category cue present,"Retrieval
monitoring",True,False,True,0.0,1.0,0.0,Film reminder + strong task encoding,High endpoint,With reminder,Strong task encoding,2.0,0.9,4,0,5000,15,film,0.4697999954223633
6,maintained film-category cue + retrieval monitoring,Film-category cue present,"Retrieval
monitoring",True,False,True,0.0,1.0,0.0,Film reminder + strong task encoding,High endpoint,With reminder,Strong task encoding,2.0,0.9,4,0,5000,16,film,0.4456000030040741
6,maintained film-category cue + retrieval monitoring,Film-category cue present,"Retrieval
monitoring",True,False,True,0.0,1.0,0.0,Film reminder + strong task encoding,High endpoint,With reminder,Strong task encoding,2.0,0.9,4,0,5000,17,break,0.013199999928474426
6,maintained film-category cue + retrieval monitoring,Film-category cue present,"Retrieval
monitoring",True,False,True,0.0,1.0,0.0,Film reminder + strong task encoding,High endpoint,With reminder,Strong task encoding,2.0,0.9,4,0,5000,18,break,0.00839999970048666
6,maintained film-category cue + retrieval monitoring,Film-category cue present,"Retrieval
monitoring",True,False,True,0.0,1.0,0.0,Film reminder + strong task encoding,High endpoint,With reminder,Strong task encoding,2.0,0.9,4,0,5000,19,break,0.00559999980032444
6,maintained film-category cue + retrieval monitoring,Film-category cue present,"Retrieval
monitoring",True,False,True,0.0,1.0,0.0,Film reminder + strong task encoding,High endpoint,With reminder,Strong task encoding,2.0,0.9,4,0,5000,20,break,0.0034000000450760126
6,maintained film-category cue + retrieval monitoring,Film-category cue present,"Retrieval
monitoring",True,False,True,0.0,1.0,0.0,Film reminder + strong task encoding,High endpoint,With reminder,Strong task encoding,2.0,0.9,4,0,5000,21,break,0.002400000113993883
6,maintained film-category cue + retrieval monitoring,Film-category cue present,"Retrieval
monitoring",True,False,True,0.0,1.0,0.0,Film reminder + strong task encoding,High endpoint,With reminder,Strong task encoding,2.0,0.9,4,0,5000,22,break,0.00139999995008111
6,maintained film-category cue + retrieval monitoring,Film-category cue present,"Retrieval
monitoring",True,False,True,0.0,1.0,0.0,Film reminder + strong task encoding,High endpoint,With reminder,Strong task encoding,2.0,0.9,4,0,5000,23,break,0.0010000000474974513
6,maintained film-category cue + retrieval monitoring,Film-category cue present,"Retrieval
monitoring",True,False,True,0.0,1.0,0.0,Film reminder + strong task encoding,High endpoint,With reminder,Strong task encoding,2.0,0.9,4,0,5000,24,break,0.0006000000284984708
6,maintained film-category cue + retrieval monitoring,Film-category cue present,"Retrieval
monitoring",True,False,True,0.0,1.0,0.0,Film reminder + strong task encoding,High endpoint,With reminder,Strong task encoding,2.0,0.9,4,0,5000,25,break,0.0006000000284984708
6,maintained film-category cue + retrieval monitoring,Film-category cue present,"Retrieval
monitoring",True,False,True,0.0,1.0,0.0,Film reminder + strong task encoding,High endpoint,With reminder,Strong task encoding,2.0,0.9,4,0,5000,26,break,0.0006000000284984708
6,maintained film-category cue + retrieval monitoring,Film-category cue present,"Retrieval
monitoring",True,False,True,0.0,1.0,0.0,Film reminder + strong task encoding,High endpoint,With reminder,Strong task encoding,2.0,0.9,4,0,5000,27,break,0.00039999998989515007
6,maintained film-category cue + retrieval monitoring,Film-category cue present,"Retrieval
monitoring",True,False,True,0.0,1.0,0.0,Film reminder + strong task encoding,High endpoint,With reminder,Strong task encoding,2.0,0.9,4,0,5000,28,break,0.0
6,maintained film-category cue + retrieval monitoring,Film-category cue present,"Retrieval
monitoring",True,False,True,0.0,1.0,0.0,Film reminder + strong task encoding,High endpoint,With reminder,Strong task encoding,2.0,0.9,4,0,5000,29,break,0.00019999999494757503
6,maintained film-category cue + retrieval monitoring,Film-category cue present,"Retrieval
monitoring",True,False,True,0.0,1.0,0.0,Film reminder + strong task encoding,High endpoint,With reminder,Strong task encoding,2.0,0.9,4,0,5000,30,break,0.00019999999494757503
6,maintained film-category cue + retrieval monitoring,Film-category cue present,"Retrieval
monitoring",True,False,True,0.0,1.0,0.0,Film reminder + strong task encoding,High endpoint,With reminder,Strong task encoding,2.0,0.9,4,0,5000,31,break,0.0
6,maintained film-category cue + retrieval monitoring,Film-category cue present,"Retrieval
monitoring",True,False,True,0.0,1.0,0.0,Film reminder + strong task encoding,High endpoint,With reminder,Strong task encoding,2.0,0.9,4,0,5000,32,break,0.0
6,maintained film-category cue + retrieval monitoring,Film-category cue present,"Retrieval
monitoring",True,False,True,0.0,1.0,0.0,Film reminder + strong task encoding,High endpoint,With reminder,Strong task encoding,2.0,0.9,4,0,5000,33,task,0.18559999763965607
6,maintained film-category cue + retrieval monitoring,Film-category cue present,"Retrieval
monitoring",True,False,True,0.0,1.0,0.0,Film reminder + strong task encoding,High endpoint,With reminder,Strong task encoding,2.0,0.9,4,0,5000,34,task,0.12219999730587006
6,maintained film-category cue + retrieval monitoring,Film-category cue present,"Retrieval
monitoring",True,False,True,0.0,1.0,0.0,Film reminder + strong task encoding,High endpoint,With reminder,Strong task encoding,2.0,0.9,4,0,5000,35,task,0.09099999815225601
6,maintained film-category cue + retrieval monitoring,Film-category cue present,"Retrieval
monitoring",True,False,True,0.0,1.0,0.0,Film reminder + strong task encoding,High endpoint,With reminder,Strong task encoding,2.0,0.9,4,0,5000,36,task,0.06360000371932983
6,maintained film-category cue + retrieval monitoring,Film-category cue present,"Retrieval
monitoring",True,False,True,0.0,1.0,0.0,Film reminder + strong task encoding,High endpoint,With reminder,Strong task encoding,2.0,0.9,4,0,5000,37,task,0.044199999421834946
6,maintained film-category cue + retrieval monitoring,Film-category cue present,"Retrieval
monitoring",True,False,True,0.0,1.0,0.0,Film reminder + strong task encoding,High endpoint,With reminder,Strong task encoding,2.0,0.9,4,0,5000,38,task,0.026799999177455902
6,maintained film-category cue + retrieval monitoring,Film-category cue present,"Retrieval
monitoring",True,False,True,0.0,1.0,0.0,Film reminder + strong task encoding,High endpoint,With reminder,Strong task encoding,2.0,0.9,4,0,5000,39,task,0.022199999541044235
6,maintained film-category cue + retrieval monitoring,Film-category cue present,"Retrieval
monitoring",True,False,True,0.0,1.0,0.0,Film reminder + strong task encoding,High endpoint,With reminder,Strong task encoding,2.0,0.9,4,0,5000,40,task,0.014999999664723873
6,maintained film-category cue + retrieval monitoring,Film-category cue present,"Retrieval
monitoring",True,False,True,0.0,1.0,0.0,Film reminder + strong task encoding,High endpoint,With reminder,Strong task encoding,2.0,0.9,4,0,5000,41,task,0.010599999688565731
6,maintained film-category cue + retrieval monitoring,Film-category cue present,"Retrieval
monitoring",True,False,True,0.0,1.0,0.0,Film reminder + strong task encoding,High endpoint,With reminder,Strong task encoding,2.0,0.9,4,0,5000,42,task,0.006200000178068876
6,maintained film-category cue + retrieval monitoring,Film-category cue present,"Retrieval
monitoring",True,False,True,0.0,1.0,0.0,Film reminder + strong task encoding,High endpoint,With reminder,Strong task encoding,2.0,0.9,4,0,5000,43,task,0.005799999926239252
6,maintained film-category cue + retrieval monitoring,Film-category cue present,"Retrieval
monitoring",True,False,True,0.0,1.0,0.0,Film reminder + strong task encoding,High endpoint,With reminder,Strong task encoding,2.0,0.9,4,0,5000,44,task,0.005200000014156103
6,maintained film-category cue + retrieval monitoring,Film-category cue present,"Retrieval
monitoring",True,False,True,0.0,1.0,0.0,Film reminder + strong task encoding,High endpoint,With reminder,Strong task encoding,2.0,0.9,4,0,5000,45,task,0.0031999999191612005
6,maintained film-category cue + retrieval monitoring,Film-category cue present,"Retrieval
monitoring",True,False,True,0.0,1.0,0.0,Film reminder + strong task encoding,High endpoint,With reminder,Strong task encoding,2.0,0.9,4,0,5000,46,task,0.002400000113993883
6,maintained film-category cue + retrieval monitoring,Film-category cue present,"Retrieval
monitoring",True,False,True,0.0,1.0,0.0,Film reminder + strong task encoding,High endpoint,With reminder,Strong task encoding,2.0,0.9,4,0,5000,47,task,0.0026000000070780516
6,maintained film-category cue + retrieval monitoring,Film-category cue present,"Retrieval
monitoring",True,False,True,0.0,1.0,0.0,Film reminder + strong task encoding,High endpoint,With reminder,Strong task encoding,2.0,0.9,4,0,5000,48,task,0.00279999990016222
6,maintained film-category cue + retrieval monitoring,Film-category cue present,"Retrieval
monitoring",True,False,True,0.0,1.0,0.0,Film reminder + strong task encoding,High endpoint,With reminder,Strong task encoding,2.0,0.9,4,0,5000,49,filler,0.00019999999494757503
6,maintained film-category cue + retrieval monitoring,Film-category cue present,"Retrieval
monitoring",True,False,True,0.0,1.0,0.0,Film reminder + strong task encoding,High endpoint,With reminder,Strong task encoding,2.0,0.9,4,0,5000,50,filler,0.00019999999494757503
6,maintained film-category cue + retrieval monitoring,Film-category cue present,"Retrieval
monitoring",True,False,True,0.0,1.0,0.0,Film reminder + strong task encoding,High endpoint,With reminder,Strong task encoding,2.0,0.9,4,0,5000,51,filler,0.00019999999494757503
6,maintained film-category cue + retrieval monitoring,Film-category cue present,"Retrieval
monitoring",True,False,True,0.0,1.0,0.0,Film reminder + strong task encoding,High endpoint,With reminder,Strong task encoding,2.0,0.9,4,0,5000,52,filler,0.0006000000284984708
6,maintained film-category cue + retrieval monitoring,Film-category cue present,"Retrieval
monitoring",True,False,True,0.0,1.0,0.0,Film reminder + strong task encoding,High endpoint,With reminder,Strong task encoding,2.0,0.9,4,0,5000,53,filler,0.00039999998989515007
6,maintained film-category cue + retrieval monitoring,Film-category cue present,"Retrieval
monitoring",True,False,True,0.0,1.0,0.0,Film reminder + strong task encoding,High endpoint,With reminder,Strong task encoding,2.0,0.9,4,0,5000,54,filler,0.00039999998989515007
6,maintained film-category cue + retrieval monitoring,Film-category cue present,"Retrieval
monitoring",True,False,True,0.0,1.0,0.0,Film reminder + strong task encoding,High endpoint,With reminder,Strong task encoding,2.0,0.9,4,0,5000,55,filler,0.00019999999494757503
6,maintained film-category cue + retrieval monitoring,Film-category cue present,"Retrieval
monitoring",True,False,True,0.0,1.0,0.0,Film reminder + strong task encoding,High endpoint,With reminder,Strong task encoding,2.0,0.9,4,0,5000,56,filler,0.0007999999797903001
6,maintained film-category cue + retrieval monitoring,Film-category cue present,"Retrieval
monitoring",True,False,True,0.0,1.0,0.0,Film reminder + strong task encoding,High endpoint,With reminder,Strong task encoding,2.0,0.9,4,0,5000,57,filler,0.0007999999797903001
6,maintained film-category cue + retrieval monitoring,Film-category cue present,"Retrieval
monitoring",True,False,True,0.0,1.0,0.0,Film reminder + strong task encoding,High endpoint,With reminder,Strong task encoding,2.0,0.9,4,0,5000,58,filler,0.0012000000569969416
6,maintained film-category cue + retrieval monitoring,Film-category cue present,"Retrieval
monitoring",True,False,True,0.0,1.0,0.0,Film reminder + strong task encoding,High endpoint,With reminder,Strong task encoding,2.0,0.9,4,0,5000,59,filler,0.00279999990016222
6,maintained film-category cue + retrieval monitoring,Film-category cue present,"Retrieval
monitoring",True,False,True,0.0,1.0,0.0,Film reminder + strong task encoding,High endpoint,With reminder,Strong task encoding,2.0,0.9,4,0,5000,60,filler,0.0026000000070780516
6,maintained film-category cue + retrieval monitoring,Film-category cue present,"Retrieval
monitoring",True,False,True,0.0,1.0,0.0,Film reminder + strong task encoding,High endpoint,With reminder,Strong task encoding,2.0,0.9,4,0,5000,61,filler,0.004000000189989805
6,maintained film-category cue + retrieval monitoring,Film-category cue present,"Retrieval
monitoring",True,False,True,0.0,1.0,0.0,Film reminder + strong task encoding,High endpoint,With reminder,Strong task encoding,2.0,0.9,4,0,5000,62,filler,0.005799999926239252
6,maintained film-category cue + retrieval monitoring,Film-category cue present,"Retrieval
monitoring",True,False,True,0.0,1.0,0.0,Film reminder + strong task encoding,High endpoint,With reminder,Strong task encoding,2.0,0.9,4,0,5000,63,filler,0.009200000204145908
6,maintained film-category cue + retrieval monitoring,Film-category cue present,"Retrieval
monitoring",True,False,True,0.0,1.0,0.0,Film reminder + strong task encoding,High endpoint,With reminder,Strong task encoding,2.0,0.9,4,0,5000,64,filler,0.012199999764561653
7,maintained film-category cue + start-of-film reinstatement,Film-category cue present,"Start-of-film
reinstatement",True,True,False,1.0,1.0,1.0,No reminder + weak task encoding,Low endpoint,No reminder,Weak task encoding,1.0,0.9,4,0,5000,1,film,0.4027999937534332
7,maintained film-category cue + start-of-film reinstatement,Film-category cue present,"Start-of-film
reinstatement",True,True,False,1.0,1.0,1.0,No reminder + weak task encoding,Low endpoint,No reminder,Weak task encoding,1.0,0.9,4,0,5000,2,film,0.42419999837875366
7,maintained film-category cue + start-of-film reinstatement,Film-category cue present,"Start-of-film
reinstatement",True,True,False,1.0,1.0,1.0,No reminder + weak task encoding,Low endpoint,No reminder,Weak task encoding,1.0,0.9,4,0,5000,3,film,0.44760000705718994
7,maintained film-category cue + start-of-film reinstatement,Film-category cue present,"Start-of-film
reinstatement",True,True,False,1.0,1.0,1.0,No reminder + weak task encoding,Low endpoint,No reminder,Weak task encoding,1.0,0.9,4,0,5000,4,film,0.46480000019073486
7,maintained film-category cue + start-of-film reinstatement,Film-category cue present,"Start-of-film
reinstatement",True,True,False,1.0,1.0,1.0,No reminder + weak task encoding,Low endpoint,No reminder,Weak task encoding,1.0,0.9,4,0,5000,5,film,0.47839999198913574
7,maintained film-category cue + start-of-film reinstatement,Film-category cue present,"Start-of-film
reinstatement",True,True,False,1.0,1.0,1.0,No reminder + weak task encoding,Low endpoint,No reminder,Weak task encoding,1.0,0.9,4,0,5000,6,film,0.4729999899864197
7,maintained film-category cue + start-of-film reinstatement,Film-category cue present,"Start-of-film
reinstatement",True,True,False,1.0,1.0,1.0,No reminder + weak task encoding,Low endpoint,No reminder,Weak task encoding,1.0,0.9,4,0,5000,7,film,0.49559998512268066
7,maintained film-category cue + start-of-film reinstatement,Film-category cue present,"Start-of-film
reinstatement",True,True,False,1.0,1.0,1.0,No reminder + weak task encoding,Low endpoint,No reminder,Weak task encoding,1.0,0.9,4,0,5000,8,film,0.5026000142097473
7,maintained film-category cue + start-of-film reinstatement,Film-category cue present,"Start-of-film
reinstatement",True,True,False,1.0,1.0,1.0,No reminder + weak task encoding,Low endpoint,No reminder,Weak task encoding,1.0,0.9,4,0,5000,9,film,0.5153999924659729
7,maintained film-category cue + start-of-film reinstatement,Film-category cue present,"Start-of-film
reinstatement",True,True,False,1.0,1.0,1.0,No reminder + weak task encoding,Low endpoint,No reminder,Weak task encoding,1.0,0.9,4,0,5000,10,film,0.49939998984336853
7,maintained film-category cue + start-of-film reinstatement,Film-category cue present,"Start-of-film
reinstatement",True,True,False,1.0,1.0,1.0,No reminder + weak task encoding,Low endpoint,No reminder,Weak task encoding,1.0,0.9,4,0,5000,11,film,0.498199999332428
7,maintained film-category cue + start-of-film reinstatement,Film-category cue present,"Start-of-film
reinstatement",True,True,False,1.0,1.0,1.0,No reminder + weak task encoding,Low endpoint,No reminder,Weak task encoding,1.0,0.9,4,0,5000,12,film,0.4968000054359436
7,maintained film-category cue + start-of-film reinstatement,Film-category cue present,"Start-of-film
reinstatement",True,True,False,1.0,1.0,1.0,No reminder + weak task encoding,Low endpoint,No reminder,Weak task encoding,1.0,0.9,4,0,5000,13,film,0.49219998717308044
7,maintained film-category cue + start-of-film reinstatement,Film-category cue present,"Start-of-film
reinstatement",True,True,False,1.0,1.0,1.0,No reminder + weak task encoding,Low endpoint,No reminder,Weak task encoding,1.0,0.9,4,0,5000,14,film,0.4731999933719635
7,maintained film-category cue + start-of-film reinstatement,Film-category cue present,"Start-of-film
reinstatement",True,True,False,1.0,1.0,1.0,No reminder + weak task encoding,Low endpoint,No reminder,Weak task encoding,1.0,0.9,4,0,5000,15,film,0.45899999141693115
7,maintained film-category cue + start-of-film reinstatement,Film-category cue present,"Start-of-film
reinstatement",True,True,False,1.0,1.0,1.0,No reminder + weak task encoding,Low endpoint,No reminder,Weak task encoding,1.0,0.9,4,0,5000,16,film,0.4551999866962433
7,maintained film-category cue + start-of-film reinstatement,Film-category cue present,"Start-of-film
reinstatement",True,True,False,1.0,1.0,1.0,No reminder + weak task encoding,Low endpoint,No reminder,Weak task encoding,1.0,0.9,4,0,5000,17,break,0.01640000008046627
7,maintained film-category cue + start-of-film reinstatement,Film-category cue present,"Start-of-film
reinstatement",True,True,False,1.0,1.0,1.0,No reminder + weak task encoding,Low endpoint,No reminder,Weak task encoding,1.0,0.9,4,0,5000,18,break,0.009399999864399433
7,maintained film-category cue + start-of-film reinstatement,Film-category cue present,"Start-of-film
reinstatement",True,True,False,1.0,1.0,1.0,No reminder + weak task encoding,Low endpoint,No reminder,Weak task encoding,1.0,0.9,4,0,5000,19,break,0.007799999788403511
7,maintained film-category cue + start-of-film reinstatement,Film-category cue present,"Start-of-film
reinstatement",True,True,False,1.0,1.0,1.0,No reminder + weak task encoding,Low endpoint,No reminder,Weak task encoding,1.0,0.9,4,0,5000,20,break,0.003800000064074993
7,maintained film-category cue + start-of-film reinstatement,Film-category cue present,"Start-of-film
reinstatement",True,True,False,1.0,1.0,1.0,No reminder + weak task encoding,Low endpoint,No reminder,Weak task encoding,1.0,0.9,4,0,5000,21,break,0.002400000113993883
7,maintained film-category cue + start-of-film reinstatement,Film-category cue present,"Start-of-film
reinstatement",True,True,False,1.0,1.0,1.0,No reminder + weak task encoding,Low endpoint,No reminder,Weak task encoding,1.0,0.9,4,0,5000,22,break,0.002199999988079071
7,maintained film-category cue + start-of-film reinstatement,Film-category cue present,"Start-of-film
reinstatement",True,True,False,1.0,1.0,1.0,No reminder + weak task encoding,Low endpoint,No reminder,Weak task encoding,1.0,0.9,4,0,5000,23,break,0.0017999999690800905
7,maintained film-category cue + start-of-film reinstatement,Film-category cue present,"Start-of-film
reinstatement",True,True,False,1.0,1.0,1.0,No reminder + weak task encoding,Low endpoint,No reminder,Weak task encoding,1.0,0.9,4,0,5000,24,break,0.0010000000474974513
7,maintained film-category cue + start-of-film reinstatement,Film-category cue present,"Start-of-film
reinstatement",True,True,False,1.0,1.0,1.0,No reminder + weak task encoding,Low endpoint,No reminder,Weak task encoding,1.0,0.9,4,0,5000,25,break,0.00039999998989515007
7,maintained film-category cue + start-of-film reinstatement,Film-category cue present,"Start-of-film
reinstatement",True,True,False,1.0,1.0,1.0,No reminder + weak task encoding,Low endpoint,No reminder,Weak task encoding,1.0,0.9,4,0,5000,26,break,0.00039999998989515007
7,maintained film-category cue + start-of-film reinstatement,Film-category cue present,"Start-of-film
reinstatement",True,True,False,1.0,1.0,1.0,No reminder + weak task encoding,Low endpoint,No reminder,Weak task encoding,1.0,0.9,4,0,5000,27,break,0.0
7,maintained film-category cue + start-of-film reinstatement,Film-category cue present,"Start-of-film
reinstatement",True,True,False,1.0,1.0,1.0,No reminder + weak task encoding,Low endpoint,No reminder,Weak task encoding,1.0,0.9,4,0,5000,28,break,0.0
7,maintained film-category cue + start-of-film reinstatement,Film-category cue present,"Start-of-film
reinstatement",True,True,False,1.0,1.0,1.0,No reminder + weak task encoding,Low endpoint,No reminder,Weak task encoding,1.0,0.9,4,0,5000,29,break,0.0
7,maintained film-category cue + start-of-film reinstatement,Film-category cue present,"Start-of-film
reinstatement",True,True,False,1.0,1.0,1.0,No reminder + weak task encoding,Low endpoint,No reminder,Weak task encoding,1.0,0.9,4,0,5000,30,break,0.0
7,maintained film-category cue + start-of-film reinstatement,Film-category cue present,"Start-of-film
reinstatement",True,True,False,1.0,1.0,1.0,No reminder + weak task encoding,Low endpoint,No reminder,Weak task encoding,1.0,0.9,4,0,5000,31,break,0.0
7,maintained film-category cue + start-of-film reinstatement,Film-category cue present,"Start-of-film
reinstatement",True,True,False,1.0,1.0,1.0,No reminder + weak task encoding,Low endpoint,No reminder,Weak task encoding,1.0,0.9,4,0,5000,32,break,0.0
7,maintained film-category cue + start-of-film reinstatement,Film-category cue present,"Start-of-film
reinstatement",True,True,False,1.0,1.0,1.0,No reminder + weak task encoding,Low endpoint,No reminder,Weak task encoding,1.0,0.9,4,0,5000,33,task,0.0
7,maintained film-category cue + start-of-film reinstatement,Film-category cue present,"Start-of-film
reinstatement",True,True,False,1.0,1.0,1.0,No reminder + weak task encoding,Low endpoint,No reminder,Weak task encoding,1.0,0.9,4,0,5000,34,task,0.0
7,maintained film-category cue + start-of-film reinstatement,Film-category cue present,"Start-of-film
reinstatement",True,True,False,1.0,1.0,1.0,No reminder + weak task encoding,Low endpoint,No reminder,Weak task encoding,1.0,0.9,4,0,5000,35,task,0.0
7,maintained film-category cue + start-of-film reinstatement,Film-category cue present,"Start-of-film
reinstatement",True,True,False,1.0,1.0,1.0,No reminder + weak task encoding,Low endpoint,No reminder,Weak task encoding,1.0,0.9,4,0,5000,36,task,0.0
7,maintained film-category cue + start-of-film reinstatement,Film-category cue present,"Start-of-film
reinstatement",True,True,False,1.0,1.0,1.0,No reminder + weak task encoding,Low endpoint,No reminder,Weak task encoding,1.0,0.9,4,0,5000,37,task,0.0
7,maintained film-category cue + start-of-film reinstatement,Film-category cue present,"Start-of-film
reinstatement",True,True,False,1.0,1.0,1.0,No reminder + weak task encoding,Low endpoint,No reminder,Weak task encoding,1.0,0.9,4,0,5000,38,task,0.0
7,maintained film-category cue + start-of-film reinstatement,Film-category cue present,"Start-of-film
reinstatement",True,True,False,1.0,1.0,1.0,No reminder + weak task encoding,Low endpoint,No reminder,Weak task encoding,1.0,0.9,4,0,5000,39,task,0.0
7,maintained film-category cue + start-of-film reinstatement,Film-category cue present,"Start-of-film
reinstatement",True,True,False,1.0,1.0,1.0,No reminder + weak task encoding,Low endpoint,No reminder,Weak task encoding,1.0,0.9,4,0,5000,40,task,0.0
7,maintained film-category cue + start-of-film reinstatement,Film-category cue present,"Start-of-film
reinstatement",True,True,False,1.0,1.0,1.0,No reminder + weak task encoding,Low endpoint,No reminder,Weak task encoding,1.0,0.9,4,0,5000,41,task,0.0
7,maintained film-category cue + start-of-film reinstatement,Film-category cue present,"Start-of-film
reinstatement",True,True,False,1.0,1.0,1.0,No reminder + weak task encoding,Low endpoint,No reminder,Weak task encoding,1.0,0.9,4,0,5000,42,task,0.0
7,maintained film-category cue + start-of-film reinstatement,Film-category cue present,"Start-of-film
reinstatement",True,True,False,1.0,1.0,1.0,No reminder + weak task encoding,Low endpoint,No reminder,Weak task encoding,1.0,0.9,4,0,5000,43,task,0.0
7,maintained film-category cue + start-of-film reinstatement,Film-category cue present,"Start-of-film
reinstatement",True,True,False,1.0,1.0,1.0,No reminder + weak task encoding,Low endpoint,No reminder,Weak task encoding,1.0,0.9,4,0,5000,44,task,0.0
7,maintained film-category cue + start-of-film reinstatement,Film-category cue present,"Start-of-film
reinstatement",True,True,False,1.0,1.0,1.0,No reminder + weak task encoding,Low endpoint,No reminder,Weak task encoding,1.0,0.9,4,0,5000,45,task,0.0
7,maintained film-category cue + start-of-film reinstatement,Film-category cue present,"Start-of-film
reinstatement",True,True,False,1.0,1.0,1.0,No reminder + weak task encoding,Low endpoint,No reminder,Weak task encoding,1.0,0.9,4,0,5000,46,task,0.0
7,maintained film-category cue + start-of-film reinstatement,Film-category cue present,"Start-of-film
reinstatement",True,True,False,1.0,1.0,1.0,No reminder + weak task encoding,Low endpoint,No reminder,Weak task encoding,1.0,0.9,4,0,5000,47,task,0.0
7,maintained film-category cue + start-of-film reinstatement,Film-category cue present,"Start-of-film
reinstatement",True,True,False,1.0,1.0,1.0,No reminder + weak task encoding,Low endpoint,No reminder,Weak task encoding,1.0,0.9,4,0,5000,48,task,0.0
7,maintained film-category cue + start-of-film reinstatement,Film-category cue present,"Start-of-film
reinstatement",True,True,False,1.0,1.0,1.0,No reminder + weak task encoding,Low endpoint,No reminder,Weak task encoding,1.0,0.9,4,0,5000,49,filler,0.0
7,maintained film-category cue + start-of-film reinstatement,Film-category cue present,"Start-of-film
reinstatement",True,True,False,1.0,1.0,1.0,No reminder + weak task encoding,Low endpoint,No reminder,Weak task encoding,1.0,0.9,4,0,5000,50,filler,0.0
7,maintained film-category cue + start-of-film reinstatement,Film-category cue present,"Start-of-film
reinstatement",True,True,False,1.0,1.0,1.0,No reminder + weak task encoding,Low endpoint,No reminder,Weak task encoding,1.0,0.9,4,0,5000,51,filler,0.0
7,maintained film-category cue + start-of-film reinstatement,Film-category cue present,"Start-of-film
reinstatement",True,True,False,1.0,1.0,1.0,No reminder + weak task encoding,Low endpoint,No reminder,Weak task encoding,1.0,0.9,4,0,5000,52,filler,0.0
7,maintained film-category cue + start-of-film reinstatement,Film-category cue present,"Start-of-film
reinstatement",True,True,False,1.0,1.0,1.0,No reminder + weak task encoding,Low endpoint,No reminder,Weak task encoding,1.0,0.9,4,0,5000,53,filler,0.0
7,maintained film-category cue + start-of-film reinstatement,Film-category cue present,"Start-of-film
reinstatement",True,True,False,1.0,1.0,1.0,No reminder + weak task encoding,Low endpoint,No reminder,Weak task encoding,1.0,0.9,4,0,5000,54,filler,0.00019999999494757503
7,maintained film-category cue + start-of-film reinstatement,Film-category cue present,"Start-of-film
reinstatement",True,True,False,1.0,1.0,1.0,No reminder + weak task encoding,Low endpoint,No reminder,Weak task encoding,1.0,0.9,4,0,5000,55,filler,0.00019999999494757503
7,maintained film-category cue + start-of-film reinstatement,Film-category cue present,"Start-of-film
reinstatement",True,True,False,1.0,1.0,1.0,No reminder + weak task encoding,Low endpoint,No reminder,Weak task encoding,1.0,0.9,4,0,5000,56,filler,0.0
7,maintained film-category cue + start-of-film reinstatement,Film-category cue present,"Start-of-film
reinstatement",True,True,False,1.0,1.0,1.0,No reminder + weak task encoding,Low endpoint,No reminder,Weak task encoding,1.0,0.9,4,0,5000,57,filler,0.0
7,maintained film-category cue + start-of-film reinstatement,Film-category cue present,"Start-of-film
reinstatement",True,True,False,1.0,1.0,1.0,No reminder + weak task encoding,Low endpoint,No reminder,Weak task encoding,1.0,0.9,4,0,5000,58,filler,0.0
7,maintained film-category cue + start-of-film reinstatement,Film-category cue present,"Start-of-film
reinstatement",True,True,False,1.0,1.0,1.0,No reminder + weak task encoding,Low endpoint,No reminder,Weak task encoding,1.0,0.9,4,0,5000,59,filler,0.00039999998989515007
7,maintained film-category cue + start-of-film reinstatement,Film-category cue present,"Start-of-film
reinstatement",True,True,False,1.0,1.0,1.0,No reminder + weak task encoding,Low endpoint,No reminder,Weak task encoding,1.0,0.9,4,0,5000,60,filler,0.00039999998989515007
7,maintained film-category cue + start-of-film reinstatement,Film-category cue present,"Start-of-film
reinstatement",True,True,False,1.0,1.0,1.0,No reminder + weak task encoding,Low endpoint,No reminder,Weak task encoding,1.0,0.9,4,0,5000,61,filler,0.00039999998989515007
7,maintained film-category cue + start-of-film reinstatement,Film-category cue present,"Start-of-film
reinstatement",True,True,False,1.0,1.0,1.0,No reminder + weak task encoding,Low endpoint,No reminder,Weak task encoding,1.0,0.9,4,0,5000,62,filler,0.0010000000474974513
7,maintained film-category cue + start-of-film reinstatement,Film-category cue present,"Start-of-film
reinstatement",True,True,False,1.0,1.0,1.0,No reminder + weak task encoding,Low endpoint,No reminder,Weak task encoding,1.0,0.9,4,0,5000,63,filler,0.0010000000474974513
7,maintained film-category cue + start-of-film reinstatement,Film-category cue present,"Start-of-film
reinstatement",True,True,False,1.0,1.0,1.0,No reminder + weak task encoding,Low endpoint,No reminder,Weak task encoding,1.0,0.9,4,0,5000,64,filler,0.0010000000474974513
7,maintained film-category cue + start-of-film reinstatement,Film-category cue present,"Start-of-film
reinstatement",True,True,False,1.0,1.0,1.0,Film reminder + strong task encoding,High endpoint,With reminder,Strong task encoding,2.0,0.9,4,0,5000,1,film,0.3700000047683716
7,maintained film-category cue + start-of-film reinstatement,Film-category cue present,"Start-of-film
reinstatement",True,True,False,1.0,1.0,1.0,Film reminder + strong task encoding,High endpoint,With reminder,Strong task encoding,2.0,0.9,4,0,5000,2,film,0.3799999952316284
7,maintained film-category cue + start-of-film reinstatement,Film-category cue present,"Start-of-film
reinstatement",True,True,False,1.0,1.0,1.0,Film reminder + strong task encoding,High endpoint,With reminder,Strong task encoding,2.0,0.9,4,0,5000,3,film,0.39419999718666077
7,maintained film-category cue + start-of-film reinstatement,Film-category cue present,"Start-of-film
reinstatement",True,True,False,1.0,1.0,1.0,Film reminder + strong task encoding,High endpoint,With reminder,Strong task encoding,2.0,0.9,4,0,5000,4,film,0.40540000796318054
7,maintained film-category cue + start-of-film reinstatement,Film-category cue present,"Start-of-film
reinstatement",True,True,False,1.0,1.0,1.0,Film reminder + strong task encoding,High endpoint,With reminder,Strong task encoding,2.0,0.9,4,0,5000,5,film,0.4275999963283539
7,maintained film-category cue + start-of-film reinstatement,Film-category cue present,"Start-of-film
reinstatement",True,True,False,1.0,1.0,1.0,Film reminder + strong task encoding,High endpoint,With reminder,Strong task encoding,2.0,0.9,4,0,5000,6,film,0.4251999855041504
7,maintained film-category cue + start-of-film reinstatement,Film-category cue present,"Start-of-film
reinstatement",True,True,False,1.0,1.0,1.0,Film reminder + strong task encoding,High endpoint,With reminder,Strong task encoding,2.0,0.9,4,0,5000,7,film,0.43619999289512634
7,maintained film-category cue + start-of-film reinstatement,Film-category cue present,"Start-of-film
reinstatement",True,True,False,1.0,1.0,1.0,Film reminder + strong task encoding,High endpoint,With reminder,Strong task encoding,2.0,0.9,4,0,5000,8,film,0.45840001106262207
7,maintained film-category cue + start-of-film reinstatement,Film-category cue present,"Start-of-film
reinstatement",True,True,False,1.0,1.0,1.0,Film reminder + strong task encoding,High endpoint,With reminder,Strong task encoding,2.0,0.9,4,0,5000,9,film,0.4636000096797943
7,maintained film-category cue + start-of-film reinstatement,Film-category cue present,"Start-of-film
reinstatement",True,True,False,1.0,1.0,1.0,Film reminder + strong task encoding,High endpoint,With reminder,Strong task encoding,2.0,0.9,4,0,5000,10,film,0.45680001378059387
7,maintained film-category cue + start-of-film reinstatement,Film-category cue present,"Start-of-film
reinstatement",True,True,False,1.0,1.0,1.0,Film reminder + strong task encoding,High endpoint,With reminder,Strong task encoding,2.0,0.9,4,0,5000,11,film,0.44940000772476196
7,maintained film-category cue + start-of-film reinstatement,Film-category cue present,"Start-of-film
reinstatement",True,True,False,1.0,1.0,1.0,Film reminder + strong task encoding,High endpoint,With reminder,Strong task encoding,2.0,0.9,4,0,5000,12,film,0.4650000035762787
7,maintained film-category cue + start-of-film reinstatement,Film-category cue present,"Start-of-film
reinstatement",True,True,False,1.0,1.0,1.0,Film reminder + strong task encoding,High endpoint,With reminder,Strong task encoding,2.0,0.9,4,0,5000,13,film,0.45660001039505005
7,maintained film-category cue + start-of-film reinstatement,Film-category cue present,"Start-of-film
reinstatement",True,True,False,1.0,1.0,1.0,Film reminder + strong task encoding,High endpoint,With reminder,Strong task encoding,2.0,0.9,4,0,5000,14,film,0.42579999566078186
7,maintained film-category cue + start-of-film reinstatement,Film-category cue present,"Start-of-film
reinstatement",True,True,False,1.0,1.0,1.0,Film reminder + strong task encoding,High endpoint,With reminder,Strong task encoding,2.0,0.9,4,0,5000,15,film,0.4205999970436096
7,maintained film-category cue + start-of-film reinstatement,Film-category cue present,"Start-of-film
reinstatement",True,True,False,1.0,1.0,1.0,Film reminder + strong task encoding,High endpoint,With reminder,Strong task encoding,2.0,0.9,4,0,5000,16,film,0.4043999910354614
7,maintained film-category cue + start-of-film reinstatement,Film-category cue present,"Start-of-film
reinstatement",True,True,False,1.0,1.0,1.0,Film reminder + strong task encoding,High endpoint,With reminder,Strong task encoding,2.0,0.9,4,0,5000,17,break,0.012000000104308128
7,maintained film-category cue + start-of-film reinstatement,Film-category cue present,"Start-of-film
reinstatement",True,True,False,1.0,1.0,1.0,Film reminder + strong task encoding,High endpoint,With reminder,Strong task encoding,2.0,0.9,4,0,5000,18,break,0.008799999952316284
7,maintained film-category cue + start-of-film reinstatement,Film-category cue present,"Start-of-film
reinstatement",True,True,False,1.0,1.0,1.0,Film reminder + strong task encoding,High endpoint,With reminder,Strong task encoding,2.0,0.9,4,0,5000,19,break,0.005799999926239252
7,maintained film-category cue + start-of-film reinstatement,Film-category cue present,"Start-of-film
reinstatement",True,True,False,1.0,1.0,1.0,Film reminder + strong task encoding,High endpoint,With reminder,Strong task encoding,2.0,0.9,4,0,5000,20,break,0.004000000189989805
7,maintained film-category cue + start-of-film reinstatement,Film-category cue present,"Start-of-film
reinstatement",True,True,False,1.0,1.0,1.0,Film reminder + strong task encoding,High endpoint,With reminder,Strong task encoding,2.0,0.9,4,0,5000,21,break,0.00279999990016222
7,maintained film-category cue + start-of-film reinstatement,Film-category cue present,"Start-of-film
reinstatement",True,True,False,1.0,1.0,1.0,Film reminder + strong task encoding,High endpoint,With reminder,Strong task encoding,2.0,0.9,4,0,5000,22,break,0.002400000113993883
7,maintained film-category cue + start-of-film reinstatement,Film-category cue present,"Start-of-film
reinstatement",True,True,False,1.0,1.0,1.0,Film reminder + strong task encoding,High endpoint,With reminder,Strong task encoding,2.0,0.9,4,0,5000,23,break,0.0010000000474974513
7,maintained film-category cue + start-of-film reinstatement,Film-category cue present,"Start-of-film
reinstatement",True,True,False,1.0,1.0,1.0,Film reminder + strong task encoding,High endpoint,With reminder,Strong task encoding,2.0,0.9,4,0,5000,24,break,0.0010000000474974513
7,maintained film-category cue + start-of-film reinstatement,Film-category cue present,"Start-of-film
reinstatement",True,True,False,1.0,1.0,1.0,Film reminder + strong task encoding,High endpoint,With reminder,Strong task encoding,2.0,0.9,4,0,5000,25,break,0.0010000000474974513
7,maintained film-category cue + start-of-film reinstatement,Film-category cue present,"Start-of-film
reinstatement",True,True,False,1.0,1.0,1.0,Film reminder + strong task encoding,High endpoint,With reminder,Strong task encoding,2.0,0.9,4,0,5000,26,break,0.0006000000284984708
7,maintained film-category cue + start-of-film reinstatement,Film-category cue present,"Start-of-film
reinstatement",True,True,False,1.0,1.0,1.0,Film reminder + strong task encoding,High endpoint,With reminder,Strong task encoding,2.0,0.9,4,0,5000,27,break,0.0007999999797903001
7,maintained film-category cue + start-of-film reinstatement,Film-category cue present,"Start-of-film
reinstatement",True,True,False,1.0,1.0,1.0,Film reminder + strong task encoding,High endpoint,With reminder,Strong task encoding,2.0,0.9,4,0,5000,28,break,0.0
7,maintained film-category cue + start-of-film reinstatement,Film-category cue present,"Start-of-film
reinstatement",True,True,False,1.0,1.0,1.0,Film reminder + strong task encoding,High endpoint,With reminder,Strong task encoding,2.0,0.9,4,0,5000,29,break,0.0
7,maintained film-category cue + start-of-film reinstatement,Film-category cue present,"Start-of-film
reinstatement",True,True,False,1.0,1.0,1.0,Film reminder + strong task encoding,High endpoint,With reminder,Strong task encoding,2.0,0.9,4,0,5000,30,break,0.00019999999494757503
7,maintained film-category cue + start-of-film reinstatement,Film-category cue present,"Start-of-film
reinstatement",True,True,False,1.0,1.0,1.0,Film reminder + strong task encoding,High endpoint,With reminder,Strong task encoding,2.0,0.9,4,0,5000,31,break,0.00019999999494757503
7,maintained film-category cue + start-of-film reinstatement,Film-category cue present,"Start-of-film
reinstatement",True,True,False,1.0,1.0,1.0,Film reminder + strong task encoding,High endpoint,With reminder,Strong task encoding,2.0,0.9,4,0,5000,32,break,0.0
7,maintained film-category cue + start-of-film reinstatement,Film-category cue present,"Start-of-film
reinstatement",True,True,False,1.0,1.0,1.0,Film reminder + strong task encoding,High endpoint,With reminder,Strong task encoding,2.0,0.9,4,0,5000,33,task,0.18539999425411224
7,maintained film-category cue + start-of-film reinstatement,Film-category cue present,"Start-of-film
reinstatement",True,True,False,1.0,1.0,1.0,Film reminder + strong task encoding,High endpoint,With reminder,Strong task encoding,2.0,0.9,4,0,5000,34,task,0.13439999520778656
7,maintained film-category cue + start-of-film reinstatement,Film-category cue present,"Start-of-film
reinstatement",True,True,False,1.0,1.0,1.0,Film reminder + strong task encoding,High endpoint,With reminder,Strong task encoding,2.0,0.9,4,0,5000,35,task,0.10260000079870224
7,maintained film-category cue + start-of-film reinstatement,Film-category cue present,"Start-of-film
reinstatement",True,True,False,1.0,1.0,1.0,Film reminder + strong task encoding,High endpoint,With reminder,Strong task encoding,2.0,0.9,4,0,5000,36,task,0.07280000299215317
7,maintained film-category cue + start-of-film reinstatement,Film-category cue present,"Start-of-film
reinstatement",True,True,False,1.0,1.0,1.0,Film reminder + strong task encoding,High endpoint,With reminder,Strong task encoding,2.0,0.9,4,0,5000,37,task,0.04820000007748604
7,maintained film-category cue + start-of-film reinstatement,Film-category cue present,"Start-of-film
reinstatement",True,True,False,1.0,1.0,1.0,Film reminder + strong task encoding,High endpoint,With reminder,Strong task encoding,2.0,0.9,4,0,5000,38,task,0.043800000101327896
7,maintained film-category cue + start-of-film reinstatement,Film-category cue present,"Start-of-film
reinstatement",True,True,False,1.0,1.0,1.0,Film reminder + strong task encoding,High endpoint,With reminder,Strong task encoding,2.0,0.9,4,0,5000,39,task,0.03220000118017197
7,maintained film-category cue + start-of-film reinstatement,Film-category cue present,"Start-of-film
reinstatement",True,True,False,1.0,1.0,1.0,Film reminder + strong task encoding,High endpoint,With reminder,Strong task encoding,2.0,0.9,4,0,5000,40,task,0.02199999988079071
7,maintained film-category cue + start-of-film reinstatement,Film-category cue present,"Start-of-film
reinstatement",True,True,False,1.0,1.0,1.0,Film reminder + strong task encoding,High endpoint,With reminder,Strong task encoding,2.0,0.9,4,0,5000,41,task,0.016200000420212746
7,maintained film-category cue + start-of-film reinstatement,Film-category cue present,"Start-of-film
reinstatement",True,True,False,1.0,1.0,1.0,Film reminder + strong task encoding,High endpoint,With reminder,Strong task encoding,2.0,0.9,4,0,5000,42,task,0.013199999928474426
7,maintained film-category cue + start-of-film reinstatement,Film-category cue present,"Start-of-film
reinstatement",True,True,False,1.0,1.0,1.0,Film reminder + strong task encoding,High endpoint,With reminder,Strong task encoding,2.0,0.9,4,0,5000,43,task,0.01119999960064888
7,maintained film-category cue + start-of-film reinstatement,Film-category cue present,"Start-of-film
reinstatement",True,True,False,1.0,1.0,1.0,Film reminder + strong task encoding,High endpoint,With reminder,Strong task encoding,2.0,0.9,4,0,5000,44,task,0.006800000090152025
7,maintained film-category cue + start-of-film reinstatement,Film-category cue present,"Start-of-film
reinstatement",True,True,False,1.0,1.0,1.0,Film reminder + strong task encoding,High endpoint,With reminder,Strong task encoding,2.0,0.9,4,0,5000,45,task,0.004800000227987766
7,maintained film-category cue + start-of-film reinstatement,Film-category cue present,"Start-of-film
reinstatement",True,True,False,1.0,1.0,1.0,Film reminder + strong task encoding,High endpoint,With reminder,Strong task encoding,2.0,0.9,4,0,5000,46,task,0.004600000102072954
7,maintained film-category cue + start-of-film reinstatement,Film-category cue present,"Start-of-film
reinstatement",True,True,False,1.0,1.0,1.0,Film reminder + strong task encoding,High endpoint,With reminder,Strong task encoding,2.0,0.9,4,0,5000,47,task,0.002400000113993883
7,maintained film-category cue + start-of-film reinstatement,Film-category cue present,"Start-of-film
reinstatement",True,True,False,1.0,1.0,1.0,Film reminder + strong task encoding,High endpoint,With reminder,Strong task encoding,2.0,0.9,4,0,5000,48,task,0.002199999988079071
7,maintained film-category cue + start-of-film reinstatement,Film-category cue present,"Start-of-film
reinstatement",True,True,False,1.0,1.0,1.0,Film reminder + strong task encoding,High endpoint,With reminder,Strong task encoding,2.0,0.9,4,0,5000,49,filler,0.0
7,maintained film-category cue + start-of-film reinstatement,Film-category cue present,"Start-of-film
reinstatement",True,True,False,1.0,1.0,1.0,Film reminder + strong task encoding,High endpoint,With reminder,Strong task encoding,2.0,0.9,4,0,5000,50,filler,0.00019999999494757503
7,maintained film-category cue + start-of-film reinstatement,Film-category cue present,"Start-of-film
reinstatement",True,True,False,1.0,1.0,1.0,Film reminder + strong task encoding,High endpoint,With reminder,Strong task encoding,2.0,0.9,4,0,5000,51,filler,0.0
7,maintained film-category cue + start-of-film reinstatement,Film-category cue present,"Start-of-film
reinstatement",True,True,False,1.0,1.0,1.0,Film reminder + strong task encoding,High endpoint,With reminder,Strong task encoding,2.0,0.9,4,0,5000,52,filler,0.00019999999494757503
7,maintained film-category cue + start-of-film reinstatement,Film-category cue present,"Start-of-film
reinstatement",True,True,False,1.0,1.0,1.0,Film reminder + strong task encoding,High endpoint,With reminder,Strong task encoding,2.0,0.9,4,0,5000,53,filler,0.0
7,maintained film-category cue + start-of-film reinstatement,Film-category cue present,"Start-of-film
reinstatement",True,True,False,1.0,1.0,1.0,Film reminder + strong task encoding,High endpoint,With reminder,Strong task encoding,2.0,0.9,4,0,5000,54,filler,0.0
7,maintained film-category cue + start-of-film reinstatement,Film-category cue present,"Start-of-film
reinstatement",True,True,False,1.0,1.0,1.0,Film reminder + strong task encoding,High endpoint,With reminder,Strong task encoding,2.0,0.9,4,0,5000,55,filler,0.0
7,maintained film-category cue + start-of-film reinstatement,Film-category cue present,"Start-of-film
reinstatement",True,True,False,1.0,1.0,1.0,Film reminder + strong task encoding,High endpoint,With reminder,Strong task encoding,2.0,0.9,4,0,5000,56,filler,0.0
7,maintained film-category cue + start-of-film reinstatement,Film-category cue present,"Start-of-film
reinstatement",True,True,False,1.0,1.0,1.0,Film reminder + strong task encoding,High endpoint,With reminder,Strong task encoding,2.0,0.9,4,0,5000,57,filler,0.0007999999797903001
7,maintained film-category cue + start-of-film reinstatement,Film-category cue present,"Start-of-film
reinstatement",True,True,False,1.0,1.0,1.0,Film reminder + strong task encoding,High endpoint,With reminder,Strong task encoding,2.0,0.9,4,0,5000,58,filler,0.0
7,maintained film-category cue + start-of-film reinstatement,Film-category cue present,"Start-of-film
reinstatement",True,True,False,1.0,1.0,1.0,Film reminder + strong task encoding,High endpoint,With reminder,Strong task encoding,2.0,0.9,4,0,5000,59,filler,0.0006000000284984708
7,maintained film-category cue + start-of-film reinstatement,Film-category cue present,"Start-of-film
reinstatement",True,True,False,1.0,1.0,1.0,Film reminder + strong task encoding,High endpoint,With reminder,Strong task encoding,2.0,0.9,4,0,5000,60,filler,0.00039999998989515007
7,maintained film-category cue + start-of-film reinstatement,Film-category cue present,"Start-of-film
reinstatement",True,True,False,1.0,1.0,1.0,Film reminder + strong task encoding,High endpoint,With reminder,Strong task encoding,2.0,0.9,4,0,5000,61,filler,0.0007999999797903001
7,maintained film-category cue + start-of-film reinstatement,Film-category cue present,"Start-of-film
reinstatement",True,True,False,1.0,1.0,1.0,Film reminder + strong task encoding,High endpoint,With reminder,Strong task encoding,2.0,0.9,4,0,5000,62,filler,0.00139999995008111
7,maintained film-category cue + start-of-film reinstatement,Film-category cue present,"Start-of-film
reinstatement",True,True,False,1.0,1.0,1.0,Film reminder + strong task encoding,High endpoint,With reminder,Strong task encoding,2.0,0.9,4,0,5000,63,filler,0.0007999999797903001
7,maintained film-category cue + start-of-film reinstatement,Film-category cue present,"Start-of-film
reinstatement",True,True,False,1.0,1.0,1.0,Film reminder + strong task encoding,High endpoint,With reminder,Strong task encoding,2.0,0.9,4,0,5000,64,filler,0.002199999988079071
8,maintained film-category cue + start-of-film reinstatement + retrieval monitoring,Film-category cue present,"Reinstatement
+ monitoring",True,True,True,1.0,1.0,0.0,No reminder + weak task encoding,Low endpoint,No reminder,Weak task encoding,1.0,0.9,4,0,5000,1,film,0.4074000120162964
8,maintained film-category cue + start-of-film reinstatement + retrieval monitoring,Film-category cue present,"Reinstatement
+ monitoring",True,True,True,1.0,1.0,0.0,No reminder + weak task encoding,Low endpoint,No reminder,Weak task encoding,1.0,0.9,4,0,5000,2,film,0.4291999936103821
8,maintained film-category cue + start-of-film reinstatement + retrieval monitoring,Film-category cue present,"Reinstatement
+ monitoring",True,True,True,1.0,1.0,0.0,No reminder + weak task encoding,Low endpoint,No reminder,Weak task encoding,1.0,0.9,4,0,5000,3,film,0.4472000002861023
8,maintained film-category cue + start-of-film reinstatement + retrieval monitoring,Film-category cue present,"Reinstatement
+ monitoring",True,True,True,1.0,1.0,0.0,No reminder + weak task encoding,Low endpoint,No reminder,Weak task encoding,1.0,0.9,4,0,5000,4,film,0.46239998936653137
8,maintained film-category cue + start-of-film reinstatement + retrieval monitoring,Film-category cue present,"Reinstatement
+ monitoring",True,True,True,1.0,1.0,0.0,No reminder + weak task encoding,Low endpoint,No reminder,Weak task encoding,1.0,0.9,4,0,5000,5,film,0.4697999954223633
8,maintained film-category cue + start-of-film reinstatement + retrieval monitoring,Film-category cue present,"Reinstatement
+ monitoring",True,True,True,1.0,1.0,0.0,No reminder + weak task encoding,Low endpoint,No reminder,Weak task encoding,1.0,0.9,4,0,5000,6,film,0.4779999852180481
8,maintained film-category cue + start-of-film reinstatement + retrieval monitoring,Film-category cue present,"Reinstatement
+ monitoring",True,True,True,1.0,1.0,0.0,No reminder + weak task encoding,Low endpoint,No reminder,Weak task encoding,1.0,0.9,4,0,5000,7,film,0.5135999917984009
8,maintained film-category cue + start-of-film reinstatement + retrieval monitoring,Film-category cue present,"Reinstatement
+ monitoring",True,True,True,1.0,1.0,0.0,No reminder + weak task encoding,Low endpoint,No reminder,Weak task encoding,1.0,0.9,4,0,5000,8,film,0.5163999795913696
8,maintained film-category cue + start-of-film reinstatement + retrieval monitoring,Film-category cue present,"Reinstatement
+ monitoring",True,True,True,1.0,1.0,0.0,No reminder + weak task encoding,Low endpoint,No reminder,Weak task encoding,1.0,0.9,4,0,5000,9,film,0.5027999877929688
8,maintained film-category cue + start-of-film reinstatement + retrieval monitoring,Film-category cue present,"Reinstatement
+ monitoring",True,True,True,1.0,1.0,0.0,No reminder + weak task encoding,Low endpoint,No reminder,Weak task encoding,1.0,0.9,4,0,5000,10,film,0.498199999332428
8,maintained film-category cue + start-of-film reinstatement + retrieval monitoring,Film-category cue present,"Reinstatement
+ monitoring",True,True,True,1.0,1.0,0.0,No reminder + weak task encoding,Low endpoint,No reminder,Weak task encoding,1.0,0.9,4,0,5000,11,film,0.5
8,maintained film-category cue + start-of-film reinstatement + retrieval monitoring,Film-category cue present,"Reinstatement
+ monitoring",True,True,True,1.0,1.0,0.0,No reminder + weak task encoding,Low endpoint,No reminder,Weak task encoding,1.0,0.9,4,0,5000,12,film,0.49959999322891235
8,maintained film-category cue + start-of-film reinstatement + retrieval monitoring,Film-category cue present,"Reinstatement
+ monitoring",True,True,True,1.0,1.0,0.0,No reminder + weak task encoding,Low endpoint,No reminder,Weak task encoding,1.0,0.9,4,0,5000,13,film,0.49720001220703125
8,maintained film-category cue + start-of-film reinstatement + retrieval monitoring,Film-category cue present,"Reinstatement
+ monitoring",True,True,True,1.0,1.0,0.0,No reminder + weak task encoding,Low endpoint,No reminder,Weak task encoding,1.0,0.9,4,0,5000,14,film,0.47999998927116394
8,maintained film-category cue + start-of-film reinstatement + retrieval monitoring,Film-category cue present,"Reinstatement
+ monitoring",True,True,True,1.0,1.0,0.0,No reminder + weak task encoding,Low endpoint,No reminder,Weak task encoding,1.0,0.9,4,0,5000,15,film,0.46160000562667847
8,maintained film-category cue + start-of-film reinstatement + retrieval monitoring,Film-category cue present,"Reinstatement
+ monitoring",True,True,True,1.0,1.0,0.0,No reminder + weak task encoding,Low endpoint,No reminder,Weak task encoding,1.0,0.9,4,0,5000,16,film,0.4496000111103058
8,maintained film-category cue + start-of-film reinstatement + retrieval monitoring,Film-category cue present,"Reinstatement
+ monitoring",True,True,True,1.0,1.0,0.0,No reminder + weak task encoding,Low endpoint,No reminder,Weak task encoding,1.0,0.9,4,0,5000,17,break,0.015599999576807022
8,maintained film-category cue + start-of-film reinstatement + retrieval monitoring,Film-category cue present,"Reinstatement
+ monitoring",True,True,True,1.0,1.0,0.0,No reminder + weak task encoding,Low endpoint,No reminder,Weak task encoding,1.0,0.9,4,0,5000,18,break,0.010400000028312206
8,maintained film-category cue + start-of-film reinstatement + retrieval monitoring,Film-category cue present,"Reinstatement
+ monitoring",True,True,True,1.0,1.0,0.0,No reminder + weak task encoding,Low endpoint,No reminder,Weak task encoding,1.0,0.9,4,0,5000,19,break,0.007799999788403511
8,maintained film-category cue + start-of-film reinstatement + retrieval monitoring,Film-category cue present,"Reinstatement
+ monitoring",True,True,True,1.0,1.0,0.0,No reminder + weak task encoding,Low endpoint,No reminder,Weak task encoding,1.0,0.9,4,0,5000,20,break,0.004399999976158142
8,maintained film-category cue + start-of-film reinstatement + retrieval monitoring,Film-category cue present,"Reinstatement
+ monitoring",True,True,True,1.0,1.0,0.0,No reminder + weak task encoding,Low endpoint,No reminder,Weak task encoding,1.0,0.9,4,0,5000,21,break,0.00139999995008111
8,maintained film-category cue + start-of-film reinstatement + retrieval monitoring,Film-category cue present,"Reinstatement
+ monitoring",True,True,True,1.0,1.0,0.0,No reminder + weak task encoding,Low endpoint,No reminder,Weak task encoding,1.0,0.9,4,0,5000,22,break,0.002400000113993883
8,maintained film-category cue + start-of-film reinstatement + retrieval monitoring,Film-category cue present,"Reinstatement
+ monitoring",True,True,True,1.0,1.0,0.0,No reminder + weak task encoding,Low endpoint,No reminder,Weak task encoding,1.0,0.9,4,0,5000,23,break,0.00039999998989515007
8,maintained film-category cue + start-of-film reinstatement + retrieval monitoring,Film-category cue present,"Reinstatement
+ monitoring",True,True,True,1.0,1.0,0.0,No reminder + weak task encoding,Low endpoint,No reminder,Weak task encoding,1.0,0.9,4,0,5000,24,break,0.0006000000284984708
8,maintained film-category cue + start-of-film reinstatement + retrieval monitoring,Film-category cue present,"Reinstatement
+ monitoring",True,True,True,1.0,1.0,0.0,No reminder + weak task encoding,Low endpoint,No reminder,Weak task encoding,1.0,0.9,4,0,5000,25,break,0.0006000000284984708
8,maintained film-category cue + start-of-film reinstatement + retrieval monitoring,Film-category cue present,"Reinstatement
+ monitoring",True,True,True,1.0,1.0,0.0,No reminder + weak task encoding,Low endpoint,No reminder,Weak task encoding,1.0,0.9,4,0,5000,26,break,0.00019999999494757503
8,maintained film-category cue + start-of-film reinstatement + retrieval monitoring,Film-category cue present,"Reinstatement
+ monitoring",True,True,True,1.0,1.0,0.0,No reminder + weak task encoding,Low endpoint,No reminder,Weak task encoding,1.0,0.9,4,0,5000,27,break,0.00019999999494757503
8,maintained film-category cue + start-of-film reinstatement + retrieval monitoring,Film-category cue present,"Reinstatement
+ monitoring",True,True,True,1.0,1.0,0.0,No reminder + weak task encoding,Low endpoint,No reminder,Weak task encoding,1.0,0.9,4,0,5000,28,break,0.0006000000284984708
8,maintained film-category cue + start-of-film reinstatement + retrieval monitoring,Film-category cue present,"Reinstatement
+ monitoring",True,True,True,1.0,1.0,0.0,No reminder + weak task encoding,Low endpoint,No reminder,Weak task encoding,1.0,0.9,4,0,5000,29,break,0.0
8,maintained film-category cue + start-of-film reinstatement + retrieval monitoring,Film-category cue present,"Reinstatement
+ monitoring",True,True,True,1.0,1.0,0.0,No reminder + weak task encoding,Low endpoint,No reminder,Weak task encoding,1.0,0.9,4,0,5000,30,break,0.0
8,maintained film-category cue + start-of-film reinstatement + retrieval monitoring,Film-category cue present,"Reinstatement
+ monitoring",True,True,True,1.0,1.0,0.0,No reminder + weak task encoding,Low endpoint,No reminder,Weak task encoding,1.0,0.9,4,0,5000,31,break,0.0
8,maintained film-category cue + start-of-film reinstatement + retrieval monitoring,Film-category cue present,"Reinstatement
+ monitoring",True,True,True,1.0,1.0,0.0,No reminder + weak task encoding,Low endpoint,No reminder,Weak task encoding,1.0,0.9,4,0,5000,32,break,0.00019999999494757503
8,maintained film-category cue + start-of-film reinstatement + retrieval monitoring,Film-category cue present,"Reinstatement
+ monitoring",True,True,True,1.0,1.0,0.0,No reminder + weak task encoding,Low endpoint,No reminder,Weak task encoding,1.0,0.9,4,0,5000,33,task,0.0
8,maintained film-category cue + start-of-film reinstatement + retrieval monitoring,Film-category cue present,"Reinstatement
+ monitoring",True,True,True,1.0,1.0,0.0,No reminder + weak task encoding,Low endpoint,No reminder,Weak task encoding,1.0,0.9,4,0,5000,34,task,0.0
8,maintained film-category cue + start-of-film reinstatement + retrieval monitoring,Film-category cue present,"Reinstatement
+ monitoring",True,True,True,1.0,1.0,0.0,No reminder + weak task encoding,Low endpoint,No reminder,Weak task encoding,1.0,0.9,4,0,5000,35,task,0.00019999999494757503
8,maintained film-category cue + start-of-film reinstatement + retrieval monitoring,Film-category cue present,"Reinstatement
+ monitoring",True,True,True,1.0,1.0,0.0,No reminder + weak task encoding,Low endpoint,No reminder,Weak task encoding,1.0,0.9,4,0,5000,36,task,0.0
8,maintained film-category cue + start-of-film reinstatement + retrieval monitoring,Film-category cue present,"Reinstatement
+ monitoring",True,True,True,1.0,1.0,0.0,No reminder + weak task encoding,Low endpoint,No reminder,Weak task encoding,1.0,0.9,4,0,5000,37,task,0.0
8,maintained film-category cue + start-of-film reinstatement + retrieval monitoring,Film-category cue present,"Reinstatement
+ monitoring",True,True,True,1.0,1.0,0.0,No reminder + weak task encoding,Low endpoint,No reminder,Weak task encoding,1.0,0.9,4,0,5000,38,task,0.0
8,maintained film-category cue + start-of-film reinstatement + retrieval monitoring,Film-category cue present,"Reinstatement
+ monitoring",True,True,True,1.0,1.0,0.0,No reminder + weak task encoding,Low endpoint,No reminder,Weak task encoding,1.0,0.9,4,0,5000,39,task,0.0
8,maintained film-category cue + start-of-film reinstatement + retrieval monitoring,Film-category cue present,"Reinstatement
+ monitoring",True,True,True,1.0,1.0,0.0,No reminder + weak task encoding,Low endpoint,No reminder,Weak task encoding,1.0,0.9,4,0,5000,40,task,0.0
8,maintained film-category cue + start-of-film reinstatement + retrieval monitoring,Film-category cue present,"Reinstatement
+ monitoring",True,True,True,1.0,1.0,0.0,No reminder + weak task encoding,Low endpoint,No reminder,Weak task encoding,1.0,0.9,4,0,5000,41,task,0.0
8,maintained film-category cue + start-of-film reinstatement + retrieval monitoring,Film-category cue present,"Reinstatement
+ monitoring",True,True,True,1.0,1.0,0.0,No reminder + weak task encoding,Low endpoint,No reminder,Weak task encoding,1.0,0.9,4,0,5000,42,task,0.0
8,maintained film-category cue + start-of-film reinstatement + retrieval monitoring,Film-category cue present,"Reinstatement
+ monitoring",True,True,True,1.0,1.0,0.0,No reminder + weak task encoding,Low endpoint,No reminder,Weak task encoding,1.0,0.9,4,0,5000,43,task,0.0
8,maintained film-category cue + start-of-film reinstatement + retrieval monitoring,Film-category cue present,"Reinstatement
+ monitoring",True,True,True,1.0,1.0,0.0,No reminder + weak task encoding,Low endpoint,No reminder,Weak task encoding,1.0,0.9,4,0,5000,44,task,0.0
8,maintained film-category cue + start-of-film reinstatement + retrieval monitoring,Film-category cue present,"Reinstatement
+ monitoring",True,True,True,1.0,1.0,0.0,No reminder + weak task encoding,Low endpoint,No reminder,Weak task encoding,1.0,0.9,4,0,5000,45,task,0.0
8,maintained film-category cue + start-of-film reinstatement + retrieval monitoring,Film-category cue present,"Reinstatement
+ monitoring",True,True,True,1.0,1.0,0.0,No reminder + weak task encoding,Low endpoint,No reminder,Weak task encoding,1.0,0.9,4,0,5000,46,task,0.0
8,maintained film-category cue + start-of-film reinstatement + retrieval monitoring,Film-category cue present,"Reinstatement
+ monitoring",True,True,True,1.0,1.0,0.0,No reminder + weak task encoding,Low endpoint,No reminder,Weak task encoding,1.0,0.9,4,0,5000,47,task,0.0
8,maintained film-category cue + start-of-film reinstatement + retrieval monitoring,Film-category cue present,"Reinstatement
+ monitoring",True,True,True,1.0,1.0,0.0,No reminder + weak task encoding,Low endpoint,No reminder,Weak task encoding,1.0,0.9,4,0,5000,48,task,0.0
8,maintained film-category cue + start-of-film reinstatement + retrieval monitoring,Film-category cue present,"Reinstatement
+ monitoring",True,True,True,1.0,1.0,0.0,No reminder + weak task encoding,Low endpoint,No reminder,Weak task encoding,1.0,0.9,4,0,5000,49,filler,0.0
8,maintained film-category cue + start-of-film reinstatement + retrieval monitoring,Film-category cue present,"Reinstatement
+ monitoring",True,True,True,1.0,1.0,0.0,No reminder + weak task encoding,Low endpoint,No reminder,Weak task encoding,1.0,0.9,4,0,5000,50,filler,0.0
8,maintained film-category cue + start-of-film reinstatement + retrieval monitoring,Film-category cue present,"Reinstatement
+ monitoring",True,True,True,1.0,1.0,0.0,No reminder + weak task encoding,Low endpoint,No reminder,Weak task encoding,1.0,0.9,4,0,5000,51,filler,0.0
8,maintained film-category cue + start-of-film reinstatement + retrieval monitoring,Film-category cue present,"Reinstatement
+ monitoring",True,True,True,1.0,1.0,0.0,No reminder + weak task encoding,Low endpoint,No reminder,Weak task encoding,1.0,0.9,4,0,5000,52,filler,0.0
8,maintained film-category cue + start-of-film reinstatement + retrieval monitoring,Film-category cue present,"Reinstatement
+ monitoring",True,True,True,1.0,1.0,0.0,No reminder + weak task encoding,Low endpoint,No reminder,Weak task encoding,1.0,0.9,4,0,5000,53,filler,0.0
8,maintained film-category cue + start-of-film reinstatement + retrieval monitoring,Film-category cue present,"Reinstatement
+ monitoring",True,True,True,1.0,1.0,0.0,No reminder + weak task encoding,Low endpoint,No reminder,Weak task encoding,1.0,0.9,4,0,5000,54,filler,0.00019999999494757503
8,maintained film-category cue + start-of-film reinstatement + retrieval monitoring,Film-category cue present,"Reinstatement
+ monitoring",True,True,True,1.0,1.0,0.0,No reminder + weak task encoding,Low endpoint,No reminder,Weak task encoding,1.0,0.9,4,0,5000,55,filler,0.0
8,maintained film-category cue + start-of-film reinstatement + retrieval monitoring,Film-category cue present,"Reinstatement
+ monitoring",True,True,True,1.0,1.0,0.0,No reminder + weak task encoding,Low endpoint,No reminder,Weak task encoding,1.0,0.9,4,0,5000,56,filler,0.0
8,maintained film-category cue + start-of-film reinstatement + retrieval monitoring,Film-category cue present,"Reinstatement
+ monitoring",True,True,True,1.0,1.0,0.0,No reminder + weak task encoding,Low endpoint,No reminder,Weak task encoding,1.0,0.9,4,0,5000,57,filler,0.0
8,maintained film-category cue + start-of-film reinstatement + retrieval monitoring,Film-category cue present,"Reinstatement
+ monitoring",True,True,True,1.0,1.0,0.0,No reminder + weak task encoding,Low endpoint,No reminder,Weak task encoding,1.0,0.9,4,0,5000,58,filler,0.00019999999494757503
8,maintained film-category cue + start-of-film reinstatement + retrieval monitoring,Film-category cue present,"Reinstatement
+ monitoring",True,True,True,1.0,1.0,0.0,No reminder + weak task encoding,Low endpoint,No reminder,Weak task encoding,1.0,0.9,4,0,5000,59,filler,0.00039999998989515007
8,maintained film-category cue + start-of-film reinstatement + retrieval monitoring,Film-category cue present,"Reinstatement
+ monitoring",True,True,True,1.0,1.0,0.0,No reminder + weak task encoding,Low endpoint,No reminder,Weak task encoding,1.0,0.9,4,0,5000,60,filler,0.0007999999797903001
8,maintained film-category cue + start-of-film reinstatement + retrieval monitoring,Film-category cue present,"Reinstatement
+ monitoring",True,True,True,1.0,1.0,0.0,No reminder + weak task encoding,Low endpoint,No reminder,Weak task encoding,1.0,0.9,4,0,5000,61,filler,0.0
8,maintained film-category cue + start-of-film reinstatement + retrieval monitoring,Film-category cue present,"Reinstatement
+ monitoring",True,True,True,1.0,1.0,0.0,No reminder + weak task encoding,Low endpoint,No reminder,Weak task encoding,1.0,0.9,4,0,5000,62,filler,0.00039999998989515007
8,maintained film-category cue + start-of-film reinstatement + retrieval monitoring,Film-category cue present,"Reinstatement
+ monitoring",True,True,True,1.0,1.0,0.0,No reminder + weak task encoding,Low endpoint,No reminder,Weak task encoding,1.0,0.9,4,0,5000,63,filler,0.0007999999797903001
8,maintained film-category cue + start-of-film reinstatement + retrieval monitoring,Film-category cue present,"Reinstatement
+ monitoring",True,True,True,1.0,1.0,0.0,No reminder + weak task encoding,Low endpoint,No reminder,Weak task encoding,1.0,0.9,4,0,5000,64,filler,0.0007999999797903001
8,maintained film-category cue + start-of-film reinstatement + retrieval monitoring,Film-category cue present,"Reinstatement
+ monitoring",True,True,True,1.0,1.0,0.0,Film reminder + strong task encoding,High endpoint,With reminder,Strong task encoding,2.0,0.9,4,0,5000,1,film,0.38019999861717224
8,maintained film-category cue + start-of-film reinstatement + retrieval monitoring,Film-category cue present,"Reinstatement
+ monitoring",True,True,True,1.0,1.0,0.0,Film reminder + strong task encoding,High endpoint,With reminder,Strong task encoding,2.0,0.9,4,0,5000,2,film,0.38499999046325684
8,maintained film-category cue + start-of-film reinstatement + retrieval monitoring,Film-category cue present,"Reinstatement
+ monitoring",True,True,True,1.0,1.0,0.0,Film reminder + strong task encoding,High endpoint,With reminder,Strong task encoding,2.0,0.9,4,0,5000,3,film,0.4068000018596649
8,maintained film-category cue + start-of-film reinstatement + retrieval monitoring,Film-category cue present,"Reinstatement
+ monitoring",True,True,True,1.0,1.0,0.0,Film reminder + strong task encoding,High endpoint,With reminder,Strong task encoding,2.0,0.9,4,0,5000,4,film,0.43160000443458557
8,maintained film-category cue + start-of-film reinstatement + retrieval monitoring,Film-category cue present,"Reinstatement
+ monitoring",True,True,True,1.0,1.0,0.0,Film reminder + strong task encoding,High endpoint,With reminder,Strong task encoding,2.0,0.9,4,0,5000,5,film,0.4352000057697296
8,maintained film-category cue + start-of-film reinstatement + retrieval monitoring,Film-category cue present,"Reinstatement
+ monitoring",True,True,True,1.0,1.0,0.0,Film reminder + strong task encoding,High endpoint,With reminder,Strong task encoding,2.0,0.9,4,0,5000,6,film,0.43700000643730164
8,maintained film-category cue + start-of-film reinstatement + retrieval monitoring,Film-category cue present,"Reinstatement
+ monitoring",True,True,True,1.0,1.0,0.0,Film reminder + strong task encoding,High endpoint,With reminder,Strong task encoding,2.0,0.9,4,0,5000,7,film,0.4690000116825104
8,maintained film-category cue + start-of-film reinstatement + retrieval monitoring,Film-category cue present,"Reinstatement
+ monitoring",True,True,True,1.0,1.0,0.0,Film reminder + strong task encoding,High endpoint,With reminder,Strong task encoding,2.0,0.9,4,0,5000,8,film,0.46000000834465027
8,maintained film-category cue + start-of-film reinstatement + retrieval monitoring,Film-category cue present,"Reinstatement
+ monitoring",True,True,True,1.0,1.0,0.0,Film reminder + strong task encoding,High endpoint,With reminder,Strong task encoding,2.0,0.9,4,0,5000,9,film,0.47940000891685486
8,maintained film-category cue + start-of-film reinstatement + retrieval monitoring,Film-category cue present,"Reinstatement
+ monitoring",True,True,True,1.0,1.0,0.0,Film reminder + strong task encoding,High endpoint,With reminder,Strong task encoding,2.0,0.9,4,0,5000,10,film,0.4681999981403351
8,maintained film-category cue + start-of-film reinstatement + retrieval monitoring,Film-category cue present,"Reinstatement
+ monitoring",True,True,True,1.0,1.0,0.0,Film reminder + strong task encoding,High endpoint,With reminder,Strong task encoding,2.0,0.9,4,0,5000,11,film,0.47540000081062317
8,maintained film-category cue + start-of-film reinstatement + retrieval monitoring,Film-category cue present,"Reinstatement
+ monitoring",True,True,True,1.0,1.0,0.0,Film reminder + strong task encoding,High endpoint,With reminder,Strong task encoding,2.0,0.9,4,0,5000,12,film,0.4747999906539917
8,maintained film-category cue + start-of-film reinstatement + retrieval monitoring,Film-category cue present,"Reinstatement
+ monitoring",True,True,True,1.0,1.0,0.0,Film reminder + strong task encoding,High endpoint,With reminder,Strong task encoding,2.0,0.9,4,0,5000,13,film,0.4503999948501587
8,maintained film-category cue + start-of-film reinstatement + retrieval monitoring,Film-category cue present,"Reinstatement
+ monitoring",True,True,True,1.0,1.0,0.0,Film reminder + strong task encoding,High endpoint,With reminder,Strong task encoding,2.0,0.9,4,0,5000,14,film,0.4480000138282776
8,maintained film-category cue + start-of-film reinstatement + retrieval monitoring,Film-category cue present,"Reinstatement
+ monitoring",True,True,True,1.0,1.0,0.0,Film reminder + strong task encoding,High endpoint,With reminder,Strong task encoding,2.0,0.9,4,0,5000,15,film,0.44200000166893005
8,maintained film-category cue + start-of-film reinstatement + retrieval monitoring,Film-category cue present,"Reinstatement
+ monitoring",True,True,True,1.0,1.0,0.0,Film reminder + strong task encoding,High endpoint,With reminder,Strong task encoding,2.0,0.9,4,0,5000,16,film,0.41999998688697815
8,maintained film-category cue + start-of-film reinstatement + retrieval monitoring,Film-category cue present,"Reinstatement
+ monitoring",True,True,True,1.0,1.0,0.0,Film reminder + strong task encoding,High endpoint,With reminder,Strong task encoding,2.0,0.9,4,0,5000,17,break,0.01140000019222498
8,maintained film-category cue + start-of-film reinstatement + retrieval monitoring,Film-category cue present,"Reinstatement
+ monitoring",True,True,True,1.0,1.0,0.0,Film reminder + strong task encoding,High endpoint,With reminder,Strong task encoding,2.0,0.9,4,0,5000,18,break,0.009399999864399433
8,maintained film-category cue + start-of-film reinstatement + retrieval monitoring,Film-category cue present,"Reinstatement
+ monitoring",True,True,True,1.0,1.0,0.0,Film reminder + strong task encoding,High endpoint,With reminder,Strong task encoding,2.0,0.9,4,0,5000,19,break,0.005799999926239252
8,maintained film-category cue + start-of-film reinstatement + retrieval monitoring,Film-category cue present,"Reinstatement
+ monitoring",True,True,True,1.0,1.0,0.0,Film reminder + strong task encoding,High endpoint,With reminder,Strong task encoding,2.0,0.9,4,0,5000,20,break,0.00419999985024333
8,maintained film-category cue + start-of-film reinstatement + retrieval monitoring,Film-category cue present,"Reinstatement
+ monitoring",True,True,True,1.0,1.0,0.0,Film reminder + strong task encoding,High endpoint,With reminder,Strong task encoding,2.0,0.9,4,0,5000,21,break,0.0031999999191612005
8,maintained film-category cue + start-of-film reinstatement + retrieval monitoring,Film-category cue present,"Reinstatement
+ monitoring",True,True,True,1.0,1.0,0.0,Film reminder + strong task encoding,High endpoint,With reminder,Strong task encoding,2.0,0.9,4,0,5000,22,break,0.0010000000474974513
8,maintained film-category cue + start-of-film reinstatement + retrieval monitoring,Film-category cue present,"Reinstatement
+ monitoring",True,True,True,1.0,1.0,0.0,Film reminder + strong task encoding,High endpoint,With reminder,Strong task encoding,2.0,0.9,4,0,5000,23,break,0.0006000000284984708
8,maintained film-category cue + start-of-film reinstatement + retrieval monitoring,Film-category cue present,"Reinstatement
+ monitoring",True,True,True,1.0,1.0,0.0,Film reminder + strong task encoding,High endpoint,With reminder,Strong task encoding,2.0,0.9,4,0,5000,24,break,0.0010000000474974513
8,maintained film-category cue + start-of-film reinstatement + retrieval monitoring,Film-category cue present,"Reinstatement
+ monitoring",True,True,True,1.0,1.0,0.0,Film reminder + strong task encoding,High endpoint,With reminder,Strong task encoding,2.0,0.9,4,0,5000,25,break,0.0010000000474974513
8,maintained film-category cue + start-of-film reinstatement + retrieval monitoring,Film-category cue present,"Reinstatement
+ monitoring",True,True,True,1.0,1.0,0.0,Film reminder + strong task encoding,High endpoint,With reminder,Strong task encoding,2.0,0.9,4,0,5000,26,break,0.00039999998989515007
8,maintained film-category cue + start-of-film reinstatement + retrieval monitoring,Film-category cue present,"Reinstatement
+ monitoring",True,True,True,1.0,1.0,0.0,Film reminder + strong task encoding,High endpoint,With reminder,Strong task encoding,2.0,0.9,4,0,5000,27,break,0.00039999998989515007
8,maintained film-category cue + start-of-film reinstatement + retrieval monitoring,Film-category cue present,"Reinstatement
+ monitoring",True,True,True,1.0,1.0,0.0,Film reminder + strong task encoding,High endpoint,With reminder,Strong task encoding,2.0,0.9,4,0,5000,28,break,0.0
8,maintained film-category cue + start-of-film reinstatement + retrieval monitoring,Film-category cue present,"Reinstatement
+ monitoring",True,True,True,1.0,1.0,0.0,Film reminder + strong task encoding,High endpoint,With reminder,Strong task encoding,2.0,0.9,4,0,5000,29,break,0.00019999999494757503
8,maintained film-category cue + start-of-film reinstatement + retrieval monitoring,Film-category cue present,"Reinstatement
+ monitoring",True,True,True,1.0,1.0,0.0,Film reminder + strong task encoding,High endpoint,With reminder,Strong task encoding,2.0,0.9,4,0,5000,30,break,0.0
8,maintained film-category cue + start-of-film reinstatement + retrieval monitoring,Film-category cue present,"Reinstatement
+ monitoring",True,True,True,1.0,1.0,0.0,Film reminder + strong task encoding,High endpoint,With reminder,Strong task encoding,2.0,0.9,4,0,5000,31,break,0.0
8,maintained film-category cue + start-of-film reinstatement + retrieval monitoring,Film-category cue present,"Reinstatement
+ monitoring",True,True,True,1.0,1.0,0.0,Film reminder + strong task encoding,High endpoint,With reminder,Strong task encoding,2.0,0.9,4,0,5000,32,break,0.0
8,maintained film-category cue + start-of-film reinstatement + retrieval monitoring,Film-category cue present,"Reinstatement
+ monitoring",True,True,True,1.0,1.0,0.0,Film reminder + strong task encoding,High endpoint,With reminder,Strong task encoding,2.0,0.9,4,0,5000,33,task,0.1770000010728836
8,maintained film-category cue + start-of-film reinstatement + retrieval monitoring,Film-category cue present,"Reinstatement
+ monitoring",True,True,True,1.0,1.0,0.0,Film reminder + strong task encoding,High endpoint,With reminder,Strong task encoding,2.0,0.9,4,0,5000,34,task,0.11779999732971191
8,maintained film-category cue + start-of-film reinstatement + retrieval monitoring,Film-category cue present,"Reinstatement
+ monitoring",True,True,True,1.0,1.0,0.0,Film reminder + strong task encoding,High endpoint,With reminder,Strong task encoding,2.0,0.9,4,0,5000,35,task,0.08380000293254852
8,maintained film-category cue + start-of-film reinstatement + retrieval monitoring,Film-category cue present,"Reinstatement
+ monitoring",True,True,True,1.0,1.0,0.0,Film reminder + strong task encoding,High endpoint,With reminder,Strong task encoding,2.0,0.9,4,0,5000,36,task,0.0568000003695488
8,maintained film-category cue + start-of-film reinstatement + retrieval monitoring,Film-category cue present,"Reinstatement
+ monitoring",True,True,True,1.0,1.0,0.0,Film reminder + strong task encoding,High endpoint,With reminder,Strong task encoding,2.0,0.9,4,0,5000,37,task,0.03700000047683716
8,maintained film-category cue + start-of-film reinstatement + retrieval monitoring,Film-category cue present,"Reinstatement
+ monitoring",True,True,True,1.0,1.0,0.0,Film reminder + strong task encoding,High endpoint,With reminder,Strong task encoding,2.0,0.9,4,0,5000,38,task,0.026799999177455902
8,maintained film-category cue + start-of-film reinstatement + retrieval monitoring,Film-category cue present,"Reinstatement
+ monitoring",True,True,True,1.0,1.0,0.0,Film reminder + strong task encoding,High endpoint,With reminder,Strong task encoding,2.0,0.9,4,0,5000,39,task,0.01979999989271164
8,maintained film-category cue + start-of-film reinstatement + retrieval monitoring,Film-category cue present,"Reinstatement
+ monitoring",True,True,True,1.0,1.0,0.0,Film reminder + strong task encoding,High endpoint,With reminder,Strong task encoding,2.0,0.9,4,0,5000,40,task,0.014000000432133675
8,maintained film-category cue + start-of-film reinstatement + retrieval monitoring,Film-category cue present,"Reinstatement
+ monitoring",True,True,True,1.0,1.0,0.0,Film reminder + strong task encoding,High endpoint,With reminder,Strong task encoding,2.0,0.9,4,0,5000,41,task,0.006800000090152025
8,maintained film-category cue + start-of-film reinstatement + retrieval monitoring,Film-category cue present,"Reinstatement
+ monitoring",True,True,True,1.0,1.0,0.0,Film reminder + strong task encoding,High endpoint,With reminder,Strong task encoding,2.0,0.9,4,0,5000,42,task,0.006800000090152025
8,maintained film-category cue + start-of-film reinstatement + retrieval monitoring,Film-category cue present,"Reinstatement
+ monitoring",True,True,True,1.0,1.0,0.0,Film reminder + strong task encoding,High endpoint,With reminder,Strong task encoding,2.0,0.9,4,0,5000,43,task,0.004399999976158142
8,maintained film-category cue + start-of-film reinstatement + retrieval monitoring,Film-category cue present,"Reinstatement
+ monitoring",True,True,True,1.0,1.0,0.0,Film reminder + strong task encoding,High endpoint,With reminder,Strong task encoding,2.0,0.9,4,0,5000,44,task,0.0031999999191612005
8,maintained film-category cue + start-of-film reinstatement + retrieval monitoring,Film-category cue present,"Reinstatement
+ monitoring",True,True,True,1.0,1.0,0.0,Film reminder + strong task encoding,High endpoint,With reminder,Strong task encoding,2.0,0.9,4,0,5000,45,task,0.00139999995008111
8,maintained film-category cue + start-of-film reinstatement + retrieval monitoring,Film-category cue present,"Reinstatement
+ monitoring",True,True,True,1.0,1.0,0.0,Film reminder + strong task encoding,High endpoint,With reminder,Strong task encoding,2.0,0.9,4,0,5000,46,task,0.0034000000450760126
8,maintained film-category cue + start-of-film reinstatement + retrieval monitoring,Film-category cue present,"Reinstatement
+ monitoring",True,True,True,1.0,1.0,0.0,Film reminder + strong task encoding,High endpoint,With reminder,Strong task encoding,2.0,0.9,4,0,5000,47,task,0.00139999995008111
8,maintained film-category cue + start-of-film reinstatement + retrieval monitoring,Film-category cue present,"Reinstatement
+ monitoring",True,True,True,1.0,1.0,0.0,Film reminder + strong task encoding,High endpoint,With reminder,Strong task encoding,2.0,0.9,4,0,5000,48,task,0.0010000000474974513
8,maintained film-category cue + start-of-film reinstatement + retrieval monitoring,Film-category cue present,"Reinstatement
+ monitoring",True,True,True,1.0,1.0,0.0,Film reminder + strong task encoding,High endpoint,With reminder,Strong task encoding,2.0,0.9,4,0,5000,49,filler,0.0
8,maintained film-category cue + start-of-film reinstatement + retrieval monitoring,Film-category cue present,"Reinstatement
+ monitoring",True,True,True,1.0,1.0,0.0,Film reminder + strong task encoding,High endpoint,With reminder,Strong task encoding,2.0,0.9,4,0,5000,50,filler,0.0
8,maintained film-category cue + start-of-film reinstatement + retrieval monitoring,Film-category cue present,"Reinstatement
+ monitoring",True,True,True,1.0,1.0,0.0,Film reminder + strong task encoding,High endpoint,With reminder,Strong task encoding,2.0,0.9,4,0,5000,51,filler,0.0
8,maintained film-category cue + start-of-film reinstatement + retrieval monitoring,Film-category cue present,"Reinstatement
+ monitoring",True,True,True,1.0,1.0,0.0,Film reminder + strong task encoding,High endpoint,With reminder,Strong task encoding,2.0,0.9,4,0,5000,52,filler,0.0
8,maintained film-category cue + start-of-film reinstatement + retrieval monitoring,Film-category cue present,"Reinstatement
+ monitoring",True,True,True,1.0,1.0,0.0,Film reminder + strong task encoding,High endpoint,With reminder,Strong task encoding,2.0,0.9,4,0,5000,53,filler,0.0
8,maintained film-category cue + start-of-film reinstatement + retrieval monitoring,Film-category cue present,"Reinstatement
+ monitoring",True,True,True,1.0,1.0,0.0,Film reminder + strong task encoding,High endpoint,With reminder,Strong task encoding,2.0,0.9,4,0,5000,54,filler,0.00039999998989515007
8,maintained film-category cue + start-of-film reinstatement + retrieval monitoring,Film-category cue present,"Reinstatement
+ monitoring",True,True,True,1.0,1.0,0.0,Film reminder + strong task encoding,High endpoint,With reminder,Strong task encoding,2.0,0.9,4,0,5000,55,filler,0.0
8,maintained film-category cue + start-of-film reinstatement + retrieval monitoring,Film-category cue present,"Reinstatement
+ monitoring",True,True,True,1.0,1.0,0.0,Film reminder + strong task encoding,High endpoint,With reminder,Strong task encoding,2.0,0.9,4,0,5000,56,filler,0.00039999998989515007
8,maintained film-category cue + start-of-film reinstatement + retrieval monitoring,Film-category cue present,"Reinstatement
+ monitoring",True,True,True,1.0,1.0,0.0,Film reminder + strong task encoding,High endpoint,With reminder,Strong task encoding,2.0,0.9,4,0,5000,57,filler,0.0
8,maintained film-category cue + start-of-film reinstatement + retrieval monitoring,Film-category cue present,"Reinstatement
+ monitoring",True,True,True,1.0,1.0,0.0,Film reminder + strong task encoding,High endpoint,With reminder,Strong task encoding,2.0,0.9,4,0,5000,58,filler,0.0
8,maintained film-category cue + start-of-film reinstatement + retrieval monitoring,Film-category cue present,"Reinstatement
+ monitoring",True,True,True,1.0,1.0,0.0,Film reminder + strong task encoding,High endpoint,With reminder,Strong task encoding,2.0,0.9,4,0,5000,59,filler,0.0006000000284984708
8,maintained film-category cue + start-of-film reinstatement + retrieval monitoring,Film-category cue present,"Reinstatement
+ monitoring",True,True,True,1.0,1.0,0.0,Film reminder + strong task encoding,High endpoint,With reminder,Strong task encoding,2.0,0.9,4,0,5000,60,filler,0.0
8,maintained film-category cue + start-of-film reinstatement + retrieval monitoring,Film-category cue present,"Reinstatement
+ monitoring",True,True,True,1.0,1.0,0.0,Film reminder + strong task encoding,High endpoint,With reminder,Strong task encoding,2.0,0.9,4,0,5000,61,filler,0.0007999999797903001
8,maintained film-category cue + start-of-film reinstatement + retrieval monitoring,Film-category cue present,"Reinstatement
+ monitoring",True,True,True,1.0,1.0,0.0,Film reminder + strong task encoding,High endpoint,With reminder,Strong task encoding,2.0,0.9,4,0,5000,62,filler,0.0007999999797903001
8,maintained film-category cue + start-of-film reinstatement + retrieval monitoring,Film-category cue present,"Reinstatement
+ monitoring",True,True,True,1.0,1.0,0.0,Film reminder + strong task encoding,High endpoint,With reminder,Strong task encoding,2.0,0.9,4,0,5000,63,filler,0.00039999998989515007
8,maintained film-category cue + start-of-film reinstatement + retrieval monitoring,Film-category cue present,"Reinstatement
+ monitoring",True,True,True,1.0,1.0,0.0,Film reminder + strong task encoding,High endpoint,With reminder,Strong task encoding,2.0,0.9,4,0,5000,64,filler,0.0015999999595806003
