retrieval_setting,start_drift_scale,film_item_support_boost,rejected_recall_drift_scale,reminder_condition,task_condition,task_mcf_scale,film_source_start_drift_rate,film_cue_reinstatement,cue_interval,first_cue_after,experiment_count,position,phase,recall_probability
Unguided recall,0.0,0.0,1.0,No reminder,Weak task encoding,1.0,0.0,0.9,4,0,5000,1,film,0.0865999981760978
Unguided recall,0.0,0.0,1.0,No reminder,Weak task encoding,1.0,0.0,0.9,4,0,5000,2,film,0.1077999994158744
Unguided recall,0.0,0.0,1.0,No reminder,Weak task encoding,1.0,0.0,0.9,4,0,5000,3,film,0.1325999945402145
Unguided recall,0.0,0.0,1.0,No reminder,Weak task encoding,1.0,0.0,0.9,4,0,5000,4,film,0.1537999957799911
Unguided recall,0.0,0.0,1.0,No reminder,Weak task encoding,1.0,0.0,0.9,4,0,5000,5,film,0.1762000024318695
Unguided recall,0.0,0.0,1.0,No reminder,Weak task encoding,1.0,0.0,0.9,4,0,5000,6,film,0.1990000009536743
Unguided recall,0.0,0.0,1.0,No reminder,Weak task encoding,1.0,0.0,0.9,4,0,5000,7,film,0.2119999974966049
Unguided recall,0.0,0.0,1.0,No reminder,Weak task encoding,1.0,0.0,0.9,4,0,5000,8,film,0.2336000055074691
Unguided recall,0.0,0.0,1.0,No reminder,Weak task encoding,1.0,0.0,0.9,4,0,5000,9,film,0.2383999973535537
Unguided recall,0.0,0.0,1.0,No reminder,Weak task encoding,1.0,0.0,0.9,4,0,5000,10,film,0.2451999932527542
Unguided recall,0.0,0.0,1.0,No reminder,Weak task encoding,1.0,0.0,0.9,4,0,5000,11,film,0.2474000006914138
Unguided recall,0.0,0.0,1.0,No reminder,Weak task encoding,1.0,0.0,0.9,4,0,5000,12,film,0.2578000128269195
Unguided recall,0.0,0.0,1.0,No reminder,Weak task encoding,1.0,0.0,0.9,4,0,5000,13,film,0.2544000148773193
Unguided recall,0.0,0.0,1.0,No reminder,Weak task encoding,1.0,0.0,0.9,4,0,5000,14,film,0.2448000013828277
Unguided recall,0.0,0.0,1.0,No reminder,Weak task encoding,1.0,0.0,0.9,4,0,5000,15,film,0.2345999926328659
Unguided recall,0.0,0.0,1.0,No reminder,Weak task encoding,1.0,0.0,0.9,4,0,5000,16,film,0.2313999980688095
Unguided recall,0.0,0.0,1.0,No reminder,Weak task encoding,1.0,0.0,0.9,4,0,5000,17,break,0.1325999945402145
Unguided recall,0.0,0.0,1.0,No reminder,Weak task encoding,1.0,0.0,0.9,4,0,5000,18,break,0.1129999980330467
Unguided recall,0.0,0.0,1.0,No reminder,Weak task encoding,1.0,0.0,0.9,4,0,5000,19,break,0.0930000022053718
Unguided recall,0.0,0.0,1.0,No reminder,Weak task encoding,1.0,0.0,0.9,4,0,5000,20,break,0.0759999975562095
Unguided recall,0.0,0.0,1.0,No reminder,Weak task encoding,1.0,0.0,0.9,4,0,5000,21,break,0.0584000013768672
Unguided recall,0.0,0.0,1.0,No reminder,Weak task encoding,1.0,0.0,0.9,4,0,5000,22,break,0.0524000003933906
Unguided recall,0.0,0.0,1.0,No reminder,Weak task encoding,1.0,0.0,0.9,4,0,5000,23,break,0.048599999397993
Unguided recall,0.0,0.0,1.0,No reminder,Weak task encoding,1.0,0.0,0.9,4,0,5000,24,break,0.0340000018477439
Unguided recall,0.0,0.0,1.0,No reminder,Weak task encoding,1.0,0.0,0.9,4,0,5000,25,break,0.0297999996691942
Unguided recall,0.0,0.0,1.0,No reminder,Weak task encoding,1.0,0.0,0.9,4,0,5000,26,break,0.0265999995172023
Unguided recall,0.0,0.0,1.0,No reminder,Weak task encoding,1.0,0.0,0.9,4,0,5000,27,break,0.0179999992251396
Unguided recall,0.0,0.0,1.0,No reminder,Weak task encoding,1.0,0.0,0.9,4,0,5000,28,break,0.0189999993890523
Unguided recall,0.0,0.0,1.0,No reminder,Weak task encoding,1.0,0.0,0.9,4,0,5000,29,break,0.0146000003442168
Unguided recall,0.0,0.0,1.0,No reminder,Weak task encoding,1.0,0.0,0.9,4,0,5000,30,break,0.0118000004440546
Unguided recall,0.0,0.0,1.0,No reminder,Weak task encoding,1.0,0.0,0.9,4,0,5000,31,break,0.0115999998524785
Unguided recall,0.0,0.0,1.0,No reminder,Weak task encoding,1.0,0.0,0.9,4,0,5000,32,break,0.0093999998643994
Unguided recall,0.0,0.0,1.0,No reminder,Weak task encoding,1.0,0.0,0.9,4,0,5000,33,task,0.0109999999403953
Unguided recall,0.0,0.0,1.0,No reminder,Weak task encoding,1.0,0.0,0.9,4,0,5000,34,task,0.0074000000022351
Unguided recall,0.0,0.0,1.0,No reminder,Weak task encoding,1.0,0.0,0.9,4,0,5000,35,task,0.0052000000141561
Unguided recall,0.0,0.0,1.0,No reminder,Weak task encoding,1.0,0.0,0.9,4,0,5000,36,task,0.0048000002279877
Unguided recall,0.0,0.0,1.0,No reminder,Weak task encoding,1.0,0.0,0.9,4,0,5000,37,task,0.0054000001400709
Unguided recall,0.0,0.0,1.0,No reminder,Weak task encoding,1.0,0.0,0.9,4,0,5000,38,task,0.0049999998882412
Unguided recall,0.0,0.0,1.0,No reminder,Weak task encoding,1.0,0.0,0.9,4,0,5000,39,task,0.0086000002920627
Unguided recall,0.0,0.0,1.0,No reminder,Weak task encoding,1.0,0.0,0.9,4,0,5000,40,task,0.0057999999262392
Unguided recall,0.0,0.0,1.0,No reminder,Weak task encoding,1.0,0.0,0.9,4,0,5000,41,task,0.0074000000022351
Unguided recall,0.0,0.0,1.0,No reminder,Weak task encoding,1.0,0.0,0.9,4,0,5000,42,task,0.0086000002920627
Unguided recall,0.0,0.0,1.0,No reminder,Weak task encoding,1.0,0.0,0.9,4,0,5000,43,task,0.009800000116229
Unguided recall,0.0,0.0,1.0,No reminder,Weak task encoding,1.0,0.0,0.9,4,0,5000,44,task,0.009800000116229
Unguided recall,0.0,0.0,1.0,No reminder,Weak task encoding,1.0,0.0,0.9,4,0,5000,45,task,0.0142000000923872
Unguided recall,0.0,0.0,1.0,No reminder,Weak task encoding,1.0,0.0,0.9,4,0,5000,46,task,0.0157999992370605
Unguided recall,0.0,0.0,1.0,No reminder,Weak task encoding,1.0,0.0,0.9,4,0,5000,47,task,0.0228000003844499
Unguided recall,0.0,0.0,1.0,No reminder,Weak task encoding,1.0,0.0,0.9,4,0,5000,48,task,0.0214000009000301
Unguided recall,0.0,0.0,1.0,No reminder,Weak task encoding,1.0,0.0,0.9,4,0,5000,49,filler,0.0285999998450279
Unguided recall,0.0,0.0,1.0,No reminder,Weak task encoding,1.0,0.0,0.9,4,0,5000,50,filler,0.0366000011563301
Unguided recall,0.0,0.0,1.0,No reminder,Weak task encoding,1.0,0.0,0.9,4,0,5000,51,filler,0.0443999990820884
Unguided recall,0.0,0.0,1.0,No reminder,Weak task encoding,1.0,0.0,0.9,4,0,5000,52,filler,0.0560000017285347
Unguided recall,0.0,0.0,1.0,No reminder,Weak task encoding,1.0,0.0,0.9,4,0,5000,53,filler,0.0763999968767166
Unguided recall,0.0,0.0,1.0,No reminder,Weak task encoding,1.0,0.0,0.9,4,0,5000,54,filler,0.09740000218153
Unguided recall,0.0,0.0,1.0,No reminder,Weak task encoding,1.0,0.0,0.9,4,0,5000,55,filler,0.1190000027418136
Unguided recall,0.0,0.0,1.0,No reminder,Weak task encoding,1.0,0.0,0.9,4,0,5000,56,filler,0.1591999977827072
Unguided recall,0.0,0.0,1.0,No reminder,Weak task encoding,1.0,0.0,0.9,4,0,5000,57,filler,0.1827999949455261
Unguided recall,0.0,0.0,1.0,No reminder,Weak task encoding,1.0,0.0,0.9,4,0,5000,58,filler,0.2284000068902969
Unguided recall,0.0,0.0,1.0,No reminder,Weak task encoding,1.0,0.0,0.9,4,0,5000,59,filler,0.274399995803833
Unguided recall,0.0,0.0,1.0,No reminder,Weak task encoding,1.0,0.0,0.9,4,0,5000,60,filler,0.3264000117778778
Unguided recall,0.0,0.0,1.0,No reminder,Weak task encoding,1.0,0.0,0.9,4,0,5000,61,filler,0.3982000052928924
Unguided recall,0.0,0.0,1.0,No reminder,Weak task encoding,1.0,0.0,0.9,4,0,5000,62,filler,0.4465999901294708
Unguided recall,0.0,0.0,1.0,No reminder,Weak task encoding,1.0,0.0,0.9,4,0,5000,63,filler,0.4880000054836273
Unguided recall,0.0,0.0,1.0,No reminder,Weak task encoding,1.0,0.0,0.9,4,0,5000,64,filler,0.5386000275611877
Unguided recall,0.0,0.0,1.0,No reminder,Strong task encoding,2.0,0.0,0.9,4,0,5000,1,film,0.0722000002861023
Unguided recall,0.0,0.0,1.0,No reminder,Strong task encoding,2.0,0.0,0.9,4,0,5000,2,film,0.0791999995708465
Unguided recall,0.0,0.0,1.0,No reminder,Strong task encoding,2.0,0.0,0.9,4,0,5000,3,film,0.101400002837181
Unguided recall,0.0,0.0,1.0,No reminder,Strong task encoding,2.0,0.0,0.9,4,0,5000,4,film,0.1155999973416328
Unguided recall,0.0,0.0,1.0,No reminder,Strong task encoding,2.0,0.0,0.9,4,0,5000,5,film,0.1262000054121017
Unguided recall,0.0,0.0,1.0,No reminder,Strong task encoding,2.0,0.0,0.9,4,0,5000,6,film,0.1464000046253204
Unguided recall,0.0,0.0,1.0,No reminder,Strong task encoding,2.0,0.0,0.9,4,0,5000,7,film,0.1633999943733215
Unguided recall,0.0,0.0,1.0,No reminder,Strong task encoding,2.0,0.0,0.9,4,0,5000,8,film,0.1591999977827072
Unguided recall,0.0,0.0,1.0,No reminder,Strong task encoding,2.0,0.0,0.9,4,0,5000,9,film,0.181999996304512
Unguided recall,0.0,0.0,1.0,No reminder,Strong task encoding,2.0,0.0,0.9,4,0,5000,10,film,0.1870000064373016
Unguided recall,0.0,0.0,1.0,No reminder,Strong task encoding,2.0,0.0,0.9,4,0,5000,11,film,0.1860000044107437
Unguided recall,0.0,0.0,1.0,No reminder,Strong task encoding,2.0,0.0,0.9,4,0,5000,12,film,0.1886000037193298
Unguided recall,0.0,0.0,1.0,No reminder,Strong task encoding,2.0,0.0,0.9,4,0,5000,13,film,0.1850000023841858
Unguided recall,0.0,0.0,1.0,No reminder,Strong task encoding,2.0,0.0,0.9,4,0,5000,14,film,0.1886000037193298
Unguided recall,0.0,0.0,1.0,No reminder,Strong task encoding,2.0,0.0,0.9,4,0,5000,15,film,0.181999996304512
Unguided recall,0.0,0.0,1.0,No reminder,Strong task encoding,2.0,0.0,0.9,4,0,5000,16,film,0.1811999976634979
Unguided recall,0.0,0.0,1.0,No reminder,Strong task encoding,2.0,0.0,0.9,4,0,5000,17,break,0.1030000001192092
Unguided recall,0.0,0.0,1.0,No reminder,Strong task encoding,2.0,0.0,0.9,4,0,5000,18,break,0.0842000022530555
Unguided recall,0.0,0.0,1.0,No reminder,Strong task encoding,2.0,0.0,0.9,4,0,5000,19,break,0.0685999989509582
Unguided recall,0.0,0.0,1.0,No reminder,Strong task encoding,2.0,0.0,0.9,4,0,5000,20,break,0.0524000003933906
Unguided recall,0.0,0.0,1.0,No reminder,Strong task encoding,2.0,0.0,0.9,4,0,5000,21,break,0.0439999997615814
Unguided recall,0.0,0.0,1.0,No reminder,Strong task encoding,2.0,0.0,0.9,4,0,5000,22,break,0.0395999997854232
Unguided recall,0.0,0.0,1.0,No reminder,Strong task encoding,2.0,0.0,0.9,4,0,5000,23,break,0.0337999984622001
Unguided recall,0.0,0.0,1.0,No reminder,Strong task encoding,2.0,0.0,0.9,4,0,5000,24,break,0.0243999995291233
Unguided recall,0.0,0.0,1.0,No reminder,Strong task encoding,2.0,0.0,0.9,4,0,5000,25,break,0.015599999576807
Unguided recall,0.0,0.0,1.0,No reminder,Strong task encoding,2.0,0.0,0.9,4,0,5000,26,break,0.0133999995887279
Unguided recall,0.0,0.0,1.0,No reminder,Strong task encoding,2.0,0.0,0.9,4,0,5000,27,break,0.0127999996766448
Unguided recall,0.0,0.0,1.0,No reminder,Strong task encoding,2.0,0.0,0.9,4,0,5000,28,break,0.0099999997764825
Unguided recall,0.0,0.0,1.0,No reminder,Strong task encoding,2.0,0.0,0.9,4,0,5000,29,break,0.0071999998763203
Unguided recall,0.0,0.0,1.0,No reminder,Strong task encoding,2.0,0.0,0.9,4,0,5000,30,break,0.0040000001899898
Unguided recall,0.0,0.0,1.0,No reminder,Strong task encoding,2.0,0.0,0.9,4,0,5000,31,break,0.0048000002279877
Unguided recall,0.0,0.0,1.0,No reminder,Strong task encoding,2.0,0.0,0.9,4,0,5000,32,break,0.0057999999262392
Unguided recall,0.0,0.0,1.0,No reminder,Strong task encoding,2.0,0.0,0.9,4,0,5000,33,task,0.0505999997258186
Unguided recall,0.0,0.0,1.0,No reminder,Strong task encoding,2.0,0.0,0.9,4,0,5000,34,task,0.0582000017166137
Unguided recall,0.0,0.0,1.0,No reminder,Strong task encoding,2.0,0.0,0.9,4,0,5000,35,task,0.0663999989628791
Unguided recall,0.0,0.0,1.0,No reminder,Strong task encoding,2.0,0.0,0.9,4,0,5000,36,task,0.0724000036716461
Unguided recall,0.0,0.0,1.0,No reminder,Strong task encoding,2.0,0.0,0.9,4,0,5000,37,task,0.0802000015974044
Unguided recall,0.0,0.0,1.0,No reminder,Strong task encoding,2.0,0.0,0.9,4,0,5000,38,task,0.0838000029325485
Unguided recall,0.0,0.0,1.0,No reminder,Strong task encoding,2.0,0.0,0.9,4,0,5000,39,task,0.1018000021576881
Unguided recall,0.0,0.0,1.0,No reminder,Strong task encoding,2.0,0.0,0.9,4,0,5000,40,task,0.1106000021100044
Unguided recall,0.0,0.0,1.0,No reminder,Strong task encoding,2.0,0.0,0.9,4,0,5000,41,task,0.135000005364418
Unguided recall,0.0,0.0,1.0,No reminder,Strong task encoding,2.0,0.0,0.9,4,0,5000,42,task,0.1457999944686889
Unguided recall,0.0,0.0,1.0,No reminder,Strong task encoding,2.0,0.0,0.9,4,0,5000,43,task,0.1656000018119812
Unguided recall,0.0,0.0,1.0,No reminder,Strong task encoding,2.0,0.0,0.9,4,0,5000,44,task,0.1710000038146972
Unguided recall,0.0,0.0,1.0,No reminder,Strong task encoding,2.0,0.0,0.9,4,0,5000,45,task,0.1909999996423721
Unguided recall,0.0,0.0,1.0,No reminder,Strong task encoding,2.0,0.0,0.9,4,0,5000,46,task,0.2075999975204467
Unguided recall,0.0,0.0,1.0,No reminder,Strong task encoding,2.0,0.0,0.9,4,0,5000,47,task,0.2222000062465667
Unguided recall,0.0,0.0,1.0,No reminder,Strong task encoding,2.0,0.0,0.9,4,0,5000,48,task,0.2456000000238418
Unguided recall,0.0,0.0,1.0,No reminder,Strong task encoding,2.0,0.0,0.9,4,0,5000,49,filler,0.0425999984145164
Unguided recall,0.0,0.0,1.0,No reminder,Strong task encoding,2.0,0.0,0.9,4,0,5000,50,filler,0.0331999994814395
Unguided recall,0.0,0.0,1.0,No reminder,Strong task encoding,2.0,0.0,0.9,4,0,5000,51,filler,0.0364000014960765
Unguided recall,0.0,0.0,1.0,No reminder,Strong task encoding,2.0,0.0,0.9,4,0,5000,52,filler,0.0417999997735023
Unguided recall,0.0,0.0,1.0,No reminder,Strong task encoding,2.0,0.0,0.9,4,0,5000,53,filler,0.0516000017523765
Unguided recall,0.0,0.0,1.0,No reminder,Strong task encoding,2.0,0.0,0.9,4,0,5000,54,filler,0.0636000037193298
Unguided recall,0.0,0.0,1.0,No reminder,Strong task encoding,2.0,0.0,0.9,4,0,5000,55,filler,0.0776000022888183
Unguided recall,0.0,0.0,1.0,No reminder,Strong task encoding,2.0,0.0,0.9,4,0,5000,56,filler,0.0887999981641769
Unguided recall,0.0,0.0,1.0,No reminder,Strong task encoding,2.0,0.0,0.9,4,0,5000,57,filler,0.1133999973535537
Unguided recall,0.0,0.0,1.0,No reminder,Strong task encoding,2.0,0.0,0.9,4,0,5000,58,filler,0.1544000059366226
Unguided recall,0.0,0.0,1.0,No reminder,Strong task encoding,2.0,0.0,0.9,4,0,5000,59,filler,0.1752000004053115
Unguided recall,0.0,0.0,1.0,No reminder,Strong task encoding,2.0,0.0,0.9,4,0,5000,60,filler,0.2269999980926513
Unguided recall,0.0,0.0,1.0,No reminder,Strong task encoding,2.0,0.0,0.9,4,0,5000,61,filler,0.2741999924182892
Unguided recall,0.0,0.0,1.0,No reminder,Strong task encoding,2.0,0.0,0.9,4,0,5000,62,filler,0.3357999920845032
Unguided recall,0.0,0.0,1.0,No reminder,Strong task encoding,2.0,0.0,0.9,4,0,5000,63,filler,0.3910000026226043
Unguided recall,0.0,0.0,1.0,No reminder,Strong task encoding,2.0,0.0,0.9,4,0,5000,64,filler,0.4354000091552734
Unguided recall,0.0,0.0,1.0,With reminder,Weak task encoding,1.0,0.0,0.9,4,0,5000,1,film,0.0759999975562095
Unguided recall,0.0,0.0,1.0,With reminder,Weak task encoding,1.0,0.0,0.9,4,0,5000,2,film,0.0916000008583068
Unguided recall,0.0,0.0,1.0,With reminder,Weak task encoding,1.0,0.0,0.9,4,0,5000,3,film,0.1111999973654747
Unguided recall,0.0,0.0,1.0,With reminder,Weak task encoding,1.0,0.0,0.9,4,0,5000,4,film,0.1255999952554702
Unguided recall,0.0,0.0,1.0,With reminder,Weak task encoding,1.0,0.0,0.9,4,0,5000,5,film,0.1462000012397766
Unguided recall,0.0,0.0,1.0,With reminder,Weak task encoding,1.0,0.0,0.9,4,0,5000,6,film,0.1607999950647354
Unguided recall,0.0,0.0,1.0,With reminder,Weak task encoding,1.0,0.0,0.9,4,0,5000,7,film,0.1782000064849853
Unguided recall,0.0,0.0,1.0,With reminder,Weak task encoding,1.0,0.0,0.9,4,0,5000,8,film,0.1946000009775161
Unguided recall,0.0,0.0,1.0,With reminder,Weak task encoding,1.0,0.0,0.9,4,0,5000,9,film,0.1896000057458877
Unguided recall,0.0,0.0,1.0,With reminder,Weak task encoding,1.0,0.0,0.9,4,0,5000,10,film,0.2003999948501587
Unguided recall,0.0,0.0,1.0,With reminder,Weak task encoding,1.0,0.0,0.9,4,0,5000,11,film,0.212799996137619
Unguided recall,0.0,0.0,1.0,With reminder,Weak task encoding,1.0,0.0,0.9,4,0,5000,12,film,0.2251999974250793
Unguided recall,0.0,0.0,1.0,With reminder,Weak task encoding,1.0,0.0,0.9,4,0,5000,13,film,0.2324000000953674
Unguided recall,0.0,0.0,1.0,With reminder,Weak task encoding,1.0,0.0,0.9,4,0,5000,14,film,0.2215999960899353
Unguided recall,0.0,0.0,1.0,With reminder,Weak task encoding,1.0,0.0,0.9,4,0,5000,15,film,0.2134000062942505
Unguided recall,0.0,0.0,1.0,With reminder,Weak task encoding,1.0,0.0,0.9,4,0,5000,16,film,0.209999993443489
Unguided recall,0.0,0.0,1.0,With reminder,Weak task encoding,1.0,0.0,0.9,4,0,5000,17,break,0.1254000067710876
Unguided recall,0.0,0.0,1.0,With reminder,Weak task encoding,1.0,0.0,0.9,4,0,5000,18,break,0.0986000001430511
Unguided recall,0.0,0.0,1.0,With reminder,Weak task encoding,1.0,0.0,0.9,4,0,5000,19,break,0.0829999968409538
Unguided recall,0.0,0.0,1.0,With reminder,Weak task encoding,1.0,0.0,0.9,4,0,5000,20,break,0.065200001001358
Unguided recall,0.0,0.0,1.0,With reminder,Weak task encoding,1.0,0.0,0.9,4,0,5000,21,break,0.0452000014483928
Unguided recall,0.0,0.0,1.0,With reminder,Weak task encoding,1.0,0.0,0.9,4,0,5000,22,break,0.0419999994337558
Unguided recall,0.0,0.0,1.0,With reminder,Weak task encoding,1.0,0.0,0.9,4,0,5000,23,break,0.0355999991297721
Unguided recall,0.0,0.0,1.0,With reminder,Weak task encoding,1.0,0.0,0.9,4,0,5000,24,break,0.0274000000208616
Unguided recall,0.0,0.0,1.0,With reminder,Weak task encoding,1.0,0.0,0.9,4,0,5000,25,break,0.0186000000685453
Unguided recall,0.0,0.0,1.0,With reminder,Weak task encoding,1.0,0.0,0.9,4,0,5000,26,break,0.017400000244379
Unguided recall,0.0,0.0,1.0,With reminder,Weak task encoding,1.0,0.0,0.9,4,0,5000,27,break,0.0160000007599592
Unguided recall,0.0,0.0,1.0,With reminder,Weak task encoding,1.0,0.0,0.9,4,0,5000,28,break,0.009800000116229
Unguided recall,0.0,0.0,1.0,With reminder,Weak task encoding,1.0,0.0,0.9,4,0,5000,29,break,0.0105999996885657
Unguided recall,0.0,0.0,1.0,With reminder,Weak task encoding,1.0,0.0,0.9,4,0,5000,30,break,0.0082000000402331
Unguided recall,0.0,0.0,1.0,With reminder,Weak task encoding,1.0,0.0,0.9,4,0,5000,31,break,0.0055999998003244
Unguided recall,0.0,0.0,1.0,With reminder,Weak task encoding,1.0,0.0,0.9,4,0,5000,32,break,0.0046000001020729
Unguided recall,0.0,0.0,1.0,With reminder,Weak task encoding,1.0,0.0,0.9,4,0,5000,33,task,0.1459999978542328
Unguided recall,0.0,0.0,1.0,With reminder,Weak task encoding,1.0,0.0,0.9,4,0,5000,34,task,0.1186000034213066
Unguided recall,0.0,0.0,1.0,With reminder,Weak task encoding,1.0,0.0,0.9,4,0,5000,35,task,0.096400000154972
Unguided recall,0.0,0.0,1.0,With reminder,Weak task encoding,1.0,0.0,0.9,4,0,5000,36,task,0.0847999975085258
Unguided recall,0.0,0.0,1.0,With reminder,Weak task encoding,1.0,0.0,0.9,4,0,5000,37,task,0.0715999975800514
Unguided recall,0.0,0.0,1.0,With reminder,Weak task encoding,1.0,0.0,0.9,4,0,5000,38,task,0.0577999986708164
Unguided recall,0.0,0.0,1.0,With reminder,Weak task encoding,1.0,0.0,0.9,4,0,5000,39,task,0.0579999983310699
Unguided recall,0.0,0.0,1.0,With reminder,Weak task encoding,1.0,0.0,0.9,4,0,5000,40,task,0.046399999409914
Unguided recall,0.0,0.0,1.0,With reminder,Weak task encoding,1.0,0.0,0.9,4,0,5000,41,task,0.0414000004529953
Unguided recall,0.0,0.0,1.0,With reminder,Weak task encoding,1.0,0.0,0.9,4,0,5000,42,task,0.0359999984502792
Unguided recall,0.0,0.0,1.0,With reminder,Weak task encoding,1.0,0.0,0.9,4,0,5000,43,task,0.0355999991297721
Unguided recall,0.0,0.0,1.0,With reminder,Weak task encoding,1.0,0.0,0.9,4,0,5000,44,task,0.031199999153614
Unguided recall,0.0,0.0,1.0,With reminder,Weak task encoding,1.0,0.0,0.9,4,0,5000,45,task,0.0318000018596649
Unguided recall,0.0,0.0,1.0,With reminder,Weak task encoding,1.0,0.0,0.9,4,0,5000,46,task,0.0296000000089406
Unguided recall,0.0,0.0,1.0,With reminder,Weak task encoding,1.0,0.0,0.9,4,0,5000,47,task,0.034800000488758
Unguided recall,0.0,0.0,1.0,With reminder,Weak task encoding,1.0,0.0,0.9,4,0,5000,48,task,0.0375999994575977
Unguided recall,0.0,0.0,1.0,With reminder,Weak task encoding,1.0,0.0,0.9,4,0,5000,49,filler,0.0377999991178512
Unguided recall,0.0,0.0,1.0,With reminder,Weak task encoding,1.0,0.0,0.9,4,0,5000,50,filler,0.0483999997377395
Unguided recall,0.0,0.0,1.0,With reminder,Weak task encoding,1.0,0.0,0.9,4,0,5000,51,filler,0.0560000017285347
Unguided recall,0.0,0.0,1.0,With reminder,Weak task encoding,1.0,0.0,0.9,4,0,5000,52,filler,0.0667999982833862
Unguided recall,0.0,0.0,1.0,With reminder,Weak task encoding,1.0,0.0,0.9,4,0,5000,53,filler,0.0825999975204467
Unguided recall,0.0,0.0,1.0,With reminder,Weak task encoding,1.0,0.0,0.9,4,0,5000,54,filler,0.101400002837181
Unguided recall,0.0,0.0,1.0,With reminder,Weak task encoding,1.0,0.0,0.9,4,0,5000,55,filler,0.1186000034213066
Unguided recall,0.0,0.0,1.0,With reminder,Weak task encoding,1.0,0.0,0.9,4,0,5000,56,filler,0.1420000046491623
Unguided recall,0.0,0.0,1.0,With reminder,Weak task encoding,1.0,0.0,0.9,4,0,5000,57,filler,0.1861999928951263
Unguided recall,0.0,0.0,1.0,With reminder,Weak task encoding,1.0,0.0,0.9,4,0,5000,58,filler,0.209999993443489
Unguided recall,0.0,0.0,1.0,With reminder,Weak task encoding,1.0,0.0,0.9,4,0,5000,59,filler,0.2556000053882599
Unguided recall,0.0,0.0,1.0,With reminder,Weak task encoding,1.0,0.0,0.9,4,0,5000,60,filler,0.2973999977111816
Unguided recall,0.0,0.0,1.0,With reminder,Weak task encoding,1.0,0.0,0.9,4,0,5000,61,filler,0.3612000048160553
Unguided recall,0.0,0.0,1.0,With reminder,Weak task encoding,1.0,0.0,0.9,4,0,5000,62,filler,0.4007999897003174
Unguided recall,0.0,0.0,1.0,With reminder,Weak task encoding,1.0,0.0,0.9,4,0,5000,63,filler,0.4537999927997589
Unguided recall,0.0,0.0,1.0,With reminder,Weak task encoding,1.0,0.0,0.9,4,0,5000,64,filler,0.4948000013828277
Unguided recall,0.0,0.0,1.0,With reminder,Strong task encoding,2.0,0.0,0.9,4,0,5000,1,film,0.0255999993532896
Unguided recall,0.0,0.0,1.0,With reminder,Strong task encoding,2.0,0.0,0.9,4,0,5000,2,film,0.0318000018596649
Unguided recall,0.0,0.0,1.0,With reminder,Strong task encoding,2.0,0.0,0.9,4,0,5000,3,film,0.0351999998092651
Unguided recall,0.0,0.0,1.0,With reminder,Strong task encoding,2.0,0.0,0.9,4,0,5000,4,film,0.0414000004529953
Unguided recall,0.0,0.0,1.0,With reminder,Strong task encoding,2.0,0.0,0.9,4,0,5000,5,film,0.0511999987065792
Unguided recall,0.0,0.0,1.0,With reminder,Strong task encoding,2.0,0.0,0.9,4,0,5000,6,film,0.0509999990463256
Unguided recall,0.0,0.0,1.0,With reminder,Strong task encoding,2.0,0.0,0.9,4,0,5000,7,film,0.0566000007092952
Unguided recall,0.0,0.0,1.0,With reminder,Strong task encoding,2.0,0.0,0.9,4,0,5000,8,film,0.0573999993503093
Unguided recall,0.0,0.0,1.0,With reminder,Strong task encoding,2.0,0.0,0.9,4,0,5000,9,film,0.0584000013768672
Unguided recall,0.0,0.0,1.0,With reminder,Strong task encoding,2.0,0.0,0.9,4,0,5000,10,film,0.0630000010132789
Unguided recall,0.0,0.0,1.0,With reminder,Strong task encoding,2.0,0.0,0.9,4,0,5000,11,film,0.0546000003814697
Unguided recall,0.0,0.0,1.0,With reminder,Strong task encoding,2.0,0.0,0.9,4,0,5000,12,film,0.062399998307228
Unguided recall,0.0,0.0,1.0,With reminder,Strong task encoding,2.0,0.0,0.9,4,0,5000,13,film,0.0573999993503093
Unguided recall,0.0,0.0,1.0,With reminder,Strong task encoding,2.0,0.0,0.9,4,0,5000,14,film,0.0527999997138977
Unguided recall,0.0,0.0,1.0,With reminder,Strong task encoding,2.0,0.0,0.9,4,0,5000,15,film,0.046799998730421
Unguided recall,0.0,0.0,1.0,With reminder,Strong task encoding,2.0,0.0,0.9,4,0,5000,16,film,0.0469999983906745
Unguided recall,0.0,0.0,1.0,With reminder,Strong task encoding,2.0,0.0,0.9,4,0,5000,17,break,0.0287999995052814
Unguided recall,0.0,0.0,1.0,With reminder,Strong task encoding,2.0,0.0,0.9,4,0,5000,18,break,0.0186000000685453
Unguided recall,0.0,0.0,1.0,With reminder,Strong task encoding,2.0,0.0,0.9,4,0,5000,19,break,0.0140000004321336
Unguided recall,0.0,0.0,1.0,With reminder,Strong task encoding,2.0,0.0,0.9,4,0,5000,20,break,0.0104000000283122
Unguided recall,0.0,0.0,1.0,With reminder,Strong task encoding,2.0,0.0,0.9,4,0,5000,21,break,0.0074000000022351
Unguided recall,0.0,0.0,1.0,With reminder,Strong task encoding,2.0,0.0,0.9,4,0,5000,22,break,0.0063999998383224
Unguided recall,0.0,0.0,1.0,With reminder,Strong task encoding,2.0,0.0,0.9,4,0,5000,23,break,0.0041999998502433
Unguided recall,0.0,0.0,1.0,With reminder,Strong task encoding,2.0,0.0,0.9,4,0,5000,24,break,0.002600000007078
Unguided recall,0.0,0.0,1.0,With reminder,Strong task encoding,2.0,0.0,0.9,4,0,5000,25,break,0.0024000001139938
Unguided recall,0.0,0.0,1.0,With reminder,Strong task encoding,2.0,0.0,0.9,4,0,5000,26,break,0.0007999999797903
Unguided recall,0.0,0.0,1.0,With reminder,Strong task encoding,2.0,0.0,0.9,4,0,5000,27,break,0.0012000000569969
Unguided recall,0.0,0.0,1.0,With reminder,Strong task encoding,2.0,0.0,0.9,4,0,5000,28,break,0.0012000000569969
Unguided recall,0.0,0.0,1.0,With reminder,Strong task encoding,2.0,0.0,0.9,4,0,5000,29,break,0.0007999999797903
Unguided recall,0.0,0.0,1.0,With reminder,Strong task encoding,2.0,0.0,0.9,4,0,5000,30,break,0.0001999999949475
Unguided recall,0.0,0.0,1.0,With reminder,Strong task encoding,2.0,0.0,0.9,4,0,5000,31,break,0.0
Unguided recall,0.0,0.0,1.0,With reminder,Strong task encoding,2.0,0.0,0.9,4,0,5000,32,break,0.0007999999797903
Unguided recall,0.0,0.0,1.0,With reminder,Strong task encoding,2.0,0.0,0.9,4,0,5000,33,task,0.3513999879360199
Unguided recall,0.0,0.0,1.0,With reminder,Strong task encoding,2.0,0.0,0.9,4,0,5000,34,task,0.3553999960422516
Unguided recall,0.0,0.0,1.0,With reminder,Strong task encoding,2.0,0.0,0.9,4,0,5000,35,task,0.3499999940395355
Unguided recall,0.0,0.0,1.0,With reminder,Strong task encoding,2.0,0.0,0.9,4,0,5000,36,task,0.3614000082015991
Unguided recall,0.0,0.0,1.0,With reminder,Strong task encoding,2.0,0.0,0.9,4,0,5000,37,task,0.3472000062465668
Unguided recall,0.0,0.0,1.0,With reminder,Strong task encoding,2.0,0.0,0.9,4,0,5000,38,task,0.3463999927043915
Unguided recall,0.0,0.0,1.0,With reminder,Strong task encoding,2.0,0.0,0.9,4,0,5000,39,task,0.3420000076293945
Unguided recall,0.0,0.0,1.0,With reminder,Strong task encoding,2.0,0.0,0.9,4,0,5000,40,task,0.3454000055789947
Unguided recall,0.0,0.0,1.0,With reminder,Strong task encoding,2.0,0.0,0.9,4,0,5000,41,task,0.3422000110149383
Unguided recall,0.0,0.0,1.0,With reminder,Strong task encoding,2.0,0.0,0.9,4,0,5000,42,task,0.3233999907970428
Unguided recall,0.0,0.0,1.0,With reminder,Strong task encoding,2.0,0.0,0.9,4,0,5000,43,task,0.3174000084400177
Unguided recall,0.0,0.0,1.0,With reminder,Strong task encoding,2.0,0.0,0.9,4,0,5000,44,task,0.3138000071048736
Unguided recall,0.0,0.0,1.0,With reminder,Strong task encoding,2.0,0.0,0.9,4,0,5000,45,task,0.2996000051498413
Unguided recall,0.0,0.0,1.0,With reminder,Strong task encoding,2.0,0.0,0.9,4,0,5000,46,task,0.2971999943256378
Unguided recall,0.0,0.0,1.0,With reminder,Strong task encoding,2.0,0.0,0.9,4,0,5000,47,task,0.2842000126838684
Unguided recall,0.0,0.0,1.0,With reminder,Strong task encoding,2.0,0.0,0.9,4,0,5000,48,task,0.2815999984741211
Unguided recall,0.0,0.0,1.0,With reminder,Strong task encoding,2.0,0.0,0.9,4,0,5000,49,filler,0.0318000018596649
Unguided recall,0.0,0.0,1.0,With reminder,Strong task encoding,2.0,0.0,0.9,4,0,5000,50,filler,0.0275999996811151
Unguided recall,0.0,0.0,1.0,With reminder,Strong task encoding,2.0,0.0,0.9,4,0,5000,51,filler,0.0263999998569488
Unguided recall,0.0,0.0,1.0,With reminder,Strong task encoding,2.0,0.0,0.9,4,0,5000,52,filler,0.0274000000208616
Unguided recall,0.0,0.0,1.0,With reminder,Strong task encoding,2.0,0.0,0.9,4,0,5000,53,filler,0.0299999993294477
Unguided recall,0.0,0.0,1.0,With reminder,Strong task encoding,2.0,0.0,0.9,4,0,5000,54,filler,0.0337999984622001
Unguided recall,0.0,0.0,1.0,With reminder,Strong task encoding,2.0,0.0,0.9,4,0,5000,55,filler,0.0372000001370906
Unguided recall,0.0,0.0,1.0,With reminder,Strong task encoding,2.0,0.0,0.9,4,0,5000,56,filler,0.0513999983668327
Unguided recall,0.0,0.0,1.0,With reminder,Strong task encoding,2.0,0.0,0.9,4,0,5000,57,filler,0.0573999993503093
Unguided recall,0.0,0.0,1.0,With reminder,Strong task encoding,2.0,0.0,0.9,4,0,5000,58,filler,0.0772000029683113
Unguided recall,0.0,0.0,1.0,With reminder,Strong task encoding,2.0,0.0,0.9,4,0,5000,59,filler,0.0953999981284141
Unguided recall,0.0,0.0,1.0,With reminder,Strong task encoding,2.0,0.0,0.9,4,0,5000,60,filler,0.128600001335144
Unguided recall,0.0,0.0,1.0,With reminder,Strong task encoding,2.0,0.0,0.9,4,0,5000,61,filler,0.1501999944448471
Unguided recall,0.0,0.0,1.0,With reminder,Strong task encoding,2.0,0.0,0.9,4,0,5000,62,filler,0.1881999969482422
Unguided recall,0.0,0.0,1.0,With reminder,Strong task encoding,2.0,0.0,0.9,4,0,5000,63,filler,0.2212000042200088
Unguided recall,0.0,0.0,1.0,With reminder,Strong task encoding,2.0,0.0,0.9,4,0,5000,64,filler,0.2653999924659729
Start-of-film reinstatement,1.0,0.0,0.75,No reminder,Weak task encoding,1.0,0.0,0.9,4,0,5000,1,film,0.3373999893665313
Start-of-film reinstatement,1.0,0.0,0.75,No reminder,Weak task encoding,1.0,0.0,0.9,4,0,5000,2,film,0.3285999894142151
Start-of-film reinstatement,1.0,0.0,0.75,No reminder,Weak task encoding,1.0,0.0,0.9,4,0,5000,3,film,0.3472000062465668
Start-of-film reinstatement,1.0,0.0,0.75,No reminder,Weak task encoding,1.0,0.0,0.9,4,0,5000,4,film,0.3824000060558319
Start-of-film reinstatement,1.0,0.0,0.75,No reminder,Weak task encoding,1.0,0.0,0.9,4,0,5000,5,film,0.4047999978065491
Start-of-film reinstatement,1.0,0.0,0.75,No reminder,Weak task encoding,1.0,0.0,0.9,4,0,5000,6,film,0.4230000078678131
Start-of-film reinstatement,1.0,0.0,0.75,No reminder,Weak task encoding,1.0,0.0,0.9,4,0,5000,7,film,0.4429999887943268
Start-of-film reinstatement,1.0,0.0,0.75,No reminder,Weak task encoding,1.0,0.0,0.9,4,0,5000,8,film,0.4550000131130218
Start-of-film reinstatement,1.0,0.0,0.75,No reminder,Weak task encoding,1.0,0.0,0.9,4,0,5000,9,film,0.4453999996185303
Start-of-film reinstatement,1.0,0.0,0.75,No reminder,Weak task encoding,1.0,0.0,0.9,4,0,5000,10,film,0.4523999989032745
Start-of-film reinstatement,1.0,0.0,0.75,No reminder,Weak task encoding,1.0,0.0,0.9,4,0,5000,11,film,0.464599996805191
Start-of-film reinstatement,1.0,0.0,0.75,No reminder,Weak task encoding,1.0,0.0,0.9,4,0,5000,12,film,0.4539999961853027
Start-of-film reinstatement,1.0,0.0,0.75,No reminder,Weak task encoding,1.0,0.0,0.9,4,0,5000,13,film,0.4465999901294708
Start-of-film reinstatement,1.0,0.0,0.75,No reminder,Weak task encoding,1.0,0.0,0.9,4,0,5000,14,film,0.4264000058174133
Start-of-film reinstatement,1.0,0.0,0.75,No reminder,Weak task encoding,1.0,0.0,0.9,4,0,5000,15,film,0.4108000099658966
Start-of-film reinstatement,1.0,0.0,0.75,No reminder,Weak task encoding,1.0,0.0,0.9,4,0,5000,16,film,0.3826000094413757
Start-of-film reinstatement,1.0,0.0,0.75,No reminder,Weak task encoding,1.0,0.0,0.9,4,0,5000,17,break,0.2055999934673309
Start-of-film reinstatement,1.0,0.0,0.75,No reminder,Weak task encoding,1.0,0.0,0.9,4,0,5000,18,break,0.1431999951601028
Start-of-film reinstatement,1.0,0.0,0.75,No reminder,Weak task encoding,1.0,0.0,0.9,4,0,5000,19,break,0.1162000000476837
Start-of-film reinstatement,1.0,0.0,0.75,No reminder,Weak task encoding,1.0,0.0,0.9,4,0,5000,20,break,0.0916000008583068
Start-of-film reinstatement,1.0,0.0,0.75,No reminder,Weak task encoding,1.0,0.0,0.9,4,0,5000,21,break,0.0685999989509582
Start-of-film reinstatement,1.0,0.0,0.75,No reminder,Weak task encoding,1.0,0.0,0.9,4,0,5000,22,break,0.0557999983429908
Start-of-film reinstatement,1.0,0.0,0.75,No reminder,Weak task encoding,1.0,0.0,0.9,4,0,5000,23,break,0.0372000001370906
Start-of-film reinstatement,1.0,0.0,0.75,No reminder,Weak task encoding,1.0,0.0,0.9,4,0,5000,24,break,0.0322000011801719
Start-of-film reinstatement,1.0,0.0,0.75,No reminder,Weak task encoding,1.0,0.0,0.9,4,0,5000,25,break,0.0238000005483627
Start-of-film reinstatement,1.0,0.0,0.75,No reminder,Weak task encoding,1.0,0.0,0.9,4,0,5000,26,break,0.0142000000923872
Start-of-film reinstatement,1.0,0.0,0.75,No reminder,Weak task encoding,1.0,0.0,0.9,4,0,5000,27,break,0.0140000004321336
Start-of-film reinstatement,1.0,0.0,0.75,No reminder,Weak task encoding,1.0,0.0,0.9,4,0,5000,28,break,0.009800000116229
Start-of-film reinstatement,1.0,0.0,0.75,No reminder,Weak task encoding,1.0,0.0,0.9,4,0,5000,29,break,0.0043999999761581
Start-of-film reinstatement,1.0,0.0,0.75,No reminder,Weak task encoding,1.0,0.0,0.9,4,0,5000,30,break,0.0049999998882412
Start-of-film reinstatement,1.0,0.0,0.75,No reminder,Weak task encoding,1.0,0.0,0.9,4,0,5000,31,break,0.0043999999761581
Start-of-film reinstatement,1.0,0.0,0.75,No reminder,Weak task encoding,1.0,0.0,0.9,4,0,5000,32,break,0.0038000000640749
Start-of-film reinstatement,1.0,0.0,0.75,No reminder,Weak task encoding,1.0,0.0,0.9,4,0,5000,33,task,0.002199999988079
Start-of-film reinstatement,1.0,0.0,0.75,No reminder,Weak task encoding,1.0,0.0,0.9,4,0,5000,34,task,0.00179999996908
Start-of-film reinstatement,1.0,0.0,0.75,No reminder,Weak task encoding,1.0,0.0,0.9,4,0,5000,35,task,0.002199999988079
Start-of-film reinstatement,1.0,0.0,0.75,No reminder,Weak task encoding,1.0,0.0,0.9,4,0,5000,36,task,0.0006000000284984
Start-of-film reinstatement,1.0,0.0,0.75,No reminder,Weak task encoding,1.0,0.0,0.9,4,0,5000,37,task,0.0006000000284984
Start-of-film reinstatement,1.0,0.0,0.75,No reminder,Weak task encoding,1.0,0.0,0.9,4,0,5000,38,task,0.0013999999500811
Start-of-film reinstatement,1.0,0.0,0.75,No reminder,Weak task encoding,1.0,0.0,0.9,4,0,5000,39,task,0.0006000000284984
Start-of-film reinstatement,1.0,0.0,0.75,No reminder,Weak task encoding,1.0,0.0,0.9,4,0,5000,40,task,0.0006000000284984
Start-of-film reinstatement,1.0,0.0,0.75,No reminder,Weak task encoding,1.0,0.0,0.9,4,0,5000,41,task,0.0001999999949475
Start-of-film reinstatement,1.0,0.0,0.75,No reminder,Weak task encoding,1.0,0.0,0.9,4,0,5000,42,task,0.0003999999898951
Start-of-film reinstatement,1.0,0.0,0.75,No reminder,Weak task encoding,1.0,0.0,0.9,4,0,5000,43,task,0.0006000000284984
Start-of-film reinstatement,1.0,0.0,0.75,No reminder,Weak task encoding,1.0,0.0,0.9,4,0,5000,44,task,0.0001999999949475
Start-of-film reinstatement,1.0,0.0,0.75,No reminder,Weak task encoding,1.0,0.0,0.9,4,0,5000,45,task,0.0003999999898951
Start-of-film reinstatement,1.0,0.0,0.75,No reminder,Weak task encoding,1.0,0.0,0.9,4,0,5000,46,task,0.0001999999949475
Start-of-film reinstatement,1.0,0.0,0.75,No reminder,Weak task encoding,1.0,0.0,0.9,4,0,5000,47,task,0.0010000000474974
Start-of-film reinstatement,1.0,0.0,0.75,No reminder,Weak task encoding,1.0,0.0,0.9,4,0,5000,48,task,0.0007999999797903
Start-of-film reinstatement,1.0,0.0,0.75,No reminder,Weak task encoding,1.0,0.0,0.9,4,0,5000,49,filler,0.0007999999797903
Start-of-film reinstatement,1.0,0.0,0.75,No reminder,Weak task encoding,1.0,0.0,0.9,4,0,5000,50,filler,0.002199999988079
Start-of-film reinstatement,1.0,0.0,0.75,No reminder,Weak task encoding,1.0,0.0,0.9,4,0,5000,51,filler,0.0013999999500811
Start-of-film reinstatement,1.0,0.0,0.75,No reminder,Weak task encoding,1.0,0.0,0.9,4,0,5000,52,filler,0.003000000026077
Start-of-film reinstatement,1.0,0.0,0.75,No reminder,Weak task encoding,1.0,0.0,0.9,4,0,5000,53,filler,0.0031999999191612
Start-of-film reinstatement,1.0,0.0,0.75,No reminder,Weak task encoding,1.0,0.0,0.9,4,0,5000,54,filler,0.0038000000640749
Start-of-film reinstatement,1.0,0.0,0.75,No reminder,Weak task encoding,1.0,0.0,0.9,4,0,5000,55,filler,0.0040000001899898
Start-of-film reinstatement,1.0,0.0,0.75,No reminder,Weak task encoding,1.0,0.0,0.9,4,0,5000,56,filler,0.0046000001020729
Start-of-film reinstatement,1.0,0.0,0.75,No reminder,Weak task encoding,1.0,0.0,0.9,4,0,5000,57,filler,0.0074000000022351
Start-of-film reinstatement,1.0,0.0,0.75,No reminder,Weak task encoding,1.0,0.0,0.9,4,0,5000,58,filler,0.0105999996885657
Start-of-film reinstatement,1.0,0.0,0.75,No reminder,Weak task encoding,1.0,0.0,0.9,4,0,5000,59,filler,0.0109999999403953
Start-of-film reinstatement,1.0,0.0,0.75,No reminder,Weak task encoding,1.0,0.0,0.9,4,0,5000,60,filler,0.0137999998405575
Start-of-film reinstatement,1.0,0.0,0.75,No reminder,Weak task encoding,1.0,0.0,0.9,4,0,5000,61,filler,0.023199999704957
Start-of-film reinstatement,1.0,0.0,0.75,No reminder,Weak task encoding,1.0,0.0,0.9,4,0,5000,62,filler,0.0284000001847744
Start-of-film reinstatement,1.0,0.0,0.75,No reminder,Weak task encoding,1.0,0.0,0.9,4,0,5000,63,filler,0.0346000008285045
Start-of-film reinstatement,1.0,0.0,0.75,No reminder,Weak task encoding,1.0,0.0,0.9,4,0,5000,64,filler,0.0432000011205673
Start-of-film reinstatement,1.0,0.0,0.75,No reminder,Strong task encoding,2.0,0.0,0.9,4,0,5000,1,film,0.3192000091075897
Start-of-film reinstatement,1.0,0.0,0.75,No reminder,Strong task encoding,2.0,0.0,0.9,4,0,5000,2,film,0.3452000021934509
Start-of-film reinstatement,1.0,0.0,0.75,No reminder,Strong task encoding,2.0,0.0,0.9,4,0,5000,3,film,0.3386000096797943
Start-of-film reinstatement,1.0,0.0,0.75,No reminder,Strong task encoding,2.0,0.0,0.9,4,0,5000,4,film,0.3727999925613403
Start-of-film reinstatement,1.0,0.0,0.75,No reminder,Strong task encoding,2.0,0.0,0.9,4,0,5000,5,film,0.395000010728836
Start-of-film reinstatement,1.0,0.0,0.75,No reminder,Strong task encoding,2.0,0.0,0.9,4,0,5000,6,film,0.414000004529953
Start-of-film reinstatement,1.0,0.0,0.75,No reminder,Strong task encoding,2.0,0.0,0.9,4,0,5000,7,film,0.4187999963760376
Start-of-film reinstatement,1.0,0.0,0.75,No reminder,Strong task encoding,2.0,0.0,0.9,4,0,5000,8,film,0.4392000138759613
Start-of-film reinstatement,1.0,0.0,0.75,No reminder,Strong task encoding,2.0,0.0,0.9,4,0,5000,9,film,0.4381999969482422
Start-of-film reinstatement,1.0,0.0,0.75,No reminder,Strong task encoding,2.0,0.0,0.9,4,0,5000,10,film,0.4494000077247619
Start-of-film reinstatement,1.0,0.0,0.75,No reminder,Strong task encoding,2.0,0.0,0.9,4,0,5000,11,film,0.4413999915122986
Start-of-film reinstatement,1.0,0.0,0.75,No reminder,Strong task encoding,2.0,0.0,0.9,4,0,5000,12,film,0.438400000333786
Start-of-film reinstatement,1.0,0.0,0.75,No reminder,Strong task encoding,2.0,0.0,0.9,4,0,5000,13,film,0.4269999861717224
Start-of-film reinstatement,1.0,0.0,0.75,No reminder,Strong task encoding,2.0,0.0,0.9,4,0,5000,14,film,0.3977999985218048
Start-of-film reinstatement,1.0,0.0,0.75,No reminder,Strong task encoding,2.0,0.0,0.9,4,0,5000,15,film,0.3885999917984009
Start-of-film reinstatement,1.0,0.0,0.75,No reminder,Strong task encoding,2.0,0.0,0.9,4,0,5000,16,film,0.3592000007629394
Start-of-film reinstatement,1.0,0.0,0.75,No reminder,Strong task encoding,2.0,0.0,0.9,4,0,5000,17,break,0.2016000002622604
Start-of-film reinstatement,1.0,0.0,0.75,No reminder,Strong task encoding,2.0,0.0,0.9,4,0,5000,18,break,0.1519999951124191
Start-of-film reinstatement,1.0,0.0,0.75,No reminder,Strong task encoding,2.0,0.0,0.9,4,0,5000,19,break,0.1096000000834465
Start-of-film reinstatement,1.0,0.0,0.75,No reminder,Strong task encoding,2.0,0.0,0.9,4,0,5000,20,break,0.0842000022530555
Start-of-film reinstatement,1.0,0.0,0.75,No reminder,Strong task encoding,2.0,0.0,0.9,4,0,5000,21,break,0.061999998986721
Start-of-film reinstatement,1.0,0.0,0.75,No reminder,Strong task encoding,2.0,0.0,0.9,4,0,5000,22,break,0.0386000014841556
Start-of-film reinstatement,1.0,0.0,0.75,No reminder,Strong task encoding,2.0,0.0,0.9,4,0,5000,23,break,0.0333999991416931
Start-of-film reinstatement,1.0,0.0,0.75,No reminder,Strong task encoding,2.0,0.0,0.9,4,0,5000,24,break,0.025000000372529
Start-of-film reinstatement,1.0,0.0,0.75,No reminder,Strong task encoding,2.0,0.0,0.9,4,0,5000,25,break,0.0189999993890523
Start-of-film reinstatement,1.0,0.0,0.75,No reminder,Strong task encoding,2.0,0.0,0.9,4,0,5000,26,break,0.0142000000923872
Start-of-film reinstatement,1.0,0.0,0.75,No reminder,Strong task encoding,2.0,0.0,0.9,4,0,5000,27,break,0.0127999996766448
Start-of-film reinstatement,1.0,0.0,0.75,No reminder,Strong task encoding,2.0,0.0,0.9,4,0,5000,28,break,0.0092000002041459
Start-of-film reinstatement,1.0,0.0,0.75,No reminder,Strong task encoding,2.0,0.0,0.9,4,0,5000,29,break,0.0057999999262392
Start-of-film reinstatement,1.0,0.0,0.75,No reminder,Strong task encoding,2.0,0.0,0.9,4,0,5000,30,break,0.003400000045076
Start-of-film reinstatement,1.0,0.0,0.75,No reminder,Strong task encoding,2.0,0.0,0.9,4,0,5000,31,break,0.003000000026077
Start-of-film reinstatement,1.0,0.0,0.75,No reminder,Strong task encoding,2.0,0.0,0.9,4,0,5000,32,break,0.002199999988079
Start-of-film reinstatement,1.0,0.0,0.75,No reminder,Strong task encoding,2.0,0.0,0.9,4,0,5000,33,task,0.0219999998807907
Start-of-film reinstatement,1.0,0.0,0.75,No reminder,Strong task encoding,2.0,0.0,0.9,4,0,5000,34,task,0.0208000000566244
Start-of-film reinstatement,1.0,0.0,0.75,No reminder,Strong task encoding,2.0,0.0,0.9,4,0,5000,35,task,0.0179999992251396
Start-of-film reinstatement,1.0,0.0,0.75,No reminder,Strong task encoding,2.0,0.0,0.9,4,0,5000,36,task,0.0162000004202127
Start-of-film reinstatement,1.0,0.0,0.75,No reminder,Strong task encoding,2.0,0.0,0.9,4,0,5000,37,task,0.0152000002562999
Start-of-film reinstatement,1.0,0.0,0.75,No reminder,Strong task encoding,2.0,0.0,0.9,4,0,5000,38,task,0.015599999576807
Start-of-film reinstatement,1.0,0.0,0.75,No reminder,Strong task encoding,2.0,0.0,0.9,4,0,5000,39,task,0.0164000000804662
Start-of-film reinstatement,1.0,0.0,0.75,No reminder,Strong task encoding,2.0,0.0,0.9,4,0,5000,40,task,0.0133999995887279
Start-of-film reinstatement,1.0,0.0,0.75,No reminder,Strong task encoding,2.0,0.0,0.9,4,0,5000,41,task,0.0118000004440546
Start-of-film reinstatement,1.0,0.0,0.75,No reminder,Strong task encoding,2.0,0.0,0.9,4,0,5000,42,task,0.013600000180304
Start-of-film reinstatement,1.0,0.0,0.75,No reminder,Strong task encoding,2.0,0.0,0.9,4,0,5000,43,task,0.0140000004321336
Start-of-film reinstatement,1.0,0.0,0.75,No reminder,Strong task encoding,2.0,0.0,0.9,4,0,5000,44,task,0.0140000004321336
Start-of-film reinstatement,1.0,0.0,0.75,No reminder,Strong task encoding,2.0,0.0,0.9,4,0,5000,45,task,0.0146000003442168
Start-of-film reinstatement,1.0,0.0,0.75,No reminder,Strong task encoding,2.0,0.0,0.9,4,0,5000,46,task,0.0142000000923872
Start-of-film reinstatement,1.0,0.0,0.75,No reminder,Strong task encoding,2.0,0.0,0.9,4,0,5000,47,task,0.0142000000923872
Start-of-film reinstatement,1.0,0.0,0.75,No reminder,Strong task encoding,2.0,0.0,0.9,4,0,5000,48,task,0.0162000004202127
Start-of-film reinstatement,1.0,0.0,0.75,No reminder,Strong task encoding,2.0,0.0,0.9,4,0,5000,49,filler,0.0020000000949949
Start-of-film reinstatement,1.0,0.0,0.75,No reminder,Strong task encoding,2.0,0.0,0.9,4,0,5000,50,filler,0.002600000007078
Start-of-film reinstatement,1.0,0.0,0.75,No reminder,Strong task encoding,2.0,0.0,0.9,4,0,5000,51,filler,0.003400000045076
Start-of-film reinstatement,1.0,0.0,0.75,No reminder,Strong task encoding,2.0,0.0,0.9,4,0,5000,52,filler,0.00179999996908
Start-of-film reinstatement,1.0,0.0,0.75,No reminder,Strong task encoding,2.0,0.0,0.9,4,0,5000,53,filler,0.003400000045076
Start-of-film reinstatement,1.0,0.0,0.75,No reminder,Strong task encoding,2.0,0.0,0.9,4,0,5000,54,filler,0.0035999999381601
Start-of-film reinstatement,1.0,0.0,0.75,No reminder,Strong task encoding,2.0,0.0,0.9,4,0,5000,55,filler,0.0035999999381601
Start-of-film reinstatement,1.0,0.0,0.75,No reminder,Strong task encoding,2.0,0.0,0.9,4,0,5000,56,filler,0.0063999998383224
Start-of-film reinstatement,1.0,0.0,0.75,No reminder,Strong task encoding,2.0,0.0,0.9,4,0,5000,57,filler,0.0077999997884035
Start-of-film reinstatement,1.0,0.0,0.75,No reminder,Strong task encoding,2.0,0.0,0.9,4,0,5000,58,filler,0.0096000004559755
Start-of-film reinstatement,1.0,0.0,0.75,No reminder,Strong task encoding,2.0,0.0,0.9,4,0,5000,59,filler,0.013600000180304
Start-of-film reinstatement,1.0,0.0,0.75,No reminder,Strong task encoding,2.0,0.0,0.9,4,0,5000,60,filler,0.0165999997407197
Start-of-film reinstatement,1.0,0.0,0.75,No reminder,Strong task encoding,2.0,0.0,0.9,4,0,5000,61,filler,0.0204000007361173
Start-of-film reinstatement,1.0,0.0,0.75,No reminder,Strong task encoding,2.0,0.0,0.9,4,0,5000,62,filler,0.0270000007003545
Start-of-film reinstatement,1.0,0.0,0.75,No reminder,Strong task encoding,2.0,0.0,0.9,4,0,5000,63,filler,0.0372000001370906
Start-of-film reinstatement,1.0,0.0,0.75,No reminder,Strong task encoding,2.0,0.0,0.9,4,0,5000,64,filler,0.0483999997377395
Start-of-film reinstatement,1.0,0.0,0.75,With reminder,Weak task encoding,1.0,0.0,0.9,4,0,5000,1,film,0.3073999881744385
Start-of-film reinstatement,1.0,0.0,0.75,With reminder,Weak task encoding,1.0,0.0,0.9,4,0,5000,2,film,0.3014000058174133
Start-of-film reinstatement,1.0,0.0,0.75,With reminder,Weak task encoding,1.0,0.0,0.9,4,0,5000,3,film,0.31700000166893
Start-of-film reinstatement,1.0,0.0,0.75,With reminder,Weak task encoding,1.0,0.0,0.9,4,0,5000,4,film,0.3373999893665313
Start-of-film reinstatement,1.0,0.0,0.75,With reminder,Weak task encoding,1.0,0.0,0.9,4,0,5000,5,film,0.3571999967098236
Start-of-film reinstatement,1.0,0.0,0.75,With reminder,Weak task encoding,1.0,0.0,0.9,4,0,5000,6,film,0.3700000047683716
Start-of-film reinstatement,1.0,0.0,0.75,With reminder,Weak task encoding,1.0,0.0,0.9,4,0,5000,7,film,0.3925999999046325
Start-of-film reinstatement,1.0,0.0,0.75,With reminder,Weak task encoding,1.0,0.0,0.9,4,0,5000,8,film,0.4007999897003174
Start-of-film reinstatement,1.0,0.0,0.75,With reminder,Weak task encoding,1.0,0.0,0.9,4,0,5000,9,film,0.3984000086784363
Start-of-film reinstatement,1.0,0.0,0.75,With reminder,Weak task encoding,1.0,0.0,0.9,4,0,5000,10,film,0.412200003862381
Start-of-film reinstatement,1.0,0.0,0.75,With reminder,Weak task encoding,1.0,0.0,0.9,4,0,5000,11,film,0.4081999957561493
Start-of-film reinstatement,1.0,0.0,0.75,With reminder,Weak task encoding,1.0,0.0,0.9,4,0,5000,12,film,0.4117999970912933
Start-of-film reinstatement,1.0,0.0,0.75,With reminder,Weak task encoding,1.0,0.0,0.9,4,0,5000,13,film,0.386599987745285
Start-of-film reinstatement,1.0,0.0,0.75,With reminder,Weak task encoding,1.0,0.0,0.9,4,0,5000,14,film,0.3759999871253967
Start-of-film reinstatement,1.0,0.0,0.75,With reminder,Weak task encoding,1.0,0.0,0.9,4,0,5000,15,film,0.3671999871730804
Start-of-film reinstatement,1.0,0.0,0.75,With reminder,Weak task encoding,1.0,0.0,0.9,4,0,5000,16,film,0.328000009059906
Start-of-film reinstatement,1.0,0.0,0.75,With reminder,Weak task encoding,1.0,0.0,0.9,4,0,5000,17,break,0.1705999970436096
Start-of-film reinstatement,1.0,0.0,0.75,With reminder,Weak task encoding,1.0,0.0,0.9,4,0,5000,18,break,0.1369999945163726
Start-of-film reinstatement,1.0,0.0,0.75,With reminder,Weak task encoding,1.0,0.0,0.9,4,0,5000,19,break,0.0938000008463859
Start-of-film reinstatement,1.0,0.0,0.75,With reminder,Weak task encoding,1.0,0.0,0.9,4,0,5000,20,break,0.0758000016212463
Start-of-film reinstatement,1.0,0.0,0.75,With reminder,Weak task encoding,1.0,0.0,0.9,4,0,5000,21,break,0.050000000745058
Start-of-film reinstatement,1.0,0.0,0.75,With reminder,Weak task encoding,1.0,0.0,0.9,4,0,5000,22,break,0.0399999991059303
Start-of-film reinstatement,1.0,0.0,0.75,With reminder,Weak task encoding,1.0,0.0,0.9,4,0,5000,23,break,0.0238000005483627
Start-of-film reinstatement,1.0,0.0,0.75,With reminder,Weak task encoding,1.0,0.0,0.9,4,0,5000,24,break,0.0201999992132186
Start-of-film reinstatement,1.0,0.0,0.75,With reminder,Weak task encoding,1.0,0.0,0.9,4,0,5000,25,break,0.0142000000923872
Start-of-film reinstatement,1.0,0.0,0.75,With reminder,Weak task encoding,1.0,0.0,0.9,4,0,5000,26,break,0.0120000001043081
Start-of-film reinstatement,1.0,0.0,0.75,With reminder,Weak task encoding,1.0,0.0,0.9,4,0,5000,27,break,0.0104000000283122
Start-of-film reinstatement,1.0,0.0,0.75,With reminder,Weak task encoding,1.0,0.0,0.9,4,0,5000,28,break,0.0052000000141561
Start-of-film reinstatement,1.0,0.0,0.75,With reminder,Weak task encoding,1.0,0.0,0.9,4,0,5000,29,break,0.0046000001020729
Start-of-film reinstatement,1.0,0.0,0.75,With reminder,Weak task encoding,1.0,0.0,0.9,4,0,5000,30,break,0.003400000045076
Start-of-film reinstatement,1.0,0.0,0.75,With reminder,Weak task encoding,1.0,0.0,0.9,4,0,5000,31,break,0.00179999996908
Start-of-film reinstatement,1.0,0.0,0.75,With reminder,Weak task encoding,1.0,0.0,0.9,4,0,5000,32,break,0.0027999999001622
Start-of-film reinstatement,1.0,0.0,0.75,With reminder,Weak task encoding,1.0,0.0,0.9,4,0,5000,33,task,0.2321999967098236
Start-of-film reinstatement,1.0,0.0,0.75,With reminder,Weak task encoding,1.0,0.0,0.9,4,0,5000,34,task,0.1708000004291534
Start-of-film reinstatement,1.0,0.0,0.75,With reminder,Weak task encoding,1.0,0.0,0.9,4,0,5000,35,task,0.1262000054121017
Start-of-film reinstatement,1.0,0.0,0.75,With reminder,Weak task encoding,1.0,0.0,0.9,4,0,5000,36,task,0.0935999974608421
Start-of-film reinstatement,1.0,0.0,0.75,With reminder,Weak task encoding,1.0,0.0,0.9,4,0,5000,37,task,0.0696000009775161
Start-of-film reinstatement,1.0,0.0,0.75,With reminder,Weak task encoding,1.0,0.0,0.9,4,0,5000,38,task,0.0527999997138977
Start-of-film reinstatement,1.0,0.0,0.75,With reminder,Weak task encoding,1.0,0.0,0.9,4,0,5000,39,task,0.0419999994337558
Start-of-film reinstatement,1.0,0.0,0.75,With reminder,Weak task encoding,1.0,0.0,0.9,4,0,5000,40,task,0.0277999993413686
Start-of-film reinstatement,1.0,0.0,0.75,With reminder,Weak task encoding,1.0,0.0,0.9,4,0,5000,41,task,0.0241999998688697
Start-of-film reinstatement,1.0,0.0,0.75,With reminder,Weak task encoding,1.0,0.0,0.9,4,0,5000,42,task,0.0153999999165534
Start-of-film reinstatement,1.0,0.0,0.75,With reminder,Weak task encoding,1.0,0.0,0.9,4,0,5000,43,task,0.0170000009238719
Start-of-film reinstatement,1.0,0.0,0.75,With reminder,Weak task encoding,1.0,0.0,0.9,4,0,5000,44,task,0.0114000001922249
Start-of-film reinstatement,1.0,0.0,0.75,With reminder,Weak task encoding,1.0,0.0,0.9,4,0,5000,45,task,0.0099999997764825
Start-of-film reinstatement,1.0,0.0,0.75,With reminder,Weak task encoding,1.0,0.0,0.9,4,0,5000,46,task,0.006800000090152
Start-of-film reinstatement,1.0,0.0,0.75,With reminder,Weak task encoding,1.0,0.0,0.9,4,0,5000,47,task,0.0062000001780688
Start-of-film reinstatement,1.0,0.0,0.75,With reminder,Weak task encoding,1.0,0.0,0.9,4,0,5000,48,task,0.0062000001780688
Start-of-film reinstatement,1.0,0.0,0.75,With reminder,Weak task encoding,1.0,0.0,0.9,4,0,5000,49,filler,0.0040000001899898
Start-of-film reinstatement,1.0,0.0,0.75,With reminder,Weak task encoding,1.0,0.0,0.9,4,0,5000,50,filler,0.0046000001020729
Start-of-film reinstatement,1.0,0.0,0.75,With reminder,Weak task encoding,1.0,0.0,0.9,4,0,5000,51,filler,0.0063999998383224
Start-of-film reinstatement,1.0,0.0,0.75,With reminder,Weak task encoding,1.0,0.0,0.9,4,0,5000,52,filler,0.0065999999642372
Start-of-film reinstatement,1.0,0.0,0.75,With reminder,Weak task encoding,1.0,0.0,0.9,4,0,5000,53,filler,0.0055999998003244
Start-of-film reinstatement,1.0,0.0,0.75,With reminder,Weak task encoding,1.0,0.0,0.9,4,0,5000,54,filler,0.0057999999262392
Start-of-film reinstatement,1.0,0.0,0.75,With reminder,Weak task encoding,1.0,0.0,0.9,4,0,5000,55,filler,0.0087999999523162
Start-of-film reinstatement,1.0,0.0,0.75,With reminder,Weak task encoding,1.0,0.0,0.9,4,0,5000,56,filler,0.0080000003799796
Start-of-film reinstatement,1.0,0.0,0.75,With reminder,Weak task encoding,1.0,0.0,0.9,4,0,5000,57,filler,0.0102000003680586
Start-of-film reinstatement,1.0,0.0,0.75,With reminder,Weak task encoding,1.0,0.0,0.9,4,0,5000,58,filler,0.0133999995887279
Start-of-film reinstatement,1.0,0.0,0.75,With reminder,Weak task encoding,1.0,0.0,0.9,4,0,5000,59,filler,0.0164000000804662
Start-of-film reinstatement,1.0,0.0,0.75,With reminder,Weak task encoding,1.0,0.0,0.9,4,0,5000,60,filler,0.0175999999046325
Start-of-film reinstatement,1.0,0.0,0.75,With reminder,Weak task encoding,1.0,0.0,0.9,4,0,5000,61,filler,0.0272000003606081
Start-of-film reinstatement,1.0,0.0,0.75,With reminder,Weak task encoding,1.0,0.0,0.9,4,0,5000,62,filler,0.0296000000089406
Start-of-film reinstatement,1.0,0.0,0.75,With reminder,Weak task encoding,1.0,0.0,0.9,4,0,5000,63,filler,0.0388000011444091
Start-of-film reinstatement,1.0,0.0,0.75,With reminder,Weak task encoding,1.0,0.0,0.9,4,0,5000,64,filler,0.0498000010848045
Start-of-film reinstatement,1.0,0.0,0.75,With reminder,Strong task encoding,2.0,0.0,0.9,4,0,5000,1,film,0.186599999666214
Start-of-film reinstatement,1.0,0.0,0.75,With reminder,Strong task encoding,2.0,0.0,0.9,4,0,5000,2,film,0.1656000018119812
Start-of-film reinstatement,1.0,0.0,0.75,With reminder,Strong task encoding,2.0,0.0,0.9,4,0,5000,3,film,0.1723999977111816
Start-of-film reinstatement,1.0,0.0,0.75,With reminder,Strong task encoding,2.0,0.0,0.9,4,0,5000,4,film,0.1700000017881393
Start-of-film reinstatement,1.0,0.0,0.75,With reminder,Strong task encoding,2.0,0.0,0.9,4,0,5000,5,film,0.1715999990701675
Start-of-film reinstatement,1.0,0.0,0.75,With reminder,Strong task encoding,2.0,0.0,0.9,4,0,5000,6,film,0.1746000051498413
Start-of-film reinstatement,1.0,0.0,0.75,With reminder,Strong task encoding,2.0,0.0,0.9,4,0,5000,7,film,0.1723999977111816
Start-of-film reinstatement,1.0,0.0,0.75,With reminder,Strong task encoding,2.0,0.0,0.9,4,0,5000,8,film,0.163000002503395
Start-of-film reinstatement,1.0,0.0,0.75,With reminder,Strong task encoding,2.0,0.0,0.9,4,0,5000,9,film,0.1568000018596649
Start-of-film reinstatement,1.0,0.0,0.75,With reminder,Strong task encoding,2.0,0.0,0.9,4,0,5000,10,film,0.1477999985218048
Start-of-film reinstatement,1.0,0.0,0.75,With reminder,Strong task encoding,2.0,0.0,0.9,4,0,5000,11,film,0.1456000059843063
Start-of-film reinstatement,1.0,0.0,0.75,With reminder,Strong task encoding,2.0,0.0,0.9,4,0,5000,12,film,0.1312000006437301
Start-of-film reinstatement,1.0,0.0,0.75,With reminder,Strong task encoding,2.0,0.0,0.9,4,0,5000,13,film,0.1198000013828277
Start-of-film reinstatement,1.0,0.0,0.75,With reminder,Strong task encoding,2.0,0.0,0.9,4,0,5000,14,film,0.1092000007629394
Start-of-film reinstatement,1.0,0.0,0.75,With reminder,Strong task encoding,2.0,0.0,0.9,4,0,5000,15,film,0.1076000034809112
Start-of-film reinstatement,1.0,0.0,0.75,With reminder,Strong task encoding,2.0,0.0,0.9,4,0,5000,16,film,0.094200000166893
Start-of-film reinstatement,1.0,0.0,0.75,With reminder,Strong task encoding,2.0,0.0,0.9,4,0,5000,17,break,0.0438000001013278
Start-of-film reinstatement,1.0,0.0,0.75,With reminder,Strong task encoding,2.0,0.0,0.9,4,0,5000,18,break,0.0270000007003545
Start-of-film reinstatement,1.0,0.0,0.75,With reminder,Strong task encoding,2.0,0.0,0.9,4,0,5000,19,break,0.019200000911951
Start-of-film reinstatement,1.0,0.0,0.75,With reminder,Strong task encoding,2.0,0.0,0.9,4,0,5000,20,break,0.0179999992251396
Start-of-film reinstatement,1.0,0.0,0.75,With reminder,Strong task encoding,2.0,0.0,0.9,4,0,5000,21,break,0.0099999997764825
Start-of-film reinstatement,1.0,0.0,0.75,With reminder,Strong task encoding,2.0,0.0,0.9,4,0,5000,22,break,0.0070000002160668
Start-of-film reinstatement,1.0,0.0,0.75,With reminder,Strong task encoding,2.0,0.0,0.9,4,0,5000,23,break,0.0052000000141561
Start-of-film reinstatement,1.0,0.0,0.75,With reminder,Strong task encoding,2.0,0.0,0.9,4,0,5000,24,break,0.0041999998502433
Start-of-film reinstatement,1.0,0.0,0.75,With reminder,Strong task encoding,2.0,0.0,0.9,4,0,5000,25,break,0.002600000007078
Start-of-film reinstatement,1.0,0.0,0.75,With reminder,Strong task encoding,2.0,0.0,0.9,4,0,5000,26,break,0.003000000026077
Start-of-film reinstatement,1.0,0.0,0.75,With reminder,Strong task encoding,2.0,0.0,0.9,4,0,5000,27,break,0.0013999999500811
Start-of-film reinstatement,1.0,0.0,0.75,With reminder,Strong task encoding,2.0,0.0,0.9,4,0,5000,28,break,0.0006000000284984
Start-of-film reinstatement,1.0,0.0,0.75,With reminder,Strong task encoding,2.0,0.0,0.9,4,0,5000,29,break,0.0006000000284984
Start-of-film reinstatement,1.0,0.0,0.75,With reminder,Strong task encoding,2.0,0.0,0.9,4,0,5000,30,break,0.0006000000284984
Start-of-film reinstatement,1.0,0.0,0.75,With reminder,Strong task encoding,2.0,0.0,0.9,4,0,5000,31,break,0.0006000000284984
Start-of-film reinstatement,1.0,0.0,0.75,With reminder,Strong task encoding,2.0,0.0,0.9,4,0,5000,32,break,0.0006000000284984
Start-of-film reinstatement,1.0,0.0,0.75,With reminder,Strong task encoding,2.0,0.0,0.9,4,0,5000,33,task,0.5479999780654907
Start-of-film reinstatement,1.0,0.0,0.75,With reminder,Strong task encoding,2.0,0.0,0.9,4,0,5000,34,task,0.5181999802589417
Start-of-film reinstatement,1.0,0.0,0.75,With reminder,Strong task encoding,2.0,0.0,0.9,4,0,5000,35,task,0.4867999851703644
Start-of-film reinstatement,1.0,0.0,0.75,With reminder,Strong task encoding,2.0,0.0,0.9,4,0,5000,36,task,0.4582000076770782
Start-of-film reinstatement,1.0,0.0,0.75,With reminder,Strong task encoding,2.0,0.0,0.9,4,0,5000,37,task,0.4246000051498413
Start-of-film reinstatement,1.0,0.0,0.75,With reminder,Strong task encoding,2.0,0.0,0.9,4,0,5000,38,task,0.3903999924659729
Start-of-film reinstatement,1.0,0.0,0.75,With reminder,Strong task encoding,2.0,0.0,0.9,4,0,5000,39,task,0.3517999947071075
Start-of-film reinstatement,1.0,0.0,0.75,With reminder,Strong task encoding,2.0,0.0,0.9,4,0,5000,40,task,0.3147999942302704
Start-of-film reinstatement,1.0,0.0,0.75,With reminder,Strong task encoding,2.0,0.0,0.9,4,0,5000,41,task,0.2748000025749206
Start-of-film reinstatement,1.0,0.0,0.75,With reminder,Strong task encoding,2.0,0.0,0.9,4,0,5000,42,task,0.2492000013589859
Start-of-film reinstatement,1.0,0.0,0.75,With reminder,Strong task encoding,2.0,0.0,0.9,4,0,5000,43,task,0.2173999994993209
Start-of-film reinstatement,1.0,0.0,0.75,With reminder,Strong task encoding,2.0,0.0,0.9,4,0,5000,44,task,0.1896000057458877
Start-of-film reinstatement,1.0,0.0,0.75,With reminder,Strong task encoding,2.0,0.0,0.9,4,0,5000,45,task,0.1650000065565109
Start-of-film reinstatement,1.0,0.0,0.75,With reminder,Strong task encoding,2.0,0.0,0.9,4,0,5000,46,task,0.1289999932050705
Start-of-film reinstatement,1.0,0.0,0.75,With reminder,Strong task encoding,2.0,0.0,0.9,4,0,5000,47,task,0.1242000013589859
Start-of-film reinstatement,1.0,0.0,0.75,With reminder,Strong task encoding,2.0,0.0,0.9,4,0,5000,48,task,0.1049999967217445
Start-of-film reinstatement,1.0,0.0,0.75,With reminder,Strong task encoding,2.0,0.0,0.9,4,0,5000,49,filler,0.0108000002801418
Start-of-film reinstatement,1.0,0.0,0.75,With reminder,Strong task encoding,2.0,0.0,0.9,4,0,5000,50,filler,0.0071999998763203
Start-of-film reinstatement,1.0,0.0,0.75,With reminder,Strong task encoding,2.0,0.0,0.9,4,0,5000,51,filler,0.0041999998502433
Start-of-film reinstatement,1.0,0.0,0.75,With reminder,Strong task encoding,2.0,0.0,0.9,4,0,5000,52,filler,0.0049999998882412
Start-of-film reinstatement,1.0,0.0,0.75,With reminder,Strong task encoding,2.0,0.0,0.9,4,0,5000,53,filler,0.0024000001139938
Start-of-film reinstatement,1.0,0.0,0.75,With reminder,Strong task encoding,2.0,0.0,0.9,4,0,5000,54,filler,0.0040000001899898
Start-of-film reinstatement,1.0,0.0,0.75,With reminder,Strong task encoding,2.0,0.0,0.9,4,0,5000,55,filler,0.0049999998882412
Start-of-film reinstatement,1.0,0.0,0.75,With reminder,Strong task encoding,2.0,0.0,0.9,4,0,5000,56,filler,0.0049999998882412
Start-of-film reinstatement,1.0,0.0,0.75,With reminder,Strong task encoding,2.0,0.0,0.9,4,0,5000,57,filler,0.003400000045076
Start-of-film reinstatement,1.0,0.0,0.75,With reminder,Strong task encoding,2.0,0.0,0.9,4,0,5000,58,filler,0.0048000002279877
Start-of-film reinstatement,1.0,0.0,0.75,With reminder,Strong task encoding,2.0,0.0,0.9,4,0,5000,59,filler,0.0076000001281499
Start-of-film reinstatement,1.0,0.0,0.75,With reminder,Strong task encoding,2.0,0.0,0.9,4,0,5000,60,filler,0.0096000004559755
Start-of-film reinstatement,1.0,0.0,0.75,With reminder,Strong task encoding,2.0,0.0,0.9,4,0,5000,61,filler,0.0120000001043081
Start-of-film reinstatement,1.0,0.0,0.75,With reminder,Strong task encoding,2.0,0.0,0.9,4,0,5000,62,filler,0.0164000000804662
Start-of-film reinstatement,1.0,0.0,0.75,With reminder,Strong task encoding,2.0,0.0,0.9,4,0,5000,63,filler,0.0218000002205371
Start-of-film reinstatement,1.0,0.0,0.75,With reminder,Strong task encoding,2.0,0.0,0.9,4,0,5000,64,filler,0.0255999993532896
Start-of-film reinstatement + film-item boost,1.0,0.75,0.75,No reminder,Weak task encoding,1.0,0.0,0.9,4,0,5000,1,film,0.4040000140666961
Start-of-film reinstatement + film-item boost,1.0,0.75,0.75,No reminder,Weak task encoding,1.0,0.0,0.9,4,0,5000,2,film,0.4115999937057495
Start-of-film reinstatement + film-item boost,1.0,0.75,0.75,No reminder,Weak task encoding,1.0,0.0,0.9,4,0,5000,3,film,0.4343999922275543
Start-of-film reinstatement + film-item boost,1.0,0.75,0.75,No reminder,Weak task encoding,1.0,0.0,0.9,4,0,5000,4,film,0.4582000076770782
Start-of-film reinstatement + film-item boost,1.0,0.75,0.75,No reminder,Weak task encoding,1.0,0.0,0.9,4,0,5000,5,film,0.4602000117301941
Start-of-film reinstatement + film-item boost,1.0,0.75,0.75,No reminder,Weak task encoding,1.0,0.0,0.9,4,0,5000,6,film,0.4717999994754791
Start-of-film reinstatement + film-item boost,1.0,0.75,0.75,No reminder,Weak task encoding,1.0,0.0,0.9,4,0,5000,7,film,0.4986000061035156
Start-of-film reinstatement + film-item boost,1.0,0.75,0.75,No reminder,Weak task encoding,1.0,0.0,0.9,4,0,5000,8,film,0.5076000094413757
Start-of-film reinstatement + film-item boost,1.0,0.75,0.75,No reminder,Weak task encoding,1.0,0.0,0.9,4,0,5000,9,film,0.5091999769210815
Start-of-film reinstatement + film-item boost,1.0,0.75,0.75,No reminder,Weak task encoding,1.0,0.0,0.9,4,0,5000,10,film,0.5153999924659729
Start-of-film reinstatement + film-item boost,1.0,0.75,0.75,No reminder,Weak task encoding,1.0,0.0,0.9,4,0,5000,11,film,0.4941999912261963
Start-of-film reinstatement + film-item boost,1.0,0.75,0.75,No reminder,Weak task encoding,1.0,0.0,0.9,4,0,5000,12,film,0.5062000155448914
Start-of-film reinstatement + film-item boost,1.0,0.75,0.75,No reminder,Weak task encoding,1.0,0.0,0.9,4,0,5000,13,film,0.4880000054836273
Start-of-film reinstatement + film-item boost,1.0,0.75,0.75,No reminder,Weak task encoding,1.0,0.0,0.9,4,0,5000,14,film,0.4769999980926513
Start-of-film reinstatement + film-item boost,1.0,0.75,0.75,No reminder,Weak task encoding,1.0,0.0,0.9,4,0,5000,15,film,0.4639999866485595
Start-of-film reinstatement + film-item boost,1.0,0.75,0.75,No reminder,Weak task encoding,1.0,0.0,0.9,4,0,5000,16,film,0.4359999895095825
Start-of-film reinstatement + film-item boost,1.0,0.75,0.75,No reminder,Weak task encoding,1.0,0.0,0.9,4,0,5000,17,break,0.0252000000327825
Start-of-film reinstatement + film-item boost,1.0,0.75,0.75,No reminder,Weak task encoding,1.0,0.0,0.9,4,0,5000,18,break,0.0172000005841255
Start-of-film reinstatement + film-item boost,1.0,0.75,0.75,No reminder,Weak task encoding,1.0,0.0,0.9,4,0,5000,19,break,0.0099999997764825
Start-of-film reinstatement + film-item boost,1.0,0.75,0.75,No reminder,Weak task encoding,1.0,0.0,0.9,4,0,5000,20,break,0.0077999997884035
Start-of-film reinstatement + film-item boost,1.0,0.75,0.75,No reminder,Weak task encoding,1.0,0.0,0.9,4,0,5000,21,break,0.0055999998003244
Start-of-film reinstatement + film-item boost,1.0,0.75,0.75,No reminder,Weak task encoding,1.0,0.0,0.9,4,0,5000,22,break,0.0031999999191612
Start-of-film reinstatement + film-item boost,1.0,0.75,0.75,No reminder,Weak task encoding,1.0,0.0,0.9,4,0,5000,23,break,0.0020000000949949
Start-of-film reinstatement + film-item boost,1.0,0.75,0.75,No reminder,Weak task encoding,1.0,0.0,0.9,4,0,5000,24,break,0.0020000000949949
Start-of-film reinstatement + film-item boost,1.0,0.75,0.75,No reminder,Weak task encoding,1.0,0.0,0.9,4,0,5000,25,break,0.00179999996908
Start-of-film reinstatement + film-item boost,1.0,0.75,0.75,No reminder,Weak task encoding,1.0,0.0,0.9,4,0,5000,26,break,0.0007999999797903
Start-of-film reinstatement + film-item boost,1.0,0.75,0.75,No reminder,Weak task encoding,1.0,0.0,0.9,4,0,5000,27,break,0.0010000000474974
Start-of-film reinstatement + film-item boost,1.0,0.75,0.75,No reminder,Weak task encoding,1.0,0.0,0.9,4,0,5000,28,break,0.0
Start-of-film reinstatement + film-item boost,1.0,0.75,0.75,No reminder,Weak task encoding,1.0,0.0,0.9,4,0,5000,29,break,0.0001999999949475
Start-of-film reinstatement + film-item boost,1.0,0.75,0.75,No reminder,Weak task encoding,1.0,0.0,0.9,4,0,5000,30,break,0.0006000000284984
Start-of-film reinstatement + film-item boost,1.0,0.75,0.75,No reminder,Weak task encoding,1.0,0.0,0.9,4,0,5000,31,break,0.0
Start-of-film reinstatement + film-item boost,1.0,0.75,0.75,No reminder,Weak task encoding,1.0,0.0,0.9,4,0,5000,32,break,0.0001999999949475
Start-of-film reinstatement + film-item boost,1.0,0.75,0.75,No reminder,Weak task encoding,1.0,0.0,0.9,4,0,5000,33,task,0.0001999999949475
Start-of-film reinstatement + film-item boost,1.0,0.75,0.75,No reminder,Weak task encoding,1.0,0.0,0.9,4,0,5000,34,task,0.0
Start-of-film reinstatement + film-item boost,1.0,0.75,0.75,No reminder,Weak task encoding,1.0,0.0,0.9,4,0,5000,35,task,0.0001999999949475
Start-of-film reinstatement + film-item boost,1.0,0.75,0.75,No reminder,Weak task encoding,1.0,0.0,0.9,4,0,5000,36,task,0.0
Start-of-film reinstatement + film-item boost,1.0,0.75,0.75,No reminder,Weak task encoding,1.0,0.0,0.9,4,0,5000,37,task,0.0
Start-of-film reinstatement + film-item boost,1.0,0.75,0.75,No reminder,Weak task encoding,1.0,0.0,0.9,4,0,5000,38,task,0.0001999999949475
Start-of-film reinstatement + film-item boost,1.0,0.75,0.75,No reminder,Weak task encoding,1.0,0.0,0.9,4,0,5000,39,task,0.0
Start-of-film reinstatement + film-item boost,1.0,0.75,0.75,No reminder,Weak task encoding,1.0,0.0,0.9,4,0,5000,40,task,0.0
Start-of-film reinstatement + film-item boost,1.0,0.75,0.75,No reminder,Weak task encoding,1.0,0.0,0.9,4,0,5000,41,task,0.0
Start-of-film reinstatement + film-item boost,1.0,0.75,0.75,No reminder,Weak task encoding,1.0,0.0,0.9,4,0,5000,42,task,0.0
Start-of-film reinstatement + film-item boost,1.0,0.75,0.75,No reminder,Weak task encoding,1.0,0.0,0.9,4,0,5000,43,task,0.0
Start-of-film reinstatement + film-item boost,1.0,0.75,0.75,No reminder,Weak task encoding,1.0,0.0,0.9,4,0,5000,44,task,0.0
Start-of-film reinstatement + film-item boost,1.0,0.75,0.75,No reminder,Weak task encoding,1.0,0.0,0.9,4,0,5000,45,task,0.0
Start-of-film reinstatement + film-item boost,1.0,0.75,0.75,No reminder,Weak task encoding,1.0,0.0,0.9,4,0,5000,46,task,0.0
Start-of-film reinstatement + film-item boost,1.0,0.75,0.75,No reminder,Weak task encoding,1.0,0.0,0.9,4,0,5000,47,task,0.0
Start-of-film reinstatement + film-item boost,1.0,0.75,0.75,No reminder,Weak task encoding,1.0,0.0,0.9,4,0,5000,48,task,0.0
Start-of-film reinstatement + film-item boost,1.0,0.75,0.75,No reminder,Weak task encoding,1.0,0.0,0.9,4,0,5000,49,filler,0.0
Start-of-film reinstatement + film-item boost,1.0,0.75,0.75,No reminder,Weak task encoding,1.0,0.0,0.9,4,0,5000,50,filler,0.0001999999949475
Start-of-film reinstatement + film-item boost,1.0,0.75,0.75,No reminder,Weak task encoding,1.0,0.0,0.9,4,0,5000,51,filler,0.0
Start-of-film reinstatement + film-item boost,1.0,0.75,0.75,No reminder,Weak task encoding,1.0,0.0,0.9,4,0,5000,52,filler,0.0
Start-of-film reinstatement + film-item boost,1.0,0.75,0.75,No reminder,Weak task encoding,1.0,0.0,0.9,4,0,5000,53,filler,0.0
Start-of-film reinstatement + film-item boost,1.0,0.75,0.75,No reminder,Weak task encoding,1.0,0.0,0.9,4,0,5000,54,filler,0.0
Start-of-film reinstatement + film-item boost,1.0,0.75,0.75,No reminder,Weak task encoding,1.0,0.0,0.9,4,0,5000,55,filler,0.0003999999898951
Start-of-film reinstatement + film-item boost,1.0,0.75,0.75,No reminder,Weak task encoding,1.0,0.0,0.9,4,0,5000,56,filler,0.0
Start-of-film reinstatement + film-item boost,1.0,0.75,0.75,No reminder,Weak task encoding,1.0,0.0,0.9,4,0,5000,57,filler,0.0
Start-of-film reinstatement + film-item boost,1.0,0.75,0.75,No reminder,Weak task encoding,1.0,0.0,0.9,4,0,5000,58,filler,0.0003999999898951
Start-of-film reinstatement + film-item boost,1.0,0.75,0.75,No reminder,Weak task encoding,1.0,0.0,0.9,4,0,5000,59,filler,0.0001999999949475
Start-of-film reinstatement + film-item boost,1.0,0.75,0.75,No reminder,Weak task encoding,1.0,0.0,0.9,4,0,5000,60,filler,0.0
Start-of-film reinstatement + film-item boost,1.0,0.75,0.75,No reminder,Weak task encoding,1.0,0.0,0.9,4,0,5000,61,filler,0.0003999999898951
Start-of-film reinstatement + film-item boost,1.0,0.75,0.75,No reminder,Weak task encoding,1.0,0.0,0.9,4,0,5000,62,filler,0.0010000000474974
Start-of-film reinstatement + film-item boost,1.0,0.75,0.75,No reminder,Weak task encoding,1.0,0.0,0.9,4,0,5000,63,filler,0.0013999999500811
Start-of-film reinstatement + film-item boost,1.0,0.75,0.75,No reminder,Weak task encoding,1.0,0.0,0.9,4,0,5000,64,filler,0.0024000001139938
Start-of-film reinstatement + film-item boost,1.0,0.75,0.75,No reminder,Strong task encoding,2.0,0.0,0.9,4,0,5000,1,film,0.3998000025749206
Start-of-film reinstatement + film-item boost,1.0,0.75,0.75,No reminder,Strong task encoding,2.0,0.0,0.9,4,0,5000,2,film,0.4083999991416931
Start-of-film reinstatement + film-item boost,1.0,0.75,0.75,No reminder,Strong task encoding,2.0,0.0,0.9,4,0,5000,3,film,0.4359999895095825
Start-of-film reinstatement + film-item boost,1.0,0.75,0.75,No reminder,Strong task encoding,2.0,0.0,0.9,4,0,5000,4,film,0.460999995470047
Start-of-film reinstatement + film-item boost,1.0,0.75,0.75,No reminder,Strong task encoding,2.0,0.0,0.9,4,0,5000,5,film,0.4699999988079071
Start-of-film reinstatement + film-item boost,1.0,0.75,0.75,No reminder,Strong task encoding,2.0,0.0,0.9,4,0,5000,6,film,0.4905999898910522
Start-of-film reinstatement + film-item boost,1.0,0.75,0.75,No reminder,Strong task encoding,2.0,0.0,0.9,4,0,5000,7,film,0.48539999127388
Start-of-film reinstatement + film-item boost,1.0,0.75,0.75,No reminder,Strong task encoding,2.0,0.0,0.9,4,0,5000,8,film,0.5027999877929688
Start-of-film reinstatement + film-item boost,1.0,0.75,0.75,No reminder,Strong task encoding,2.0,0.0,0.9,4,0,5000,9,film,0.5131999850273132
Start-of-film reinstatement + film-item boost,1.0,0.75,0.75,No reminder,Strong task encoding,2.0,0.0,0.9,4,0,5000,10,film,0.5148000121116638
Start-of-film reinstatement + film-item boost,1.0,0.75,0.75,No reminder,Strong task encoding,2.0,0.0,0.9,4,0,5000,11,film,0.5117999911308289
Start-of-film reinstatement + film-item boost,1.0,0.75,0.75,No reminder,Strong task encoding,2.0,0.0,0.9,4,0,5000,12,film,0.4950000047683716
Start-of-film reinstatement + film-item boost,1.0,0.75,0.75,No reminder,Strong task encoding,2.0,0.0,0.9,4,0,5000,13,film,0.503600001335144
Start-of-film reinstatement + film-item boost,1.0,0.75,0.75,No reminder,Strong task encoding,2.0,0.0,0.9,4,0,5000,14,film,0.4844000041484833
Start-of-film reinstatement + film-item boost,1.0,0.75,0.75,No reminder,Strong task encoding,2.0,0.0,0.9,4,0,5000,15,film,0.4695999920368194
Start-of-film reinstatement + film-item boost,1.0,0.75,0.75,No reminder,Strong task encoding,2.0,0.0,0.9,4,0,5000,16,film,0.4293999969959259
Start-of-film reinstatement + film-item boost,1.0,0.75,0.75,No reminder,Strong task encoding,2.0,0.0,0.9,4,0,5000,17,break,0.0252000000327825
Start-of-film reinstatement + film-item boost,1.0,0.75,0.75,No reminder,Strong task encoding,2.0,0.0,0.9,4,0,5000,18,break,0.0157999992370605
Start-of-film reinstatement + film-item boost,1.0,0.75,0.75,No reminder,Strong task encoding,2.0,0.0,0.9,4,0,5000,19,break,0.0137999998405575
Start-of-film reinstatement + film-item boost,1.0,0.75,0.75,No reminder,Strong task encoding,2.0,0.0,0.9,4,0,5000,20,break,0.006800000090152
Start-of-film reinstatement + film-item boost,1.0,0.75,0.75,No reminder,Strong task encoding,2.0,0.0,0.9,4,0,5000,21,break,0.0057999999262392
Start-of-film reinstatement + film-item boost,1.0,0.75,0.75,No reminder,Strong task encoding,2.0,0.0,0.9,4,0,5000,22,break,0.003000000026077
Start-of-film reinstatement + film-item boost,1.0,0.75,0.75,No reminder,Strong task encoding,2.0,0.0,0.9,4,0,5000,23,break,0.00179999996908
Start-of-film reinstatement + film-item boost,1.0,0.75,0.75,No reminder,Strong task encoding,2.0,0.0,0.9,4,0,5000,24,break,0.0031999999191612
Start-of-film reinstatement + film-item boost,1.0,0.75,0.75,No reminder,Strong task encoding,2.0,0.0,0.9,4,0,5000,25,break,0.0003999999898951
Start-of-film reinstatement + film-item boost,1.0,0.75,0.75,No reminder,Strong task encoding,2.0,0.0,0.9,4,0,5000,26,break,0.0
Start-of-film reinstatement + film-item boost,1.0,0.75,0.75,No reminder,Strong task encoding,2.0,0.0,0.9,4,0,5000,27,break,0.0003999999898951
Start-of-film reinstatement + film-item boost,1.0,0.75,0.75,No reminder,Strong task encoding,2.0,0.0,0.9,4,0,5000,28,break,0.0001999999949475
Start-of-film reinstatement + film-item boost,1.0,0.75,0.75,No reminder,Strong task encoding,2.0,0.0,0.9,4,0,5000,29,break,0.0003999999898951
Start-of-film reinstatement + film-item boost,1.0,0.75,0.75,No reminder,Strong task encoding,2.0,0.0,0.9,4,0,5000,30,break,0.0001999999949475
Start-of-film reinstatement + film-item boost,1.0,0.75,0.75,No reminder,Strong task encoding,2.0,0.0,0.9,4,0,5000,31,break,0.0
Start-of-film reinstatement + film-item boost,1.0,0.75,0.75,No reminder,Strong task encoding,2.0,0.0,0.9,4,0,5000,32,break,0.0
Start-of-film reinstatement + film-item boost,1.0,0.75,0.75,No reminder,Strong task encoding,2.0,0.0,0.9,4,0,5000,33,task,0.0010000000474974
Start-of-film reinstatement + film-item boost,1.0,0.75,0.75,No reminder,Strong task encoding,2.0,0.0,0.9,4,0,5000,34,task,0.0007999999797903
Start-of-film reinstatement + film-item boost,1.0,0.75,0.75,No reminder,Strong task encoding,2.0,0.0,0.9,4,0,5000,35,task,0.0
Start-of-film reinstatement + film-item boost,1.0,0.75,0.75,No reminder,Strong task encoding,2.0,0.0,0.9,4,0,5000,36,task,0.0
Start-of-film reinstatement + film-item boost,1.0,0.75,0.75,No reminder,Strong task encoding,2.0,0.0,0.9,4,0,5000,37,task,0.0001999999949475
Start-of-film reinstatement + film-item boost,1.0,0.75,0.75,No reminder,Strong task encoding,2.0,0.0,0.9,4,0,5000,38,task,0.0001999999949475
Start-of-film reinstatement + film-item boost,1.0,0.75,0.75,No reminder,Strong task encoding,2.0,0.0,0.9,4,0,5000,39,task,0.0003999999898951
Start-of-film reinstatement + film-item boost,1.0,0.75,0.75,No reminder,Strong task encoding,2.0,0.0,0.9,4,0,5000,40,task,0.0001999999949475
Start-of-film reinstatement + film-item boost,1.0,0.75,0.75,No reminder,Strong task encoding,2.0,0.0,0.9,4,0,5000,41,task,0.0001999999949475
Start-of-film reinstatement + film-item boost,1.0,0.75,0.75,No reminder,Strong task encoding,2.0,0.0,0.9,4,0,5000,42,task,0.0
Start-of-film reinstatement + film-item boost,1.0,0.75,0.75,No reminder,Strong task encoding,2.0,0.0,0.9,4,0,5000,43,task,0.0
Start-of-film reinstatement + film-item boost,1.0,0.75,0.75,No reminder,Strong task encoding,2.0,0.0,0.9,4,0,5000,44,task,0.0
Start-of-film reinstatement + film-item boost,1.0,0.75,0.75,No reminder,Strong task encoding,2.0,0.0,0.9,4,0,5000,45,task,0.0
Start-of-film reinstatement + film-item boost,1.0,0.75,0.75,No reminder,Strong task encoding,2.0,0.0,0.9,4,0,5000,46,task,0.0003999999898951
Start-of-film reinstatement + film-item boost,1.0,0.75,0.75,No reminder,Strong task encoding,2.0,0.0,0.9,4,0,5000,47,task,0.0003999999898951
Start-of-film reinstatement + film-item boost,1.0,0.75,0.75,No reminder,Strong task encoding,2.0,0.0,0.9,4,0,5000,48,task,0.0
Start-of-film reinstatement + film-item boost,1.0,0.75,0.75,No reminder,Strong task encoding,2.0,0.0,0.9,4,0,5000,49,filler,0.0
Start-of-film reinstatement + film-item boost,1.0,0.75,0.75,No reminder,Strong task encoding,2.0,0.0,0.9,4,0,5000,50,filler,0.0001999999949475
Start-of-film reinstatement + film-item boost,1.0,0.75,0.75,No reminder,Strong task encoding,2.0,0.0,0.9,4,0,5000,51,filler,0.0001999999949475
Start-of-film reinstatement + film-item boost,1.0,0.75,0.75,No reminder,Strong task encoding,2.0,0.0,0.9,4,0,5000,52,filler,0.0
Start-of-film reinstatement + film-item boost,1.0,0.75,0.75,No reminder,Strong task encoding,2.0,0.0,0.9,4,0,5000,53,filler,0.0
Start-of-film reinstatement + film-item boost,1.0,0.75,0.75,No reminder,Strong task encoding,2.0,0.0,0.9,4,0,5000,54,filler,0.0
Start-of-film reinstatement + film-item boost,1.0,0.75,0.75,No reminder,Strong task encoding,2.0,0.0,0.9,4,0,5000,55,filler,0.0001999999949475
Start-of-film reinstatement + film-item boost,1.0,0.75,0.75,No reminder,Strong task encoding,2.0,0.0,0.9,4,0,5000,56,filler,0.0001999999949475
Start-of-film reinstatement + film-item boost,1.0,0.75,0.75,No reminder,Strong task encoding,2.0,0.0,0.9,4,0,5000,57,filler,0.0001999999949475
Start-of-film reinstatement + film-item boost,1.0,0.75,0.75,No reminder,Strong task encoding,2.0,0.0,0.9,4,0,5000,58,filler,0.0003999999898951
Start-of-film reinstatement + film-item boost,1.0,0.75,0.75,No reminder,Strong task encoding,2.0,0.0,0.9,4,0,5000,59,filler,0.0
Start-of-film reinstatement + film-item boost,1.0,0.75,0.75,No reminder,Strong task encoding,2.0,0.0,0.9,4,0,5000,60,filler,0.0001999999949475
Start-of-film reinstatement + film-item boost,1.0,0.75,0.75,No reminder,Strong task encoding,2.0,0.0,0.9,4,0,5000,61,filler,0.0007999999797903
Start-of-film reinstatement + film-item boost,1.0,0.75,0.75,No reminder,Strong task encoding,2.0,0.0,0.9,4,0,5000,62,filler,0.0010000000474974
Start-of-film reinstatement + film-item boost,1.0,0.75,0.75,No reminder,Strong task encoding,2.0,0.0,0.9,4,0,5000,63,filler,0.002600000007078
Start-of-film reinstatement + film-item boost,1.0,0.75,0.75,No reminder,Strong task encoding,2.0,0.0,0.9,4,0,5000,64,filler,0.00179999996908
Start-of-film reinstatement + film-item boost,1.0,0.75,0.75,With reminder,Weak task encoding,1.0,0.0,0.9,4,0,5000,1,film,0.386599987745285
Start-of-film reinstatement + film-item boost,1.0,0.75,0.75,With reminder,Weak task encoding,1.0,0.0,0.9,4,0,5000,2,film,0.4013999998569488
Start-of-film reinstatement + film-item boost,1.0,0.75,0.75,With reminder,Weak task encoding,1.0,0.0,0.9,4,0,5000,3,film,0.4248000085353851
Start-of-film reinstatement + film-item boost,1.0,0.75,0.75,With reminder,Weak task encoding,1.0,0.0,0.9,4,0,5000,4,film,0.4476000070571899
Start-of-film reinstatement + film-item boost,1.0,0.75,0.75,With reminder,Weak task encoding,1.0,0.0,0.9,4,0,5000,5,film,0.4684000015258789
Start-of-film reinstatement + film-item boost,1.0,0.75,0.75,With reminder,Weak task encoding,1.0,0.0,0.9,4,0,5000,6,film,0.4733999967575073
Start-of-film reinstatement + film-item boost,1.0,0.75,0.75,With reminder,Weak task encoding,1.0,0.0,0.9,4,0,5000,7,film,0.4900000095367431
Start-of-film reinstatement + film-item boost,1.0,0.75,0.75,With reminder,Weak task encoding,1.0,0.0,0.9,4,0,5000,8,film,0.5070000290870667
Start-of-film reinstatement + film-item boost,1.0,0.75,0.75,With reminder,Weak task encoding,1.0,0.0,0.9,4,0,5000,9,film,0.5012000203132629
Start-of-film reinstatement + film-item boost,1.0,0.75,0.75,With reminder,Weak task encoding,1.0,0.0,0.9,4,0,5000,10,film,0.5088000297546387
Start-of-film reinstatement + film-item boost,1.0,0.75,0.75,With reminder,Weak task encoding,1.0,0.0,0.9,4,0,5000,11,film,0.5027999877929688
Start-of-film reinstatement + film-item boost,1.0,0.75,0.75,With reminder,Weak task encoding,1.0,0.0,0.9,4,0,5000,12,film,0.5016000270843506
Start-of-film reinstatement + film-item boost,1.0,0.75,0.75,With reminder,Weak task encoding,1.0,0.0,0.9,4,0,5000,13,film,0.4893999993801117
Start-of-film reinstatement + film-item boost,1.0,0.75,0.75,With reminder,Weak task encoding,1.0,0.0,0.9,4,0,5000,14,film,0.4794000089168548
Start-of-film reinstatement + film-item boost,1.0,0.75,0.75,With reminder,Weak task encoding,1.0,0.0,0.9,4,0,5000,15,film,0.4666000008583069
Start-of-film reinstatement + film-item boost,1.0,0.75,0.75,With reminder,Weak task encoding,1.0,0.0,0.9,4,0,5000,16,film,0.446399986743927
Start-of-film reinstatement + film-item boost,1.0,0.75,0.75,With reminder,Weak task encoding,1.0,0.0,0.9,4,0,5000,17,break,0.0265999995172023
Start-of-film reinstatement + film-item boost,1.0,0.75,0.75,With reminder,Weak task encoding,1.0,0.0,0.9,4,0,5000,18,break,0.0162000004202127
Start-of-film reinstatement + film-item boost,1.0,0.75,0.75,With reminder,Weak task encoding,1.0,0.0,0.9,4,0,5000,19,break,0.0115999998524785
Start-of-film reinstatement + film-item boost,1.0,0.75,0.75,With reminder,Weak task encoding,1.0,0.0,0.9,4,0,5000,20,break,0.0074000000022351
Start-of-film reinstatement + film-item boost,1.0,0.75,0.75,With reminder,Weak task encoding,1.0,0.0,0.9,4,0,5000,21,break,0.0055999998003244
Start-of-film reinstatement + film-item boost,1.0,0.75,0.75,With reminder,Weak task encoding,1.0,0.0,0.9,4,0,5000,22,break,0.0020000000949949
Start-of-film reinstatement + film-item boost,1.0,0.75,0.75,With reminder,Weak task encoding,1.0,0.0,0.9,4,0,5000,23,break,0.0015999999595806
Start-of-film reinstatement + film-item boost,1.0,0.75,0.75,With reminder,Weak task encoding,1.0,0.0,0.9,4,0,5000,24,break,0.00179999996908
Start-of-film reinstatement + film-item boost,1.0,0.75,0.75,With reminder,Weak task encoding,1.0,0.0,0.9,4,0,5000,25,break,0.0007999999797903
Start-of-film reinstatement + film-item boost,1.0,0.75,0.75,With reminder,Weak task encoding,1.0,0.0,0.9,4,0,5000,26,break,0.0006000000284984
Start-of-film reinstatement + film-item boost,1.0,0.75,0.75,With reminder,Weak task encoding,1.0,0.0,0.9,4,0,5000,27,break,0.0003999999898951
Start-of-film reinstatement + film-item boost,1.0,0.75,0.75,With reminder,Weak task encoding,1.0,0.0,0.9,4,0,5000,28,break,0.0
Start-of-film reinstatement + film-item boost,1.0,0.75,0.75,With reminder,Weak task encoding,1.0,0.0,0.9,4,0,5000,29,break,0.0003999999898951
Start-of-film reinstatement + film-item boost,1.0,0.75,0.75,With reminder,Weak task encoding,1.0,0.0,0.9,4,0,5000,30,break,0.0001999999949475
Start-of-film reinstatement + film-item boost,1.0,0.75,0.75,With reminder,Weak task encoding,1.0,0.0,0.9,4,0,5000,31,break,0.0003999999898951
Start-of-film reinstatement + film-item boost,1.0,0.75,0.75,With reminder,Weak task encoding,1.0,0.0,0.9,4,0,5000,32,break,0.0001999999949475
Start-of-film reinstatement + film-item boost,1.0,0.75,0.75,With reminder,Weak task encoding,1.0,0.0,0.9,4,0,5000,33,task,0.0322000011801719
Start-of-film reinstatement + film-item boost,1.0,0.75,0.75,With reminder,Weak task encoding,1.0,0.0,0.9,4,0,5000,34,task,0.0209999997168779
Start-of-film reinstatement + film-item boost,1.0,0.75,0.75,With reminder,Weak task encoding,1.0,0.0,0.9,4,0,5000,35,task,0.0137999998405575
Start-of-film reinstatement + film-item boost,1.0,0.75,0.75,With reminder,Weak task encoding,1.0,0.0,0.9,4,0,5000,36,task,0.0102000003680586
Start-of-film reinstatement + film-item boost,1.0,0.75,0.75,With reminder,Weak task encoding,1.0,0.0,0.9,4,0,5000,37,task,0.0080000003799796
Start-of-film reinstatement + film-item boost,1.0,0.75,0.75,With reminder,Weak task encoding,1.0,0.0,0.9,4,0,5000,38,task,0.0038000000640749
Start-of-film reinstatement + film-item boost,1.0,0.75,0.75,With reminder,Weak task encoding,1.0,0.0,0.9,4,0,5000,39,task,0.0024000001139938
Start-of-film reinstatement + film-item boost,1.0,0.75,0.75,With reminder,Weak task encoding,1.0,0.0,0.9,4,0,5000,40,task,0.002199999988079
Start-of-film reinstatement + film-item boost,1.0,0.75,0.75,With reminder,Weak task encoding,1.0,0.0,0.9,4,0,5000,41,task,0.0024000001139938
Start-of-film reinstatement + film-item boost,1.0,0.75,0.75,With reminder,Weak task encoding,1.0,0.0,0.9,4,0,5000,42,task,0.00179999996908
Start-of-film reinstatement + film-item boost,1.0,0.75,0.75,With reminder,Weak task encoding,1.0,0.0,0.9,4,0,5000,43,task,0.0007999999797903
Start-of-film reinstatement + film-item boost,1.0,0.75,0.75,With reminder,Weak task encoding,1.0,0.0,0.9,4,0,5000,44,task,0.0003999999898951
Start-of-film reinstatement + film-item boost,1.0,0.75,0.75,With reminder,Weak task encoding,1.0,0.0,0.9,4,0,5000,45,task,0.0006000000284984
Start-of-film reinstatement + film-item boost,1.0,0.75,0.75,With reminder,Weak task encoding,1.0,0.0,0.9,4,0,5000,46,task,0.0001999999949475
Start-of-film reinstatement + film-item boost,1.0,0.75,0.75,With reminder,Weak task encoding,1.0,0.0,0.9,4,0,5000,47,task,0.0
Start-of-film reinstatement + film-item boost,1.0,0.75,0.75,With reminder,Weak task encoding,1.0,0.0,0.9,4,0,5000,48,task,0.0
Start-of-film reinstatement + film-item boost,1.0,0.75,0.75,With reminder,Weak task encoding,1.0,0.0,0.9,4,0,5000,49,filler,0.0006000000284984
Start-of-film reinstatement + film-item boost,1.0,0.75,0.75,With reminder,Weak task encoding,1.0,0.0,0.9,4,0,5000,50,filler,0.0003999999898951
Start-of-film reinstatement + film-item boost,1.0,0.75,0.75,With reminder,Weak task encoding,1.0,0.0,0.9,4,0,5000,51,filler,0.0001999999949475
Start-of-film reinstatement + film-item boost,1.0,0.75,0.75,With reminder,Weak task encoding,1.0,0.0,0.9,4,0,5000,52,filler,0.0003999999898951
Start-of-film reinstatement + film-item boost,1.0,0.75,0.75,With reminder,Weak task encoding,1.0,0.0,0.9,4,0,5000,53,filler,0.0001999999949475
Start-of-film reinstatement + film-item boost,1.0,0.75,0.75,With reminder,Weak task encoding,1.0,0.0,0.9,4,0,5000,54,filler,0.0006000000284984
Start-of-film reinstatement + film-item boost,1.0,0.75,0.75,With reminder,Weak task encoding,1.0,0.0,0.9,4,0,5000,55,filler,0.0
Start-of-film reinstatement + film-item boost,1.0,0.75,0.75,With reminder,Weak task encoding,1.0,0.0,0.9,4,0,5000,56,filler,0.0001999999949475
Start-of-film reinstatement + film-item boost,1.0,0.75,0.75,With reminder,Weak task encoding,1.0,0.0,0.9,4,0,5000,57,filler,0.0
Start-of-film reinstatement + film-item boost,1.0,0.75,0.75,With reminder,Weak task encoding,1.0,0.0,0.9,4,0,5000,58,filler,0.0007999999797903
Start-of-film reinstatement + film-item boost,1.0,0.75,0.75,With reminder,Weak task encoding,1.0,0.0,0.9,4,0,5000,59,filler,0.0001999999949475
Start-of-film reinstatement + film-item boost,1.0,0.75,0.75,With reminder,Weak task encoding,1.0,0.0,0.9,4,0,5000,60,filler,0.0010000000474974
Start-of-film reinstatement + film-item boost,1.0,0.75,0.75,With reminder,Weak task encoding,1.0,0.0,0.9,4,0,5000,61,filler,0.0010000000474974
Start-of-film reinstatement + film-item boost,1.0,0.75,0.75,With reminder,Weak task encoding,1.0,0.0,0.9,4,0,5000,62,filler,0.0
Start-of-film reinstatement + film-item boost,1.0,0.75,0.75,With reminder,Weak task encoding,1.0,0.0,0.9,4,0,5000,63,filler,0.0010000000474974
Start-of-film reinstatement + film-item boost,1.0,0.75,0.75,With reminder,Weak task encoding,1.0,0.0,0.9,4,0,5000,64,filler,0.002600000007078
Start-of-film reinstatement + film-item boost,1.0,0.75,0.75,With reminder,Strong task encoding,2.0,0.0,0.9,4,0,5000,1,film,0.3353999853134155
Start-of-film reinstatement + film-item boost,1.0,0.75,0.75,With reminder,Strong task encoding,2.0,0.0,0.9,4,0,5000,2,film,0.3494000136852264
Start-of-film reinstatement + film-item boost,1.0,0.75,0.75,With reminder,Strong task encoding,2.0,0.0,0.9,4,0,5000,3,film,0.3781999945640564
Start-of-film reinstatement + film-item boost,1.0,0.75,0.75,With reminder,Strong task encoding,2.0,0.0,0.9,4,0,5000,4,film,0.3941999971866607
Start-of-film reinstatement + film-item boost,1.0,0.75,0.75,With reminder,Strong task encoding,2.0,0.0,0.9,4,0,5000,5,film,0.4054000079631805
Start-of-film reinstatement + film-item boost,1.0,0.75,0.75,With reminder,Strong task encoding,2.0,0.0,0.9,4,0,5000,6,film,0.4117999970912933
Start-of-film reinstatement + film-item boost,1.0,0.75,0.75,With reminder,Strong task encoding,2.0,0.0,0.9,4,0,5000,7,film,0.4341999888420105
Start-of-film reinstatement + film-item boost,1.0,0.75,0.75,With reminder,Strong task encoding,2.0,0.0,0.9,4,0,5000,8,film,0.430400013923645
Start-of-film reinstatement + film-item boost,1.0,0.75,0.75,With reminder,Strong task encoding,2.0,0.0,0.9,4,0,5000,9,film,0.4345999956130981
Start-of-film reinstatement + film-item boost,1.0,0.75,0.75,With reminder,Strong task encoding,2.0,0.0,0.9,4,0,5000,10,film,0.4465999901294708
Start-of-film reinstatement + film-item boost,1.0,0.75,0.75,With reminder,Strong task encoding,2.0,0.0,0.9,4,0,5000,11,film,0.4354000091552734
Start-of-film reinstatement + film-item boost,1.0,0.75,0.75,With reminder,Strong task encoding,2.0,0.0,0.9,4,0,5000,12,film,0.438400000333786
Start-of-film reinstatement + film-item boost,1.0,0.75,0.75,With reminder,Strong task encoding,2.0,0.0,0.9,4,0,5000,13,film,0.4287999868392944
Start-of-film reinstatement + film-item boost,1.0,0.75,0.75,With reminder,Strong task encoding,2.0,0.0,0.9,4,0,5000,14,film,0.4192000031471252
Start-of-film reinstatement + film-item boost,1.0,0.75,0.75,With reminder,Strong task encoding,2.0,0.0,0.9,4,0,5000,15,film,0.4153999984264374
Start-of-film reinstatement + film-item boost,1.0,0.75,0.75,With reminder,Strong task encoding,2.0,0.0,0.9,4,0,5000,16,film,0.378600001335144
Start-of-film reinstatement + film-item boost,1.0,0.75,0.75,With reminder,Strong task encoding,2.0,0.0,0.9,4,0,5000,17,break,0.0228000003844499
Start-of-film reinstatement + film-item boost,1.0,0.75,0.75,With reminder,Strong task encoding,2.0,0.0,0.9,4,0,5000,18,break,0.0146000003442168
Start-of-film reinstatement + film-item boost,1.0,0.75,0.75,With reminder,Strong task encoding,2.0,0.0,0.9,4,0,5000,19,break,0.0063999998383224
Start-of-film reinstatement + film-item boost,1.0,0.75,0.75,With reminder,Strong task encoding,2.0,0.0,0.9,4,0,5000,20,break,0.006000000052154
Start-of-film reinstatement + film-item boost,1.0,0.75,0.75,With reminder,Strong task encoding,2.0,0.0,0.9,4,0,5000,21,break,0.0041999998502433
Start-of-film reinstatement + film-item boost,1.0,0.75,0.75,With reminder,Strong task encoding,2.0,0.0,0.9,4,0,5000,22,break,0.003400000045076
Start-of-film reinstatement + film-item boost,1.0,0.75,0.75,With reminder,Strong task encoding,2.0,0.0,0.9,4,0,5000,23,break,0.0010000000474974
Start-of-film reinstatement + film-item boost,1.0,0.75,0.75,With reminder,Strong task encoding,2.0,0.0,0.9,4,0,5000,24,break,0.0015999999595806
Start-of-film reinstatement + film-item boost,1.0,0.75,0.75,With reminder,Strong task encoding,2.0,0.0,0.9,4,0,5000,25,break,0.0013999999500811
Start-of-film reinstatement + film-item boost,1.0,0.75,0.75,With reminder,Strong task encoding,2.0,0.0,0.9,4,0,5000,26,break,0.0001999999949475
Start-of-film reinstatement + film-item boost,1.0,0.75,0.75,With reminder,Strong task encoding,2.0,0.0,0.9,4,0,5000,27,break,0.0001999999949475
Start-of-film reinstatement + film-item boost,1.0,0.75,0.75,With reminder,Strong task encoding,2.0,0.0,0.9,4,0,5000,28,break,0.0
Start-of-film reinstatement + film-item boost,1.0,0.75,0.75,With reminder,Strong task encoding,2.0,0.0,0.9,4,0,5000,29,break,0.0001999999949475
Start-of-film reinstatement + film-item boost,1.0,0.75,0.75,With reminder,Strong task encoding,2.0,0.0,0.9,4,0,5000,30,break,0.0001999999949475
Start-of-film reinstatement + film-item boost,1.0,0.75,0.75,With reminder,Strong task encoding,2.0,0.0,0.9,4,0,5000,31,break,0.0001999999949475
Start-of-film reinstatement + film-item boost,1.0,0.75,0.75,With reminder,Strong task encoding,2.0,0.0,0.9,4,0,5000,32,break,0.0
Start-of-film reinstatement + film-item boost,1.0,0.75,0.75,With reminder,Strong task encoding,2.0,0.0,0.9,4,0,5000,33,task,0.2612000107765198
Start-of-film reinstatement + film-item boost,1.0,0.75,0.75,With reminder,Strong task encoding,2.0,0.0,0.9,4,0,5000,34,task,0.2093999981880188
Start-of-film reinstatement + film-item boost,1.0,0.75,0.75,With reminder,Strong task encoding,2.0,0.0,0.9,4,0,5000,35,task,0.1482000052928924
Start-of-film reinstatement + film-item boost,1.0,0.75,0.75,With reminder,Strong task encoding,2.0,0.0,0.9,4,0,5000,36,task,0.1120000034570694
Start-of-film reinstatement + film-item boost,1.0,0.75,0.75,With reminder,Strong task encoding,2.0,0.0,0.9,4,0,5000,37,task,0.0851999968290329
Start-of-film reinstatement + film-item boost,1.0,0.75,0.75,With reminder,Strong task encoding,2.0,0.0,0.9,4,0,5000,38,task,0.0584000013768672
Start-of-film reinstatement + film-item boost,1.0,0.75,0.75,With reminder,Strong task encoding,2.0,0.0,0.9,4,0,5000,39,task,0.0480000004172325
Start-of-film reinstatement + film-item boost,1.0,0.75,0.75,With reminder,Strong task encoding,2.0,0.0,0.9,4,0,5000,40,task,0.0304000005125999
Start-of-film reinstatement + film-item boost,1.0,0.75,0.75,With reminder,Strong task encoding,2.0,0.0,0.9,4,0,5000,41,task,0.0260000005364418
Start-of-film reinstatement + film-item boost,1.0,0.75,0.75,With reminder,Strong task encoding,2.0,0.0,0.9,4,0,5000,42,task,0.0219999998807907
Start-of-film reinstatement + film-item boost,1.0,0.75,0.75,With reminder,Strong task encoding,2.0,0.0,0.9,4,0,5000,43,task,0.0149999996647238
Start-of-film reinstatement + film-item boost,1.0,0.75,0.75,With reminder,Strong task encoding,2.0,0.0,0.9,4,0,5000,44,task,0.0126000000163912
Start-of-film reinstatement + film-item boost,1.0,0.75,0.75,With reminder,Strong task encoding,2.0,0.0,0.9,4,0,5000,45,task,0.0093999998643994
Start-of-film reinstatement + film-item boost,1.0,0.75,0.75,With reminder,Strong task encoding,2.0,0.0,0.9,4,0,5000,46,task,0.0063999998383224
Start-of-film reinstatement + film-item boost,1.0,0.75,0.75,With reminder,Strong task encoding,2.0,0.0,0.9,4,0,5000,47,task,0.0049999998882412
Start-of-film reinstatement + film-item boost,1.0,0.75,0.75,With reminder,Strong task encoding,2.0,0.0,0.9,4,0,5000,48,task,0.0040000001899898
Start-of-film reinstatement + film-item boost,1.0,0.75,0.75,With reminder,Strong task encoding,2.0,0.0,0.9,4,0,5000,49,filler,0.0001999999949475
Start-of-film reinstatement + film-item boost,1.0,0.75,0.75,With reminder,Strong task encoding,2.0,0.0,0.9,4,0,5000,50,filler,0.0
Start-of-film reinstatement + film-item boost,1.0,0.75,0.75,With reminder,Strong task encoding,2.0,0.0,0.9,4,0,5000,51,filler,0.0001999999949475
Start-of-film reinstatement + film-item boost,1.0,0.75,0.75,With reminder,Strong task encoding,2.0,0.0,0.9,4,0,5000,52,filler,0.0
Start-of-film reinstatement + film-item boost,1.0,0.75,0.75,With reminder,Strong task encoding,2.0,0.0,0.9,4,0,5000,53,filler,0.0
Start-of-film reinstatement + film-item boost,1.0,0.75,0.75,With reminder,Strong task encoding,2.0,0.0,0.9,4,0,5000,54,filler,0.0
Start-of-film reinstatement + film-item boost,1.0,0.75,0.75,With reminder,Strong task encoding,2.0,0.0,0.9,4,0,5000,55,filler,0.0
Start-of-film reinstatement + film-item boost,1.0,0.75,0.75,With reminder,Strong task encoding,2.0,0.0,0.9,4,0,5000,56,filler,0.0001999999949475
Start-of-film reinstatement + film-item boost,1.0,0.75,0.75,With reminder,Strong task encoding,2.0,0.0,0.9,4,0,5000,57,filler,0.0001999999949475
Start-of-film reinstatement + film-item boost,1.0,0.75,0.75,With reminder,Strong task encoding,2.0,0.0,0.9,4,0,5000,58,filler,0.0003999999898951
Start-of-film reinstatement + film-item boost,1.0,0.75,0.75,With reminder,Strong task encoding,2.0,0.0,0.9,4,0,5000,59,filler,0.0006000000284984
Start-of-film reinstatement + film-item boost,1.0,0.75,0.75,With reminder,Strong task encoding,2.0,0.0,0.9,4,0,5000,60,filler,0.0
Start-of-film reinstatement + film-item boost,1.0,0.75,0.75,With reminder,Strong task encoding,2.0,0.0,0.9,4,0,5000,61,filler,0.0012000000569969
Start-of-film reinstatement + film-item boost,1.0,0.75,0.75,With reminder,Strong task encoding,2.0,0.0,0.9,4,0,5000,62,filler,0.0013999999500811
Start-of-film reinstatement + film-item boost,1.0,0.75,0.75,With reminder,Strong task encoding,2.0,0.0,0.9,4,0,5000,63,filler,0.0027999999001622
Start-of-film reinstatement + film-item boost,1.0,0.75,0.75,With reminder,Strong task encoding,2.0,0.0,0.9,4,0,5000,64,filler,0.002199999988079
Start-of-film reinstatement + film-item boost,1.0,1.0,0.75,No reminder,Weak task encoding,1.0,0.0,0.9,4,0,5000,1,film,0.3987999856472015
Start-of-film reinstatement + film-item boost,1.0,1.0,0.75,No reminder,Weak task encoding,1.0,0.0,0.9,4,0,5000,2,film,0.4264000058174133
Start-of-film reinstatement + film-item boost,1.0,1.0,0.75,No reminder,Weak task encoding,1.0,0.0,0.9,4,0,5000,3,film,0.4456000030040741
Start-of-film reinstatement + film-item boost,1.0,1.0,0.75,No reminder,Weak task encoding,1.0,0.0,0.9,4,0,5000,4,film,0.4654000103473663
Start-of-film reinstatement + film-item boost,1.0,1.0,0.75,No reminder,Weak task encoding,1.0,0.0,0.9,4,0,5000,5,film,0.4817999899387359
Start-of-film reinstatement + film-item boost,1.0,1.0,0.75,No reminder,Weak task encoding,1.0,0.0,0.9,4,0,5000,6,film,0.4903999865055084
Start-of-film reinstatement + film-item boost,1.0,1.0,0.75,No reminder,Weak task encoding,1.0,0.0,0.9,4,0,5000,7,film,0.4991999864578247
Start-of-film reinstatement + film-item boost,1.0,1.0,0.75,No reminder,Weak task encoding,1.0,0.0,0.9,4,0,5000,8,film,0.5070000290870667
Start-of-film reinstatement + film-item boost,1.0,1.0,0.75,No reminder,Weak task encoding,1.0,0.0,0.9,4,0,5000,9,film,0.5027999877929688
Start-of-film reinstatement + film-item boost,1.0,1.0,0.75,No reminder,Weak task encoding,1.0,0.0,0.9,4,0,5000,10,film,0.5206000208854675
Start-of-film reinstatement + film-item boost,1.0,1.0,0.75,No reminder,Weak task encoding,1.0,0.0,0.9,4,0,5000,11,film,0.5072000026702881
Start-of-film reinstatement + film-item boost,1.0,1.0,0.75,No reminder,Weak task encoding,1.0,0.0,0.9,4,0,5000,12,film,0.4952000081539154
Start-of-film reinstatement + film-item boost,1.0,1.0,0.75,No reminder,Weak task encoding,1.0,0.0,0.9,4,0,5000,13,film,0.4882000088691711
Start-of-film reinstatement + film-item boost,1.0,1.0,0.75,No reminder,Weak task encoding,1.0,0.0,0.9,4,0,5000,14,film,0.4799999892711639
Start-of-film reinstatement + film-item boost,1.0,1.0,0.75,No reminder,Weak task encoding,1.0,0.0,0.9,4,0,5000,15,film,0.459199994802475
Start-of-film reinstatement + film-item boost,1.0,1.0,0.75,No reminder,Weak task encoding,1.0,0.0,0.9,4,0,5000,16,film,0.4453999996185303
Start-of-film reinstatement + film-item boost,1.0,1.0,0.75,No reminder,Weak task encoding,1.0,0.0,0.9,4,0,5000,17,break,0.013600000180304
Start-of-film reinstatement + film-item boost,1.0,1.0,0.75,No reminder,Weak task encoding,1.0,0.0,0.9,4,0,5000,18,break,0.0092000002041459
Start-of-film reinstatement + film-item boost,1.0,1.0,0.75,No reminder,Weak task encoding,1.0,0.0,0.9,4,0,5000,19,break,0.0074000000022351
Start-of-film reinstatement + film-item boost,1.0,1.0,0.75,No reminder,Weak task encoding,1.0,0.0,0.9,4,0,5000,20,break,0.0040000001899898
Start-of-film reinstatement + film-item boost,1.0,1.0,0.75,No reminder,Weak task encoding,1.0,0.0,0.9,4,0,5000,21,break,0.003000000026077
Start-of-film reinstatement + film-item boost,1.0,1.0,0.75,No reminder,Weak task encoding,1.0,0.0,0.9,4,0,5000,22,break,0.002600000007078
Start-of-film reinstatement + film-item boost,1.0,1.0,0.75,No reminder,Weak task encoding,1.0,0.0,0.9,4,0,5000,23,break,0.0024000001139938
Start-of-film reinstatement + film-item boost,1.0,1.0,0.75,No reminder,Weak task encoding,1.0,0.0,0.9,4,0,5000,24,break,0.0010000000474974
Start-of-film reinstatement + film-item boost,1.0,1.0,0.75,No reminder,Weak task encoding,1.0,0.0,0.9,4,0,5000,25,break,0.0006000000284984
Start-of-film reinstatement + film-item boost,1.0,1.0,0.75,No reminder,Weak task encoding,1.0,0.0,0.9,4,0,5000,26,break,0.0001999999949475
Start-of-film reinstatement + film-item boost,1.0,1.0,0.75,No reminder,Weak task encoding,1.0,0.0,0.9,4,0,5000,27,break,0.0006000000284984
Start-of-film reinstatement + film-item boost,1.0,1.0,0.75,No reminder,Weak task encoding,1.0,0.0,0.9,4,0,5000,28,break,0.0001999999949475
Start-of-film reinstatement + film-item boost,1.0,1.0,0.75,No reminder,Weak task encoding,1.0,0.0,0.9,4,0,5000,29,break,0.0001999999949475
Start-of-film reinstatement + film-item boost,1.0,1.0,0.75,No reminder,Weak task encoding,1.0,0.0,0.9,4,0,5000,30,break,0.0
Start-of-film reinstatement + film-item boost,1.0,1.0,0.75,No reminder,Weak task encoding,1.0,0.0,0.9,4,0,5000,31,break,0.0001999999949475
Start-of-film reinstatement + film-item boost,1.0,1.0,0.75,No reminder,Weak task encoding,1.0,0.0,0.9,4,0,5000,32,break,0.0
Start-of-film reinstatement + film-item boost,1.0,1.0,0.75,No reminder,Weak task encoding,1.0,0.0,0.9,4,0,5000,33,task,0.0
Start-of-film reinstatement + film-item boost,1.0,1.0,0.75,No reminder,Weak task encoding,1.0,0.0,0.9,4,0,5000,34,task,0.0
Start-of-film reinstatement + film-item boost,1.0,1.0,0.75,No reminder,Weak task encoding,1.0,0.0,0.9,4,0,5000,35,task,0.0
Start-of-film reinstatement + film-item boost,1.0,1.0,0.75,No reminder,Weak task encoding,1.0,0.0,0.9,4,0,5000,36,task,0.0
Start-of-film reinstatement + film-item boost,1.0,1.0,0.75,No reminder,Weak task encoding,1.0,0.0,0.9,4,0,5000,37,task,0.0
Start-of-film reinstatement + film-item boost,1.0,1.0,0.75,No reminder,Weak task encoding,1.0,0.0,0.9,4,0,5000,38,task,0.0
Start-of-film reinstatement + film-item boost,1.0,1.0,0.75,No reminder,Weak task encoding,1.0,0.0,0.9,4,0,5000,39,task,0.0
Start-of-film reinstatement + film-item boost,1.0,1.0,0.75,No reminder,Weak task encoding,1.0,0.0,0.9,4,0,5000,40,task,0.0
Start-of-film reinstatement + film-item boost,1.0,1.0,0.75,No reminder,Weak task encoding,1.0,0.0,0.9,4,0,5000,41,task,0.0
Start-of-film reinstatement + film-item boost,1.0,1.0,0.75,No reminder,Weak task encoding,1.0,0.0,0.9,4,0,5000,42,task,0.0
Start-of-film reinstatement + film-item boost,1.0,1.0,0.75,No reminder,Weak task encoding,1.0,0.0,0.9,4,0,5000,43,task,0.0
Start-of-film reinstatement + film-item boost,1.0,1.0,0.75,No reminder,Weak task encoding,1.0,0.0,0.9,4,0,5000,44,task,0.0
Start-of-film reinstatement + film-item boost,1.0,1.0,0.75,No reminder,Weak task encoding,1.0,0.0,0.9,4,0,5000,45,task,0.0
Start-of-film reinstatement + film-item boost,1.0,1.0,0.75,No reminder,Weak task encoding,1.0,0.0,0.9,4,0,5000,46,task,0.0
Start-of-film reinstatement + film-item boost,1.0,1.0,0.75,No reminder,Weak task encoding,1.0,0.0,0.9,4,0,5000,47,task,0.0
Start-of-film reinstatement + film-item boost,1.0,1.0,0.75,No reminder,Weak task encoding,1.0,0.0,0.9,4,0,5000,48,task,0.0001999999949475
Start-of-film reinstatement + film-item boost,1.0,1.0,0.75,No reminder,Weak task encoding,1.0,0.0,0.9,4,0,5000,49,filler,0.0
Start-of-film reinstatement + film-item boost,1.0,1.0,0.75,No reminder,Weak task encoding,1.0,0.0,0.9,4,0,5000,50,filler,0.0
Start-of-film reinstatement + film-item boost,1.0,1.0,0.75,No reminder,Weak task encoding,1.0,0.0,0.9,4,0,5000,51,filler,0.0
Start-of-film reinstatement + film-item boost,1.0,1.0,0.75,No reminder,Weak task encoding,1.0,0.0,0.9,4,0,5000,52,filler,0.0
Start-of-film reinstatement + film-item boost,1.0,1.0,0.75,No reminder,Weak task encoding,1.0,0.0,0.9,4,0,5000,53,filler,0.0
Start-of-film reinstatement + film-item boost,1.0,1.0,0.75,No reminder,Weak task encoding,1.0,0.0,0.9,4,0,5000,54,filler,0.0
Start-of-film reinstatement + film-item boost,1.0,1.0,0.75,No reminder,Weak task encoding,1.0,0.0,0.9,4,0,5000,55,filler,0.0
Start-of-film reinstatement + film-item boost,1.0,1.0,0.75,No reminder,Weak task encoding,1.0,0.0,0.9,4,0,5000,56,filler,0.0
Start-of-film reinstatement + film-item boost,1.0,1.0,0.75,No reminder,Weak task encoding,1.0,0.0,0.9,4,0,5000,57,filler,0.0001999999949475
Start-of-film reinstatement + film-item boost,1.0,1.0,0.75,No reminder,Weak task encoding,1.0,0.0,0.9,4,0,5000,58,filler,0.0003999999898951
Start-of-film reinstatement + film-item boost,1.0,1.0,0.75,No reminder,Weak task encoding,1.0,0.0,0.9,4,0,5000,59,filler,0.0001999999949475
Start-of-film reinstatement + film-item boost,1.0,1.0,0.75,No reminder,Weak task encoding,1.0,0.0,0.9,4,0,5000,60,filler,0.0003999999898951
Start-of-film reinstatement + film-item boost,1.0,1.0,0.75,No reminder,Weak task encoding,1.0,0.0,0.9,4,0,5000,61,filler,0.0003999999898951
Start-of-film reinstatement + film-item boost,1.0,1.0,0.75,No reminder,Weak task encoding,1.0,0.0,0.9,4,0,5000,62,filler,0.0001999999949475
Start-of-film reinstatement + film-item boost,1.0,1.0,0.75,No reminder,Weak task encoding,1.0,0.0,0.9,4,0,5000,63,filler,0.0010000000474974
Start-of-film reinstatement + film-item boost,1.0,1.0,0.75,No reminder,Weak task encoding,1.0,0.0,0.9,4,0,5000,64,filler,0.0012000000569969
Start-of-film reinstatement + film-item boost,1.0,1.0,0.75,No reminder,Strong task encoding,2.0,0.0,0.9,4,0,5000,1,film,0.4199999868869781
Start-of-film reinstatement + film-item boost,1.0,1.0,0.75,No reminder,Strong task encoding,2.0,0.0,0.9,4,0,5000,2,film,0.4345999956130981
Start-of-film reinstatement + film-item boost,1.0,1.0,0.75,No reminder,Strong task encoding,2.0,0.0,0.9,4,0,5000,3,film,0.4390000104904175
Start-of-film reinstatement + film-item boost,1.0,1.0,0.75,No reminder,Strong task encoding,2.0,0.0,0.9,4,0,5000,4,film,0.4560000002384186
Start-of-film reinstatement + film-item boost,1.0,1.0,0.75,No reminder,Strong task encoding,2.0,0.0,0.9,4,0,5000,5,film,0.4762000143527984
Start-of-film reinstatement + film-item boost,1.0,1.0,0.75,No reminder,Strong task encoding,2.0,0.0,0.9,4,0,5000,6,film,0.4749999940395355
Start-of-film reinstatement + film-item boost,1.0,1.0,0.75,No reminder,Strong task encoding,2.0,0.0,0.9,4,0,5000,7,film,0.4955999851226806
Start-of-film reinstatement + film-item boost,1.0,1.0,0.75,No reminder,Strong task encoding,2.0,0.0,0.9,4,0,5000,8,film,0.4979999959468841
Start-of-film reinstatement + film-item boost,1.0,1.0,0.75,No reminder,Strong task encoding,2.0,0.0,0.9,4,0,5000,9,film,0.5198000073432922
Start-of-film reinstatement + film-item boost,1.0,1.0,0.75,No reminder,Strong task encoding,2.0,0.0,0.9,4,0,5000,10,film,0.5194000005722046
Start-of-film reinstatement + film-item boost,1.0,1.0,0.75,No reminder,Strong task encoding,2.0,0.0,0.9,4,0,5000,11,film,0.5126000046730042
Start-of-film reinstatement + film-item boost,1.0,1.0,0.75,No reminder,Strong task encoding,2.0,0.0,0.9,4,0,5000,12,film,0.4909999966621399
Start-of-film reinstatement + film-item boost,1.0,1.0,0.75,No reminder,Strong task encoding,2.0,0.0,0.9,4,0,5000,13,film,0.5041999816894531
Start-of-film reinstatement + film-item boost,1.0,1.0,0.75,No reminder,Strong task encoding,2.0,0.0,0.9,4,0,5000,14,film,0.487199991941452
Start-of-film reinstatement + film-item boost,1.0,1.0,0.75,No reminder,Strong task encoding,2.0,0.0,0.9,4,0,5000,15,film,0.4672000110149383
Start-of-film reinstatement + film-item boost,1.0,1.0,0.75,No reminder,Strong task encoding,2.0,0.0,0.9,4,0,5000,16,film,0.4413999915122986
Start-of-film reinstatement + film-item boost,1.0,1.0,0.75,No reminder,Strong task encoding,2.0,0.0,0.9,4,0,5000,17,break,0.0137999998405575
Start-of-film reinstatement + film-item boost,1.0,1.0,0.75,No reminder,Strong task encoding,2.0,0.0,0.9,4,0,5000,18,break,0.0096000004559755
Start-of-film reinstatement + film-item boost,1.0,1.0,0.75,No reminder,Strong task encoding,2.0,0.0,0.9,4,0,5000,19,break,0.0070000002160668
Start-of-film reinstatement + film-item boost,1.0,1.0,0.75,No reminder,Strong task encoding,2.0,0.0,0.9,4,0,5000,20,break,0.0049999998882412
Start-of-film reinstatement + film-item boost,1.0,1.0,0.75,No reminder,Strong task encoding,2.0,0.0,0.9,4,0,5000,21,break,0.0027999999001622
Start-of-film reinstatement + film-item boost,1.0,1.0,0.75,No reminder,Strong task encoding,2.0,0.0,0.9,4,0,5000,22,break,0.003000000026077
Start-of-film reinstatement + film-item boost,1.0,1.0,0.75,No reminder,Strong task encoding,2.0,0.0,0.9,4,0,5000,23,break,0.0012000000569969
Start-of-film reinstatement + film-item boost,1.0,1.0,0.75,No reminder,Strong task encoding,2.0,0.0,0.9,4,0,5000,24,break,0.0013999999500811
Start-of-film reinstatement + film-item boost,1.0,1.0,0.75,No reminder,Strong task encoding,2.0,0.0,0.9,4,0,5000,25,break,0.0
Start-of-film reinstatement + film-item boost,1.0,1.0,0.75,No reminder,Strong task encoding,2.0,0.0,0.9,4,0,5000,26,break,0.0003999999898951
Start-of-film reinstatement + film-item boost,1.0,1.0,0.75,No reminder,Strong task encoding,2.0,0.0,0.9,4,0,5000,27,break,0.0
Start-of-film reinstatement + film-item boost,1.0,1.0,0.75,No reminder,Strong task encoding,2.0,0.0,0.9,4,0,5000,28,break,0.0001999999949475
Start-of-film reinstatement + film-item boost,1.0,1.0,0.75,No reminder,Strong task encoding,2.0,0.0,0.9,4,0,5000,29,break,0.0
Start-of-film reinstatement + film-item boost,1.0,1.0,0.75,No reminder,Strong task encoding,2.0,0.0,0.9,4,0,5000,30,break,0.0001999999949475
Start-of-film reinstatement + film-item boost,1.0,1.0,0.75,No reminder,Strong task encoding,2.0,0.0,0.9,4,0,5000,31,break,0.0
Start-of-film reinstatement + film-item boost,1.0,1.0,0.75,No reminder,Strong task encoding,2.0,0.0,0.9,4,0,5000,32,break,0.0
Start-of-film reinstatement + film-item boost,1.0,1.0,0.75,No reminder,Strong task encoding,2.0,0.0,0.9,4,0,5000,33,task,0.0
Start-of-film reinstatement + film-item boost,1.0,1.0,0.75,No reminder,Strong task encoding,2.0,0.0,0.9,4,0,5000,34,task,0.0001999999949475
Start-of-film reinstatement + film-item boost,1.0,1.0,0.75,No reminder,Strong task encoding,2.0,0.0,0.9,4,0,5000,35,task,0.0001999999949475
Start-of-film reinstatement + film-item boost,1.0,1.0,0.75,No reminder,Strong task encoding,2.0,0.0,0.9,4,0,5000,36,task,0.0003999999898951
Start-of-film reinstatement + film-item boost,1.0,1.0,0.75,No reminder,Strong task encoding,2.0,0.0,0.9,4,0,5000,37,task,0.0
Start-of-film reinstatement + film-item boost,1.0,1.0,0.75,No reminder,Strong task encoding,2.0,0.0,0.9,4,0,5000,38,task,0.0
Start-of-film reinstatement + film-item boost,1.0,1.0,0.75,No reminder,Strong task encoding,2.0,0.0,0.9,4,0,5000,39,task,0.0001999999949475
Start-of-film reinstatement + film-item boost,1.0,1.0,0.75,No reminder,Strong task encoding,2.0,0.0,0.9,4,0,5000,40,task,0.0
Start-of-film reinstatement + film-item boost,1.0,1.0,0.75,No reminder,Strong task encoding,2.0,0.0,0.9,4,0,5000,41,task,0.0001999999949475
Start-of-film reinstatement + film-item boost,1.0,1.0,0.75,No reminder,Strong task encoding,2.0,0.0,0.9,4,0,5000,42,task,0.0
Start-of-film reinstatement + film-item boost,1.0,1.0,0.75,No reminder,Strong task encoding,2.0,0.0,0.9,4,0,5000,43,task,0.0001999999949475
Start-of-film reinstatement + film-item boost,1.0,1.0,0.75,No reminder,Strong task encoding,2.0,0.0,0.9,4,0,5000,44,task,0.0
Start-of-film reinstatement + film-item boost,1.0,1.0,0.75,No reminder,Strong task encoding,2.0,0.0,0.9,4,0,5000,45,task,0.0
Start-of-film reinstatement + film-item boost,1.0,1.0,0.75,No reminder,Strong task encoding,2.0,0.0,0.9,4,0,5000,46,task,0.0001999999949475
Start-of-film reinstatement + film-item boost,1.0,1.0,0.75,No reminder,Strong task encoding,2.0,0.0,0.9,4,0,5000,47,task,0.0001999999949475
Start-of-film reinstatement + film-item boost,1.0,1.0,0.75,No reminder,Strong task encoding,2.0,0.0,0.9,4,0,5000,48,task,0.0001999999949475
Start-of-film reinstatement + film-item boost,1.0,1.0,0.75,No reminder,Strong task encoding,2.0,0.0,0.9,4,0,5000,49,filler,0.0
Start-of-film reinstatement + film-item boost,1.0,1.0,0.75,No reminder,Strong task encoding,2.0,0.0,0.9,4,0,5000,50,filler,0.0
Start-of-film reinstatement + film-item boost,1.0,1.0,0.75,No reminder,Strong task encoding,2.0,0.0,0.9,4,0,5000,51,filler,0.0
Start-of-film reinstatement + film-item boost,1.0,1.0,0.75,No reminder,Strong task encoding,2.0,0.0,0.9,4,0,5000,52,filler,0.0
Start-of-film reinstatement + film-item boost,1.0,1.0,0.75,No reminder,Strong task encoding,2.0,0.0,0.9,4,0,5000,53,filler,0.0
Start-of-film reinstatement + film-item boost,1.0,1.0,0.75,No reminder,Strong task encoding,2.0,0.0,0.9,4,0,5000,54,filler,0.0001999999949475
Start-of-film reinstatement + film-item boost,1.0,1.0,0.75,No reminder,Strong task encoding,2.0,0.0,0.9,4,0,5000,55,filler,0.0
Start-of-film reinstatement + film-item boost,1.0,1.0,0.75,No reminder,Strong task encoding,2.0,0.0,0.9,4,0,5000,56,filler,0.0
Start-of-film reinstatement + film-item boost,1.0,1.0,0.75,No reminder,Strong task encoding,2.0,0.0,0.9,4,0,5000,57,filler,0.0
Start-of-film reinstatement + film-item boost,1.0,1.0,0.75,No reminder,Strong task encoding,2.0,0.0,0.9,4,0,5000,58,filler,0.0001999999949475
Start-of-film reinstatement + film-item boost,1.0,1.0,0.75,No reminder,Strong task encoding,2.0,0.0,0.9,4,0,5000,59,filler,0.0
Start-of-film reinstatement + film-item boost,1.0,1.0,0.75,No reminder,Strong task encoding,2.0,0.0,0.9,4,0,5000,60,filler,0.0001999999949475
Start-of-film reinstatement + film-item boost,1.0,1.0,0.75,No reminder,Strong task encoding,2.0,0.0,0.9,4,0,5000,61,filler,0.0001999999949475
Start-of-film reinstatement + film-item boost,1.0,1.0,0.75,No reminder,Strong task encoding,2.0,0.0,0.9,4,0,5000,62,filler,0.0003999999898951
Start-of-film reinstatement + film-item boost,1.0,1.0,0.75,No reminder,Strong task encoding,2.0,0.0,0.9,4,0,5000,63,filler,0.0006000000284984
Start-of-film reinstatement + film-item boost,1.0,1.0,0.75,No reminder,Strong task encoding,2.0,0.0,0.9,4,0,5000,64,filler,0.0010000000474974
Start-of-film reinstatement + film-item boost,1.0,1.0,0.75,With reminder,Weak task encoding,1.0,0.0,0.9,4,0,5000,1,film,0.4045999944210052
Start-of-film reinstatement + film-item boost,1.0,1.0,0.75,With reminder,Weak task encoding,1.0,0.0,0.9,4,0,5000,2,film,0.4199999868869781
Start-of-film reinstatement + film-item boost,1.0,1.0,0.75,With reminder,Weak task encoding,1.0,0.0,0.9,4,0,5000,3,film,0.4381999969482422
Start-of-film reinstatement + film-item boost,1.0,1.0,0.75,With reminder,Weak task encoding,1.0,0.0,0.9,4,0,5000,4,film,0.4408000111579895
Start-of-film reinstatement + film-item boost,1.0,1.0,0.75,With reminder,Weak task encoding,1.0,0.0,0.9,4,0,5000,5,film,0.4801999926567077
Start-of-film reinstatement + film-item boost,1.0,1.0,0.75,With reminder,Weak task encoding,1.0,0.0,0.9,4,0,5000,6,film,0.4812000095844269
Start-of-film reinstatement + film-item boost,1.0,1.0,0.75,With reminder,Weak task encoding,1.0,0.0,0.9,4,0,5000,7,film,0.4812000095844269
Start-of-film reinstatement + film-item boost,1.0,1.0,0.75,With reminder,Weak task encoding,1.0,0.0,0.9,4,0,5000,8,film,0.5049999952316284
Start-of-film reinstatement + film-item boost,1.0,1.0,0.75,With reminder,Weak task encoding,1.0,0.0,0.9,4,0,5000,9,film,0.5070000290870667
Start-of-film reinstatement + film-item boost,1.0,1.0,0.75,With reminder,Weak task encoding,1.0,0.0,0.9,4,0,5000,10,film,0.508400022983551
Start-of-film reinstatement + film-item boost,1.0,1.0,0.75,With reminder,Weak task encoding,1.0,0.0,0.9,4,0,5000,11,film,0.5009999871253967
Start-of-film reinstatement + film-item boost,1.0,1.0,0.75,With reminder,Weak task encoding,1.0,0.0,0.9,4,0,5000,12,film,0.4941999912261963
Start-of-film reinstatement + film-item boost,1.0,1.0,0.75,With reminder,Weak task encoding,1.0,0.0,0.9,4,0,5000,13,film,0.503600001335144
Start-of-film reinstatement + film-item boost,1.0,1.0,0.75,With reminder,Weak task encoding,1.0,0.0,0.9,4,0,5000,14,film,0.4860000014305115
Start-of-film reinstatement + film-item boost,1.0,1.0,0.75,With reminder,Weak task encoding,1.0,0.0,0.9,4,0,5000,15,film,0.4708000123500824
Start-of-film reinstatement + film-item boost,1.0,1.0,0.75,With reminder,Weak task encoding,1.0,0.0,0.9,4,0,5000,16,film,0.4490000009536743
Start-of-film reinstatement + film-item boost,1.0,1.0,0.75,With reminder,Weak task encoding,1.0,0.0,0.9,4,0,5000,17,break,0.0172000005841255
Start-of-film reinstatement + film-item boost,1.0,1.0,0.75,With reminder,Weak task encoding,1.0,0.0,0.9,4,0,5000,18,break,0.0071999998763203
Start-of-film reinstatement + film-item boost,1.0,1.0,0.75,With reminder,Weak task encoding,1.0,0.0,0.9,4,0,5000,19,break,0.0065999999642372
Start-of-film reinstatement + film-item boost,1.0,1.0,0.75,With reminder,Weak task encoding,1.0,0.0,0.9,4,0,5000,20,break,0.0065999999642372
Start-of-film reinstatement + film-item boost,1.0,1.0,0.75,With reminder,Weak task encoding,1.0,0.0,0.9,4,0,5000,21,break,0.0040000001899898
Start-of-film reinstatement + film-item boost,1.0,1.0,0.75,With reminder,Weak task encoding,1.0,0.0,0.9,4,0,5000,22,break,0.0013999999500811
Start-of-film reinstatement + film-item boost,1.0,1.0,0.75,With reminder,Weak task encoding,1.0,0.0,0.9,4,0,5000,23,break,0.0010000000474974
Start-of-film reinstatement + film-item boost,1.0,1.0,0.75,With reminder,Weak task encoding,1.0,0.0,0.9,4,0,5000,24,break,0.0010000000474974
Start-of-film reinstatement + film-item boost,1.0,1.0,0.75,With reminder,Weak task encoding,1.0,0.0,0.9,4,0,5000,25,break,0.0003999999898951
Start-of-film reinstatement + film-item boost,1.0,1.0,0.75,With reminder,Weak task encoding,1.0,0.0,0.9,4,0,5000,26,break,0.0007999999797903
Start-of-film reinstatement + film-item boost,1.0,1.0,0.75,With reminder,Weak task encoding,1.0,0.0,0.9,4,0,5000,27,break,0.0001999999949475
Start-of-film reinstatement + film-item boost,1.0,1.0,0.75,With reminder,Weak task encoding,1.0,0.0,0.9,4,0,5000,28,break,0.0001999999949475
Start-of-film reinstatement + film-item boost,1.0,1.0,0.75,With reminder,Weak task encoding,1.0,0.0,0.9,4,0,5000,29,break,0.0001999999949475
Start-of-film reinstatement + film-item boost,1.0,1.0,0.75,With reminder,Weak task encoding,1.0,0.0,0.9,4,0,5000,30,break,0.0001999999949475
Start-of-film reinstatement + film-item boost,1.0,1.0,0.75,With reminder,Weak task encoding,1.0,0.0,0.9,4,0,5000,31,break,0.0
Start-of-film reinstatement + film-item boost,1.0,1.0,0.75,With reminder,Weak task encoding,1.0,0.0,0.9,4,0,5000,32,break,0.0
Start-of-film reinstatement + film-item boost,1.0,1.0,0.75,With reminder,Weak task encoding,1.0,0.0,0.9,4,0,5000,33,task,0.0216000005602836
Start-of-film reinstatement + film-item boost,1.0,1.0,0.75,With reminder,Weak task encoding,1.0,0.0,0.9,4,0,5000,34,task,0.0130000002682209
Start-of-film reinstatement + film-item boost,1.0,1.0,0.75,With reminder,Weak task encoding,1.0,0.0,0.9,4,0,5000,35,task,0.0076000001281499
Start-of-film reinstatement + film-item boost,1.0,1.0,0.75,With reminder,Weak task encoding,1.0,0.0,0.9,4,0,5000,36,task,0.006800000090152
Start-of-film reinstatement + film-item boost,1.0,1.0,0.75,With reminder,Weak task encoding,1.0,0.0,0.9,4,0,5000,37,task,0.0031999999191612
Start-of-film reinstatement + film-item boost,1.0,1.0,0.75,With reminder,Weak task encoding,1.0,0.0,0.9,4,0,5000,38,task,0.003400000045076
Start-of-film reinstatement + film-item boost,1.0,1.0,0.75,With reminder,Weak task encoding,1.0,0.0,0.9,4,0,5000,39,task,0.00179999996908
Start-of-film reinstatement + film-item boost,1.0,1.0,0.75,With reminder,Weak task encoding,1.0,0.0,0.9,4,0,5000,40,task,0.0012000000569969
Start-of-film reinstatement + film-item boost,1.0,1.0,0.75,With reminder,Weak task encoding,1.0,0.0,0.9,4,0,5000,41,task,0.0010000000474974
Start-of-film reinstatement + film-item boost,1.0,1.0,0.75,With reminder,Weak task encoding,1.0,0.0,0.9,4,0,5000,42,task,0.0012000000569969
Start-of-film reinstatement + film-item boost,1.0,1.0,0.75,With reminder,Weak task encoding,1.0,0.0,0.9,4,0,5000,43,task,0.0003999999898951
Start-of-film reinstatement + film-item boost,1.0,1.0,0.75,With reminder,Weak task encoding,1.0,0.0,0.9,4,0,5000,44,task,0.0
Start-of-film reinstatement + film-item boost,1.0,1.0,0.75,With reminder,Weak task encoding,1.0,0.0,0.9,4,0,5000,45,task,0.0001999999949475
Start-of-film reinstatement + film-item boost,1.0,1.0,0.75,With reminder,Weak task encoding,1.0,0.0,0.9,4,0,5000,46,task,0.0001999999949475
Start-of-film reinstatement + film-item boost,1.0,1.0,0.75,With reminder,Weak task encoding,1.0,0.0,0.9,4,0,5000,47,task,0.0
Start-of-film reinstatement + film-item boost,1.0,1.0,0.75,With reminder,Weak task encoding,1.0,0.0,0.9,4,0,5000,48,task,0.0
Start-of-film reinstatement + film-item boost,1.0,1.0,0.75,With reminder,Weak task encoding,1.0,0.0,0.9,4,0,5000,49,filler,0.0001999999949475
Start-of-film reinstatement + film-item boost,1.0,1.0,0.75,With reminder,Weak task encoding,1.0,0.0,0.9,4,0,5000,50,filler,0.0
Start-of-film reinstatement + film-item boost,1.0,1.0,0.75,With reminder,Weak task encoding,1.0,0.0,0.9,4,0,5000,51,filler,0.0
Start-of-film reinstatement + film-item boost,1.0,1.0,0.75,With reminder,Weak task encoding,1.0,0.0,0.9,4,0,5000,52,filler,0.0
Start-of-film reinstatement + film-item boost,1.0,1.0,0.75,With reminder,Weak task encoding,1.0,0.0,0.9,4,0,5000,53,filler,0.0001999999949475
Start-of-film reinstatement + film-item boost,1.0,1.0,0.75,With reminder,Weak task encoding,1.0,0.0,0.9,4,0,5000,54,filler,0.0
Start-of-film reinstatement + film-item boost,1.0,1.0,0.75,With reminder,Weak task encoding,1.0,0.0,0.9,4,0,5000,55,filler,0.0
Start-of-film reinstatement + film-item boost,1.0,1.0,0.75,With reminder,Weak task encoding,1.0,0.0,0.9,4,0,5000,56,filler,0.0
Start-of-film reinstatement + film-item boost,1.0,1.0,0.75,With reminder,Weak task encoding,1.0,0.0,0.9,4,0,5000,57,filler,0.0
Start-of-film reinstatement + film-item boost,1.0,1.0,0.75,With reminder,Weak task encoding,1.0,0.0,0.9,4,0,5000,58,filler,0.0
Start-of-film reinstatement + film-item boost,1.0,1.0,0.75,With reminder,Weak task encoding,1.0,0.0,0.9,4,0,5000,59,filler,0.0001999999949475
Start-of-film reinstatement + film-item boost,1.0,1.0,0.75,With reminder,Weak task encoding,1.0,0.0,0.9,4,0,5000,60,filler,0.0006000000284984
Start-of-film reinstatement + film-item boost,1.0,1.0,0.75,With reminder,Weak task encoding,1.0,0.0,0.9,4,0,5000,61,filler,0.0001999999949475
Start-of-film reinstatement + film-item boost,1.0,1.0,0.75,With reminder,Weak task encoding,1.0,0.0,0.9,4,0,5000,62,filler,0.0010000000474974
Start-of-film reinstatement + film-item boost,1.0,1.0,0.75,With reminder,Weak task encoding,1.0,0.0,0.9,4,0,5000,63,filler,0.0007999999797903
Start-of-film reinstatement + film-item boost,1.0,1.0,0.75,With reminder,Weak task encoding,1.0,0.0,0.9,4,0,5000,64,filler,0.00179999996908
Start-of-film reinstatement + film-item boost,1.0,1.0,0.75,With reminder,Strong task encoding,2.0,0.0,0.9,4,0,5000,1,film,0.378600001335144
Start-of-film reinstatement + film-item boost,1.0,1.0,0.75,With reminder,Strong task encoding,2.0,0.0,0.9,4,0,5000,2,film,0.3828000128269195
Start-of-film reinstatement + film-item boost,1.0,1.0,0.75,With reminder,Strong task encoding,2.0,0.0,0.9,4,0,5000,3,film,0.4088000059127807
Start-of-film reinstatement + film-item boost,1.0,1.0,0.75,With reminder,Strong task encoding,2.0,0.0,0.9,4,0,5000,4,film,0.4307999908924103
Start-of-film reinstatement + film-item boost,1.0,1.0,0.75,With reminder,Strong task encoding,2.0,0.0,0.9,4,0,5000,5,film,0.4235999882221222
Start-of-film reinstatement + film-item boost,1.0,1.0,0.75,With reminder,Strong task encoding,2.0,0.0,0.9,4,0,5000,6,film,0.4431999921798706
Start-of-film reinstatement + film-item boost,1.0,1.0,0.75,With reminder,Strong task encoding,2.0,0.0,0.9,4,0,5000,7,film,0.4487999975681305
Start-of-film reinstatement + film-item boost,1.0,1.0,0.75,With reminder,Strong task encoding,2.0,0.0,0.9,4,0,5000,8,film,0.451200008392334
Start-of-film reinstatement + film-item boost,1.0,1.0,0.75,With reminder,Strong task encoding,2.0,0.0,0.9,4,0,5000,9,film,0.4623999893665313
Start-of-film reinstatement + film-item boost,1.0,1.0,0.75,With reminder,Strong task encoding,2.0,0.0,0.9,4,0,5000,10,film,0.4641999900341034
Start-of-film reinstatement + film-item boost,1.0,1.0,0.75,With reminder,Strong task encoding,2.0,0.0,0.9,4,0,5000,11,film,0.4632000029087066
Start-of-film reinstatement + film-item boost,1.0,1.0,0.75,With reminder,Strong task encoding,2.0,0.0,0.9,4,0,5000,12,film,0.4638000130653381
Start-of-film reinstatement + film-item boost,1.0,1.0,0.75,With reminder,Strong task encoding,2.0,0.0,0.9,4,0,5000,13,film,0.4560000002384186
Start-of-film reinstatement + film-item boost,1.0,1.0,0.75,With reminder,Strong task encoding,2.0,0.0,0.9,4,0,5000,14,film,0.4422000050544739
Start-of-film reinstatement + film-item boost,1.0,1.0,0.75,With reminder,Strong task encoding,2.0,0.0,0.9,4,0,5000,15,film,0.4250000119209289
Start-of-film reinstatement + film-item boost,1.0,1.0,0.75,With reminder,Strong task encoding,2.0,0.0,0.9,4,0,5000,16,film,0.4120000004768371
Start-of-film reinstatement + film-item boost,1.0,1.0,0.75,With reminder,Strong task encoding,2.0,0.0,0.9,4,0,5000,17,break,0.0131999999284744
Start-of-film reinstatement + film-item boost,1.0,1.0,0.75,With reminder,Strong task encoding,2.0,0.0,0.9,4,0,5000,18,break,0.0086000002920627
Start-of-film reinstatement + film-item boost,1.0,1.0,0.75,With reminder,Strong task encoding,2.0,0.0,0.9,4,0,5000,19,break,0.0054000001400709
Start-of-film reinstatement + film-item boost,1.0,1.0,0.75,With reminder,Strong task encoding,2.0,0.0,0.9,4,0,5000,20,break,0.0043999999761581
Start-of-film reinstatement + film-item boost,1.0,1.0,0.75,With reminder,Strong task encoding,2.0,0.0,0.9,4,0,5000,21,break,0.0031999999191612
Start-of-film reinstatement + film-item boost,1.0,1.0,0.75,With reminder,Strong task encoding,2.0,0.0,0.9,4,0,5000,22,break,0.0013999999500811
Start-of-film reinstatement + film-item boost,1.0,1.0,0.75,With reminder,Strong task encoding,2.0,0.0,0.9,4,0,5000,23,break,0.00179999996908
Start-of-film reinstatement + film-item boost,1.0,1.0,0.75,With reminder,Strong task encoding,2.0,0.0,0.9,4,0,5000,24,break,0.0012000000569969
Start-of-film reinstatement + film-item boost,1.0,1.0,0.75,With reminder,Strong task encoding,2.0,0.0,0.9,4,0,5000,25,break,0.0007999999797903
Start-of-film reinstatement + film-item boost,1.0,1.0,0.75,With reminder,Strong task encoding,2.0,0.0,0.9,4,0,5000,26,break,0.0003999999898951
Start-of-film reinstatement + film-item boost,1.0,1.0,0.75,With reminder,Strong task encoding,2.0,0.0,0.9,4,0,5000,27,break,0.0
Start-of-film reinstatement + film-item boost,1.0,1.0,0.75,With reminder,Strong task encoding,2.0,0.0,0.9,4,0,5000,28,break,0.0
Start-of-film reinstatement + film-item boost,1.0,1.0,0.75,With reminder,Strong task encoding,2.0,0.0,0.9,4,0,5000,29,break,0.0006000000284984
Start-of-film reinstatement + film-item boost,1.0,1.0,0.75,With reminder,Strong task encoding,2.0,0.0,0.9,4,0,5000,30,break,0.0001999999949475
Start-of-film reinstatement + film-item boost,1.0,1.0,0.75,With reminder,Strong task encoding,2.0,0.0,0.9,4,0,5000,31,break,0.0
Start-of-film reinstatement + film-item boost,1.0,1.0,0.75,With reminder,Strong task encoding,2.0,0.0,0.9,4,0,5000,32,break,0.0
Start-of-film reinstatement + film-item boost,1.0,1.0,0.75,With reminder,Strong task encoding,2.0,0.0,0.9,4,0,5000,33,task,0.1754000037908554
Start-of-film reinstatement + film-item boost,1.0,1.0,0.75,With reminder,Strong task encoding,2.0,0.0,0.9,4,0,5000,34,task,0.1307999938726425
Start-of-film reinstatement + film-item boost,1.0,1.0,0.75,With reminder,Strong task encoding,2.0,0.0,0.9,4,0,5000,35,task,0.0957999974489212
Start-of-film reinstatement + film-item boost,1.0,1.0,0.75,With reminder,Strong task encoding,2.0,0.0,0.9,4,0,5000,36,task,0.0648000016808509
Start-of-film reinstatement + film-item boost,1.0,1.0,0.75,With reminder,Strong task encoding,2.0,0.0,0.9,4,0,5000,37,task,0.0529999993741512
Start-of-film reinstatement + film-item boost,1.0,1.0,0.75,With reminder,Strong task encoding,2.0,0.0,0.9,4,0,5000,38,task,0.031599998474121
Start-of-film reinstatement + film-item boost,1.0,1.0,0.75,With reminder,Strong task encoding,2.0,0.0,0.9,4,0,5000,39,task,0.025000000372529
Start-of-film reinstatement + film-item boost,1.0,1.0,0.75,With reminder,Strong task encoding,2.0,0.0,0.9,4,0,5000,40,task,0.0175999999046325
Start-of-film reinstatement + film-item boost,1.0,1.0,0.75,With reminder,Strong task encoding,2.0,0.0,0.9,4,0,5000,41,task,0.0142000000923872
Start-of-film reinstatement + film-item boost,1.0,1.0,0.75,With reminder,Strong task encoding,2.0,0.0,0.9,4,0,5000,42,task,0.0096000004559755
Start-of-film reinstatement + film-item boost,1.0,1.0,0.75,With reminder,Strong task encoding,2.0,0.0,0.9,4,0,5000,43,task,0.0057999999262392
Start-of-film reinstatement + film-item boost,1.0,1.0,0.75,With reminder,Strong task encoding,2.0,0.0,0.9,4,0,5000,44,task,0.0052000000141561
Start-of-film reinstatement + film-item boost,1.0,1.0,0.75,With reminder,Strong task encoding,2.0,0.0,0.9,4,0,5000,45,task,0.0040000001899898
Start-of-film reinstatement + film-item boost,1.0,1.0,0.75,With reminder,Strong task encoding,2.0,0.0,0.9,4,0,5000,46,task,0.003400000045076
Start-of-film reinstatement + film-item boost,1.0,1.0,0.75,With reminder,Strong task encoding,2.0,0.0,0.9,4,0,5000,47,task,0.0031999999191612
Start-of-film reinstatement + film-item boost,1.0,1.0,0.75,With reminder,Strong task encoding,2.0,0.0,0.9,4,0,5000,48,task,0.0010000000474974
Start-of-film reinstatement + film-item boost,1.0,1.0,0.75,With reminder,Strong task encoding,2.0,0.0,0.9,4,0,5000,49,filler,0.0003999999898951
Start-of-film reinstatement + film-item boost,1.0,1.0,0.75,With reminder,Strong task encoding,2.0,0.0,0.9,4,0,5000,50,filler,0.0001999999949475
Start-of-film reinstatement + film-item boost,1.0,1.0,0.75,With reminder,Strong task encoding,2.0,0.0,0.9,4,0,5000,51,filler,0.0
Start-of-film reinstatement + film-item boost,1.0,1.0,0.75,With reminder,Strong task encoding,2.0,0.0,0.9,4,0,5000,52,filler,0.0001999999949475
Start-of-film reinstatement + film-item boost,1.0,1.0,0.75,With reminder,Strong task encoding,2.0,0.0,0.9,4,0,5000,53,filler,0.0
Start-of-film reinstatement + film-item boost,1.0,1.0,0.75,With reminder,Strong task encoding,2.0,0.0,0.9,4,0,5000,54,filler,0.0001999999949475
Start-of-film reinstatement + film-item boost,1.0,1.0,0.75,With reminder,Strong task encoding,2.0,0.0,0.9,4,0,5000,55,filler,0.0003999999898951
Start-of-film reinstatement + film-item boost,1.0,1.0,0.75,With reminder,Strong task encoding,2.0,0.0,0.9,4,0,5000,56,filler,0.0001999999949475
Start-of-film reinstatement + film-item boost,1.0,1.0,0.75,With reminder,Strong task encoding,2.0,0.0,0.9,4,0,5000,57,filler,0.0
Start-of-film reinstatement + film-item boost,1.0,1.0,0.75,With reminder,Strong task encoding,2.0,0.0,0.9,4,0,5000,58,filler,0.0006000000284984
Start-of-film reinstatement + film-item boost,1.0,1.0,0.75,With reminder,Strong task encoding,2.0,0.0,0.9,4,0,5000,59,filler,0.0001999999949475
Start-of-film reinstatement + film-item boost,1.0,1.0,0.75,With reminder,Strong task encoding,2.0,0.0,0.9,4,0,5000,60,filler,0.0
Start-of-film reinstatement + film-item boost,1.0,1.0,0.75,With reminder,Strong task encoding,2.0,0.0,0.9,4,0,5000,61,filler,0.0006000000284984
Start-of-film reinstatement + film-item boost,1.0,1.0,0.75,With reminder,Strong task encoding,2.0,0.0,0.9,4,0,5000,62,filler,0.0001999999949475
Start-of-film reinstatement + film-item boost,1.0,1.0,0.75,With reminder,Strong task encoding,2.0,0.0,0.9,4,0,5000,63,filler,0.0015999999595806
Start-of-film reinstatement + film-item boost,1.0,1.0,0.75,With reminder,Strong task encoding,2.0,0.0,0.9,4,0,5000,64,filler,0.0013999999500811
