retrieval_setting,start_drift_scale,film_item_support_boost,rejected_recall_drift_scale,reminder_condition,task_condition,task_mcf_scale,film_source_start_drift_rate,film_cue_reinstatement,cue_interval,first_cue_after,experiment_count,position,phase,recall_probability
Unguided recall,0.0,0.0,0.0,No reminder,Weak task encoding,1.0,0.0,0.9,4,0,5000,1,film,0.1379999965429306
Unguided recall,0.0,0.0,0.0,No reminder,Weak task encoding,1.0,0.0,0.9,4,0,5000,2,film,0.17059999704360962
Unguided recall,0.0,0.0,0.0,No reminder,Weak task encoding,1.0,0.0,0.9,4,0,5000,3,film,0.21619999408721924
Unguided recall,0.0,0.0,0.0,No reminder,Weak task encoding,1.0,0.0,0.9,4,0,5000,4,film,0.24719999730587006
Unguided recall,0.0,0.0,0.0,No reminder,Weak task encoding,1.0,0.0,0.9,4,0,5000,5,film,0.289000004529953
Unguided recall,0.0,0.0,0.0,No reminder,Weak task encoding,1.0,0.0,0.9,4,0,5000,6,film,0.3269999921321869
Unguided recall,0.0,0.0,0.0,No reminder,Weak task encoding,1.0,0.0,0.9,4,0,5000,7,film,0.3582000136375427
Unguided recall,0.0,0.0,0.0,No reminder,Weak task encoding,1.0,0.0,0.9,4,0,5000,8,film,0.36899998784065247
Unguided recall,0.0,0.0,0.0,No reminder,Weak task encoding,1.0,0.0,0.9,4,0,5000,9,film,0.38119998574256897
Unguided recall,0.0,0.0,0.0,No reminder,Weak task encoding,1.0,0.0,0.9,4,0,5000,10,film,0.4065999984741211
Unguided recall,0.0,0.0,0.0,No reminder,Weak task encoding,1.0,0.0,0.9,4,0,5000,11,film,0.41519999504089355
Unguided recall,0.0,0.0,0.0,No reminder,Weak task encoding,1.0,0.0,0.9,4,0,5000,12,film,0.4275999963283539
Unguided recall,0.0,0.0,0.0,No reminder,Weak task encoding,1.0,0.0,0.9,4,0,5000,13,film,0.41359999775886536
Unguided recall,0.0,0.0,0.0,No reminder,Weak task encoding,1.0,0.0,0.9,4,0,5000,14,film,0.414000004529953
Unguided recall,0.0,0.0,0.0,No reminder,Weak task encoding,1.0,0.0,0.9,4,0,5000,15,film,0.39100000262260437
Unguided recall,0.0,0.0,0.0,No reminder,Weak task encoding,1.0,0.0,0.9,4,0,5000,16,film,0.36959999799728394
Unguided recall,0.0,0.0,0.0,No reminder,Weak task encoding,1.0,0.0,0.9,4,0,5000,17,break,0.19539999961853027
Unguided recall,0.0,0.0,0.0,No reminder,Weak task encoding,1.0,0.0,0.9,4,0,5000,18,break,0.13899999856948853
Unguided recall,0.0,0.0,0.0,No reminder,Weak task encoding,1.0,0.0,0.9,4,0,5000,19,break,0.09920000284910202
Unguided recall,0.0,0.0,0.0,No reminder,Weak task encoding,1.0,0.0,0.9,4,0,5000,20,break,0.06159999966621399
Unguided recall,0.0,0.0,0.0,No reminder,Weak task encoding,1.0,0.0,0.9,4,0,5000,21,break,0.04780000075697899
Unguided recall,0.0,0.0,0.0,No reminder,Weak task encoding,1.0,0.0,0.9,4,0,5000,22,break,0.03440000116825104
Unguided recall,0.0,0.0,0.0,No reminder,Weak task encoding,1.0,0.0,0.9,4,0,5000,23,break,0.026399999856948853
Unguided recall,0.0,0.0,0.0,No reminder,Weak task encoding,1.0,0.0,0.9,4,0,5000,24,break,0.014999999664723873
Unguided recall,0.0,0.0,0.0,No reminder,Weak task encoding,1.0,0.0,0.9,4,0,5000,25,break,0.008999999612569809
Unguided recall,0.0,0.0,0.0,No reminder,Weak task encoding,1.0,0.0,0.9,4,0,5000,26,break,0.008799999952316284
Unguided recall,0.0,0.0,0.0,No reminder,Weak task encoding,1.0,0.0,0.9,4,0,5000,27,break,0.00559999980032444
Unguided recall,0.0,0.0,0.0,No reminder,Weak task encoding,1.0,0.0,0.9,4,0,5000,28,break,0.003599999938160181
Unguided recall,0.0,0.0,0.0,No reminder,Weak task encoding,1.0,0.0,0.9,4,0,5000,29,break,0.003599999938160181
Unguided recall,0.0,0.0,0.0,No reminder,Weak task encoding,1.0,0.0,0.9,4,0,5000,30,break,0.0015999999595806003
Unguided recall,0.0,0.0,0.0,No reminder,Weak task encoding,1.0,0.0,0.9,4,0,5000,31,break,0.0017999999690800905
Unguided recall,0.0,0.0,0.0,No reminder,Weak task encoding,1.0,0.0,0.9,4,0,5000,32,break,0.0007999999797903001
Unguided recall,0.0,0.0,0.0,No reminder,Weak task encoding,1.0,0.0,0.9,4,0,5000,33,task,0.0012000000569969416
Unguided recall,0.0,0.0,0.0,No reminder,Weak task encoding,1.0,0.0,0.9,4,0,5000,34,task,0.00039999998989515007
Unguided recall,0.0,0.0,0.0,No reminder,Weak task encoding,1.0,0.0,0.9,4,0,5000,35,task,0.0006000000284984708
Unguided recall,0.0,0.0,0.0,No reminder,Weak task encoding,1.0,0.0,0.9,4,0,5000,36,task,0.00019999999494757503
Unguided recall,0.0,0.0,0.0,No reminder,Weak task encoding,1.0,0.0,0.9,4,0,5000,37,task,0.0
Unguided recall,0.0,0.0,0.0,No reminder,Weak task encoding,1.0,0.0,0.9,4,0,5000,38,task,0.0007999999797903001
Unguided recall,0.0,0.0,0.0,No reminder,Weak task encoding,1.0,0.0,0.9,4,0,5000,39,task,0.0006000000284984708
Unguided recall,0.0,0.0,0.0,No reminder,Weak task encoding,1.0,0.0,0.9,4,0,5000,40,task,0.0010000000474974513
Unguided recall,0.0,0.0,0.0,No reminder,Weak task encoding,1.0,0.0,0.9,4,0,5000,41,task,0.0007999999797903001
Unguided recall,0.0,0.0,0.0,No reminder,Weak task encoding,1.0,0.0,0.9,4,0,5000,42,task,0.0
Unguided recall,0.0,0.0,0.0,No reminder,Weak task encoding,1.0,0.0,0.9,4,0,5000,43,task,0.0010000000474974513
Unguided recall,0.0,0.0,0.0,No reminder,Weak task encoding,1.0,0.0,0.9,4,0,5000,44,task,0.0020000000949949026
Unguided recall,0.0,0.0,0.0,No reminder,Weak task encoding,1.0,0.0,0.9,4,0,5000,45,task,0.0010000000474974513
Unguided recall,0.0,0.0,0.0,No reminder,Weak task encoding,1.0,0.0,0.9,4,0,5000,46,task,0.002199999988079071
Unguided recall,0.0,0.0,0.0,No reminder,Weak task encoding,1.0,0.0,0.9,4,0,5000,47,task,0.004399999976158142
Unguided recall,0.0,0.0,0.0,No reminder,Weak task encoding,1.0,0.0,0.9,4,0,5000,48,task,0.0031999999191612005
Unguided recall,0.0,0.0,0.0,No reminder,Weak task encoding,1.0,0.0,0.9,4,0,5000,49,filler,0.0034000000450760126
Unguided recall,0.0,0.0,0.0,No reminder,Weak task encoding,1.0,0.0,0.9,4,0,5000,50,filler,0.004600000102072954
Unguided recall,0.0,0.0,0.0,No reminder,Weak task encoding,1.0,0.0,0.9,4,0,5000,51,filler,0.005400000140070915
Unguided recall,0.0,0.0,0.0,No reminder,Weak task encoding,1.0,0.0,0.9,4,0,5000,52,filler,0.011599999852478504
Unguided recall,0.0,0.0,0.0,No reminder,Weak task encoding,1.0,0.0,0.9,4,0,5000,53,filler,0.01600000075995922
Unguided recall,0.0,0.0,0.0,No reminder,Weak task encoding,1.0,0.0,0.9,4,0,5000,54,filler,0.01940000057220459
Unguided recall,0.0,0.0,0.0,No reminder,Weak task encoding,1.0,0.0,0.9,4,0,5000,55,filler,0.026599999517202377
Unguided recall,0.0,0.0,0.0,No reminder,Weak task encoding,1.0,0.0,0.9,4,0,5000,56,filler,0.04019999876618385
Unguided recall,0.0,0.0,0.0,No reminder,Weak task encoding,1.0,0.0,0.9,4,0,5000,57,filler,0.04639999940991402
Unguided recall,0.0,0.0,0.0,No reminder,Weak task encoding,1.0,0.0,0.9,4,0,5000,58,filler,0.07180000096559525
Unguided recall,0.0,0.0,0.0,No reminder,Weak task encoding,1.0,0.0,0.9,4,0,5000,59,filler,0.10499999672174454
Unguided recall,0.0,0.0,0.0,No reminder,Weak task encoding,1.0,0.0,0.9,4,0,5000,60,filler,0.14059999585151672
Unguided recall,0.0,0.0,0.0,No reminder,Weak task encoding,1.0,0.0,0.9,4,0,5000,61,filler,0.18539999425411224
Unguided recall,0.0,0.0,0.0,No reminder,Weak task encoding,1.0,0.0,0.9,4,0,5000,62,filler,0.2443999946117401
Unguided recall,0.0,0.0,0.0,No reminder,Weak task encoding,1.0,0.0,0.9,4,0,5000,63,filler,0.32820001244544983
Unguided recall,0.0,0.0,0.0,No reminder,Weak task encoding,1.0,0.0,0.9,4,0,5000,64,filler,0.4124000072479248
Unguided recall,0.0,0.0,0.0,No reminder,Strong task encoding,2.0,0.0,0.9,4,0,5000,1,film,0.1446000039577484
Unguided recall,0.0,0.0,0.0,No reminder,Strong task encoding,2.0,0.0,0.9,4,0,5000,2,film,0.1671999990940094
Unguided recall,0.0,0.0,0.0,No reminder,Strong task encoding,2.0,0.0,0.9,4,0,5000,3,film,0.2037999927997589
Unguided recall,0.0,0.0,0.0,No reminder,Strong task encoding,2.0,0.0,0.9,4,0,5000,4,film,0.2425999939441681
Unguided recall,0.0,0.0,0.0,No reminder,Strong task encoding,2.0,0.0,0.9,4,0,5000,5,film,0.262800008058548
Unguided recall,0.0,0.0,0.0,No reminder,Strong task encoding,2.0,0.0,0.9,4,0,5000,6,film,0.3059999942779541
Unguided recall,0.0,0.0,0.0,No reminder,Strong task encoding,2.0,0.0,0.9,4,0,5000,7,film,0.33799999952316284
Unguided recall,0.0,0.0,0.0,No reminder,Strong task encoding,2.0,0.0,0.9,4,0,5000,8,film,0.35580000281333923
Unguided recall,0.0,0.0,0.0,No reminder,Strong task encoding,2.0,0.0,0.9,4,0,5000,9,film,0.38019999861717224
Unguided recall,0.0,0.0,0.0,No reminder,Strong task encoding,2.0,0.0,0.9,4,0,5000,10,film,0.4000000059604645
Unguided recall,0.0,0.0,0.0,No reminder,Strong task encoding,2.0,0.0,0.9,4,0,5000,11,film,0.399399995803833
Unguided recall,0.0,0.0,0.0,No reminder,Strong task encoding,2.0,0.0,0.9,4,0,5000,12,film,0.40560001134872437
Unguided recall,0.0,0.0,0.0,No reminder,Strong task encoding,2.0,0.0,0.9,4,0,5000,13,film,0.4092000126838684
Unguided recall,0.0,0.0,0.0,No reminder,Strong task encoding,2.0,0.0,0.9,4,0,5000,14,film,0.40139999985694885
Unguided recall,0.0,0.0,0.0,No reminder,Strong task encoding,2.0,0.0,0.9,4,0,5000,15,film,0.3790000081062317
Unguided recall,0.0,0.0,0.0,No reminder,Strong task encoding,2.0,0.0,0.9,4,0,5000,16,film,0.35740000009536743
Unguided recall,0.0,0.0,0.0,No reminder,Strong task encoding,2.0,0.0,0.9,4,0,5000,17,break,0.20059999823570251
Unguided recall,0.0,0.0,0.0,No reminder,Strong task encoding,2.0,0.0,0.9,4,0,5000,18,break,0.13040000200271606
Unguided recall,0.0,0.0,0.0,No reminder,Strong task encoding,2.0,0.0,0.9,4,0,5000,19,break,0.0949999988079071
Unguided recall,0.0,0.0,0.0,No reminder,Strong task encoding,2.0,0.0,0.9,4,0,5000,20,break,0.06400000303983688
Unguided recall,0.0,0.0,0.0,No reminder,Strong task encoding,2.0,0.0,0.9,4,0,5000,21,break,0.04600000008940697
Unguided recall,0.0,0.0,0.0,No reminder,Strong task encoding,2.0,0.0,0.9,4,0,5000,22,break,0.033399999141693115
Unguided recall,0.0,0.0,0.0,No reminder,Strong task encoding,2.0,0.0,0.9,4,0,5000,23,break,0.02319999970495701
Unguided recall,0.0,0.0,0.0,No reminder,Strong task encoding,2.0,0.0,0.9,4,0,5000,24,break,0.01720000058412552
Unguided recall,0.0,0.0,0.0,No reminder,Strong task encoding,2.0,0.0,0.9,4,0,5000,25,break,0.01140000019222498
Unguided recall,0.0,0.0,0.0,No reminder,Strong task encoding,2.0,0.0,0.9,4,0,5000,26,break,0.00860000029206276
Unguided recall,0.0,0.0,0.0,No reminder,Strong task encoding,2.0,0.0,0.9,4,0,5000,27,break,0.004000000189989805
Unguided recall,0.0,0.0,0.0,No reminder,Strong task encoding,2.0,0.0,0.9,4,0,5000,28,break,0.004000000189989805
Unguided recall,0.0,0.0,0.0,No reminder,Strong task encoding,2.0,0.0,0.9,4,0,5000,29,break,0.00279999990016222
Unguided recall,0.0,0.0,0.0,No reminder,Strong task encoding,2.0,0.0,0.9,4,0,5000,30,break,0.002400000113993883
Unguided recall,0.0,0.0,0.0,No reminder,Strong task encoding,2.0,0.0,0.9,4,0,5000,31,break,0.0026000000070780516
Unguided recall,0.0,0.0,0.0,No reminder,Strong task encoding,2.0,0.0,0.9,4,0,5000,32,break,0.0006000000284984708
Unguided recall,0.0,0.0,0.0,No reminder,Strong task encoding,2.0,0.0,0.9,4,0,5000,33,task,0.010599999688565731
Unguided recall,0.0,0.0,0.0,No reminder,Strong task encoding,2.0,0.0,0.9,4,0,5000,34,task,0.010400000028312206
Unguided recall,0.0,0.0,0.0,No reminder,Strong task encoding,2.0,0.0,0.9,4,0,5000,35,task,0.007799999788403511
Unguided recall,0.0,0.0,0.0,No reminder,Strong task encoding,2.0,0.0,0.9,4,0,5000,36,task,0.007199999876320362
Unguided recall,0.0,0.0,0.0,No reminder,Strong task encoding,2.0,0.0,0.9,4,0,5000,37,task,0.006800000090152025
Unguided recall,0.0,0.0,0.0,No reminder,Strong task encoding,2.0,0.0,0.9,4,0,5000,38,task,0.00800000037997961
Unguided recall,0.0,0.0,0.0,No reminder,Strong task encoding,2.0,0.0,0.9,4,0,5000,39,task,0.00839999970048666
Unguided recall,0.0,0.0,0.0,No reminder,Strong task encoding,2.0,0.0,0.9,4,0,5000,40,task,0.008999999612569809
Unguided recall,0.0,0.0,0.0,No reminder,Strong task encoding,2.0,0.0,0.9,4,0,5000,41,task,0.009999999776482582
Unguided recall,0.0,0.0,0.0,No reminder,Strong task encoding,2.0,0.0,0.9,4,0,5000,42,task,0.009600000455975533
Unguided recall,0.0,0.0,0.0,No reminder,Strong task encoding,2.0,0.0,0.9,4,0,5000,43,task,0.010999999940395355
Unguided recall,0.0,0.0,0.0,No reminder,Strong task encoding,2.0,0.0,0.9,4,0,5000,44,task,0.012000000104308128
Unguided recall,0.0,0.0,0.0,No reminder,Strong task encoding,2.0,0.0,0.9,4,0,5000,45,task,0.017400000244379044
Unguided recall,0.0,0.0,0.0,No reminder,Strong task encoding,2.0,0.0,0.9,4,0,5000,46,task,0.02160000056028366
Unguided recall,0.0,0.0,0.0,No reminder,Strong task encoding,2.0,0.0,0.9,4,0,5000,47,task,0.029600000008940697
Unguided recall,0.0,0.0,0.0,No reminder,Strong task encoding,2.0,0.0,0.9,4,0,5000,48,task,0.03880000114440918
Unguided recall,0.0,0.0,0.0,No reminder,Strong task encoding,2.0,0.0,0.9,4,0,5000,49,filler,0.004600000102072954
Unguided recall,0.0,0.0,0.0,No reminder,Strong task encoding,2.0,0.0,0.9,4,0,5000,50,filler,0.004600000102072954
Unguided recall,0.0,0.0,0.0,No reminder,Strong task encoding,2.0,0.0,0.9,4,0,5000,51,filler,0.007400000002235174
Unguided recall,0.0,0.0,0.0,No reminder,Strong task encoding,2.0,0.0,0.9,4,0,5000,52,filler,0.008999999612569809
Unguided recall,0.0,0.0,0.0,No reminder,Strong task encoding,2.0,0.0,0.9,4,0,5000,53,filler,0.012600000016391277
Unguided recall,0.0,0.0,0.0,No reminder,Strong task encoding,2.0,0.0,0.9,4,0,5000,54,filler,0.01640000008046627
Unguided recall,0.0,0.0,0.0,No reminder,Strong task encoding,2.0,0.0,0.9,4,0,5000,55,filler,0.025200000032782555
Unguided recall,0.0,0.0,0.0,No reminder,Strong task encoding,2.0,0.0,0.9,4,0,5000,56,filler,0.03319999948143959
Unguided recall,0.0,0.0,0.0,No reminder,Strong task encoding,2.0,0.0,0.9,4,0,5000,57,filler,0.04879999905824661
Unguided recall,0.0,0.0,0.0,No reminder,Strong task encoding,2.0,0.0,0.9,4,0,5000,58,filler,0.06360000371932983
Unguided recall,0.0,0.0,0.0,No reminder,Strong task encoding,2.0,0.0,0.9,4,0,5000,59,filler,0.08820000290870667
Unguided recall,0.0,0.0,0.0,No reminder,Strong task encoding,2.0,0.0,0.9,4,0,5000,60,filler,0.12160000205039978
Unguided recall,0.0,0.0,0.0,No reminder,Strong task encoding,2.0,0.0,0.9,4,0,5000,61,filler,0.17880000174045563
Unguided recall,0.0,0.0,0.0,No reminder,Strong task encoding,2.0,0.0,0.9,4,0,5000,62,filler,0.25
Unguided recall,0.0,0.0,0.0,No reminder,Strong task encoding,2.0,0.0,0.9,4,0,5000,63,filler,0.3346000015735626
Unguided recall,0.0,0.0,0.0,No reminder,Strong task encoding,2.0,0.0,0.9,4,0,5000,64,filler,0.40139999985694885
Unguided recall,0.0,0.0,0.0,With reminder,Weak task encoding,1.0,0.0,0.9,4,0,5000,1,film,0.12939999997615814
Unguided recall,0.0,0.0,0.0,With reminder,Weak task encoding,1.0,0.0,0.9,4,0,5000,2,film,0.1542000025510788
Unguided recall,0.0,0.0,0.0,With reminder,Weak task encoding,1.0,0.0,0.9,4,0,5000,3,film,0.186599999666214
Unguided recall,0.0,0.0,0.0,With reminder,Weak task encoding,1.0,0.0,0.9,4,0,5000,4,film,0.22460000216960907
Unguided recall,0.0,0.0,0.0,With reminder,Weak task encoding,1.0,0.0,0.9,4,0,5000,5,film,0.2547999918460846
Unguided recall,0.0,0.0,0.0,With reminder,Weak task encoding,1.0,0.0,0.9,4,0,5000,6,film,0.28220000863075256
Unguided recall,0.0,0.0,0.0,With reminder,Weak task encoding,1.0,0.0,0.9,4,0,5000,7,film,0.30660000443458557
Unguided recall,0.0,0.0,0.0,With reminder,Weak task encoding,1.0,0.0,0.9,4,0,5000,8,film,0.33379998803138733
Unguided recall,0.0,0.0,0.0,With reminder,Weak task encoding,1.0,0.0,0.9,4,0,5000,9,film,0.3346000015735626
Unguided recall,0.0,0.0,0.0,With reminder,Weak task encoding,1.0,0.0,0.9,4,0,5000,10,film,0.3610000014305115
Unguided recall,0.0,0.0,0.0,With reminder,Weak task encoding,1.0,0.0,0.9,4,0,5000,11,film,0.3720000088214874
Unguided recall,0.0,0.0,0.0,With reminder,Weak task encoding,1.0,0.0,0.9,4,0,5000,12,film,0.3822000026702881
Unguided recall,0.0,0.0,0.0,With reminder,Weak task encoding,1.0,0.0,0.9,4,0,5000,13,film,0.37959998846054077
Unguided recall,0.0,0.0,0.0,With reminder,Weak task encoding,1.0,0.0,0.9,4,0,5000,14,film,0.3797999918460846
Unguided recall,0.0,0.0,0.0,With reminder,Weak task encoding,1.0,0.0,0.9,4,0,5000,15,film,0.35899999737739563
Unguided recall,0.0,0.0,0.0,With reminder,Weak task encoding,1.0,0.0,0.9,4,0,5000,16,film,0.329800009727478
Unguided recall,0.0,0.0,0.0,With reminder,Weak task encoding,1.0,0.0,0.9,4,0,5000,17,break,0.17219999432563782
Unguided recall,0.0,0.0,0.0,With reminder,Weak task encoding,1.0,0.0,0.9,4,0,5000,18,break,0.12039999663829803
Unguided recall,0.0,0.0,0.0,With reminder,Weak task encoding,1.0,0.0,0.9,4,0,5000,19,break,0.07599999755620956
Unguided recall,0.0,0.0,0.0,With reminder,Weak task encoding,1.0,0.0,0.9,4,0,5000,20,break,0.05900000035762787
Unguided recall,0.0,0.0,0.0,With reminder,Weak task encoding,1.0,0.0,0.9,4,0,5000,21,break,0.03759999945759773
Unguided recall,0.0,0.0,0.0,With reminder,Weak task encoding,1.0,0.0,0.9,4,0,5000,22,break,0.021800000220537186
Unguided recall,0.0,0.0,0.0,With reminder,Weak task encoding,1.0,0.0,0.9,4,0,5000,23,break,0.01899999938905239
Unguided recall,0.0,0.0,0.0,With reminder,Weak task encoding,1.0,0.0,0.9,4,0,5000,24,break,0.010999999940395355
Unguided recall,0.0,0.0,0.0,With reminder,Weak task encoding,1.0,0.0,0.9,4,0,5000,25,break,0.00860000029206276
Unguided recall,0.0,0.0,0.0,With reminder,Weak task encoding,1.0,0.0,0.9,4,0,5000,26,break,0.004800000227987766
Unguided recall,0.0,0.0,0.0,With reminder,Weak task encoding,1.0,0.0,0.9,4,0,5000,27,break,0.004399999976158142
Unguided recall,0.0,0.0,0.0,With reminder,Weak task encoding,1.0,0.0,0.9,4,0,5000,28,break,0.003599999938160181
Unguided recall,0.0,0.0,0.0,With reminder,Weak task encoding,1.0,0.0,0.9,4,0,5000,29,break,0.00279999990016222
Unguided recall,0.0,0.0,0.0,With reminder,Weak task encoding,1.0,0.0,0.9,4,0,5000,30,break,0.0012000000569969416
Unguided recall,0.0,0.0,0.0,With reminder,Weak task encoding,1.0,0.0,0.9,4,0,5000,31,break,0.00019999999494757503
Unguided recall,0.0,0.0,0.0,With reminder,Weak task encoding,1.0,0.0,0.9,4,0,5000,32,break,0.0007999999797903001
Unguided recall,0.0,0.0,0.0,With reminder,Weak task encoding,1.0,0.0,0.9,4,0,5000,33,task,0.20679999887943268
Unguided recall,0.0,0.0,0.0,With reminder,Weak task encoding,1.0,0.0,0.9,4,0,5000,34,task,0.1436000019311905
Unguided recall,0.0,0.0,0.0,With reminder,Weak task encoding,1.0,0.0,0.9,4,0,5000,35,task,0.11060000211000443
Unguided recall,0.0,0.0,0.0,With reminder,Weak task encoding,1.0,0.0,0.9,4,0,5000,36,task,0.0674000009894371
Unguided recall,0.0,0.0,0.0,With reminder,Weak task encoding,1.0,0.0,0.9,4,0,5000,37,task,0.050599999725818634
Unguided recall,0.0,0.0,0.0,With reminder,Weak task encoding,1.0,0.0,0.9,4,0,5000,38,task,0.0406000018119812
Unguided recall,0.0,0.0,0.0,With reminder,Weak task encoding,1.0,0.0,0.9,4,0,5000,39,task,0.031199999153614044
Unguided recall,0.0,0.0,0.0,With reminder,Weak task encoding,1.0,0.0,0.9,4,0,5000,40,task,0.01720000058412552
Unguided recall,0.0,0.0,0.0,With reminder,Weak task encoding,1.0,0.0,0.9,4,0,5000,41,task,0.015399999916553497
Unguided recall,0.0,0.0,0.0,With reminder,Weak task encoding,1.0,0.0,0.9,4,0,5000,42,task,0.01080000028014183
Unguided recall,0.0,0.0,0.0,With reminder,Weak task encoding,1.0,0.0,0.9,4,0,5000,43,task,0.009999999776482582
Unguided recall,0.0,0.0,0.0,With reminder,Weak task encoding,1.0,0.0,0.9,4,0,5000,44,task,0.010599999688565731
Unguided recall,0.0,0.0,0.0,With reminder,Weak task encoding,1.0,0.0,0.9,4,0,5000,45,task,0.008200000040233135
Unguided recall,0.0,0.0,0.0,With reminder,Weak task encoding,1.0,0.0,0.9,4,0,5000,46,task,0.00559999980032444
Unguided recall,0.0,0.0,0.0,With reminder,Weak task encoding,1.0,0.0,0.9,4,0,5000,47,task,0.007400000002235174
Unguided recall,0.0,0.0,0.0,With reminder,Weak task encoding,1.0,0.0,0.9,4,0,5000,48,task,0.00800000037997961
Unguided recall,0.0,0.0,0.0,With reminder,Weak task encoding,1.0,0.0,0.9,4,0,5000,49,filler,0.006399999838322401
Unguided recall,0.0,0.0,0.0,With reminder,Weak task encoding,1.0,0.0,0.9,4,0,5000,50,filler,0.011800000444054604
Unguided recall,0.0,0.0,0.0,With reminder,Weak task encoding,1.0,0.0,0.9,4,0,5000,51,filler,0.014600000344216824
Unguided recall,0.0,0.0,0.0,With reminder,Weak task encoding,1.0,0.0,0.9,4,0,5000,52,filler,0.014399999752640724
Unguided recall,0.0,0.0,0.0,With reminder,Weak task encoding,1.0,0.0,0.9,4,0,5000,53,filler,0.018200000748038292
Unguided recall,0.0,0.0,0.0,With reminder,Weak task encoding,1.0,0.0,0.9,4,0,5000,54,filler,0.02019999921321869
Unguided recall,0.0,0.0,0.0,With reminder,Weak task encoding,1.0,0.0,0.9,4,0,5000,55,filler,0.028599999845027924
Unguided recall,0.0,0.0,0.0,With reminder,Weak task encoding,1.0,0.0,0.9,4,0,5000,56,filler,0.03620000183582306
Unguided recall,0.0,0.0,0.0,With reminder,Weak task encoding,1.0,0.0,0.9,4,0,5000,57,filler,0.051600001752376556
Unguided recall,0.0,0.0,0.0,With reminder,Weak task encoding,1.0,0.0,0.9,4,0,5000,58,filler,0.06520000100135803
Unguided recall,0.0,0.0,0.0,With reminder,Weak task encoding,1.0,0.0,0.9,4,0,5000,59,filler,0.09860000014305115
Unguided recall,0.0,0.0,0.0,With reminder,Weak task encoding,1.0,0.0,0.9,4,0,5000,60,filler,0.1340000033378601
Unguided recall,0.0,0.0,0.0,With reminder,Weak task encoding,1.0,0.0,0.9,4,0,5000,61,filler,0.17739999294281006
Unguided recall,0.0,0.0,0.0,With reminder,Weak task encoding,1.0,0.0,0.9,4,0,5000,62,filler,0.23440000414848328
Unguided recall,0.0,0.0,0.0,With reminder,Weak task encoding,1.0,0.0,0.9,4,0,5000,63,filler,0.30880001187324524
Unguided recall,0.0,0.0,0.0,With reminder,Weak task encoding,1.0,0.0,0.9,4,0,5000,64,filler,0.39579999446868896
Unguided recall,0.0,0.0,0.0,With reminder,Strong task encoding,2.0,0.0,0.9,4,0,5000,1,film,0.08879999816417694
Unguided recall,0.0,0.0,0.0,With reminder,Strong task encoding,2.0,0.0,0.9,4,0,5000,2,film,0.11100000143051147
Unguided recall,0.0,0.0,0.0,With reminder,Strong task encoding,2.0,0.0,0.9,4,0,5000,3,film,0.13779999315738678
Unguided recall,0.0,0.0,0.0,With reminder,Strong task encoding,2.0,0.0,0.9,4,0,5000,4,film,0.15839999914169312
Unguided recall,0.0,0.0,0.0,With reminder,Strong task encoding,2.0,0.0,0.9,4,0,5000,5,film,0.17679999768733978
Unguided recall,0.0,0.0,0.0,With reminder,Strong task encoding,2.0,0.0,0.9,4,0,5000,6,film,0.18459999561309814
Unguided recall,0.0,0.0,0.0,With reminder,Strong task encoding,2.0,0.0,0.9,4,0,5000,7,film,0.2117999941110611
Unguided recall,0.0,0.0,0.0,With reminder,Strong task encoding,2.0,0.0,0.9,4,0,5000,8,film,0.21220000088214874
Unguided recall,0.0,0.0,0.0,With reminder,Strong task encoding,2.0,0.0,0.9,4,0,5000,9,film,0.22200000286102295
Unguided recall,0.0,0.0,0.0,With reminder,Strong task encoding,2.0,0.0,0.9,4,0,5000,10,film,0.2362000048160553
Unguided recall,0.0,0.0,0.0,With reminder,Strong task encoding,2.0,0.0,0.9,4,0,5000,11,film,0.22419999539852142
Unguided recall,0.0,0.0,0.0,With reminder,Strong task encoding,2.0,0.0,0.9,4,0,5000,12,film,0.2329999953508377
Unguided recall,0.0,0.0,0.0,With reminder,Strong task encoding,2.0,0.0,0.9,4,0,5000,13,film,0.21899999678134918
Unguided recall,0.0,0.0,0.0,With reminder,Strong task encoding,2.0,0.0,0.9,4,0,5000,14,film,0.20800000429153442
Unguided recall,0.0,0.0,0.0,With reminder,Strong task encoding,2.0,0.0,0.9,4,0,5000,15,film,0.18379999697208405
Unguided recall,0.0,0.0,0.0,With reminder,Strong task encoding,2.0,0.0,0.9,4,0,5000,16,film,0.18240000307559967
Unguided recall,0.0,0.0,0.0,With reminder,Strong task encoding,2.0,0.0,0.9,4,0,5000,17,break,0.07900000363588333
Unguided recall,0.0,0.0,0.0,With reminder,Strong task encoding,2.0,0.0,0.9,4,0,5000,18,break,0.04879999905824661
Unguided recall,0.0,0.0,0.0,With reminder,Strong task encoding,2.0,0.0,0.9,4,0,5000,19,break,0.035999998450279236
Unguided recall,0.0,0.0,0.0,With reminder,Strong task encoding,2.0,0.0,0.9,4,0,5000,20,break,0.02239999920129776
Unguided recall,0.0,0.0,0.0,With reminder,Strong task encoding,2.0,0.0,0.9,4,0,5000,21,break,0.0142000000923872
Unguided recall,0.0,0.0,0.0,With reminder,Strong task encoding,2.0,0.0,0.9,4,0,5000,22,break,0.013000000268220901
Unguided recall,0.0,0.0,0.0,With reminder,Strong task encoding,2.0,0.0,0.9,4,0,5000,23,break,0.00559999980032444
Unguided recall,0.0,0.0,0.0,With reminder,Strong task encoding,2.0,0.0,0.9,4,0,5000,24,break,0.005799999926239252
Unguided recall,0.0,0.0,0.0,With reminder,Strong task encoding,2.0,0.0,0.9,4,0,5000,25,break,0.003599999938160181
Unguided recall,0.0,0.0,0.0,With reminder,Strong task encoding,2.0,0.0,0.9,4,0,5000,26,break,0.002400000113993883
Unguided recall,0.0,0.0,0.0,With reminder,Strong task encoding,2.0,0.0,0.9,4,0,5000,27,break,0.0020000000949949026
Unguided recall,0.0,0.0,0.0,With reminder,Strong task encoding,2.0,0.0,0.9,4,0,5000,28,break,0.0012000000569969416
Unguided recall,0.0,0.0,0.0,With reminder,Strong task encoding,2.0,0.0,0.9,4,0,5000,29,break,0.0015999999595806003
Unguided recall,0.0,0.0,0.0,With reminder,Strong task encoding,2.0,0.0,0.9,4,0,5000,30,break,0.0006000000284984708
Unguided recall,0.0,0.0,0.0,With reminder,Strong task encoding,2.0,0.0,0.9,4,0,5000,31,break,0.0007999999797903001
Unguided recall,0.0,0.0,0.0,With reminder,Strong task encoding,2.0,0.0,0.9,4,0,5000,32,break,0.0
Unguided recall,0.0,0.0,0.0,With reminder,Strong task encoding,2.0,0.0,0.9,4,0,5000,33,task,0.6317999958992004
Unguided recall,0.0,0.0,0.0,With reminder,Strong task encoding,2.0,0.0,0.9,4,0,5000,34,task,0.5167999863624573
Unguided recall,0.0,0.0,0.0,With reminder,Strong task encoding,2.0,0.0,0.9,4,0,5000,35,task,0.4189999997615814
Unguided recall,0.0,0.0,0.0,With reminder,Strong task encoding,2.0,0.0,0.9,4,0,5000,36,task,0.3310000002384186
Unguided recall,0.0,0.0,0.0,With reminder,Strong task encoding,2.0,0.0,0.9,4,0,5000,37,task,0.2468000054359436
Unguided recall,0.0,0.0,0.0,With reminder,Strong task encoding,2.0,0.0,0.9,4,0,5000,38,task,0.19820000231266022
Unguided recall,0.0,0.0,0.0,With reminder,Strong task encoding,2.0,0.0,0.9,4,0,5000,39,task,0.1477999985218048
Unguided recall,0.0,0.0,0.0,With reminder,Strong task encoding,2.0,0.0,0.9,4,0,5000,40,task,0.1120000034570694
Unguided recall,0.0,0.0,0.0,With reminder,Strong task encoding,2.0,0.0,0.9,4,0,5000,41,task,0.08879999816417694
Unguided recall,0.0,0.0,0.0,With reminder,Strong task encoding,2.0,0.0,0.9,4,0,5000,42,task,0.07819999754428864
Unguided recall,0.0,0.0,0.0,With reminder,Strong task encoding,2.0,0.0,0.9,4,0,5000,43,task,0.06300000101327896
Unguided recall,0.0,0.0,0.0,With reminder,Strong task encoding,2.0,0.0,0.9,4,0,5000,44,task,0.05700000002980232
Unguided recall,0.0,0.0,0.0,With reminder,Strong task encoding,2.0,0.0,0.9,4,0,5000,45,task,0.05079999938607216
Unguided recall,0.0,0.0,0.0,With reminder,Strong task encoding,2.0,0.0,0.9,4,0,5000,46,task,0.053199999034404755
Unguided recall,0.0,0.0,0.0,With reminder,Strong task encoding,2.0,0.0,0.9,4,0,5000,47,task,0.0575999990105629
Unguided recall,0.0,0.0,0.0,With reminder,Strong task encoding,2.0,0.0,0.9,4,0,5000,48,task,0.05719999969005585
Unguided recall,0.0,0.0,0.0,With reminder,Strong task encoding,2.0,0.0,0.9,4,0,5000,49,filler,0.004800000227987766
Unguided recall,0.0,0.0,0.0,With reminder,Strong task encoding,2.0,0.0,0.9,4,0,5000,50,filler,0.008799999952316284
Unguided recall,0.0,0.0,0.0,With reminder,Strong task encoding,2.0,0.0,0.9,4,0,5000,51,filler,0.00839999970048666
Unguided recall,0.0,0.0,0.0,With reminder,Strong task encoding,2.0,0.0,0.9,4,0,5000,52,filler,0.009999999776482582
Unguided recall,0.0,0.0,0.0,With reminder,Strong task encoding,2.0,0.0,0.9,4,0,5000,53,filler,0.010599999688565731
Unguided recall,0.0,0.0,0.0,With reminder,Strong task encoding,2.0,0.0,0.9,4,0,5000,54,filler,0.015599999576807022
Unguided recall,0.0,0.0,0.0,With reminder,Strong task encoding,2.0,0.0,0.9,4,0,5000,55,filler,0.018200000748038292
Unguided recall,0.0,0.0,0.0,With reminder,Strong task encoding,2.0,0.0,0.9,4,0,5000,56,filler,0.029999999329447746
Unguided recall,0.0,0.0,0.0,With reminder,Strong task encoding,2.0,0.0,0.9,4,0,5000,57,filler,0.03420000150799751
Unguided recall,0.0,0.0,0.0,With reminder,Strong task encoding,2.0,0.0,0.9,4,0,5000,58,filler,0.058800000697374344
Unguided recall,0.0,0.0,0.0,With reminder,Strong task encoding,2.0,0.0,0.9,4,0,5000,59,filler,0.06840000301599503
Unguided recall,0.0,0.0,0.0,With reminder,Strong task encoding,2.0,0.0,0.9,4,0,5000,60,filler,0.10300000011920929
Unguided recall,0.0,0.0,0.0,With reminder,Strong task encoding,2.0,0.0,0.9,4,0,5000,61,filler,0.12800000607967377
Unguided recall,0.0,0.0,0.0,With reminder,Strong task encoding,2.0,0.0,0.9,4,0,5000,62,filler,0.1915999948978424
Unguided recall,0.0,0.0,0.0,With reminder,Strong task encoding,2.0,0.0,0.9,4,0,5000,63,filler,0.24279999732971191
Unguided recall,0.0,0.0,0.0,With reminder,Strong task encoding,2.0,0.0,0.9,4,0,5000,64,filler,0.33079999685287476
Start-of-film reinstatement,1.0,0.0,0.0,No reminder,Weak task encoding,1.0,0.0,0.9,4,0,5000,1,film,0.3531999886035919
Start-of-film reinstatement,1.0,0.0,0.0,No reminder,Weak task encoding,1.0,0.0,0.9,4,0,5000,2,film,0.3481999933719635
Start-of-film reinstatement,1.0,0.0,0.0,No reminder,Weak task encoding,1.0,0.0,0.9,4,0,5000,3,film,0.36980000138282776
Start-of-film reinstatement,1.0,0.0,0.0,No reminder,Weak task encoding,1.0,0.0,0.9,4,0,5000,4,film,0.39719998836517334
Start-of-film reinstatement,1.0,0.0,0.0,No reminder,Weak task encoding,1.0,0.0,0.9,4,0,5000,5,film,0.42579999566078186
Start-of-film reinstatement,1.0,0.0,0.0,No reminder,Weak task encoding,1.0,0.0,0.9,4,0,5000,6,film,0.4474000036716461
Start-of-film reinstatement,1.0,0.0,0.0,No reminder,Weak task encoding,1.0,0.0,0.9,4,0,5000,7,film,0.4675999879837036
Start-of-film reinstatement,1.0,0.0,0.0,No reminder,Weak task encoding,1.0,0.0,0.9,4,0,5000,8,film,0.4749999940395355
Start-of-film reinstatement,1.0,0.0,0.0,No reminder,Weak task encoding,1.0,0.0,0.9,4,0,5000,9,film,0.4717999994754791
Start-of-film reinstatement,1.0,0.0,0.0,No reminder,Weak task encoding,1.0,0.0,0.9,4,0,5000,10,film,0.4726000130176544
Start-of-film reinstatement,1.0,0.0,0.0,No reminder,Weak task encoding,1.0,0.0,0.9,4,0,5000,11,film,0.48820000886917114
Start-of-film reinstatement,1.0,0.0,0.0,No reminder,Weak task encoding,1.0,0.0,0.9,4,0,5000,12,film,0.4758000075817108
Start-of-film reinstatement,1.0,0.0,0.0,No reminder,Weak task encoding,1.0,0.0,0.9,4,0,5000,13,film,0.46619999408721924
Start-of-film reinstatement,1.0,0.0,0.0,No reminder,Weak task encoding,1.0,0.0,0.9,4,0,5000,14,film,0.4406000077724457
Start-of-film reinstatement,1.0,0.0,0.0,No reminder,Weak task encoding,1.0,0.0,0.9,4,0,5000,15,film,0.4221999943256378
Start-of-film reinstatement,1.0,0.0,0.0,No reminder,Weak task encoding,1.0,0.0,0.9,4,0,5000,16,film,0.39340001344680786
Start-of-film reinstatement,1.0,0.0,0.0,No reminder,Weak task encoding,1.0,0.0,0.9,4,0,5000,17,break,0.1932000070810318
Start-of-film reinstatement,1.0,0.0,0.0,No reminder,Weak task encoding,1.0,0.0,0.9,4,0,5000,18,break,0.1289999932050705
Start-of-film reinstatement,1.0,0.0,0.0,No reminder,Weak task encoding,1.0,0.0,0.9,4,0,5000,19,break,0.09839999675750732
Start-of-film reinstatement,1.0,0.0,0.0,No reminder,Weak task encoding,1.0,0.0,0.9,4,0,5000,20,break,0.06340000033378601
Start-of-film reinstatement,1.0,0.0,0.0,No reminder,Weak task encoding,1.0,0.0,0.9,4,0,5000,21,break,0.04659999907016754
Start-of-film reinstatement,1.0,0.0,0.0,No reminder,Weak task encoding,1.0,0.0,0.9,4,0,5000,22,break,0.026399999856948853
Start-of-film reinstatement,1.0,0.0,0.0,No reminder,Weak task encoding,1.0,0.0,0.9,4,0,5000,23,break,0.018200000748038292
Start-of-film reinstatement,1.0,0.0,0.0,No reminder,Weak task encoding,1.0,0.0,0.9,4,0,5000,24,break,0.014999999664723873
Start-of-film reinstatement,1.0,0.0,0.0,No reminder,Weak task encoding,1.0,0.0,0.9,4,0,5000,25,break,0.009999999776482582
Start-of-film reinstatement,1.0,0.0,0.0,No reminder,Weak task encoding,1.0,0.0,0.9,4,0,5000,26,break,0.006800000090152025
Start-of-film reinstatement,1.0,0.0,0.0,No reminder,Weak task encoding,1.0,0.0,0.9,4,0,5000,27,break,0.005799999926239252
Start-of-film reinstatement,1.0,0.0,0.0,No reminder,Weak task encoding,1.0,0.0,0.9,4,0,5000,28,break,0.002400000113993883
Start-of-film reinstatement,1.0,0.0,0.0,No reminder,Weak task encoding,1.0,0.0,0.9,4,0,5000,29,break,0.002400000113993883
Start-of-film reinstatement,1.0,0.0,0.0,No reminder,Weak task encoding,1.0,0.0,0.9,4,0,5000,30,break,0.0007999999797903001
Start-of-film reinstatement,1.0,0.0,0.0,No reminder,Weak task encoding,1.0,0.0,0.9,4,0,5000,31,break,0.0006000000284984708
Start-of-film reinstatement,1.0,0.0,0.0,No reminder,Weak task encoding,1.0,0.0,0.9,4,0,5000,32,break,0.0012000000569969416
Start-of-film reinstatement,1.0,0.0,0.0,No reminder,Weak task encoding,1.0,0.0,0.9,4,0,5000,33,task,0.0006000000284984708
Start-of-film reinstatement,1.0,0.0,0.0,No reminder,Weak task encoding,1.0,0.0,0.9,4,0,5000,34,task,0.0006000000284984708
Start-of-film reinstatement,1.0,0.0,0.0,No reminder,Weak task encoding,1.0,0.0,0.9,4,0,5000,35,task,0.00039999998989515007
Start-of-film reinstatement,1.0,0.0,0.0,No reminder,Weak task encoding,1.0,0.0,0.9,4,0,5000,36,task,0.00019999999494757503
Start-of-film reinstatement,1.0,0.0,0.0,No reminder,Weak task encoding,1.0,0.0,0.9,4,0,5000,37,task,0.0
Start-of-film reinstatement,1.0,0.0,0.0,No reminder,Weak task encoding,1.0,0.0,0.9,4,0,5000,38,task,0.0
Start-of-film reinstatement,1.0,0.0,0.0,No reminder,Weak task encoding,1.0,0.0,0.9,4,0,5000,39,task,0.0
Start-of-film reinstatement,1.0,0.0,0.0,No reminder,Weak task encoding,1.0,0.0,0.9,4,0,5000,40,task,0.0
Start-of-film reinstatement,1.0,0.0,0.0,No reminder,Weak task encoding,1.0,0.0,0.9,4,0,5000,41,task,0.00019999999494757503
Start-of-film reinstatement,1.0,0.0,0.0,No reminder,Weak task encoding,1.0,0.0,0.9,4,0,5000,42,task,0.0
Start-of-film reinstatement,1.0,0.0,0.0,No reminder,Weak task encoding,1.0,0.0,0.9,4,0,5000,43,task,0.0
Start-of-film reinstatement,1.0,0.0,0.0,No reminder,Weak task encoding,1.0,0.0,0.9,4,0,5000,44,task,0.0
Start-of-film reinstatement,1.0,0.0,0.0,No reminder,Weak task encoding,1.0,0.0,0.9,4,0,5000,45,task,0.00019999999494757503
Start-of-film reinstatement,1.0,0.0,0.0,No reminder,Weak task encoding,1.0,0.0,0.9,4,0,5000,46,task,0.0
Start-of-film reinstatement,1.0,0.0,0.0,No reminder,Weak task encoding,1.0,0.0,0.9,4,0,5000,47,task,0.00019999999494757503
Start-of-film reinstatement,1.0,0.0,0.0,No reminder,Weak task encoding,1.0,0.0,0.9,4,0,5000,48,task,0.0006000000284984708
Start-of-film reinstatement,1.0,0.0,0.0,No reminder,Weak task encoding,1.0,0.0,0.9,4,0,5000,49,filler,0.00019999999494757503
Start-of-film reinstatement,1.0,0.0,0.0,No reminder,Weak task encoding,1.0,0.0,0.9,4,0,5000,50,filler,0.0010000000474974513
Start-of-film reinstatement,1.0,0.0,0.0,No reminder,Weak task encoding,1.0,0.0,0.9,4,0,5000,51,filler,0.0
Start-of-film reinstatement,1.0,0.0,0.0,No reminder,Weak task encoding,1.0,0.0,0.9,4,0,5000,52,filler,0.00039999998989515007
Start-of-film reinstatement,1.0,0.0,0.0,No reminder,Weak task encoding,1.0,0.0,0.9,4,0,5000,53,filler,0.00039999998989515007
Start-of-film reinstatement,1.0,0.0,0.0,No reminder,Weak task encoding,1.0,0.0,0.9,4,0,5000,54,filler,0.0006000000284984708
Start-of-film reinstatement,1.0,0.0,0.0,No reminder,Weak task encoding,1.0,0.0,0.9,4,0,5000,55,filler,0.0007999999797903001
Start-of-film reinstatement,1.0,0.0,0.0,No reminder,Weak task encoding,1.0,0.0,0.9,4,0,5000,56,filler,0.0015999999595806003
Start-of-film reinstatement,1.0,0.0,0.0,No reminder,Weak task encoding,1.0,0.0,0.9,4,0,5000,57,filler,0.002199999988079071
Start-of-film reinstatement,1.0,0.0,0.0,No reminder,Weak task encoding,1.0,0.0,0.9,4,0,5000,58,filler,0.005400000140070915
Start-of-film reinstatement,1.0,0.0,0.0,No reminder,Weak task encoding,1.0,0.0,0.9,4,0,5000,59,filler,0.004399999976158142
Start-of-film reinstatement,1.0,0.0,0.0,No reminder,Weak task encoding,1.0,0.0,0.9,4,0,5000,60,filler,0.00800000037997961
Start-of-film reinstatement,1.0,0.0,0.0,No reminder,Weak task encoding,1.0,0.0,0.9,4,0,5000,61,filler,0.012400000356137753
Start-of-film reinstatement,1.0,0.0,0.0,No reminder,Weak task encoding,1.0,0.0,0.9,4,0,5000,62,filler,0.01600000075995922
Start-of-film reinstatement,1.0,0.0,0.0,No reminder,Weak task encoding,1.0,0.0,0.9,4,0,5000,63,filler,0.020999999716877937
Start-of-film reinstatement,1.0,0.0,0.0,No reminder,Weak task encoding,1.0,0.0,0.9,4,0,5000,64,filler,0.030400000512599945
Start-of-film reinstatement,1.0,0.0,0.0,No reminder,Strong task encoding,2.0,0.0,0.9,4,0,5000,1,film,0.3431999981403351
Start-of-film reinstatement,1.0,0.0,0.0,No reminder,Strong task encoding,2.0,0.0,0.9,4,0,5000,2,film,0.36660000681877136
Start-of-film reinstatement,1.0,0.0,0.0,No reminder,Strong task encoding,2.0,0.0,0.9,4,0,5000,3,film,0.36399999260902405
Start-of-film reinstatement,1.0,0.0,0.0,No reminder,Strong task encoding,2.0,0.0,0.9,4,0,5000,4,film,0.40720000863075256
Start-of-film reinstatement,1.0,0.0,0.0,No reminder,Strong task encoding,2.0,0.0,0.9,4,0,5000,5,film,0.4251999855041504
Start-of-film reinstatement,1.0,0.0,0.0,No reminder,Strong task encoding,2.0,0.0,0.9,4,0,5000,6,film,0.4413999915122986
Start-of-film reinstatement,1.0,0.0,0.0,No reminder,Strong task encoding,2.0,0.0,0.9,4,0,5000,7,film,0.45100000500679016
Start-of-film reinstatement,1.0,0.0,0.0,No reminder,Strong task encoding,2.0,0.0,0.9,4,0,5000,8,film,0.4722000062465668
Start-of-film reinstatement,1.0,0.0,0.0,No reminder,Strong task encoding,2.0,0.0,0.9,4,0,5000,9,film,0.47360000014305115
Start-of-film reinstatement,1.0,0.0,0.0,No reminder,Strong task encoding,2.0,0.0,0.9,4,0,5000,10,film,0.4814000129699707
Start-of-film reinstatement,1.0,0.0,0.0,No reminder,Strong task encoding,2.0,0.0,0.9,4,0,5000,11,film,0.4821999967098236
Start-of-film reinstatement,1.0,0.0,0.0,No reminder,Strong task encoding,2.0,0.0,0.9,4,0,5000,12,film,0.48080000281333923
Start-of-film reinstatement,1.0,0.0,0.0,No reminder,Strong task encoding,2.0,0.0,0.9,4,0,5000,13,film,0.4553999900817871
Start-of-film reinstatement,1.0,0.0,0.0,No reminder,Strong task encoding,2.0,0.0,0.9,4,0,5000,14,film,0.42480000853538513
Start-of-film reinstatement,1.0,0.0,0.0,No reminder,Strong task encoding,2.0,0.0,0.9,4,0,5000,15,film,0.4032000005245209
Start-of-film reinstatement,1.0,0.0,0.0,No reminder,Strong task encoding,2.0,0.0,0.9,4,0,5000,16,film,0.3774000108242035
Start-of-film reinstatement,1.0,0.0,0.0,No reminder,Strong task encoding,2.0,0.0,0.9,4,0,5000,17,break,0.19760000705718994
Start-of-film reinstatement,1.0,0.0,0.0,No reminder,Strong task encoding,2.0,0.0,0.9,4,0,5000,18,break,0.13940000534057617
Start-of-film reinstatement,1.0,0.0,0.0,No reminder,Strong task encoding,2.0,0.0,0.9,4,0,5000,19,break,0.09319999814033508
Start-of-film reinstatement,1.0,0.0,0.0,No reminder,Strong task encoding,2.0,0.0,0.9,4,0,5000,20,break,0.06260000169277191
Start-of-film reinstatement,1.0,0.0,0.0,No reminder,Strong task encoding,2.0,0.0,0.9,4,0,5000,21,break,0.03920000046491623
Start-of-film reinstatement,1.0,0.0,0.0,No reminder,Strong task encoding,2.0,0.0,0.9,4,0,5000,22,break,0.027799999341368675
Start-of-film reinstatement,1.0,0.0,0.0,No reminder,Strong task encoding,2.0,0.0,0.9,4,0,5000,23,break,0.01720000058412552
Start-of-film reinstatement,1.0,0.0,0.0,No reminder,Strong task encoding,2.0,0.0,0.9,4,0,5000,24,break,0.013399999588727951
Start-of-film reinstatement,1.0,0.0,0.0,No reminder,Strong task encoding,2.0,0.0,0.9,4,0,5000,25,break,0.009600000455975533
Start-of-film reinstatement,1.0,0.0,0.0,No reminder,Strong task encoding,2.0,0.0,0.9,4,0,5000,26,break,0.006399999838322401
Start-of-film reinstatement,1.0,0.0,0.0,No reminder,Strong task encoding,2.0,0.0,0.9,4,0,5000,27,break,0.003800000064074993
Start-of-film reinstatement,1.0,0.0,0.0,No reminder,Strong task encoding,2.0,0.0,0.9,4,0,5000,28,break,0.002400000113993883
Start-of-film reinstatement,1.0,0.0,0.0,No reminder,Strong task encoding,2.0,0.0,0.9,4,0,5000,29,break,0.0012000000569969416
Start-of-film reinstatement,1.0,0.0,0.0,No reminder,Strong task encoding,2.0,0.0,0.9,4,0,5000,30,break,0.0015999999595806003
Start-of-film reinstatement,1.0,0.0,0.0,No reminder,Strong task encoding,2.0,0.0,0.9,4,0,5000,31,break,0.0010000000474974513
Start-of-film reinstatement,1.0,0.0,0.0,No reminder,Strong task encoding,2.0,0.0,0.9,4,0,5000,32,break,0.0006000000284984708
Start-of-film reinstatement,1.0,0.0,0.0,No reminder,Strong task encoding,2.0,0.0,0.9,4,0,5000,33,task,0.005799999926239252
Start-of-film reinstatement,1.0,0.0,0.0,No reminder,Strong task encoding,2.0,0.0,0.9,4,0,5000,34,task,0.00279999990016222
Start-of-film reinstatement,1.0,0.0,0.0,No reminder,Strong task encoding,2.0,0.0,0.9,4,0,5000,35,task,0.003599999938160181
Start-of-film reinstatement,1.0,0.0,0.0,No reminder,Strong task encoding,2.0,0.0,0.9,4,0,5000,36,task,0.003000000026077032
Start-of-film reinstatement,1.0,0.0,0.0,No reminder,Strong task encoding,2.0,0.0,0.9,4,0,5000,37,task,0.0020000000949949026
Start-of-film reinstatement,1.0,0.0,0.0,No reminder,Strong task encoding,2.0,0.0,0.9,4,0,5000,38,task,0.0015999999595806003
Start-of-film reinstatement,1.0,0.0,0.0,No reminder,Strong task encoding,2.0,0.0,0.9,4,0,5000,39,task,0.0015999999595806003
Start-of-film reinstatement,1.0,0.0,0.0,No reminder,Strong task encoding,2.0,0.0,0.9,4,0,5000,40,task,0.0006000000284984708
Start-of-film reinstatement,1.0,0.0,0.0,No reminder,Strong task encoding,2.0,0.0,0.9,4,0,5000,41,task,0.0010000000474974513
Start-of-film reinstatement,1.0,0.0,0.0,No reminder,Strong task encoding,2.0,0.0,0.9,4,0,5000,42,task,0.0006000000284984708
Start-of-film reinstatement,1.0,0.0,0.0,No reminder,Strong task encoding,2.0,0.0,0.9,4,0,5000,43,task,0.0020000000949949026
Start-of-film reinstatement,1.0,0.0,0.0,No reminder,Strong task encoding,2.0,0.0,0.9,4,0,5000,44,task,0.0010000000474974513
Start-of-film reinstatement,1.0,0.0,0.0,No reminder,Strong task encoding,2.0,0.0,0.9,4,0,5000,45,task,0.0012000000569969416
Start-of-film reinstatement,1.0,0.0,0.0,No reminder,Strong task encoding,2.0,0.0,0.9,4,0,5000,46,task,0.0012000000569969416
Start-of-film reinstatement,1.0,0.0,0.0,No reminder,Strong task encoding,2.0,0.0,0.9,4,0,5000,47,task,0.0015999999595806003
Start-of-film reinstatement,1.0,0.0,0.0,No reminder,Strong task encoding,2.0,0.0,0.9,4,0,5000,48,task,0.0020000000949949026
Start-of-film reinstatement,1.0,0.0,0.0,No reminder,Strong task encoding,2.0,0.0,0.9,4,0,5000,49,filler,0.0007999999797903001
Start-of-film reinstatement,1.0,0.0,0.0,No reminder,Strong task encoding,2.0,0.0,0.9,4,0,5000,50,filler,0.00019999999494757503
Start-of-film reinstatement,1.0,0.0,0.0,No reminder,Strong task encoding,2.0,0.0,0.9,4,0,5000,51,filler,0.0006000000284984708
Start-of-film reinstatement,1.0,0.0,0.0,No reminder,Strong task encoding,2.0,0.0,0.9,4,0,5000,52,filler,0.0007999999797903001
Start-of-film reinstatement,1.0,0.0,0.0,No reminder,Strong task encoding,2.0,0.0,0.9,4,0,5000,53,filler,0.0007999999797903001
Start-of-film reinstatement,1.0,0.0,0.0,No reminder,Strong task encoding,2.0,0.0,0.9,4,0,5000,54,filler,0.0006000000284984708
Start-of-film reinstatement,1.0,0.0,0.0,No reminder,Strong task encoding,2.0,0.0,0.9,4,0,5000,55,filler,0.0015999999595806003
Start-of-film reinstatement,1.0,0.0,0.0,No reminder,Strong task encoding,2.0,0.0,0.9,4,0,5000,56,filler,0.002199999988079071
Start-of-film reinstatement,1.0,0.0,0.0,No reminder,Strong task encoding,2.0,0.0,0.9,4,0,5000,57,filler,0.00419999985024333
Start-of-film reinstatement,1.0,0.0,0.0,No reminder,Strong task encoding,2.0,0.0,0.9,4,0,5000,58,filler,0.004000000189989805
Start-of-film reinstatement,1.0,0.0,0.0,No reminder,Strong task encoding,2.0,0.0,0.9,4,0,5000,59,filler,0.006800000090152025
Start-of-film reinstatement,1.0,0.0,0.0,No reminder,Strong task encoding,2.0,0.0,0.9,4,0,5000,60,filler,0.007799999788403511
Start-of-film reinstatement,1.0,0.0,0.0,No reminder,Strong task encoding,2.0,0.0,0.9,4,0,5000,61,filler,0.012199999764561653
Start-of-film reinstatement,1.0,0.0,0.0,No reminder,Strong task encoding,2.0,0.0,0.9,4,0,5000,62,filler,0.016200000420212746
Start-of-film reinstatement,1.0,0.0,0.0,No reminder,Strong task encoding,2.0,0.0,0.9,4,0,5000,63,filler,0.02500000037252903
Start-of-film reinstatement,1.0,0.0,0.0,No reminder,Strong task encoding,2.0,0.0,0.9,4,0,5000,64,filler,0.03440000116825104
Start-of-film reinstatement,1.0,0.0,0.0,With reminder,Weak task encoding,1.0,0.0,0.9,4,0,5000,1,film,0.33640000224113464
Start-of-film reinstatement,1.0,0.0,0.0,With reminder,Weak task encoding,1.0,0.0,0.9,4,0,5000,2,film,0.32359999418258667
Start-of-film reinstatement,1.0,0.0,0.0,With reminder,Weak task encoding,1.0,0.0,0.9,4,0,5000,3,film,0.34860000014305115
Start-of-film reinstatement,1.0,0.0,0.0,With reminder,Weak task encoding,1.0,0.0,0.9,4,0,5000,4,film,0.3684000074863434
Start-of-film reinstatement,1.0,0.0,0.0,With reminder,Weak task encoding,1.0,0.0,0.9,4,0,5000,5,film,0.39879998564720154
Start-of-film reinstatement,1.0,0.0,0.0,With reminder,Weak task encoding,1.0,0.0,0.9,4,0,5000,6,film,0.40700000524520874
Start-of-film reinstatement,1.0,0.0,0.0,With reminder,Weak task encoding,1.0,0.0,0.9,4,0,5000,7,film,0.4309999942779541
Start-of-film reinstatement,1.0,0.0,0.0,With reminder,Weak task encoding,1.0,0.0,0.9,4,0,5000,8,film,0.43799999356269836
Start-of-film reinstatement,1.0,0.0,0.0,With reminder,Weak task encoding,1.0,0.0,0.9,4,0,5000,9,film,0.4374000132083893
Start-of-film reinstatement,1.0,0.0,0.0,With reminder,Weak task encoding,1.0,0.0,0.9,4,0,5000,10,film,0.45500001311302185
Start-of-film reinstatement,1.0,0.0,0.0,With reminder,Weak task encoding,1.0,0.0,0.9,4,0,5000,11,film,0.44179999828338623
Start-of-film reinstatement,1.0,0.0,0.0,With reminder,Weak task encoding,1.0,0.0,0.9,4,0,5000,12,film,0.4368000030517578
Start-of-film reinstatement,1.0,0.0,0.0,With reminder,Weak task encoding,1.0,0.0,0.9,4,0,5000,13,film,0.41780000925064087
Start-of-film reinstatement,1.0,0.0,0.0,With reminder,Weak task encoding,1.0,0.0,0.9,4,0,5000,14,film,0.4058000147342682
Start-of-film reinstatement,1.0,0.0,0.0,With reminder,Weak task encoding,1.0,0.0,0.9,4,0,5000,15,film,0.37599998712539673
Start-of-film reinstatement,1.0,0.0,0.0,With reminder,Weak task encoding,1.0,0.0,0.9,4,0,5000,16,film,0.33739998936653137
Start-of-film reinstatement,1.0,0.0,0.0,With reminder,Weak task encoding,1.0,0.0,0.9,4,0,5000,17,break,0.16179999709129333
Start-of-film reinstatement,1.0,0.0,0.0,With reminder,Weak task encoding,1.0,0.0,0.9,4,0,5000,18,break,0.11400000005960464
Start-of-film reinstatement,1.0,0.0,0.0,With reminder,Weak task encoding,1.0,0.0,0.9,4,0,5000,19,break,0.07540000230073929
Start-of-film reinstatement,1.0,0.0,0.0,With reminder,Weak task encoding,1.0,0.0,0.9,4,0,5000,20,break,0.05640000104904175
Start-of-film reinstatement,1.0,0.0,0.0,With reminder,Weak task encoding,1.0,0.0,0.9,4,0,5000,21,break,0.03840000182390213
Start-of-film reinstatement,1.0,0.0,0.0,With reminder,Weak task encoding,1.0,0.0,0.9,4,0,5000,22,break,0.02459999918937683
Start-of-film reinstatement,1.0,0.0,0.0,With reminder,Weak task encoding,1.0,0.0,0.9,4,0,5000,23,break,0.01140000019222498
Start-of-film reinstatement,1.0,0.0,0.0,With reminder,Weak task encoding,1.0,0.0,0.9,4,0,5000,24,break,0.010200000368058681
Start-of-film reinstatement,1.0,0.0,0.0,With reminder,Weak task encoding,1.0,0.0,0.9,4,0,5000,25,break,0.004600000102072954
Start-of-film reinstatement,1.0,0.0,0.0,With reminder,Weak task encoding,1.0,0.0,0.9,4,0,5000,26,break,0.004800000227987766
Start-of-film reinstatement,1.0,0.0,0.0,With reminder,Weak task encoding,1.0,0.0,0.9,4,0,5000,27,break,0.003800000064074993
Start-of-film reinstatement,1.0,0.0,0.0,With reminder,Weak task encoding,1.0,0.0,0.9,4,0,5000,28,break,0.00279999990016222
Start-of-film reinstatement,1.0,0.0,0.0,With reminder,Weak task encoding,1.0,0.0,0.9,4,0,5000,29,break,0.0020000000949949026
Start-of-film reinstatement,1.0,0.0,0.0,With reminder,Weak task encoding,1.0,0.0,0.9,4,0,5000,30,break,0.0006000000284984708
Start-of-film reinstatement,1.0,0.0,0.0,With reminder,Weak task encoding,1.0,0.0,0.9,4,0,5000,31,break,0.00039999998989515007
Start-of-film reinstatement,1.0,0.0,0.0,With reminder,Weak task encoding,1.0,0.0,0.9,4,0,5000,32,break,0.0007999999797903001
Start-of-film reinstatement,1.0,0.0,0.0,With reminder,Weak task encoding,1.0,0.0,0.9,4,0,5000,33,task,0.22040000557899475
Start-of-film reinstatement,1.0,0.0,0.0,With reminder,Weak task encoding,1.0,0.0,0.9,4,0,5000,34,task,0.1469999998807907
Start-of-film reinstatement,1.0,0.0,0.0,With reminder,Weak task encoding,1.0,0.0,0.9,4,0,5000,35,task,0.10540000349283218
Start-of-film reinstatement,1.0,0.0,0.0,With reminder,Weak task encoding,1.0,0.0,0.9,4,0,5000,36,task,0.06859999895095825
Start-of-film reinstatement,1.0,0.0,0.0,With reminder,Weak task encoding,1.0,0.0,0.9,4,0,5000,37,task,0.04659999907016754
Start-of-film reinstatement,1.0,0.0,0.0,With reminder,Weak task encoding,1.0,0.0,0.9,4,0,5000,38,task,0.03539999946951866
Start-of-film reinstatement,1.0,0.0,0.0,With reminder,Weak task encoding,1.0,0.0,0.9,4,0,5000,39,task,0.023800000548362732
Start-of-film reinstatement,1.0,0.0,0.0,With reminder,Weak task encoding,1.0,0.0,0.9,4,0,5000,40,task,0.018799999728798866
Start-of-film reinstatement,1.0,0.0,0.0,With reminder,Weak task encoding,1.0,0.0,0.9,4,0,5000,41,task,0.010400000028312206
Start-of-film reinstatement,1.0,0.0,0.0,With reminder,Weak task encoding,1.0,0.0,0.9,4,0,5000,42,task,0.005400000140070915
Start-of-film reinstatement,1.0,0.0,0.0,With reminder,Weak task encoding,1.0,0.0,0.9,4,0,5000,43,task,0.008200000040233135
Start-of-film reinstatement,1.0,0.0,0.0,With reminder,Weak task encoding,1.0,0.0,0.9,4,0,5000,44,task,0.004999999888241291
Start-of-film reinstatement,1.0,0.0,0.0,With reminder,Weak task encoding,1.0,0.0,0.9,4,0,5000,45,task,0.0031999999191612005
Start-of-film reinstatement,1.0,0.0,0.0,With reminder,Weak task encoding,1.0,0.0,0.9,4,0,5000,46,task,0.00279999990016222
Start-of-film reinstatement,1.0,0.0,0.0,With reminder,Weak task encoding,1.0,0.0,0.9,4,0,5000,47,task,0.0031999999191612005
Start-of-film reinstatement,1.0,0.0,0.0,With reminder,Weak task encoding,1.0,0.0,0.9,4,0,5000,48,task,0.0015999999595806003
Start-of-film reinstatement,1.0,0.0,0.0,With reminder,Weak task encoding,1.0,0.0,0.9,4,0,5000,49,filler,0.0006000000284984708
Start-of-film reinstatement,1.0,0.0,0.0,With reminder,Weak task encoding,1.0,0.0,0.9,4,0,5000,50,filler,0.0012000000569969416
Start-of-film reinstatement,1.0,0.0,0.0,With reminder,Weak task encoding,1.0,0.0,0.9,4,0,5000,51,filler,0.0006000000284984708
Start-of-film reinstatement,1.0,0.0,0.0,With reminder,Weak task encoding,1.0,0.0,0.9,4,0,5000,52,filler,0.002199999988079071
Start-of-film reinstatement,1.0,0.0,0.0,With reminder,Weak task encoding,1.0,0.0,0.9,4,0,5000,53,filler,0.0012000000569969416
Start-of-film reinstatement,1.0,0.0,0.0,With reminder,Weak task encoding,1.0,0.0,0.9,4,0,5000,54,filler,0.0007999999797903001
Start-of-film reinstatement,1.0,0.0,0.0,With reminder,Weak task encoding,1.0,0.0,0.9,4,0,5000,55,filler,0.003000000026077032
Start-of-film reinstatement,1.0,0.0,0.0,With reminder,Weak task encoding,1.0,0.0,0.9,4,0,5000,56,filler,0.002199999988079071
Start-of-film reinstatement,1.0,0.0,0.0,With reminder,Weak task encoding,1.0,0.0,0.9,4,0,5000,57,filler,0.0031999999191612005
Start-of-film reinstatement,1.0,0.0,0.0,With reminder,Weak task encoding,1.0,0.0,0.9,4,0,5000,58,filler,0.005400000140070915
Start-of-film reinstatement,1.0,0.0,0.0,With reminder,Weak task encoding,1.0,0.0,0.9,4,0,5000,59,filler,0.005200000014156103
Start-of-film reinstatement,1.0,0.0,0.0,With reminder,Weak task encoding,1.0,0.0,0.9,4,0,5000,60,filler,0.00800000037997961
Start-of-film reinstatement,1.0,0.0,0.0,With reminder,Weak task encoding,1.0,0.0,0.9,4,0,5000,61,filler,0.013399999588727951
Start-of-film reinstatement,1.0,0.0,0.0,With reminder,Weak task encoding,1.0,0.0,0.9,4,0,5000,62,filler,0.015399999916553497
Start-of-film reinstatement,1.0,0.0,0.0,With reminder,Weak task encoding,1.0,0.0,0.9,4,0,5000,63,filler,0.02500000037252903
Start-of-film reinstatement,1.0,0.0,0.0,With reminder,Weak task encoding,1.0,0.0,0.9,4,0,5000,64,filler,0.03779999911785126
Start-of-film reinstatement,1.0,0.0,0.0,With reminder,Strong task encoding,2.0,0.0,0.9,4,0,5000,1,film,0.28619998693466187
Start-of-film reinstatement,1.0,0.0,0.0,With reminder,Strong task encoding,2.0,0.0,0.9,4,0,5000,2,film,0.2703999876976013
Start-of-film reinstatement,1.0,0.0,0.0,With reminder,Strong task encoding,2.0,0.0,0.9,4,0,5000,3,film,0.2818000018596649
Start-of-film reinstatement,1.0,0.0,0.0,With reminder,Strong task encoding,2.0,0.0,0.9,4,0,5000,4,film,0.29339998960494995
Start-of-film reinstatement,1.0,0.0,0.0,With reminder,Strong task encoding,2.0,0.0,0.9,4,0,5000,5,film,0.30160000920295715
Start-of-film reinstatement,1.0,0.0,0.0,With reminder,Strong task encoding,2.0,0.0,0.9,4,0,5000,6,film,0.3100000023841858
Start-of-film reinstatement,1.0,0.0,0.0,With reminder,Strong task encoding,2.0,0.0,0.9,4,0,5000,7,film,0.31139999628067017
Start-of-film reinstatement,1.0,0.0,0.0,With reminder,Strong task encoding,2.0,0.0,0.9,4,0,5000,8,film,0.30399999022483826
Start-of-film reinstatement,1.0,0.0,0.0,With reminder,Strong task encoding,2.0,0.0,0.9,4,0,5000,9,film,0.30640000104904175
Start-of-film reinstatement,1.0,0.0,0.0,With reminder,Strong task encoding,2.0,0.0,0.9,4,0,5000,10,film,0.2994000017642975
Start-of-film reinstatement,1.0,0.0,0.0,With reminder,Strong task encoding,2.0,0.0,0.9,4,0,5000,11,film,0.2888000011444092
Start-of-film reinstatement,1.0,0.0,0.0,With reminder,Strong task encoding,2.0,0.0,0.9,4,0,5000,12,film,0.2685999870300293
Start-of-film reinstatement,1.0,0.0,0.0,With reminder,Strong task encoding,2.0,0.0,0.9,4,0,5000,13,film,0.2565999925136566
Start-of-film reinstatement,1.0,0.0,0.0,With reminder,Strong task encoding,2.0,0.0,0.9,4,0,5000,14,film,0.22540000081062317
Start-of-film reinstatement,1.0,0.0,0.0,With reminder,Strong task encoding,2.0,0.0,0.9,4,0,5000,15,film,0.21220000088214874
Start-of-film reinstatement,1.0,0.0,0.0,With reminder,Strong task encoding,2.0,0.0,0.9,4,0,5000,16,film,0.188400000333786
Start-of-film reinstatement,1.0,0.0,0.0,With reminder,Strong task encoding,2.0,0.0,0.9,4,0,5000,17,break,0.07760000228881836
Start-of-film reinstatement,1.0,0.0,0.0,With reminder,Strong task encoding,2.0,0.0,0.9,4,0,5000,18,break,0.051600001752376556
Start-of-film reinstatement,1.0,0.0,0.0,With reminder,Strong task encoding,2.0,0.0,0.9,4,0,5000,19,break,0.03220000118017197
Start-of-film reinstatement,1.0,0.0,0.0,With reminder,Strong task encoding,2.0,0.0,0.9,4,0,5000,20,break,0.022199999541044235
Start-of-film reinstatement,1.0,0.0,0.0,With reminder,Strong task encoding,2.0,0.0,0.9,4,0,5000,21,break,0.015799999237060547
Start-of-film reinstatement,1.0,0.0,0.0,With reminder,Strong task encoding,2.0,0.0,0.9,4,0,5000,22,break,0.009399999864399433
Start-of-film reinstatement,1.0,0.0,0.0,With reminder,Strong task encoding,2.0,0.0,0.9,4,0,5000,23,break,0.007199999876320362
Start-of-film reinstatement,1.0,0.0,0.0,With reminder,Strong task encoding,2.0,0.0,0.9,4,0,5000,24,break,0.004399999976158142
Start-of-film reinstatement,1.0,0.0,0.0,With reminder,Strong task encoding,2.0,0.0,0.9,4,0,5000,25,break,0.0026000000070780516
Start-of-film reinstatement,1.0,0.0,0.0,With reminder,Strong task encoding,2.0,0.0,0.9,4,0,5000,26,break,0.002199999988079071
Start-of-film reinstatement,1.0,0.0,0.0,With reminder,Strong task encoding,2.0,0.0,0.9,4,0,5000,27,break,0.002199999988079071
Start-of-film reinstatement,1.0,0.0,0.0,With reminder,Strong task encoding,2.0,0.0,0.9,4,0,5000,28,break,0.0020000000949949026
Start-of-film reinstatement,1.0,0.0,0.0,With reminder,Strong task encoding,2.0,0.0,0.9,4,0,5000,29,break,0.0
Start-of-film reinstatement,1.0,0.0,0.0,With reminder,Strong task encoding,2.0,0.0,0.9,4,0,5000,30,break,0.00039999998989515007
Start-of-film reinstatement,1.0,0.0,0.0,With reminder,Strong task encoding,2.0,0.0,0.9,4,0,5000,31,break,0.00039999998989515007
Start-of-film reinstatement,1.0,0.0,0.0,With reminder,Strong task encoding,2.0,0.0,0.9,4,0,5000,32,break,0.00019999999494757503
Start-of-film reinstatement,1.0,0.0,0.0,With reminder,Strong task encoding,2.0,0.0,0.9,4,0,5000,33,task,0.670799970626831
Start-of-film reinstatement,1.0,0.0,0.0,With reminder,Strong task encoding,2.0,0.0,0.9,4,0,5000,34,task,0.5465999841690063
Start-of-film reinstatement,1.0,0.0,0.0,With reminder,Strong task encoding,2.0,0.0,0.9,4,0,5000,35,task,0.42800000309944153
Start-of-film reinstatement,1.0,0.0,0.0,With reminder,Strong task encoding,2.0,0.0,0.9,4,0,5000,36,task,0.3343999981880188
Start-of-film reinstatement,1.0,0.0,0.0,With reminder,Strong task encoding,2.0,0.0,0.9,4,0,5000,37,task,0.24140000343322754
Start-of-film reinstatement,1.0,0.0,0.0,With reminder,Strong task encoding,2.0,0.0,0.9,4,0,5000,38,task,0.1868000030517578
Start-of-film reinstatement,1.0,0.0,0.0,With reminder,Strong task encoding,2.0,0.0,0.9,4,0,5000,39,task,0.12099999934434891
Start-of-film reinstatement,1.0,0.0,0.0,With reminder,Strong task encoding,2.0,0.0,0.9,4,0,5000,40,task,0.09279999881982803
Start-of-film reinstatement,1.0,0.0,0.0,With reminder,Strong task encoding,2.0,0.0,0.9,4,0,5000,41,task,0.061400000005960464
Start-of-film reinstatement,1.0,0.0,0.0,With reminder,Strong task encoding,2.0,0.0,0.9,4,0,5000,42,task,0.04780000075697899
Start-of-film reinstatement,1.0,0.0,0.0,With reminder,Strong task encoding,2.0,0.0,0.9,4,0,5000,43,task,0.03539999946951866
Start-of-film reinstatement,1.0,0.0,0.0,With reminder,Strong task encoding,2.0,0.0,0.9,4,0,5000,44,task,0.03240000084042549
Start-of-film reinstatement,1.0,0.0,0.0,With reminder,Strong task encoding,2.0,0.0,0.9,4,0,5000,45,task,0.025800000876188278
Start-of-film reinstatement,1.0,0.0,0.0,With reminder,Strong task encoding,2.0,0.0,0.9,4,0,5000,46,task,0.01759999990463257
Start-of-film reinstatement,1.0,0.0,0.0,With reminder,Strong task encoding,2.0,0.0,0.9,4,0,5000,47,task,0.020999999716877937
Start-of-film reinstatement,1.0,0.0,0.0,With reminder,Strong task encoding,2.0,0.0,0.9,4,0,5000,48,task,0.014399999752640724
Start-of-film reinstatement,1.0,0.0,0.0,With reminder,Strong task encoding,2.0,0.0,0.9,4,0,5000,49,filler,0.0007999999797903001
Start-of-film reinstatement,1.0,0.0,0.0,With reminder,Strong task encoding,2.0,0.0,0.9,4,0,5000,50,filler,0.00139999995008111
Start-of-film reinstatement,1.0,0.0,0.0,With reminder,Strong task encoding,2.0,0.0,0.9,4,0,5000,51,filler,0.0010000000474974513
Start-of-film reinstatement,1.0,0.0,0.0,With reminder,Strong task encoding,2.0,0.0,0.9,4,0,5000,52,filler,0.0017999999690800905
Start-of-film reinstatement,1.0,0.0,0.0,With reminder,Strong task encoding,2.0,0.0,0.9,4,0,5000,53,filler,0.0
Start-of-film reinstatement,1.0,0.0,0.0,With reminder,Strong task encoding,2.0,0.0,0.9,4,0,5000,54,filler,0.0015999999595806003
Start-of-film reinstatement,1.0,0.0,0.0,With reminder,Strong task encoding,2.0,0.0,0.9,4,0,5000,55,filler,0.0031999999191612005
Start-of-film reinstatement,1.0,0.0,0.0,With reminder,Strong task encoding,2.0,0.0,0.9,4,0,5000,56,filler,0.0012000000569969416
Start-of-film reinstatement,1.0,0.0,0.0,With reminder,Strong task encoding,2.0,0.0,0.9,4,0,5000,57,filler,0.0015999999595806003
Start-of-film reinstatement,1.0,0.0,0.0,With reminder,Strong task encoding,2.0,0.0,0.9,4,0,5000,58,filler,0.004999999888241291
Start-of-film reinstatement,1.0,0.0,0.0,With reminder,Strong task encoding,2.0,0.0,0.9,4,0,5000,59,filler,0.007199999876320362
Start-of-film reinstatement,1.0,0.0,0.0,With reminder,Strong task encoding,2.0,0.0,0.9,4,0,5000,60,filler,0.006399999838322401
Start-of-film reinstatement,1.0,0.0,0.0,With reminder,Strong task encoding,2.0,0.0,0.9,4,0,5000,61,filler,0.01119999960064888
Start-of-film reinstatement,1.0,0.0,0.0,With reminder,Strong task encoding,2.0,0.0,0.9,4,0,5000,62,filler,0.017799999564886093
Start-of-film reinstatement,1.0,0.0,0.0,With reminder,Strong task encoding,2.0,0.0,0.9,4,0,5000,63,filler,0.02319999970495701
Start-of-film reinstatement,1.0,0.0,0.0,With reminder,Strong task encoding,2.0,0.0,0.9,4,0,5000,64,filler,0.028599999845027924
Start-of-film reinstatement + film-item boost,1.0,0.75,0.0,No reminder,Weak task encoding,1.0,0.0,0.9,4,0,5000,1,film,0.4041999876499176
Start-of-film reinstatement + film-item boost,1.0,0.75,0.0,No reminder,Weak task encoding,1.0,0.0,0.9,4,0,5000,2,film,0.41260001063346863
Start-of-film reinstatement + film-item boost,1.0,0.75,0.0,No reminder,Weak task encoding,1.0,0.0,0.9,4,0,5000,3,film,0.4343999922275543
Start-of-film reinstatement + film-item boost,1.0,0.75,0.0,No reminder,Weak task encoding,1.0,0.0,0.9,4,0,5000,4,film,0.4586000144481659
Start-of-film reinstatement + film-item boost,1.0,0.75,0.0,No reminder,Weak task encoding,1.0,0.0,0.9,4,0,5000,5,film,0.4603999853134155
Start-of-film reinstatement + film-item boost,1.0,0.75,0.0,No reminder,Weak task encoding,1.0,0.0,0.9,4,0,5000,6,film,0.47360000014305115
Start-of-film reinstatement + film-item boost,1.0,0.75,0.0,No reminder,Weak task encoding,1.0,0.0,0.9,4,0,5000,7,film,0.49779999256134033
Start-of-film reinstatement + film-item boost,1.0,0.75,0.0,No reminder,Weak task encoding,1.0,0.0,0.9,4,0,5000,8,film,0.5091999769210815
Start-of-film reinstatement + film-item boost,1.0,0.75,0.0,No reminder,Weak task encoding,1.0,0.0,0.9,4,0,5000,9,film,0.5077999830245972
Start-of-film reinstatement + film-item boost,1.0,0.75,0.0,No reminder,Weak task encoding,1.0,0.0,0.9,4,0,5000,10,film,0.5152000188827515
Start-of-film reinstatement + film-item boost,1.0,0.75,0.0,No reminder,Weak task encoding,1.0,0.0,0.9,4,0,5000,11,film,0.4943999946117401
Start-of-film reinstatement + film-item boost,1.0,0.75,0.0,No reminder,Weak task encoding,1.0,0.0,0.9,4,0,5000,12,film,0.506600022315979
Start-of-film reinstatement + film-item boost,1.0,0.75,0.0,No reminder,Weak task encoding,1.0,0.0,0.9,4,0,5000,13,film,0.4887999892234802
Start-of-film reinstatement + film-item boost,1.0,0.75,0.0,No reminder,Weak task encoding,1.0,0.0,0.9,4,0,5000,14,film,0.4758000075817108
Start-of-film reinstatement + film-item boost,1.0,0.75,0.0,No reminder,Weak task encoding,1.0,0.0,0.9,4,0,5000,15,film,0.4634000062942505
Start-of-film reinstatement + film-item boost,1.0,0.75,0.0,No reminder,Weak task encoding,1.0,0.0,0.9,4,0,5000,16,film,0.43639999628067017
Start-of-film reinstatement + film-item boost,1.0,0.75,0.0,No reminder,Weak task encoding,1.0,0.0,0.9,4,0,5000,17,break,0.025599999353289604
Start-of-film reinstatement + film-item boost,1.0,0.75,0.0,No reminder,Weak task encoding,1.0,0.0,0.9,4,0,5000,18,break,0.016599999740719795
Start-of-film reinstatement + film-item boost,1.0,0.75,0.0,No reminder,Weak task encoding,1.0,0.0,0.9,4,0,5000,19,break,0.009999999776482582
Start-of-film reinstatement + film-item boost,1.0,0.75,0.0,No reminder,Weak task encoding,1.0,0.0,0.9,4,0,5000,20,break,0.006800000090152025
Start-of-film reinstatement + film-item boost,1.0,0.75,0.0,No reminder,Weak task encoding,1.0,0.0,0.9,4,0,5000,21,break,0.005400000140070915
Start-of-film reinstatement + film-item boost,1.0,0.75,0.0,No reminder,Weak task encoding,1.0,0.0,0.9,4,0,5000,22,break,0.003000000026077032
Start-of-film reinstatement + film-item boost,1.0,0.75,0.0,No reminder,Weak task encoding,1.0,0.0,0.9,4,0,5000,23,break,0.0017999999690800905
Start-of-film reinstatement + film-item boost,1.0,0.75,0.0,No reminder,Weak task encoding,1.0,0.0,0.9,4,0,5000,24,break,0.0017999999690800905
Start-of-film reinstatement + film-item boost,1.0,0.75,0.0,No reminder,Weak task encoding,1.0,0.0,0.9,4,0,5000,25,break,0.0017999999690800905
Start-of-film reinstatement + film-item boost,1.0,0.75,0.0,No reminder,Weak task encoding,1.0,0.0,0.9,4,0,5000,26,break,0.0006000000284984708
Start-of-film reinstatement + film-item boost,1.0,0.75,0.0,No reminder,Weak task encoding,1.0,0.0,0.9,4,0,5000,27,break,0.0007999999797903001
Start-of-film reinstatement + film-item boost,1.0,0.75,0.0,No reminder,Weak task encoding,1.0,0.0,0.9,4,0,5000,28,break,0.0
Start-of-film reinstatement + film-item boost,1.0,0.75,0.0,No reminder,Weak task encoding,1.0,0.0,0.9,4,0,5000,29,break,0.00019999999494757503
Start-of-film reinstatement + film-item boost,1.0,0.75,0.0,No reminder,Weak task encoding,1.0,0.0,0.9,4,0,5000,30,break,0.00039999998989515007
Start-of-film reinstatement + film-item boost,1.0,0.75,0.0,No reminder,Weak task encoding,1.0,0.0,0.9,4,0,5000,31,break,0.0
Start-of-film reinstatement + film-item boost,1.0,0.75,0.0,No reminder,Weak task encoding,1.0,0.0,0.9,4,0,5000,32,break,0.00019999999494757503
Start-of-film reinstatement + film-item boost,1.0,0.75,0.0,No reminder,Weak task encoding,1.0,0.0,0.9,4,0,5000,33,task,0.00019999999494757503
Start-of-film reinstatement + film-item boost,1.0,0.75,0.0,No reminder,Weak task encoding,1.0,0.0,0.9,4,0,5000,34,task,0.0
Start-of-film reinstatement + film-item boost,1.0,0.75,0.0,No reminder,Weak task encoding,1.0,0.0,0.9,4,0,5000,35,task,0.00019999999494757503
Start-of-film reinstatement + film-item boost,1.0,0.75,0.0,No reminder,Weak task encoding,1.0,0.0,0.9,4,0,5000,36,task,0.0
Start-of-film reinstatement + film-item boost,1.0,0.75,0.0,No reminder,Weak task encoding,1.0,0.0,0.9,4,0,5000,37,task,0.0
Start-of-film reinstatement + film-item boost,1.0,0.75,0.0,No reminder,Weak task encoding,1.0,0.0,0.9,4,0,5000,38,task,0.00019999999494757503
Start-of-film reinstatement + film-item boost,1.0,0.75,0.0,No reminder,Weak task encoding,1.0,0.0,0.9,4,0,5000,39,task,0.0
Start-of-film reinstatement + film-item boost,1.0,0.75,0.0,No reminder,Weak task encoding,1.0,0.0,0.9,4,0,5000,40,task,0.0
Start-of-film reinstatement + film-item boost,1.0,0.75,0.0,No reminder,Weak task encoding,1.0,0.0,0.9,4,0,5000,41,task,0.0
Start-of-film reinstatement + film-item boost,1.0,0.75,0.0,No reminder,Weak task encoding,1.0,0.0,0.9,4,0,5000,42,task,0.0
Start-of-film reinstatement + film-item boost,1.0,0.75,0.0,No reminder,Weak task encoding,1.0,0.0,0.9,4,0,5000,43,task,0.0
Start-of-film reinstatement + film-item boost,1.0,0.75,0.0,No reminder,Weak task encoding,1.0,0.0,0.9,4,0,5000,44,task,0.0
Start-of-film reinstatement + film-item boost,1.0,0.75,0.0,No reminder,Weak task encoding,1.0,0.0,0.9,4,0,5000,45,task,0.0
Start-of-film reinstatement + film-item boost,1.0,0.75,0.0,No reminder,Weak task encoding,1.0,0.0,0.9,4,0,5000,46,task,0.0
Start-of-film reinstatement + film-item boost,1.0,0.75,0.0,No reminder,Weak task encoding,1.0,0.0,0.9,4,0,5000,47,task,0.0
Start-of-film reinstatement + film-item boost,1.0,0.75,0.0,No reminder,Weak task encoding,1.0,0.0,0.9,4,0,5000,48,task,0.0
Start-of-film reinstatement + film-item boost,1.0,0.75,0.0,No reminder,Weak task encoding,1.0,0.0,0.9,4,0,5000,49,filler,0.0
Start-of-film reinstatement + film-item boost,1.0,0.75,0.0,No reminder,Weak task encoding,1.0,0.0,0.9,4,0,5000,50,filler,0.00019999999494757503
Start-of-film reinstatement + film-item boost,1.0,0.75,0.0,No reminder,Weak task encoding,1.0,0.0,0.9,4,0,5000,51,filler,0.0
Start-of-film reinstatement + film-item boost,1.0,0.75,0.0,No reminder,Weak task encoding,1.0,0.0,0.9,4,0,5000,52,filler,0.0
Start-of-film reinstatement + film-item boost,1.0,0.75,0.0,No reminder,Weak task encoding,1.0,0.0,0.9,4,0,5000,53,filler,0.0
Start-of-film reinstatement + film-item boost,1.0,0.75,0.0,No reminder,Weak task encoding,1.0,0.0,0.9,4,0,5000,54,filler,0.0
Start-of-film reinstatement + film-item boost,1.0,0.75,0.0,No reminder,Weak task encoding,1.0,0.0,0.9,4,0,5000,55,filler,0.00039999998989515007
Start-of-film reinstatement + film-item boost,1.0,0.75,0.0,No reminder,Weak task encoding,1.0,0.0,0.9,4,0,5000,56,filler,0.0
Start-of-film reinstatement + film-item boost,1.0,0.75,0.0,No reminder,Weak task encoding,1.0,0.0,0.9,4,0,5000,57,filler,0.0
Start-of-film reinstatement + film-item boost,1.0,0.75,0.0,No reminder,Weak task encoding,1.0,0.0,0.9,4,0,5000,58,filler,0.00039999998989515007
Start-of-film reinstatement + film-item boost,1.0,0.75,0.0,No reminder,Weak task encoding,1.0,0.0,0.9,4,0,5000,59,filler,0.00019999999494757503
Start-of-film reinstatement + film-item boost,1.0,0.75,0.0,No reminder,Weak task encoding,1.0,0.0,0.9,4,0,5000,60,filler,0.0
Start-of-film reinstatement + film-item boost,1.0,0.75,0.0,No reminder,Weak task encoding,1.0,0.0,0.9,4,0,5000,61,filler,0.00039999998989515007
Start-of-film reinstatement + film-item boost,1.0,0.75,0.0,No reminder,Weak task encoding,1.0,0.0,0.9,4,0,5000,62,filler,0.0010000000474974513
Start-of-film reinstatement + film-item boost,1.0,0.75,0.0,No reminder,Weak task encoding,1.0,0.0,0.9,4,0,5000,63,filler,0.0012000000569969416
Start-of-film reinstatement + film-item boost,1.0,0.75,0.0,No reminder,Weak task encoding,1.0,0.0,0.9,4,0,5000,64,filler,0.002400000113993883
Start-of-film reinstatement + film-item boost,1.0,0.75,0.0,No reminder,Strong task encoding,2.0,0.0,0.9,4,0,5000,1,film,0.4007999897003174
Start-of-film reinstatement + film-item boost,1.0,0.75,0.0,No reminder,Strong task encoding,2.0,0.0,0.9,4,0,5000,2,film,0.40860000252723694
Start-of-film reinstatement + film-item boost,1.0,0.75,0.0,No reminder,Strong task encoding,2.0,0.0,0.9,4,0,5000,3,film,0.4375999867916107
Start-of-film reinstatement + film-item boost,1.0,0.75,0.0,No reminder,Strong task encoding,2.0,0.0,0.9,4,0,5000,4,film,0.46059998869895935
Start-of-film reinstatement + film-item boost,1.0,0.75,0.0,No reminder,Strong task encoding,2.0,0.0,0.9,4,0,5000,5,film,0.4702000021934509
Start-of-film reinstatement + film-item boost,1.0,0.75,0.0,No reminder,Strong task encoding,2.0,0.0,0.9,4,0,5000,6,film,0.49160000681877136
Start-of-film reinstatement + film-item boost,1.0,0.75,0.0,No reminder,Strong task encoding,2.0,0.0,0.9,4,0,5000,7,film,0.48500001430511475
Start-of-film reinstatement + film-item boost,1.0,0.75,0.0,No reminder,Strong task encoding,2.0,0.0,0.9,4,0,5000,8,film,0.5023999810218811
Start-of-film reinstatement + film-item boost,1.0,0.75,0.0,No reminder,Strong task encoding,2.0,0.0,0.9,4,0,5000,9,film,0.5135999917984009
Start-of-film reinstatement + film-item boost,1.0,0.75,0.0,No reminder,Strong task encoding,2.0,0.0,0.9,4,0,5000,10,film,0.5156000256538391
Start-of-film reinstatement + film-item boost,1.0,0.75,0.0,No reminder,Strong task encoding,2.0,0.0,0.9,4,0,5000,11,film,0.5126000046730042
Start-of-film reinstatement + film-item boost,1.0,0.75,0.0,No reminder,Strong task encoding,2.0,0.0,0.9,4,0,5000,12,film,0.4950000047683716
Start-of-film reinstatement + film-item boost,1.0,0.75,0.0,No reminder,Strong task encoding,2.0,0.0,0.9,4,0,5000,13,film,0.503000020980835
Start-of-film reinstatement + film-item boost,1.0,0.75,0.0,No reminder,Strong task encoding,2.0,0.0,0.9,4,0,5000,14,film,0.48399999737739563
Start-of-film reinstatement + film-item boost,1.0,0.75,0.0,No reminder,Strong task encoding,2.0,0.0,0.9,4,0,5000,15,film,0.4699999988079071
Start-of-film reinstatement + film-item boost,1.0,0.75,0.0,No reminder,Strong task encoding,2.0,0.0,0.9,4,0,5000,16,film,0.4277999997138977
Start-of-film reinstatement + film-item boost,1.0,0.75,0.0,No reminder,Strong task encoding,2.0,0.0,0.9,4,0,5000,17,break,0.026200000196695328
Start-of-film reinstatement + film-item boost,1.0,0.75,0.0,No reminder,Strong task encoding,2.0,0.0,0.9,4,0,5000,18,break,0.015200000256299973
Start-of-film reinstatement + film-item boost,1.0,0.75,0.0,No reminder,Strong task encoding,2.0,0.0,0.9,4,0,5000,19,break,0.013199999928474426
Start-of-film reinstatement + film-item boost,1.0,0.75,0.0,No reminder,Strong task encoding,2.0,0.0,0.9,4,0,5000,20,break,0.007000000216066837
Start-of-film reinstatement + film-item boost,1.0,0.75,0.0,No reminder,Strong task encoding,2.0,0.0,0.9,4,0,5000,21,break,0.005200000014156103
Start-of-film reinstatement + film-item boost,1.0,0.75,0.0,No reminder,Strong task encoding,2.0,0.0,0.9,4,0,5000,22,break,0.0026000000070780516
Start-of-film reinstatement + film-item boost,1.0,0.75,0.0,No reminder,Strong task encoding,2.0,0.0,0.9,4,0,5000,23,break,0.0017999999690800905
Start-of-film reinstatement + film-item boost,1.0,0.75,0.0,No reminder,Strong task encoding,2.0,0.0,0.9,4,0,5000,24,break,0.0026000000070780516
Start-of-film reinstatement + film-item boost,1.0,0.75,0.0,No reminder,Strong task encoding,2.0,0.0,0.9,4,0,5000,25,break,0.00039999998989515007
Start-of-film reinstatement + film-item boost,1.0,0.75,0.0,No reminder,Strong task encoding,2.0,0.0,0.9,4,0,5000,26,break,0.00019999999494757503
Start-of-film reinstatement + film-item boost,1.0,0.75,0.0,No reminder,Strong task encoding,2.0,0.0,0.9,4,0,5000,27,break,0.00039999998989515007
Start-of-film reinstatement + film-item boost,1.0,0.75,0.0,No reminder,Strong task encoding,2.0,0.0,0.9,4,0,5000,28,break,0.00019999999494757503
Start-of-film reinstatement + film-item boost,1.0,0.75,0.0,No reminder,Strong task encoding,2.0,0.0,0.9,4,0,5000,29,break,0.00039999998989515007
Start-of-film reinstatement + film-item boost,1.0,0.75,0.0,No reminder,Strong task encoding,2.0,0.0,0.9,4,0,5000,30,break,0.00019999999494757503
Start-of-film reinstatement + film-item boost,1.0,0.75,0.0,No reminder,Strong task encoding,2.0,0.0,0.9,4,0,5000,31,break,0.0
Start-of-film reinstatement + film-item boost,1.0,0.75,0.0,No reminder,Strong task encoding,2.0,0.0,0.9,4,0,5000,32,break,0.0
Start-of-film reinstatement + film-item boost,1.0,0.75,0.0,No reminder,Strong task encoding,2.0,0.0,0.9,4,0,5000,33,task,0.0010000000474974513
Start-of-film reinstatement + film-item boost,1.0,0.75,0.0,No reminder,Strong task encoding,2.0,0.0,0.9,4,0,5000,34,task,0.0006000000284984708
Start-of-film reinstatement + film-item boost,1.0,0.75,0.0,No reminder,Strong task encoding,2.0,0.0,0.9,4,0,5000,35,task,0.0
Start-of-film reinstatement + film-item boost,1.0,0.75,0.0,No reminder,Strong task encoding,2.0,0.0,0.9,4,0,5000,36,task,0.0
Start-of-film reinstatement + film-item boost,1.0,0.75,0.0,No reminder,Strong task encoding,2.0,0.0,0.9,4,0,5000,37,task,0.00019999999494757503
Start-of-film reinstatement + film-item boost,1.0,0.75,0.0,No reminder,Strong task encoding,2.0,0.0,0.9,4,0,5000,38,task,0.0
Start-of-film reinstatement + film-item boost,1.0,0.75,0.0,No reminder,Strong task encoding,2.0,0.0,0.9,4,0,5000,39,task,0.00019999999494757503
Start-of-film reinstatement + film-item boost,1.0,0.75,0.0,No reminder,Strong task encoding,2.0,0.0,0.9,4,0,5000,40,task,0.00019999999494757503
Start-of-film reinstatement + film-item boost,1.0,0.75,0.0,No reminder,Strong task encoding,2.0,0.0,0.9,4,0,5000,41,task,0.00019999999494757503
Start-of-film reinstatement + film-item boost,1.0,0.75,0.0,No reminder,Strong task encoding,2.0,0.0,0.9,4,0,5000,42,task,0.0
Start-of-film reinstatement + film-item boost,1.0,0.75,0.0,No reminder,Strong task encoding,2.0,0.0,0.9,4,0,5000,43,task,0.0
Start-of-film reinstatement + film-item boost,1.0,0.75,0.0,No reminder,Strong task encoding,2.0,0.0,0.9,4,0,5000,44,task,0.0
Start-of-film reinstatement + film-item boost,1.0,0.75,0.0,No reminder,Strong task encoding,2.0,0.0,0.9,4,0,5000,45,task,0.0
Start-of-film reinstatement + film-item boost,1.0,0.75,0.0,No reminder,Strong task encoding,2.0,0.0,0.9,4,0,5000,46,task,0.00019999999494757503
Start-of-film reinstatement + film-item boost,1.0,0.75,0.0,No reminder,Strong task encoding,2.0,0.0,0.9,4,0,5000,47,task,0.00019999999494757503
Start-of-film reinstatement + film-item boost,1.0,0.75,0.0,No reminder,Strong task encoding,2.0,0.0,0.9,4,0,5000,48,task,0.0
Start-of-film reinstatement + film-item boost,1.0,0.75,0.0,No reminder,Strong task encoding,2.0,0.0,0.9,4,0,5000,49,filler,0.0
Start-of-film reinstatement + film-item boost,1.0,0.75,0.0,No reminder,Strong task encoding,2.0,0.0,0.9,4,0,5000,50,filler,0.00019999999494757503
Start-of-film reinstatement + film-item boost,1.0,0.75,0.0,No reminder,Strong task encoding,2.0,0.0,0.9,4,0,5000,51,filler,0.00019999999494757503
Start-of-film reinstatement + film-item boost,1.0,0.75,0.0,No reminder,Strong task encoding,2.0,0.0,0.9,4,0,5000,52,filler,0.0
Start-of-film reinstatement + film-item boost,1.0,0.75,0.0,No reminder,Strong task encoding,2.0,0.0,0.9,4,0,5000,53,filler,0.0
Start-of-film reinstatement + film-item boost,1.0,0.75,0.0,No reminder,Strong task encoding,2.0,0.0,0.9,4,0,5000,54,filler,0.0
Start-of-film reinstatement + film-item boost,1.0,0.75,0.0,No reminder,Strong task encoding,2.0,0.0,0.9,4,0,5000,55,filler,0.00019999999494757503
Start-of-film reinstatement + film-item boost,1.0,0.75,0.0,No reminder,Strong task encoding,2.0,0.0,0.9,4,0,5000,56,filler,0.00019999999494757503
Start-of-film reinstatement + film-item boost,1.0,0.75,0.0,No reminder,Strong task encoding,2.0,0.0,0.9,4,0,5000,57,filler,0.00019999999494757503
Start-of-film reinstatement + film-item boost,1.0,0.75,0.0,No reminder,Strong task encoding,2.0,0.0,0.9,4,0,5000,58,filler,0.00039999998989515007
Start-of-film reinstatement + film-item boost,1.0,0.75,0.0,No reminder,Strong task encoding,2.0,0.0,0.9,4,0,5000,59,filler,0.0
Start-of-film reinstatement + film-item boost,1.0,0.75,0.0,No reminder,Strong task encoding,2.0,0.0,0.9,4,0,5000,60,filler,0.00019999999494757503
Start-of-film reinstatement + film-item boost,1.0,0.75,0.0,No reminder,Strong task encoding,2.0,0.0,0.9,4,0,5000,61,filler,0.0007999999797903001
Start-of-film reinstatement + film-item boost,1.0,0.75,0.0,No reminder,Strong task encoding,2.0,0.0,0.9,4,0,5000,62,filler,0.0010000000474974513
Start-of-film reinstatement + film-item boost,1.0,0.75,0.0,No reminder,Strong task encoding,2.0,0.0,0.9,4,0,5000,63,filler,0.0026000000070780516
Start-of-film reinstatement + film-item boost,1.0,0.75,0.0,No reminder,Strong task encoding,2.0,0.0,0.9,4,0,5000,64,filler,0.0015999999595806003
Start-of-film reinstatement + film-item boost,1.0,0.75,0.0,With reminder,Weak task encoding,1.0,0.0,0.9,4,0,5000,1,film,0.3874000012874603
Start-of-film reinstatement + film-item boost,1.0,0.75,0.0,With reminder,Weak task encoding,1.0,0.0,0.9,4,0,5000,2,film,0.40220001339912415
Start-of-film reinstatement + film-item boost,1.0,0.75,0.0,With reminder,Weak task encoding,1.0,0.0,0.9,4,0,5000,3,film,0.4251999855041504
Start-of-film reinstatement + film-item boost,1.0,0.75,0.0,With reminder,Weak task encoding,1.0,0.0,0.9,4,0,5000,4,film,0.44839999079704285
Start-of-film reinstatement + film-item boost,1.0,0.75,0.0,With reminder,Weak task encoding,1.0,0.0,0.9,4,0,5000,5,film,0.4717999994754791
Start-of-film reinstatement + film-item boost,1.0,0.75,0.0,With reminder,Weak task encoding,1.0,0.0,0.9,4,0,5000,6,film,0.47440001368522644
Start-of-film reinstatement + film-item boost,1.0,0.75,0.0,With reminder,Weak task encoding,1.0,0.0,0.9,4,0,5000,7,film,0.49079999327659607
Start-of-film reinstatement + film-item boost,1.0,0.75,0.0,With reminder,Weak task encoding,1.0,0.0,0.9,4,0,5000,8,film,0.5076000094413757
Start-of-film reinstatement + film-item boost,1.0,0.75,0.0,With reminder,Weak task encoding,1.0,0.0,0.9,4,0,5000,9,film,0.5013999938964844
Start-of-film reinstatement + film-item boost,1.0,0.75,0.0,With reminder,Weak task encoding,1.0,0.0,0.9,4,0,5000,10,film,0.5067999958992004
Start-of-film reinstatement + film-item boost,1.0,0.75,0.0,With reminder,Weak task encoding,1.0,0.0,0.9,4,0,5000,11,film,0.5031999945640564
Start-of-film reinstatement + film-item boost,1.0,0.75,0.0,With reminder,Weak task encoding,1.0,0.0,0.9,4,0,5000,12,film,0.5027999877929688
Start-of-film reinstatement + film-item boost,1.0,0.75,0.0,With reminder,Weak task encoding,1.0,0.0,0.9,4,0,5000,13,film,0.49059998989105225
Start-of-film reinstatement + film-item boost,1.0,0.75,0.0,With reminder,Weak task encoding,1.0,0.0,0.9,4,0,5000,14,film,0.4790000021457672
Start-of-film reinstatement + film-item boost,1.0,0.75,0.0,With reminder,Weak task encoding,1.0,0.0,0.9,4,0,5000,15,film,0.4657999873161316
Start-of-film reinstatement + film-item boost,1.0,0.75,0.0,With reminder,Weak task encoding,1.0,0.0,0.9,4,0,5000,16,film,0.44519999623298645
Start-of-film reinstatement + film-item boost,1.0,0.75,0.0,With reminder,Weak task encoding,1.0,0.0,0.9,4,0,5000,17,break,0.02500000037252903
Start-of-film reinstatement + film-item boost,1.0,0.75,0.0,With reminder,Weak task encoding,1.0,0.0,0.9,4,0,5000,18,break,0.015200000256299973
Start-of-film reinstatement + film-item boost,1.0,0.75,0.0,With reminder,Weak task encoding,1.0,0.0,0.9,4,0,5000,19,break,0.011800000444054604
Start-of-film reinstatement + film-item boost,1.0,0.75,0.0,With reminder,Weak task encoding,1.0,0.0,0.9,4,0,5000,20,break,0.006800000090152025
Start-of-film reinstatement + film-item boost,1.0,0.75,0.0,With reminder,Weak task encoding,1.0,0.0,0.9,4,0,5000,21,break,0.004999999888241291
Start-of-film reinstatement + film-item boost,1.0,0.75,0.0,With reminder,Weak task encoding,1.0,0.0,0.9,4,0,5000,22,break,0.00139999995008111
Start-of-film reinstatement + film-item boost,1.0,0.75,0.0,With reminder,Weak task encoding,1.0,0.0,0.9,4,0,5000,23,break,0.0015999999595806003
Start-of-film reinstatement + film-item boost,1.0,0.75,0.0,With reminder,Weak task encoding,1.0,0.0,0.9,4,0,5000,24,break,0.0017999999690800905
Start-of-film reinstatement + film-item boost,1.0,0.75,0.0,With reminder,Weak task encoding,1.0,0.0,0.9,4,0,5000,25,break,0.0007999999797903001
Start-of-film reinstatement + film-item boost,1.0,0.75,0.0,With reminder,Weak task encoding,1.0,0.0,0.9,4,0,5000,26,break,0.0006000000284984708
Start-of-film reinstatement + film-item boost,1.0,0.75,0.0,With reminder,Weak task encoding,1.0,0.0,0.9,4,0,5000,27,break,0.00039999998989515007
Start-of-film reinstatement + film-item boost,1.0,0.75,0.0,With reminder,Weak task encoding,1.0,0.0,0.9,4,0,5000,28,break,0.0
Start-of-film reinstatement + film-item boost,1.0,0.75,0.0,With reminder,Weak task encoding,1.0,0.0,0.9,4,0,5000,29,break,0.00019999999494757503
Start-of-film reinstatement + film-item boost,1.0,0.75,0.0,With reminder,Weak task encoding,1.0,0.0,0.9,4,0,5000,30,break,0.00019999999494757503
Start-of-film reinstatement + film-item boost,1.0,0.75,0.0,With reminder,Weak task encoding,1.0,0.0,0.9,4,0,5000,31,break,0.00039999998989515007
Start-of-film reinstatement + film-item boost,1.0,0.75,0.0,With reminder,Weak task encoding,1.0,0.0,0.9,4,0,5000,32,break,0.0
Start-of-film reinstatement + film-item boost,1.0,0.75,0.0,With reminder,Weak task encoding,1.0,0.0,0.9,4,0,5000,33,task,0.03220000118017197
Start-of-film reinstatement + film-item boost,1.0,0.75,0.0,With reminder,Weak task encoding,1.0,0.0,0.9,4,0,5000,34,task,0.021400000900030136
Start-of-film reinstatement + film-item boost,1.0,0.75,0.0,With reminder,Weak task encoding,1.0,0.0,0.9,4,0,5000,35,task,0.014000000432133675
Start-of-film reinstatement + film-item boost,1.0,0.75,0.0,With reminder,Weak task encoding,1.0,0.0,0.9,4,0,5000,36,task,0.008799999952316284
Start-of-film reinstatement + film-item boost,1.0,0.75,0.0,With reminder,Weak task encoding,1.0,0.0,0.9,4,0,5000,37,task,0.007799999788403511
Start-of-film reinstatement + film-item boost,1.0,0.75,0.0,With reminder,Weak task encoding,1.0,0.0,0.9,4,0,5000,38,task,0.0034000000450760126
Start-of-film reinstatement + film-item boost,1.0,0.75,0.0,With reminder,Weak task encoding,1.0,0.0,0.9,4,0,5000,39,task,0.0017999999690800905
Start-of-film reinstatement + film-item boost,1.0,0.75,0.0,With reminder,Weak task encoding,1.0,0.0,0.9,4,0,5000,40,task,0.002199999988079071
Start-of-film reinstatement + film-item boost,1.0,0.75,0.0,With reminder,Weak task encoding,1.0,0.0,0.9,4,0,5000,41,task,0.0020000000949949026
Start-of-film reinstatement + film-item boost,1.0,0.75,0.0,With reminder,Weak task encoding,1.0,0.0,0.9,4,0,5000,42,task,0.0015999999595806003
Start-of-film reinstatement + film-item boost,1.0,0.75,0.0,With reminder,Weak task encoding,1.0,0.0,0.9,4,0,5000,43,task,0.0010000000474974513
Start-of-film reinstatement + film-item boost,1.0,0.75,0.0,With reminder,Weak task encoding,1.0,0.0,0.9,4,0,5000,44,task,0.00039999998989515007
Start-of-film reinstatement + film-item boost,1.0,0.75,0.0,With reminder,Weak task encoding,1.0,0.0,0.9,4,0,5000,45,task,0.0006000000284984708
Start-of-film reinstatement + film-item boost,1.0,0.75,0.0,With reminder,Weak task encoding,1.0,0.0,0.9,4,0,5000,46,task,0.00019999999494757503
Start-of-film reinstatement + film-item boost,1.0,0.75,0.0,With reminder,Weak task encoding,1.0,0.0,0.9,4,0,5000,47,task,0.0
Start-of-film reinstatement + film-item boost,1.0,0.75,0.0,With reminder,Weak task encoding,1.0,0.0,0.9,4,0,5000,48,task,0.00019999999494757503
Start-of-film reinstatement + film-item boost,1.0,0.75,0.0,With reminder,Weak task encoding,1.0,0.0,0.9,4,0,5000,49,filler,0.0006000000284984708
Start-of-film reinstatement + film-item boost,1.0,0.75,0.0,With reminder,Weak task encoding,1.0,0.0,0.9,4,0,5000,50,filler,0.00039999998989515007
Start-of-film reinstatement + film-item boost,1.0,0.75,0.0,With reminder,Weak task encoding,1.0,0.0,0.9,4,0,5000,51,filler,0.00019999999494757503
Start-of-film reinstatement + film-item boost,1.0,0.75,0.0,With reminder,Weak task encoding,1.0,0.0,0.9,4,0,5000,52,filler,0.0006000000284984708
Start-of-film reinstatement + film-item boost,1.0,0.75,0.0,With reminder,Weak task encoding,1.0,0.0,0.9,4,0,5000,53,filler,0.0
Start-of-film reinstatement + film-item boost,1.0,0.75,0.0,With reminder,Weak task encoding,1.0,0.0,0.9,4,0,5000,54,filler,0.00039999998989515007
Start-of-film reinstatement + film-item boost,1.0,0.75,0.0,With reminder,Weak task encoding,1.0,0.0,0.9,4,0,5000,55,filler,0.0
Start-of-film reinstatement + film-item boost,1.0,0.75,0.0,With reminder,Weak task encoding,1.0,0.0,0.9,4,0,5000,56,filler,0.00019999999494757503
Start-of-film reinstatement + film-item boost,1.0,0.75,0.0,With reminder,Weak task encoding,1.0,0.0,0.9,4,0,5000,57,filler,0.0
Start-of-film reinstatement + film-item boost,1.0,0.75,0.0,With reminder,Weak task encoding,1.0,0.0,0.9,4,0,5000,58,filler,0.0007999999797903001
Start-of-film reinstatement + film-item boost,1.0,0.75,0.0,With reminder,Weak task encoding,1.0,0.0,0.9,4,0,5000,59,filler,0.00019999999494757503
Start-of-film reinstatement + film-item boost,1.0,0.75,0.0,With reminder,Weak task encoding,1.0,0.0,0.9,4,0,5000,60,filler,0.0010000000474974513
Start-of-film reinstatement + film-item boost,1.0,0.75,0.0,With reminder,Weak task encoding,1.0,0.0,0.9,4,0,5000,61,filler,0.0010000000474974513
Start-of-film reinstatement + film-item boost,1.0,0.75,0.0,With reminder,Weak task encoding,1.0,0.0,0.9,4,0,5000,62,filler,0.0
Start-of-film reinstatement + film-item boost,1.0,0.75,0.0,With reminder,Weak task encoding,1.0,0.0,0.9,4,0,5000,63,filler,0.0010000000474974513
Start-of-film reinstatement + film-item boost,1.0,0.75,0.0,With reminder,Weak task encoding,1.0,0.0,0.9,4,0,5000,64,filler,0.002400000113993883
Start-of-film reinstatement + film-item boost,1.0,0.75,0.0,With reminder,Strong task encoding,2.0,0.0,0.9,4,0,5000,1,film,0.3492000102996826
Start-of-film reinstatement + film-item boost,1.0,0.75,0.0,With reminder,Strong task encoding,2.0,0.0,0.9,4,0,5000,2,film,0.3614000082015991
Start-of-film reinstatement + film-item boost,1.0,0.75,0.0,With reminder,Strong task encoding,2.0,0.0,0.9,4,0,5000,3,film,0.3901999890804291
Start-of-film reinstatement + film-item boost,1.0,0.75,0.0,With reminder,Strong task encoding,2.0,0.0,0.9,4,0,5000,4,film,0.4142000079154968
Start-of-film reinstatement + film-item boost,1.0,0.75,0.0,With reminder,Strong task encoding,2.0,0.0,0.9,4,0,5000,5,film,0.421999990940094
Start-of-film reinstatement + film-item boost,1.0,0.75,0.0,With reminder,Strong task encoding,2.0,0.0,0.9,4,0,5000,6,film,0.4246000051498413
Start-of-film reinstatement + film-item boost,1.0,0.75,0.0,With reminder,Strong task encoding,2.0,0.0,0.9,4,0,5000,7,film,0.45019999146461487
Start-of-film reinstatement + film-item boost,1.0,0.75,0.0,With reminder,Strong task encoding,2.0,0.0,0.9,4,0,5000,8,film,0.45339998602867126
Start-of-film reinstatement + film-item boost,1.0,0.75,0.0,With reminder,Strong task encoding,2.0,0.0,0.9,4,0,5000,9,film,0.4505999982357025
Start-of-film reinstatement + film-item boost,1.0,0.75,0.0,With reminder,Strong task encoding,2.0,0.0,0.9,4,0,5000,10,film,0.46320000290870667
Start-of-film reinstatement + film-item boost,1.0,0.75,0.0,With reminder,Strong task encoding,2.0,0.0,0.9,4,0,5000,11,film,0.45179998874664307
Start-of-film reinstatement + film-item boost,1.0,0.75,0.0,With reminder,Strong task encoding,2.0,0.0,0.9,4,0,5000,12,film,0.45719999074935913
Start-of-film reinstatement + film-item boost,1.0,0.75,0.0,With reminder,Strong task encoding,2.0,0.0,0.9,4,0,5000,13,film,0.4413999915122986
Start-of-film reinstatement + film-item boost,1.0,0.75,0.0,With reminder,Strong task encoding,2.0,0.0,0.9,4,0,5000,14,film,0.42480000853538513
Start-of-film reinstatement + film-item boost,1.0,0.75,0.0,With reminder,Strong task encoding,2.0,0.0,0.9,4,0,5000,15,film,0.41839998960494995
Start-of-film reinstatement + film-item boost,1.0,0.75,0.0,With reminder,Strong task encoding,2.0,0.0,0.9,4,0,5000,16,film,0.3898000121116638
Start-of-film reinstatement + film-item boost,1.0,0.75,0.0,With reminder,Strong task encoding,2.0,0.0,0.9,4,0,5000,17,break,0.022199999541044235
Start-of-film reinstatement + film-item boost,1.0,0.75,0.0,With reminder,Strong task encoding,2.0,0.0,0.9,4,0,5000,18,break,0.013000000268220901
Start-of-film reinstatement + film-item boost,1.0,0.75,0.0,With reminder,Strong task encoding,2.0,0.0,0.9,4,0,5000,19,break,0.007199999876320362
Start-of-film reinstatement + film-item boost,1.0,0.75,0.0,With reminder,Strong task encoding,2.0,0.0,0.9,4,0,5000,20,break,0.006399999838322401
Start-of-film reinstatement + film-item boost,1.0,0.75,0.0,With reminder,Strong task encoding,2.0,0.0,0.9,4,0,5000,21,break,0.003599999938160181
Start-of-film reinstatement + film-item boost,1.0,0.75,0.0,With reminder,Strong task encoding,2.0,0.0,0.9,4,0,5000,22,break,0.0031999999191612005
Start-of-film reinstatement + film-item boost,1.0,0.75,0.0,With reminder,Strong task encoding,2.0,0.0,0.9,4,0,5000,23,break,0.0010000000474974513
Start-of-film reinstatement + film-item boost,1.0,0.75,0.0,With reminder,Strong task encoding,2.0,0.0,0.9,4,0,5000,24,break,0.0017999999690800905
Start-of-film reinstatement + film-item boost,1.0,0.75,0.0,With reminder,Strong task encoding,2.0,0.0,0.9,4,0,5000,25,break,0.00039999998989515007
Start-of-film reinstatement + film-item boost,1.0,0.75,0.0,With reminder,Strong task encoding,2.0,0.0,0.9,4,0,5000,26,break,0.00019999999494757503
Start-of-film reinstatement + film-item boost,1.0,0.75,0.0,With reminder,Strong task encoding,2.0,0.0,0.9,4,0,5000,27,break,0.00019999999494757503
Start-of-film reinstatement + film-item boost,1.0,0.75,0.0,With reminder,Strong task encoding,2.0,0.0,0.9,4,0,5000,28,break,0.0
Start-of-film reinstatement + film-item boost,1.0,0.75,0.0,With reminder,Strong task encoding,2.0,0.0,0.9,4,0,5000,29,break,0.00019999999494757503
Start-of-film reinstatement + film-item boost,1.0,0.75,0.0,With reminder,Strong task encoding,2.0,0.0,0.9,4,0,5000,30,break,0.0
Start-of-film reinstatement + film-item boost,1.0,0.75,0.0,With reminder,Strong task encoding,2.0,0.0,0.9,4,0,5000,31,break,0.0
Start-of-film reinstatement + film-item boost,1.0,0.75,0.0,With reminder,Strong task encoding,2.0,0.0,0.9,4,0,5000,32,break,0.0
Start-of-film reinstatement + film-item boost,1.0,0.75,0.0,With reminder,Strong task encoding,2.0,0.0,0.9,4,0,5000,33,task,0.25
Start-of-film reinstatement + film-item boost,1.0,0.75,0.0,With reminder,Strong task encoding,2.0,0.0,0.9,4,0,5000,34,task,0.18559999763965607
Start-of-film reinstatement + film-item boost,1.0,0.75,0.0,With reminder,Strong task encoding,2.0,0.0,0.9,4,0,5000,35,task,0.11800000071525574
Start-of-film reinstatement + film-item boost,1.0,0.75,0.0,With reminder,Strong task encoding,2.0,0.0,0.9,4,0,5000,36,task,0.0835999995470047
Start-of-film reinstatement + film-item boost,1.0,0.75,0.0,With reminder,Strong task encoding,2.0,0.0,0.9,4,0,5000,37,task,0.05979999899864197
Start-of-film reinstatement + film-item boost,1.0,0.75,0.0,With reminder,Strong task encoding,2.0,0.0,0.9,4,0,5000,38,task,0.03660000115633011
Start-of-film reinstatement + film-item boost,1.0,0.75,0.0,With reminder,Strong task encoding,2.0,0.0,0.9,4,0,5000,39,task,0.029400000348687172
Start-of-film reinstatement + film-item boost,1.0,0.75,0.0,With reminder,Strong task encoding,2.0,0.0,0.9,4,0,5000,40,task,0.022199999541044235
Start-of-film reinstatement + film-item boost,1.0,0.75,0.0,With reminder,Strong task encoding,2.0,0.0,0.9,4,0,5000,41,task,0.012199999764561653
Start-of-film reinstatement + film-item boost,1.0,0.75,0.0,With reminder,Strong task encoding,2.0,0.0,0.9,4,0,5000,42,task,0.01140000019222498
Start-of-film reinstatement + film-item boost,1.0,0.75,0.0,With reminder,Strong task encoding,2.0,0.0,0.9,4,0,5000,43,task,0.005200000014156103
Start-of-film reinstatement + film-item boost,1.0,0.75,0.0,With reminder,Strong task encoding,2.0,0.0,0.9,4,0,5000,44,task,0.004000000189989805
Start-of-film reinstatement + film-item boost,1.0,0.75,0.0,With reminder,Strong task encoding,2.0,0.0,0.9,4,0,5000,45,task,0.004999999888241291
Start-of-film reinstatement + film-item boost,1.0,0.75,0.0,With reminder,Strong task encoding,2.0,0.0,0.9,4,0,5000,46,task,0.004000000189989805
Start-of-film reinstatement + film-item boost,1.0,0.75,0.0,With reminder,Strong task encoding,2.0,0.0,0.9,4,0,5000,47,task,0.0017999999690800905
Start-of-film reinstatement + film-item boost,1.0,0.75,0.0,With reminder,Strong task encoding,2.0,0.0,0.9,4,0,5000,48,task,0.0012000000569969416
Start-of-film reinstatement + film-item boost,1.0,0.75,0.0,With reminder,Strong task encoding,2.0,0.0,0.9,4,0,5000,49,filler,0.00019999999494757503
Start-of-film reinstatement + film-item boost,1.0,0.75,0.0,With reminder,Strong task encoding,2.0,0.0,0.9,4,0,5000,50,filler,0.0
Start-of-film reinstatement + film-item boost,1.0,0.75,0.0,With reminder,Strong task encoding,2.0,0.0,0.9,4,0,5000,51,filler,0.00019999999494757503
Start-of-film reinstatement + film-item boost,1.0,0.75,0.0,With reminder,Strong task encoding,2.0,0.0,0.9,4,0,5000,52,filler,0.0
Start-of-film reinstatement + film-item boost,1.0,0.75,0.0,With reminder,Strong task encoding,2.0,0.0,0.9,4,0,5000,53,filler,0.0
Start-of-film reinstatement + film-item boost,1.0,0.75,0.0,With reminder,Strong task encoding,2.0,0.0,0.9,4,0,5000,54,filler,0.0
Start-of-film reinstatement + film-item boost,1.0,0.75,0.0,With reminder,Strong task encoding,2.0,0.0,0.9,4,0,5000,55,filler,0.0
Start-of-film reinstatement + film-item boost,1.0,0.75,0.0,With reminder,Strong task encoding,2.0,0.0,0.9,4,0,5000,56,filler,0.00019999999494757503
Start-of-film reinstatement + film-item boost,1.0,0.75,0.0,With reminder,Strong task encoding,2.0,0.0,0.9,4,0,5000,57,filler,0.00019999999494757503
Start-of-film reinstatement + film-item boost,1.0,0.75,0.0,With reminder,Strong task encoding,2.0,0.0,0.9,4,0,5000,58,filler,0.00039999998989515007
Start-of-film reinstatement + film-item boost,1.0,0.75,0.0,With reminder,Strong task encoding,2.0,0.0,0.9,4,0,5000,59,filler,0.0007999999797903001
Start-of-film reinstatement + film-item boost,1.0,0.75,0.0,With reminder,Strong task encoding,2.0,0.0,0.9,4,0,5000,60,filler,0.0
Start-of-film reinstatement + film-item boost,1.0,0.75,0.0,With reminder,Strong task encoding,2.0,0.0,0.9,4,0,5000,61,filler,0.0012000000569969416
Start-of-film reinstatement + film-item boost,1.0,0.75,0.0,With reminder,Strong task encoding,2.0,0.0,0.9,4,0,5000,62,filler,0.0012000000569969416
Start-of-film reinstatement + film-item boost,1.0,0.75,0.0,With reminder,Strong task encoding,2.0,0.0,0.9,4,0,5000,63,filler,0.00279999990016222
Start-of-film reinstatement + film-item boost,1.0,0.75,0.0,With reminder,Strong task encoding,2.0,0.0,0.9,4,0,5000,64,filler,0.0020000000949949026
Start-of-film reinstatement + film-item boost,1.0,1.0,0.0,No reminder,Weak task encoding,1.0,0.0,0.9,4,0,5000,1,film,0.39899998903274536
Start-of-film reinstatement + film-item boost,1.0,1.0,0.0,No reminder,Weak task encoding,1.0,0.0,0.9,4,0,5000,2,film,0.42719998955726624
Start-of-film reinstatement + film-item boost,1.0,1.0,0.0,No reminder,Weak task encoding,1.0,0.0,0.9,4,0,5000,3,film,0.4447999894618988
Start-of-film reinstatement + film-item boost,1.0,1.0,0.0,No reminder,Weak task encoding,1.0,0.0,0.9,4,0,5000,4,film,0.4652000069618225
Start-of-film reinstatement + film-item boost,1.0,1.0,0.0,No reminder,Weak task encoding,1.0,0.0,0.9,4,0,5000,5,film,0.4821999967098236
Start-of-film reinstatement + film-item boost,1.0,1.0,0.0,No reminder,Weak task encoding,1.0,0.0,0.9,4,0,5000,6,film,0.4912000000476837
Start-of-film reinstatement + film-item boost,1.0,1.0,0.0,No reminder,Weak task encoding,1.0,0.0,0.9,4,0,5000,7,film,0.49939998984336853
Start-of-film reinstatement + film-item boost,1.0,1.0,0.0,No reminder,Weak task encoding,1.0,0.0,0.9,4,0,5000,8,film,0.5072000026702881
Start-of-film reinstatement + film-item boost,1.0,1.0,0.0,No reminder,Weak task encoding,1.0,0.0,0.9,4,0,5000,9,film,0.503000020980835
Start-of-film reinstatement + film-item boost,1.0,1.0,0.0,No reminder,Weak task encoding,1.0,0.0,0.9,4,0,5000,10,film,0.5198000073432922
Start-of-film reinstatement + film-item boost,1.0,1.0,0.0,No reminder,Weak task encoding,1.0,0.0,0.9,4,0,5000,11,film,0.5067999958992004
Start-of-film reinstatement + film-item boost,1.0,1.0,0.0,No reminder,Weak task encoding,1.0,0.0,0.9,4,0,5000,12,film,0.49559998512268066
Start-of-film reinstatement + film-item boost,1.0,1.0,0.0,No reminder,Weak task encoding,1.0,0.0,0.9,4,0,5000,13,film,0.48820000886917114
Start-of-film reinstatement + film-item boost,1.0,1.0,0.0,No reminder,Weak task encoding,1.0,0.0,0.9,4,0,5000,14,film,0.47920000553131104
Start-of-film reinstatement + film-item boost,1.0,1.0,0.0,No reminder,Weak task encoding,1.0,0.0,0.9,4,0,5000,15,film,0.45980000495910645
Start-of-film reinstatement + film-item boost,1.0,1.0,0.0,No reminder,Weak task encoding,1.0,0.0,0.9,4,0,5000,16,film,0.444599986076355
Start-of-film reinstatement + film-item boost,1.0,1.0,0.0,No reminder,Weak task encoding,1.0,0.0,0.9,4,0,5000,17,break,0.0142000000923872
Start-of-film reinstatement + film-item boost,1.0,1.0,0.0,No reminder,Weak task encoding,1.0,0.0,0.9,4,0,5000,18,break,0.009600000455975533
Start-of-film reinstatement + film-item boost,1.0,1.0,0.0,No reminder,Weak task encoding,1.0,0.0,0.9,4,0,5000,19,break,0.007600000128149986
Start-of-film reinstatement + film-item boost,1.0,1.0,0.0,No reminder,Weak task encoding,1.0,0.0,0.9,4,0,5000,20,break,0.003800000064074993
Start-of-film reinstatement + film-item boost,1.0,1.0,0.0,No reminder,Weak task encoding,1.0,0.0,0.9,4,0,5000,21,break,0.00279999990016222
Start-of-film reinstatement + film-item boost,1.0,1.0,0.0,No reminder,Weak task encoding,1.0,0.0,0.9,4,0,5000,22,break,0.002400000113993883
Start-of-film reinstatement + film-item boost,1.0,1.0,0.0,No reminder,Weak task encoding,1.0,0.0,0.9,4,0,5000,23,break,0.002400000113993883
Start-of-film reinstatement + film-item boost,1.0,1.0,0.0,No reminder,Weak task encoding,1.0,0.0,0.9,4,0,5000,24,break,0.0010000000474974513
Start-of-film reinstatement + film-item boost,1.0,1.0,0.0,No reminder,Weak task encoding,1.0,0.0,0.9,4,0,5000,25,break,0.0006000000284984708
Start-of-film reinstatement + film-item boost,1.0,1.0,0.0,No reminder,Weak task encoding,1.0,0.0,0.9,4,0,5000,26,break,0.00019999999494757503
Start-of-film reinstatement + film-item boost,1.0,1.0,0.0,No reminder,Weak task encoding,1.0,0.0,0.9,4,0,5000,27,break,0.00019999999494757503
Start-of-film reinstatement + film-item boost,1.0,1.0,0.0,No reminder,Weak task encoding,1.0,0.0,0.9,4,0,5000,28,break,0.00019999999494757503
Start-of-film reinstatement + film-item boost,1.0,1.0,0.0,No reminder,Weak task encoding,1.0,0.0,0.9,4,0,5000,29,break,0.00019999999494757503
Start-of-film reinstatement + film-item boost,1.0,1.0,0.0,No reminder,Weak task encoding,1.0,0.0,0.9,4,0,5000,30,break,0.0
Start-of-film reinstatement + film-item boost,1.0,1.0,0.0,No reminder,Weak task encoding,1.0,0.0,0.9,4,0,5000,31,break,0.00019999999494757503
Start-of-film reinstatement + film-item boost,1.0,1.0,0.0,No reminder,Weak task encoding,1.0,0.0,0.9,4,0,5000,32,break,0.0
Start-of-film reinstatement + film-item boost,1.0,1.0,0.0,No reminder,Weak task encoding,1.0,0.0,0.9,4,0,5000,33,task,0.0
Start-of-film reinstatement + film-item boost,1.0,1.0,0.0,No reminder,Weak task encoding,1.0,0.0,0.9,4,0,5000,34,task,0.0
Start-of-film reinstatement + film-item boost,1.0,1.0,0.0,No reminder,Weak task encoding,1.0,0.0,0.9,4,0,5000,35,task,0.0
Start-of-film reinstatement + film-item boost,1.0,1.0,0.0,No reminder,Weak task encoding,1.0,0.0,0.9,4,0,5000,36,task,0.0
Start-of-film reinstatement + film-item boost,1.0,1.0,0.0,No reminder,Weak task encoding,1.0,0.0,0.9,4,0,5000,37,task,0.0
Start-of-film reinstatement + film-item boost,1.0,1.0,0.0,No reminder,Weak task encoding,1.0,0.0,0.9,4,0,5000,38,task,0.0
Start-of-film reinstatement + film-item boost,1.0,1.0,0.0,No reminder,Weak task encoding,1.0,0.0,0.9,4,0,5000,39,task,0.0
Start-of-film reinstatement + film-item boost,1.0,1.0,0.0,No reminder,Weak task encoding,1.0,0.0,0.9,4,0,5000,40,task,0.0
Start-of-film reinstatement + film-item boost,1.0,1.0,0.0,No reminder,Weak task encoding,1.0,0.0,0.9,4,0,5000,41,task,0.0
Start-of-film reinstatement + film-item boost,1.0,1.0,0.0,No reminder,Weak task encoding,1.0,0.0,0.9,4,0,5000,42,task,0.0
Start-of-film reinstatement + film-item boost,1.0,1.0,0.0,No reminder,Weak task encoding,1.0,0.0,0.9,4,0,5000,43,task,0.0
Start-of-film reinstatement + film-item boost,1.0,1.0,0.0,No reminder,Weak task encoding,1.0,0.0,0.9,4,0,5000,44,task,0.0
Start-of-film reinstatement + film-item boost,1.0,1.0,0.0,No reminder,Weak task encoding,1.0,0.0,0.9,4,0,5000,45,task,0.0
Start-of-film reinstatement + film-item boost,1.0,1.0,0.0,No reminder,Weak task encoding,1.0,0.0,0.9,4,0,5000,46,task,0.0
Start-of-film reinstatement + film-item boost,1.0,1.0,0.0,No reminder,Weak task encoding,1.0,0.0,0.9,4,0,5000,47,task,0.0
Start-of-film reinstatement + film-item boost,1.0,1.0,0.0,No reminder,Weak task encoding,1.0,0.0,0.9,4,0,5000,48,task,0.00019999999494757503
Start-of-film reinstatement + film-item boost,1.0,1.0,0.0,No reminder,Weak task encoding,1.0,0.0,0.9,4,0,5000,49,filler,0.0
Start-of-film reinstatement + film-item boost,1.0,1.0,0.0,No reminder,Weak task encoding,1.0,0.0,0.9,4,0,5000,50,filler,0.0
Start-of-film reinstatement + film-item boost,1.0,1.0,0.0,No reminder,Weak task encoding,1.0,0.0,0.9,4,0,5000,51,filler,0.0
Start-of-film reinstatement + film-item boost,1.0,1.0,0.0,No reminder,Weak task encoding,1.0,0.0,0.9,4,0,5000,52,filler,0.0
Start-of-film reinstatement + film-item boost,1.0,1.0,0.0,No reminder,Weak task encoding,1.0,0.0,0.9,4,0,5000,53,filler,0.0
Start-of-film reinstatement + film-item boost,1.0,1.0,0.0,No reminder,Weak task encoding,1.0,0.0,0.9,4,0,5000,54,filler,0.0
Start-of-film reinstatement + film-item boost,1.0,1.0,0.0,No reminder,Weak task encoding,1.0,0.0,0.9,4,0,5000,55,filler,0.0
Start-of-film reinstatement + film-item boost,1.0,1.0,0.0,No reminder,Weak task encoding,1.0,0.0,0.9,4,0,5000,56,filler,0.0
Start-of-film reinstatement + film-item boost,1.0,1.0,0.0,No reminder,Weak task encoding,1.0,0.0,0.9,4,0,5000,57,filler,0.00019999999494757503
Start-of-film reinstatement + film-item boost,1.0,1.0,0.0,No reminder,Weak task encoding,1.0,0.0,0.9,4,0,5000,58,filler,0.00019999999494757503
Start-of-film reinstatement + film-item boost,1.0,1.0,0.0,No reminder,Weak task encoding,1.0,0.0,0.9,4,0,5000,59,filler,0.00019999999494757503
Start-of-film reinstatement + film-item boost,1.0,1.0,0.0,No reminder,Weak task encoding,1.0,0.0,0.9,4,0,5000,60,filler,0.00039999998989515007
Start-of-film reinstatement + film-item boost,1.0,1.0,0.0,No reminder,Weak task encoding,1.0,0.0,0.9,4,0,5000,61,filler,0.00039999998989515007
Start-of-film reinstatement + film-item boost,1.0,1.0,0.0,No reminder,Weak task encoding,1.0,0.0,0.9,4,0,5000,62,filler,0.00019999999494757503
Start-of-film reinstatement + film-item boost,1.0,1.0,0.0,No reminder,Weak task encoding,1.0,0.0,0.9,4,0,5000,63,filler,0.0010000000474974513
Start-of-film reinstatement + film-item boost,1.0,1.0,0.0,No reminder,Weak task encoding,1.0,0.0,0.9,4,0,5000,64,filler,0.0012000000569969416
Start-of-film reinstatement + film-item boost,1.0,1.0,0.0,No reminder,Strong task encoding,2.0,0.0,0.9,4,0,5000,1,film,0.420199990272522
Start-of-film reinstatement + film-item boost,1.0,1.0,0.0,No reminder,Strong task encoding,2.0,0.0,0.9,4,0,5000,2,film,0.43459999561309814
Start-of-film reinstatement + film-item boost,1.0,1.0,0.0,No reminder,Strong task encoding,2.0,0.0,0.9,4,0,5000,3,film,0.4392000138759613
Start-of-film reinstatement + film-item boost,1.0,1.0,0.0,No reminder,Strong task encoding,2.0,0.0,0.9,4,0,5000,4,film,0.4560000002384186
Start-of-film reinstatement + film-item boost,1.0,1.0,0.0,No reminder,Strong task encoding,2.0,0.0,0.9,4,0,5000,5,film,0.47600001096725464
Start-of-film reinstatement + film-item boost,1.0,1.0,0.0,No reminder,Strong task encoding,2.0,0.0,0.9,4,0,5000,6,film,0.47540000081062317
Start-of-film reinstatement + film-item boost,1.0,1.0,0.0,No reminder,Strong task encoding,2.0,0.0,0.9,4,0,5000,7,film,0.4966000020503998
Start-of-film reinstatement + film-item boost,1.0,1.0,0.0,No reminder,Strong task encoding,2.0,0.0,0.9,4,0,5000,8,film,0.498199999332428
Start-of-film reinstatement + film-item boost,1.0,1.0,0.0,No reminder,Strong task encoding,2.0,0.0,0.9,4,0,5000,9,film,0.5203999876976013
Start-of-film reinstatement + film-item boost,1.0,1.0,0.0,No reminder,Strong task encoding,2.0,0.0,0.9,4,0,5000,10,film,0.5185999870300293
Start-of-film reinstatement + film-item boost,1.0,1.0,0.0,No reminder,Strong task encoding,2.0,0.0,0.9,4,0,5000,11,film,0.51419997215271
Start-of-film reinstatement + film-item boost,1.0,1.0,0.0,No reminder,Strong task encoding,2.0,0.0,0.9,4,0,5000,12,film,0.4893999993801117
Start-of-film reinstatement + film-item boost,1.0,1.0,0.0,No reminder,Strong task encoding,2.0,0.0,0.9,4,0,5000,13,film,0.503000020980835
Start-of-film reinstatement + film-item boost,1.0,1.0,0.0,No reminder,Strong task encoding,2.0,0.0,0.9,4,0,5000,14,film,0.4878000020980835
Start-of-film reinstatement + film-item boost,1.0,1.0,0.0,No reminder,Strong task encoding,2.0,0.0,0.9,4,0,5000,15,film,0.4674000144004822
Start-of-film reinstatement + film-item boost,1.0,1.0,0.0,No reminder,Strong task encoding,2.0,0.0,0.9,4,0,5000,16,film,0.4410000145435333
Start-of-film reinstatement + film-item boost,1.0,1.0,0.0,No reminder,Strong task encoding,2.0,0.0,0.9,4,0,5000,17,break,0.0142000000923872
Start-of-film reinstatement + film-item boost,1.0,1.0,0.0,No reminder,Strong task encoding,2.0,0.0,0.9,4,0,5000,18,break,0.009399999864399433
Start-of-film reinstatement + film-item boost,1.0,1.0,0.0,No reminder,Strong task encoding,2.0,0.0,0.9,4,0,5000,19,break,0.007000000216066837
Start-of-film reinstatement + film-item boost,1.0,1.0,0.0,No reminder,Strong task encoding,2.0,0.0,0.9,4,0,5000,20,break,0.004999999888241291
Start-of-film reinstatement + film-item boost,1.0,1.0,0.0,No reminder,Strong task encoding,2.0,0.0,0.9,4,0,5000,21,break,0.003000000026077032
Start-of-film reinstatement + film-item boost,1.0,1.0,0.0,No reminder,Strong task encoding,2.0,0.0,0.9,4,0,5000,22,break,0.0026000000070780516
Start-of-film reinstatement + film-item boost,1.0,1.0,0.0,No reminder,Strong task encoding,2.0,0.0,0.9,4,0,5000,23,break,0.0012000000569969416
Start-of-film reinstatement + film-item boost,1.0,1.0,0.0,No reminder,Strong task encoding,2.0,0.0,0.9,4,0,5000,24,break,0.0012000000569969416
Start-of-film reinstatement + film-item boost,1.0,1.0,0.0,No reminder,Strong task encoding,2.0,0.0,0.9,4,0,5000,25,break,0.0
Start-of-film reinstatement + film-item boost,1.0,1.0,0.0,No reminder,Strong task encoding,2.0,0.0,0.9,4,0,5000,26,break,0.00039999998989515007
Start-of-film reinstatement + film-item boost,1.0,1.0,0.0,No reminder,Strong task encoding,2.0,0.0,0.9,4,0,5000,27,break,0.0
Start-of-film reinstatement + film-item boost,1.0,1.0,0.0,No reminder,Strong task encoding,2.0,0.0,0.9,4,0,5000,28,break,0.00019999999494757503
Start-of-film reinstatement + film-item boost,1.0,1.0,0.0,No reminder,Strong task encoding,2.0,0.0,0.9,4,0,5000,29,break,0.0
Start-of-film reinstatement + film-item boost,1.0,1.0,0.0,No reminder,Strong task encoding,2.0,0.0,0.9,4,0,5000,30,break,0.00019999999494757503
Start-of-film reinstatement + film-item boost,1.0,1.0,0.0,No reminder,Strong task encoding,2.0,0.0,0.9,4,0,5000,31,break,0.0
Start-of-film reinstatement + film-item boost,1.0,1.0,0.0,No reminder,Strong task encoding,2.0,0.0,0.9,4,0,5000,32,break,0.0
Start-of-film reinstatement + film-item boost,1.0,1.0,0.0,No reminder,Strong task encoding,2.0,0.0,0.9,4,0,5000,33,task,0.00019999999494757503
Start-of-film reinstatement + film-item boost,1.0,1.0,0.0,No reminder,Strong task encoding,2.0,0.0,0.9,4,0,5000,34,task,0.0
Start-of-film reinstatement + film-item boost,1.0,1.0,0.0,No reminder,Strong task encoding,2.0,0.0,0.9,4,0,5000,35,task,0.00019999999494757503
Start-of-film reinstatement + film-item boost,1.0,1.0,0.0,No reminder,Strong task encoding,2.0,0.0,0.9,4,0,5000,36,task,0.00039999998989515007
Start-of-film reinstatement + film-item boost,1.0,1.0,0.0,No reminder,Strong task encoding,2.0,0.0,0.9,4,0,5000,37,task,0.0
Start-of-film reinstatement + film-item boost,1.0,1.0,0.0,No reminder,Strong task encoding,2.0,0.0,0.9,4,0,5000,38,task,0.0
Start-of-film reinstatement + film-item boost,1.0,1.0,0.0,No reminder,Strong task encoding,2.0,0.0,0.9,4,0,5000,39,task,0.0
Start-of-film reinstatement + film-item boost,1.0,1.0,0.0,No reminder,Strong task encoding,2.0,0.0,0.9,4,0,5000,40,task,0.0
Start-of-film reinstatement + film-item boost,1.0,1.0,0.0,No reminder,Strong task encoding,2.0,0.0,0.9,4,0,5000,41,task,0.0
Start-of-film reinstatement + film-item boost,1.0,1.0,0.0,No reminder,Strong task encoding,2.0,0.0,0.9,4,0,5000,42,task,0.0
Start-of-film reinstatement + film-item boost,1.0,1.0,0.0,No reminder,Strong task encoding,2.0,0.0,0.9,4,0,5000,43,task,0.00019999999494757503
Start-of-film reinstatement + film-item boost,1.0,1.0,0.0,No reminder,Strong task encoding,2.0,0.0,0.9,4,0,5000,44,task,0.0
Start-of-film reinstatement + film-item boost,1.0,1.0,0.0,No reminder,Strong task encoding,2.0,0.0,0.9,4,0,5000,45,task,0.0
Start-of-film reinstatement + film-item boost,1.0,1.0,0.0,No reminder,Strong task encoding,2.0,0.0,0.9,4,0,5000,46,task,0.00019999999494757503
Start-of-film reinstatement + film-item boost,1.0,1.0,0.0,No reminder,Strong task encoding,2.0,0.0,0.9,4,0,5000,47,task,0.0
Start-of-film reinstatement + film-item boost,1.0,1.0,0.0,No reminder,Strong task encoding,2.0,0.0,0.9,4,0,5000,48,task,0.00019999999494757503
Start-of-film reinstatement + film-item boost,1.0,1.0,0.0,No reminder,Strong task encoding,2.0,0.0,0.9,4,0,5000,49,filler,0.0
Start-of-film reinstatement + film-item boost,1.0,1.0,0.0,No reminder,Strong task encoding,2.0,0.0,0.9,4,0,5000,50,filler,0.0
Start-of-film reinstatement + film-item boost,1.0,1.0,0.0,No reminder,Strong task encoding,2.0,0.0,0.9,4,0,5000,51,filler,0.0
Start-of-film reinstatement + film-item boost,1.0,1.0,0.0,No reminder,Strong task encoding,2.0,0.0,0.9,4,0,5000,52,filler,0.0
Start-of-film reinstatement + film-item boost,1.0,1.0,0.0,No reminder,Strong task encoding,2.0,0.0,0.9,4,0,5000,53,filler,0.0
Start-of-film reinstatement + film-item boost,1.0,1.0,0.0,No reminder,Strong task encoding,2.0,0.0,0.9,4,0,5000,54,filler,0.00019999999494757503
Start-of-film reinstatement + film-item boost,1.0,1.0,0.0,No reminder,Strong task encoding,2.0,0.0,0.9,4,0,5000,55,filler,0.0
Start-of-film reinstatement + film-item boost,1.0,1.0,0.0,No reminder,Strong task encoding,2.0,0.0,0.9,4,0,5000,56,filler,0.0
Start-of-film reinstatement + film-item boost,1.0,1.0,0.0,No reminder,Strong task encoding,2.0,0.0,0.9,4,0,5000,57,filler,0.0
Start-of-film reinstatement + film-item boost,1.0,1.0,0.0,No reminder,Strong task encoding,2.0,0.0,0.9,4,0,5000,58,filler,0.00019999999494757503
Start-of-film reinstatement + film-item boost,1.0,1.0,0.0,No reminder,Strong task encoding,2.0,0.0,0.9,4,0,5000,59,filler,0.0
Start-of-film reinstatement + film-item boost,1.0,1.0,0.0,No reminder,Strong task encoding,2.0,0.0,0.9,4,0,5000,60,filler,0.00019999999494757503
Start-of-film reinstatement + film-item boost,1.0,1.0,0.0,No reminder,Strong task encoding,2.0,0.0,0.9,4,0,5000,61,filler,0.00019999999494757503
Start-of-film reinstatement + film-item boost,1.0,1.0,0.0,No reminder,Strong task encoding,2.0,0.0,0.9,4,0,5000,62,filler,0.00039999998989515007
Start-of-film reinstatement + film-item boost,1.0,1.0,0.0,No reminder,Strong task encoding,2.0,0.0,0.9,4,0,5000,63,filler,0.0006000000284984708
Start-of-film reinstatement + film-item boost,1.0,1.0,0.0,No reminder,Strong task encoding,2.0,0.0,0.9,4,0,5000,64,filler,0.0010000000474974513
Start-of-film reinstatement + film-item boost,1.0,1.0,0.0,With reminder,Weak task encoding,1.0,0.0,0.9,4,0,5000,1,film,0.4047999978065491
Start-of-film reinstatement + film-item boost,1.0,1.0,0.0,With reminder,Weak task encoding,1.0,0.0,0.9,4,0,5000,2,film,0.4205999970436096
Start-of-film reinstatement + film-item boost,1.0,1.0,0.0,With reminder,Weak task encoding,1.0,0.0,0.9,4,0,5000,3,film,0.438400000333786
Start-of-film reinstatement + film-item boost,1.0,1.0,0.0,With reminder,Weak task encoding,1.0,0.0,0.9,4,0,5000,4,film,0.44119998812675476
Start-of-film reinstatement + film-item boost,1.0,1.0,0.0,With reminder,Weak task encoding,1.0,0.0,0.9,4,0,5000,5,film,0.4812000095844269
Start-of-film reinstatement + film-item boost,1.0,1.0,0.0,With reminder,Weak task encoding,1.0,0.0,0.9,4,0,5000,6,film,0.48019999265670776
Start-of-film reinstatement + film-item boost,1.0,1.0,0.0,With reminder,Weak task encoding,1.0,0.0,0.9,4,0,5000,7,film,0.4828000068664551
Start-of-film reinstatement + film-item boost,1.0,1.0,0.0,With reminder,Weak task encoding,1.0,0.0,0.9,4,0,5000,8,film,0.5052000284194946
Start-of-film reinstatement + film-item boost,1.0,1.0,0.0,With reminder,Weak task encoding,1.0,0.0,0.9,4,0,5000,9,film,0.5081999897956848
Start-of-film reinstatement + film-item boost,1.0,1.0,0.0,With reminder,Weak task encoding,1.0,0.0,0.9,4,0,5000,10,film,0.5081999897956848
Start-of-film reinstatement + film-item boost,1.0,1.0,0.0,With reminder,Weak task encoding,1.0,0.0,0.9,4,0,5000,11,film,0.5013999938964844
Start-of-film reinstatement + film-item boost,1.0,1.0,0.0,With reminder,Weak task encoding,1.0,0.0,0.9,4,0,5000,12,film,0.49480000138282776
Start-of-film reinstatement + film-item boost,1.0,1.0,0.0,With reminder,Weak task encoding,1.0,0.0,0.9,4,0,5000,13,film,0.5027999877929688
Start-of-film reinstatement + film-item boost,1.0,1.0,0.0,With reminder,Weak task encoding,1.0,0.0,0.9,4,0,5000,14,film,0.4860000014305115
Start-of-film reinstatement + film-item boost,1.0,1.0,0.0,With reminder,Weak task encoding,1.0,0.0,0.9,4,0,5000,15,film,0.4702000021934509
Start-of-film reinstatement + film-item boost,1.0,1.0,0.0,With reminder,Weak task encoding,1.0,0.0,0.9,4,0,5000,16,film,0.44760000705718994
Start-of-film reinstatement + film-item boost,1.0,1.0,0.0,With reminder,Weak task encoding,1.0,0.0,0.9,4,0,5000,17,break,0.017400000244379044
Start-of-film reinstatement + film-item boost,1.0,1.0,0.0,With reminder,Weak task encoding,1.0,0.0,0.9,4,0,5000,18,break,0.006800000090152025
Start-of-film reinstatement + film-item boost,1.0,1.0,0.0,With reminder,Weak task encoding,1.0,0.0,0.9,4,0,5000,19,break,0.006800000090152025
Start-of-film reinstatement + film-item boost,1.0,1.0,0.0,With reminder,Weak task encoding,1.0,0.0,0.9,4,0,5000,20,break,0.006200000178068876
Start-of-film reinstatement + film-item boost,1.0,1.0,0.0,With reminder,Weak task encoding,1.0,0.0,0.9,4,0,5000,21,break,0.003800000064074993
Start-of-film reinstatement + film-item boost,1.0,1.0,0.0,With reminder,Weak task encoding,1.0,0.0,0.9,4,0,5000,22,break,0.00139999995008111
Start-of-film reinstatement + film-item boost,1.0,1.0,0.0,With reminder,Weak task encoding,1.0,0.0,0.9,4,0,5000,23,break,0.0010000000474974513
Start-of-film reinstatement + film-item boost,1.0,1.0,0.0,With reminder,Weak task encoding,1.0,0.0,0.9,4,0,5000,24,break,0.0010000000474974513
Start-of-film reinstatement + film-item boost,1.0,1.0,0.0,With reminder,Weak task encoding,1.0,0.0,0.9,4,0,5000,25,break,0.00039999998989515007
Start-of-film reinstatement + film-item boost,1.0,1.0,0.0,With reminder,Weak task encoding,1.0,0.0,0.9,4,0,5000,26,break,0.0010000000474974513
Start-of-film reinstatement + film-item boost,1.0,1.0,0.0,With reminder,Weak task encoding,1.0,0.0,0.9,4,0,5000,27,break,0.00019999999494757503
Start-of-film reinstatement + film-item boost,1.0,1.0,0.0,With reminder,Weak task encoding,1.0,0.0,0.9,4,0,5000,28,break,0.00019999999494757503
Start-of-film reinstatement + film-item boost,1.0,1.0,0.0,With reminder,Weak task encoding,1.0,0.0,0.9,4,0,5000,29,break,0.00039999998989515007
Start-of-film reinstatement + film-item boost,1.0,1.0,0.0,With reminder,Weak task encoding,1.0,0.0,0.9,4,0,5000,30,break,0.00019999999494757503
Start-of-film reinstatement + film-item boost,1.0,1.0,0.0,With reminder,Weak task encoding,1.0,0.0,0.9,4,0,5000,31,break,0.0
Start-of-film reinstatement + film-item boost,1.0,1.0,0.0,With reminder,Weak task encoding,1.0,0.0,0.9,4,0,5000,32,break,0.0
Start-of-film reinstatement + film-item boost,1.0,1.0,0.0,With reminder,Weak task encoding,1.0,0.0,0.9,4,0,5000,33,task,0.021199999377131462
Start-of-film reinstatement + film-item boost,1.0,1.0,0.0,With reminder,Weak task encoding,1.0,0.0,0.9,4,0,5000,34,task,0.012400000356137753
Start-of-film reinstatement + film-item boost,1.0,1.0,0.0,With reminder,Weak task encoding,1.0,0.0,0.9,4,0,5000,35,task,0.007600000128149986
Start-of-film reinstatement + film-item boost,1.0,1.0,0.0,With reminder,Weak task encoding,1.0,0.0,0.9,4,0,5000,36,task,0.006599999964237213
Start-of-film reinstatement + film-item boost,1.0,1.0,0.0,With reminder,Weak task encoding,1.0,0.0,0.9,4,0,5000,37,task,0.00279999990016222
Start-of-film reinstatement + film-item boost,1.0,1.0,0.0,With reminder,Weak task encoding,1.0,0.0,0.9,4,0,5000,38,task,0.0034000000450760126
Start-of-film reinstatement + film-item boost,1.0,1.0,0.0,With reminder,Weak task encoding,1.0,0.0,0.9,4,0,5000,39,task,0.00139999995008111
Start-of-film reinstatement + film-item boost,1.0,1.0,0.0,With reminder,Weak task encoding,1.0,0.0,0.9,4,0,5000,40,task,0.0012000000569969416
Start-of-film reinstatement + film-item boost,1.0,1.0,0.0,With reminder,Weak task encoding,1.0,0.0,0.9,4,0,5000,41,task,0.0007999999797903001
Start-of-film reinstatement + film-item boost,1.0,1.0,0.0,With reminder,Weak task encoding,1.0,0.0,0.9,4,0,5000,42,task,0.0012000000569969416
Start-of-film reinstatement + film-item boost,1.0,1.0,0.0,With reminder,Weak task encoding,1.0,0.0,0.9,4,0,5000,43,task,0.00039999998989515007
Start-of-film reinstatement + film-item boost,1.0,1.0,0.0,With reminder,Weak task encoding,1.0,0.0,0.9,4,0,5000,44,task,0.0
Start-of-film reinstatement + film-item boost,1.0,1.0,0.0,With reminder,Weak task encoding,1.0,0.0,0.9,4,0,5000,45,task,0.00019999999494757503
Start-of-film reinstatement + film-item boost,1.0,1.0,0.0,With reminder,Weak task encoding,1.0,0.0,0.9,4,0,5000,46,task,0.00019999999494757503
Start-of-film reinstatement + film-item boost,1.0,1.0,0.0,With reminder,Weak task encoding,1.0,0.0,0.9,4,0,5000,47,task,0.0
Start-of-film reinstatement + film-item boost,1.0,1.0,0.0,With reminder,Weak task encoding,1.0,0.0,0.9,4,0,5000,48,task,0.0
Start-of-film reinstatement + film-item boost,1.0,1.0,0.0,With reminder,Weak task encoding,1.0,0.0,0.9,4,0,5000,49,filler,0.00019999999494757503
Start-of-film reinstatement + film-item boost,1.0,1.0,0.0,With reminder,Weak task encoding,1.0,0.0,0.9,4,0,5000,50,filler,0.0
Start-of-film reinstatement + film-item boost,1.0,1.0,0.0,With reminder,Weak task encoding,1.0,0.0,0.9,4,0,5000,51,filler,0.0
Start-of-film reinstatement + film-item boost,1.0,1.0,0.0,With reminder,Weak task encoding,1.0,0.0,0.9,4,0,5000,52,filler,0.0
Start-of-film reinstatement + film-item boost,1.0,1.0,0.0,With reminder,Weak task encoding,1.0,0.0,0.9,4,0,5000,53,filler,0.00019999999494757503
Start-of-film reinstatement + film-item boost,1.0,1.0,0.0,With reminder,Weak task encoding,1.0,0.0,0.9,4,0,5000,54,filler,0.0
Start-of-film reinstatement + film-item boost,1.0,1.0,0.0,With reminder,Weak task encoding,1.0,0.0,0.9,4,0,5000,55,filler,0.0
Start-of-film reinstatement + film-item boost,1.0,1.0,0.0,With reminder,Weak task encoding,1.0,0.0,0.9,4,0,5000,56,filler,0.0
Start-of-film reinstatement + film-item boost,1.0,1.0,0.0,With reminder,Weak task encoding,1.0,0.0,0.9,4,0,5000,57,filler,0.0
Start-of-film reinstatement + film-item boost,1.0,1.0,0.0,With reminder,Weak task encoding,1.0,0.0,0.9,4,0,5000,58,filler,0.0
Start-of-film reinstatement + film-item boost,1.0,1.0,0.0,With reminder,Weak task encoding,1.0,0.0,0.9,4,0,5000,59,filler,0.00019999999494757503
Start-of-film reinstatement + film-item boost,1.0,1.0,0.0,With reminder,Weak task encoding,1.0,0.0,0.9,4,0,5000,60,filler,0.0006000000284984708
Start-of-film reinstatement + film-item boost,1.0,1.0,0.0,With reminder,Weak task encoding,1.0,0.0,0.9,4,0,5000,61,filler,0.00019999999494757503
Start-of-film reinstatement + film-item boost,1.0,1.0,0.0,With reminder,Weak task encoding,1.0,0.0,0.9,4,0,5000,62,filler,0.0010000000474974513
Start-of-film reinstatement + film-item boost,1.0,1.0,0.0,With reminder,Weak task encoding,1.0,0.0,0.9,4,0,5000,63,filler,0.0007999999797903001
Start-of-film reinstatement + film-item boost,1.0,1.0,0.0,With reminder,Weak task encoding,1.0,0.0,0.9,4,0,5000,64,filler,0.0017999999690800905
Start-of-film reinstatement + film-item boost,1.0,1.0,0.0,With reminder,Strong task encoding,2.0,0.0,0.9,4,0,5000,1,film,0.38420000672340393
Start-of-film reinstatement + film-item boost,1.0,1.0,0.0,With reminder,Strong task encoding,2.0,0.0,0.9,4,0,5000,2,film,0.38760000467300415
Start-of-film reinstatement + film-item boost,1.0,1.0,0.0,With reminder,Strong task encoding,2.0,0.0,0.9,4,0,5000,3,film,0.4180000126361847
Start-of-film reinstatement + film-item boost,1.0,1.0,0.0,With reminder,Strong task encoding,2.0,0.0,0.9,4,0,5000,4,film,0.4311999976634979
Start-of-film reinstatement + film-item boost,1.0,1.0,0.0,With reminder,Strong task encoding,2.0,0.0,0.9,4,0,5000,5,film,0.43299999833106995
Start-of-film reinstatement + film-item boost,1.0,1.0,0.0,With reminder,Strong task encoding,2.0,0.0,0.9,4,0,5000,6,film,0.4519999921321869
Start-of-film reinstatement + film-item boost,1.0,1.0,0.0,With reminder,Strong task encoding,2.0,0.0,0.9,4,0,5000,7,film,0.4569999873638153
Start-of-film reinstatement + film-item boost,1.0,1.0,0.0,With reminder,Strong task encoding,2.0,0.0,0.9,4,0,5000,8,film,0.46239998936653137
Start-of-film reinstatement + film-item boost,1.0,1.0,0.0,With reminder,Strong task encoding,2.0,0.0,0.9,4,0,5000,9,film,0.4675999879837036
Start-of-film reinstatement + film-item boost,1.0,1.0,0.0,With reminder,Strong task encoding,2.0,0.0,0.9,4,0,5000,10,film,0.47099998593330383
Start-of-film reinstatement + film-item boost,1.0,1.0,0.0,With reminder,Strong task encoding,2.0,0.0,0.9,4,0,5000,11,film,0.46459999680519104
Start-of-film reinstatement + film-item boost,1.0,1.0,0.0,With reminder,Strong task encoding,2.0,0.0,0.9,4,0,5000,12,film,0.46880000829696655
Start-of-film reinstatement + film-item boost,1.0,1.0,0.0,With reminder,Strong task encoding,2.0,0.0,0.9,4,0,5000,13,film,0.4674000144004822
Start-of-film reinstatement + film-item boost,1.0,1.0,0.0,With reminder,Strong task encoding,2.0,0.0,0.9,4,0,5000,14,film,0.4503999948501587
Start-of-film reinstatement + film-item boost,1.0,1.0,0.0,With reminder,Strong task encoding,2.0,0.0,0.9,4,0,5000,15,film,0.42100000381469727
Start-of-film reinstatement + film-item boost,1.0,1.0,0.0,With reminder,Strong task encoding,2.0,0.0,0.9,4,0,5000,16,film,0.4187999963760376
Start-of-film reinstatement + film-item boost,1.0,1.0,0.0,With reminder,Strong task encoding,2.0,0.0,0.9,4,0,5000,17,break,0.01140000019222498
Start-of-film reinstatement + film-item boost,1.0,1.0,0.0,With reminder,Strong task encoding,2.0,0.0,0.9,4,0,5000,18,break,0.007400000002235174
Start-of-film reinstatement + film-item boost,1.0,1.0,0.0,With reminder,Strong task encoding,2.0,0.0,0.9,4,0,5000,19,break,0.00559999980032444
Start-of-film reinstatement + film-item boost,1.0,1.0,0.0,With reminder,Strong task encoding,2.0,0.0,0.9,4,0,5000,20,break,0.004000000189989805
Start-of-film reinstatement + film-item boost,1.0,1.0,0.0,With reminder,Strong task encoding,2.0,0.0,0.9,4,0,5000,21,break,0.0031999999191612005
Start-of-film reinstatement + film-item boost,1.0,1.0,0.0,With reminder,Strong task encoding,2.0,0.0,0.9,4,0,5000,22,break,0.0010000000474974513
Start-of-film reinstatement + film-item boost,1.0,1.0,0.0,With reminder,Strong task encoding,2.0,0.0,0.9,4,0,5000,23,break,0.0015999999595806003
Start-of-film reinstatement + film-item boost,1.0,1.0,0.0,With reminder,Strong task encoding,2.0,0.0,0.9,4,0,5000,24,break,0.0012000000569969416
Start-of-film reinstatement + film-item boost,1.0,1.0,0.0,With reminder,Strong task encoding,2.0,0.0,0.9,4,0,5000,25,break,0.0006000000284984708
Start-of-film reinstatement + film-item boost,1.0,1.0,0.0,With reminder,Strong task encoding,2.0,0.0,0.9,4,0,5000,26,break,0.0006000000284984708
Start-of-film reinstatement + film-item boost,1.0,1.0,0.0,With reminder,Strong task encoding,2.0,0.0,0.9,4,0,5000,27,break,0.00019999999494757503
Start-of-film reinstatement + film-item boost,1.0,1.0,0.0,With reminder,Strong task encoding,2.0,0.0,0.9,4,0,5000,28,break,0.0
Start-of-film reinstatement + film-item boost,1.0,1.0,0.0,With reminder,Strong task encoding,2.0,0.0,0.9,4,0,5000,29,break,0.0006000000284984708
Start-of-film reinstatement + film-item boost,1.0,1.0,0.0,With reminder,Strong task encoding,2.0,0.0,0.9,4,0,5000,30,break,0.00019999999494757503
Start-of-film reinstatement + film-item boost,1.0,1.0,0.0,With reminder,Strong task encoding,2.0,0.0,0.9,4,0,5000,31,break,0.00019999999494757503
Start-of-film reinstatement + film-item boost,1.0,1.0,0.0,With reminder,Strong task encoding,2.0,0.0,0.9,4,0,5000,32,break,0.0
Start-of-film reinstatement + film-item boost,1.0,1.0,0.0,With reminder,Strong task encoding,2.0,0.0,0.9,4,0,5000,33,task,0.17080000042915344
Start-of-film reinstatement + film-item boost,1.0,1.0,0.0,With reminder,Strong task encoding,2.0,0.0,0.9,4,0,5000,34,task,0.12240000069141388
Start-of-film reinstatement + film-item boost,1.0,1.0,0.0,With reminder,Strong task encoding,2.0,0.0,0.9,4,0,5000,35,task,0.08139999955892563
Start-of-film reinstatement + film-item boost,1.0,1.0,0.0,With reminder,Strong task encoding,2.0,0.0,0.9,4,0,5000,36,task,0.050200000405311584
Start-of-film reinstatement + film-item boost,1.0,1.0,0.0,With reminder,Strong task encoding,2.0,0.0,0.9,4,0,5000,37,task,0.038600001484155655
Start-of-film reinstatement + film-item boost,1.0,1.0,0.0,With reminder,Strong task encoding,2.0,0.0,0.9,4,0,5000,38,task,0.021199999377131462
Start-of-film reinstatement + film-item boost,1.0,1.0,0.0,With reminder,Strong task encoding,2.0,0.0,0.9,4,0,5000,39,task,0.01759999990463257
Start-of-film reinstatement + film-item boost,1.0,1.0,0.0,With reminder,Strong task encoding,2.0,0.0,0.9,4,0,5000,40,task,0.014000000432133675
Start-of-film reinstatement + film-item boost,1.0,1.0,0.0,With reminder,Strong task encoding,2.0,0.0,0.9,4,0,5000,41,task,0.00800000037997961
Start-of-film reinstatement + film-item boost,1.0,1.0,0.0,With reminder,Strong task encoding,2.0,0.0,0.9,4,0,5000,42,task,0.004600000102072954
Start-of-film reinstatement + film-item boost,1.0,1.0,0.0,With reminder,Strong task encoding,2.0,0.0,0.9,4,0,5000,43,task,0.00419999985024333
Start-of-film reinstatement + film-item boost,1.0,1.0,0.0,With reminder,Strong task encoding,2.0,0.0,0.9,4,0,5000,44,task,0.004000000189989805
Start-of-film reinstatement + film-item boost,1.0,1.0,0.0,With reminder,Strong task encoding,2.0,0.0,0.9,4,0,5000,45,task,0.002400000113993883
Start-of-film reinstatement + film-item boost,1.0,1.0,0.0,With reminder,Strong task encoding,2.0,0.0,0.9,4,0,5000,46,task,0.00279999990016222
Start-of-film reinstatement + film-item boost,1.0,1.0,0.0,With reminder,Strong task encoding,2.0,0.0,0.9,4,0,5000,47,task,0.002400000113993883
Start-of-film reinstatement + film-item boost,1.0,1.0,0.0,With reminder,Strong task encoding,2.0,0.0,0.9,4,0,5000,48,task,0.0010000000474974513
Start-of-film reinstatement + film-item boost,1.0,1.0,0.0,With reminder,Strong task encoding,2.0,0.0,0.9,4,0,5000,49,filler,0.00039999998989515007
Start-of-film reinstatement + film-item boost,1.0,1.0,0.0,With reminder,Strong task encoding,2.0,0.0,0.9,4,0,5000,50,filler,0.00019999999494757503
Start-of-film reinstatement + film-item boost,1.0,1.0,0.0,With reminder,Strong task encoding,2.0,0.0,0.9,4,0,5000,51,filler,0.0
Start-of-film reinstatement + film-item boost,1.0,1.0,0.0,With reminder,Strong task encoding,2.0,0.0,0.9,4,0,5000,52,filler,0.0
Start-of-film reinstatement + film-item boost,1.0,1.0,0.0,With reminder,Strong task encoding,2.0,0.0,0.9,4,0,5000,53,filler,0.0
Start-of-film reinstatement + film-item boost,1.0,1.0,0.0,With reminder,Strong task encoding,2.0,0.0,0.9,4,0,5000,54,filler,0.00019999999494757503
Start-of-film reinstatement + film-item boost,1.0,1.0,0.0,With reminder,Strong task encoding,2.0,0.0,0.9,4,0,5000,55,filler,0.00039999998989515007
Start-of-film reinstatement + film-item boost,1.0,1.0,0.0,With reminder,Strong task encoding,2.0,0.0,0.9,4,0,5000,56,filler,0.00019999999494757503
Start-of-film reinstatement + film-item boost,1.0,1.0,0.0,With reminder,Strong task encoding,2.0,0.0,0.9,4,0,5000,57,filler,0.0
Start-of-film reinstatement + film-item boost,1.0,1.0,0.0,With reminder,Strong task encoding,2.0,0.0,0.9,4,0,5000,58,filler,0.0006000000284984708
Start-of-film reinstatement + film-item boost,1.0,1.0,0.0,With reminder,Strong task encoding,2.0,0.0,0.9,4,0,5000,59,filler,0.00019999999494757503
Start-of-film reinstatement + film-item boost,1.0,1.0,0.0,With reminder,Strong task encoding,2.0,0.0,0.9,4,0,5000,60,filler,0.0
Start-of-film reinstatement + film-item boost,1.0,1.0,0.0,With reminder,Strong task encoding,2.0,0.0,0.9,4,0,5000,61,filler,0.00039999998989515007
Start-of-film reinstatement + film-item boost,1.0,1.0,0.0,With reminder,Strong task encoding,2.0,0.0,0.9,4,0,5000,62,filler,0.00019999999494757503
Start-of-film reinstatement + film-item boost,1.0,1.0,0.0,With reminder,Strong task encoding,2.0,0.0,0.9,4,0,5000,63,filler,0.0017999999690800905
Start-of-film reinstatement + film-item boost,1.0,1.0,0.0,With reminder,Strong task encoding,2.0,0.0,0.9,4,0,5000,64,filler,0.00139999995008111
