start_drift_scale,rejected_recall_drift_scale,reminder_condition,task_condition,task_mcf_scale,film_cue_reinstatement,first_cue_after,film_source_start_drift_rate,position,phase,recall_probability
0.0,1.0,No reminder,Weak encoding,1.0,0.9,0,0.0,1,film,0.08179999887943268
0.0,1.0,No reminder,Weak encoding,1.0,0.9,0,0.0,2,film,0.09600000083446503
0.0,1.0,No reminder,Weak encoding,1.0,0.9,0,0.0,3,film,0.11680000275373459
0.0,1.0,No reminder,Weak encoding,1.0,0.9,0,0.0,4,film,0.15780000388622284
0.0,1.0,No reminder,Weak encoding,1.0,0.9,0,0.0,5,film,0.17499999701976776
0.0,1.0,No reminder,Weak encoding,1.0,0.9,0,0.0,6,film,0.188400000333786
0.0,1.0,No reminder,Weak encoding,1.0,0.9,0,0.0,7,film,0.20960000157356262
0.0,1.0,No reminder,Weak encoding,1.0,0.9,0,0.0,8,film,0.22040000557899475
0.0,1.0,No reminder,Weak encoding,1.0,0.9,0,0.0,9,film,0.2272000014781952
0.0,1.0,No reminder,Weak encoding,1.0,0.9,0,0.0,10,film,0.24060000479221344
0.0,1.0,No reminder,Weak encoding,1.0,0.9,0,0.0,11,film,0.24199999868869781
0.0,1.0,No reminder,Weak encoding,1.0,0.9,0,0.0,12,film,0.24899999797344208
0.0,1.0,No reminder,Weak encoding,1.0,0.9,0,0.0,13,film,0.24979999661445618
0.0,1.0,No reminder,Weak encoding,1.0,0.9,0,0.0,14,film,0.2540000081062317
0.0,1.0,No reminder,Weak encoding,1.0,0.9,0,0.0,15,film,0.24639999866485596
0.0,1.0,No reminder,Weak encoding,1.0,0.9,0,0.0,16,film,0.22920000553131104
0.0,1.0,No reminder,Weak encoding,1.0,0.9,0,0.0,17,break,0.13660000264644623
0.0,1.0,No reminder,Weak encoding,1.0,0.9,0,0.0,18,break,0.11599999666213989
0.0,1.0,No reminder,Weak encoding,1.0,0.9,0,0.0,19,break,0.1005999967455864
0.0,1.0,No reminder,Weak encoding,1.0,0.9,0,0.0,20,break,0.08479999750852585
0.0,1.0,No reminder,Weak encoding,1.0,0.9,0,0.0,21,break,0.06360000371932983
0.0,1.0,No reminder,Weak encoding,1.0,0.9,0,0.0,22,break,0.052400000393390656
0.0,1.0,No reminder,Weak encoding,1.0,0.9,0,0.0,23,break,0.04340000078082085
0.0,1.0,No reminder,Weak encoding,1.0,0.9,0,0.0,24,break,0.039799999445676804
0.0,1.0,No reminder,Weak encoding,1.0,0.9,0,0.0,25,break,0.03400000184774399
0.0,1.0,No reminder,Weak encoding,1.0,0.9,0,0.0,26,break,0.026399999856948853
0.0,1.0,No reminder,Weak encoding,1.0,0.9,0,0.0,27,break,0.020400000736117363
0.0,1.0,No reminder,Weak encoding,1.0,0.9,0,0.0,28,break,0.01899999938905239
0.0,1.0,No reminder,Weak encoding,1.0,0.9,0,0.0,29,break,0.01759999990463257
0.0,1.0,No reminder,Weak encoding,1.0,0.9,0,0.0,30,break,0.015200000256299973
0.0,1.0,No reminder,Weak encoding,1.0,0.9,0,0.0,31,break,0.010200000368058681
0.0,1.0,No reminder,Weak encoding,1.0,0.9,0,0.0,32,break,0.010200000368058681
0.0,1.0,No reminder,Weak encoding,1.0,0.9,0,0.0,33,task,0.009200000204145908
0.0,1.0,No reminder,Weak encoding,1.0,0.9,0,0.0,34,task,0.008799999952316284
0.0,1.0,No reminder,Weak encoding,1.0,0.9,0,0.0,35,task,0.005200000014156103
0.0,1.0,No reminder,Weak encoding,1.0,0.9,0,0.0,36,task,0.007600000128149986
0.0,1.0,No reminder,Weak encoding,1.0,0.9,0,0.0,37,task,0.004800000227987766
0.0,1.0,No reminder,Weak encoding,1.0,0.9,0,0.0,38,task,0.004399999976158142
0.0,1.0,No reminder,Weak encoding,1.0,0.9,0,0.0,39,task,0.006200000178068876
0.0,1.0,No reminder,Weak encoding,1.0,0.9,0,0.0,40,task,0.006800000090152025
0.0,1.0,No reminder,Weak encoding,1.0,0.9,0,0.0,41,task,0.007600000128149986
0.0,1.0,No reminder,Weak encoding,1.0,0.9,0,0.0,42,task,0.008200000040233135
0.0,1.0,No reminder,Weak encoding,1.0,0.9,0,0.0,43,task,0.00800000037997961
0.0,1.0,No reminder,Weak encoding,1.0,0.9,0,0.0,44,task,0.009999999776482582
0.0,1.0,No reminder,Weak encoding,1.0,0.9,0,0.0,45,task,0.012400000356137753
0.0,1.0,No reminder,Weak encoding,1.0,0.9,0,0.0,46,task,0.01600000075995922
0.0,1.0,No reminder,Weak encoding,1.0,0.9,0,0.0,47,task,0.01759999990463257
0.0,1.0,No reminder,Weak encoding,1.0,0.9,0,0.0,48,task,0.023800000548362732
0.0,1.0,No reminder,Weak encoding,1.0,0.9,0,0.0,49,filler,0.02800000086426735
0.0,1.0,No reminder,Weak encoding,1.0,0.9,0,0.0,50,filler,0.03539999946951866
0.0,1.0,No reminder,Weak encoding,1.0,0.9,0,0.0,51,filler,0.04439999908208847
0.0,1.0,No reminder,Weak encoding,1.0,0.9,0,0.0,52,filler,0.0575999990105629
0.0,1.0,No reminder,Weak encoding,1.0,0.9,0,0.0,53,filler,0.07479999959468842
0.0,1.0,No reminder,Weak encoding,1.0,0.9,0,0.0,54,filler,0.09600000083446503
0.0,1.0,No reminder,Weak encoding,1.0,0.9,0,0.0,55,filler,0.12460000067949295
0.0,1.0,No reminder,Weak encoding,1.0,0.9,0,0.0,56,filler,0.1534000039100647
0.0,1.0,No reminder,Weak encoding,1.0,0.9,0,0.0,57,filler,0.18979999423027039
0.0,1.0,No reminder,Weak encoding,1.0,0.9,0,0.0,58,filler,0.2248000055551529
0.0,1.0,No reminder,Weak encoding,1.0,0.9,0,0.0,59,filler,0.2754000127315521
0.0,1.0,No reminder,Weak encoding,1.0,0.9,0,0.0,60,filler,0.3285999894142151
0.0,1.0,No reminder,Weak encoding,1.0,0.9,0,0.0,61,filler,0.38440001010894775
0.0,1.0,No reminder,Weak encoding,1.0,0.9,0,0.0,62,filler,0.43779999017715454
0.0,1.0,No reminder,Weak encoding,1.0,0.9,0,0.0,63,filler,0.48539999127388
0.0,1.0,No reminder,Weak encoding,1.0,0.9,0,0.0,64,filler,0.5447999835014343
0.0,1.0,No reminder,Strong encoding,2.0,0.9,0,0.0,1,film,0.0674000009894371
0.0,1.0,No reminder,Strong encoding,2.0,0.9,0,0.0,2,film,0.07620000094175339
0.0,1.0,No reminder,Strong encoding,2.0,0.9,0,0.0,3,film,0.10119999945163727
0.0,1.0,No reminder,Strong encoding,2.0,0.9,0,0.0,4,film,0.11559999734163284
0.0,1.0,No reminder,Strong encoding,2.0,0.9,0,0.0,5,film,0.13580000400543213
0.0,1.0,No reminder,Strong encoding,2.0,0.9,0,0.0,6,film,0.1348000019788742
0.0,1.0,No reminder,Strong encoding,2.0,0.9,0,0.0,7,film,0.16380000114440918
0.0,1.0,No reminder,Strong encoding,2.0,0.9,0,0.0,8,film,0.1664000004529953
0.0,1.0,No reminder,Strong encoding,2.0,0.9,0,0.0,9,film,0.17900000512599945
0.0,1.0,No reminder,Strong encoding,2.0,0.9,0,0.0,10,film,0.18459999561309814
0.0,1.0,No reminder,Strong encoding,2.0,0.9,0,0.0,11,film,0.1932000070810318
0.0,1.0,No reminder,Strong encoding,2.0,0.9,0,0.0,12,film,0.19460000097751617
0.0,1.0,No reminder,Strong encoding,2.0,0.9,0,0.0,13,film,0.19120000302791595
0.0,1.0,No reminder,Strong encoding,2.0,0.9,0,0.0,14,film,0.19439999759197235
0.0,1.0,No reminder,Strong encoding,2.0,0.9,0,0.0,15,film,0.1889999955892563
0.0,1.0,No reminder,Strong encoding,2.0,0.9,0,0.0,16,film,0.17419999837875366
0.0,1.0,No reminder,Strong encoding,2.0,0.9,0,0.0,17,break,0.10100000351667404
0.0,1.0,No reminder,Strong encoding,2.0,0.9,0,0.0,18,break,0.07859999686479568
0.0,1.0,No reminder,Strong encoding,2.0,0.9,0,0.0,19,break,0.06080000102519989
0.0,1.0,No reminder,Strong encoding,2.0,0.9,0,0.0,20,break,0.05180000141263008
0.0,1.0,No reminder,Strong encoding,2.0,0.9,0,0.0,21,break,0.04600000008940697
0.0,1.0,No reminder,Strong encoding,2.0,0.9,0,0.0,22,break,0.038600001484155655
0.0,1.0,No reminder,Strong encoding,2.0,0.9,0,0.0,23,break,0.027400000020861626
0.0,1.0,No reminder,Strong encoding,2.0,0.9,0,0.0,24,break,0.02539999969303608
0.0,1.0,No reminder,Strong encoding,2.0,0.9,0,0.0,25,break,0.018200000748038292
0.0,1.0,No reminder,Strong encoding,2.0,0.9,0,0.0,26,break,0.013399999588727951
0.0,1.0,No reminder,Strong encoding,2.0,0.9,0,0.0,27,break,0.011599999852478504
0.0,1.0,No reminder,Strong encoding,2.0,0.9,0,0.0,28,break,0.009999999776482582
0.0,1.0,No reminder,Strong encoding,2.0,0.9,0,0.0,29,break,0.007600000128149986
0.0,1.0,No reminder,Strong encoding,2.0,0.9,0,0.0,30,break,0.006200000178068876
0.0,1.0,No reminder,Strong encoding,2.0,0.9,0,0.0,31,break,0.004999999888241291
0.0,1.0,No reminder,Strong encoding,2.0,0.9,0,0.0,32,break,0.007000000216066837
0.0,1.0,No reminder,Strong encoding,2.0,0.9,0,0.0,33,task,0.05079999938607216
0.0,1.0,No reminder,Strong encoding,2.0,0.9,0,0.0,34,task,0.05739999935030937
0.0,1.0,No reminder,Strong encoding,2.0,0.9,0,0.0,35,task,0.06539999693632126
0.0,1.0,No reminder,Strong encoding,2.0,0.9,0,0.0,36,task,0.07320000231266022
0.0,1.0,No reminder,Strong encoding,2.0,0.9,0,0.0,37,task,0.0828000009059906
0.0,1.0,No reminder,Strong encoding,2.0,0.9,0,0.0,38,task,0.09560000151395798
0.0,1.0,No reminder,Strong encoding,2.0,0.9,0,0.0,39,task,0.10180000215768814
0.0,1.0,No reminder,Strong encoding,2.0,0.9,0,0.0,40,task,0.11819999665021896
0.0,1.0,No reminder,Strong encoding,2.0,0.9,0,0.0,41,task,0.13439999520778656
0.0,1.0,No reminder,Strong encoding,2.0,0.9,0,0.0,42,task,0.14820000529289246
0.0,1.0,No reminder,Strong encoding,2.0,0.9,0,0.0,43,task,0.1687999963760376
0.0,1.0,No reminder,Strong encoding,2.0,0.9,0,0.0,44,task,0.1876000016927719
0.0,1.0,No reminder,Strong encoding,2.0,0.9,0,0.0,45,task,0.19820000231266022
0.0,1.0,No reminder,Strong encoding,2.0,0.9,0,0.0,46,task,0.22059999406337738
0.0,1.0,No reminder,Strong encoding,2.0,0.9,0,0.0,47,task,0.23520000278949738
0.0,1.0,No reminder,Strong encoding,2.0,0.9,0,0.0,48,task,0.251800000667572
0.0,1.0,No reminder,Strong encoding,2.0,0.9,0,0.0,49,filler,0.044599998742341995
0.0,1.0,No reminder,Strong encoding,2.0,0.9,0,0.0,50,filler,0.04479999840259552
0.0,1.0,No reminder,Strong encoding,2.0,0.9,0,0.0,51,filler,0.042399998754262924
0.0,1.0,No reminder,Strong encoding,2.0,0.9,0,0.0,52,filler,0.044599998742341995
0.0,1.0,No reminder,Strong encoding,2.0,0.9,0,0.0,53,filler,0.053199999034404755
0.0,1.0,No reminder,Strong encoding,2.0,0.9,0,0.0,54,filler,0.06159999966621399
0.0,1.0,No reminder,Strong encoding,2.0,0.9,0,0.0,55,filler,0.07240000367164612
0.0,1.0,No reminder,Strong encoding,2.0,0.9,0,0.0,56,filler,0.08959999680519104
0.0,1.0,No reminder,Strong encoding,2.0,0.9,0,0.0,57,filler,0.12080000340938568
0.0,1.0,No reminder,Strong encoding,2.0,0.9,0,0.0,58,filler,0.14579999446868896
0.0,1.0,No reminder,Strong encoding,2.0,0.9,0,0.0,59,filler,0.1770000010728836
0.0,1.0,No reminder,Strong encoding,2.0,0.9,0,0.0,60,filler,0.2248000055551529
0.0,1.0,No reminder,Strong encoding,2.0,0.9,0,0.0,61,filler,0.2685999870300293
0.0,1.0,No reminder,Strong encoding,2.0,0.9,0,0.0,62,filler,0.3312000036239624
0.0,1.0,No reminder,Strong encoding,2.0,0.9,0,0.0,63,filler,0.3783999979496002
0.0,1.0,No reminder,Strong encoding,2.0,0.9,0,0.0,64,filler,0.4320000112056732
0.0,1.0,With reminder,Weak encoding,1.0,0.9,0,0.0,1,film,0.07599999755620956
0.0,1.0,With reminder,Weak encoding,1.0,0.9,0,0.0,2,film,0.09239999949932098
0.0,1.0,With reminder,Weak encoding,1.0,0.9,0,0.0,3,film,0.1103999987244606
0.0,1.0,With reminder,Weak encoding,1.0,0.9,0,0.0,4,film,0.13519999384880066
0.0,1.0,With reminder,Weak encoding,1.0,0.9,0,0.0,5,film,0.1467999964952469
0.0,1.0,With reminder,Weak encoding,1.0,0.9,0,0.0,6,film,0.15940000116825104
0.0,1.0,With reminder,Weak encoding,1.0,0.9,0,0.0,7,film,0.17399999499320984
0.0,1.0,With reminder,Weak encoding,1.0,0.9,0,0.0,8,film,0.19419999420642853
0.0,1.0,With reminder,Weak encoding,1.0,0.9,0,0.0,9,film,0.19740000367164612
0.0,1.0,With reminder,Weak encoding,1.0,0.9,0,0.0,10,film,0.21699999272823334
0.0,1.0,With reminder,Weak encoding,1.0,0.9,0,0.0,11,film,0.20919999480247498
0.0,1.0,With reminder,Weak encoding,1.0,0.9,0,0.0,12,film,0.22300000488758087
0.0,1.0,With reminder,Weak encoding,1.0,0.9,0,0.0,13,film,0.21739999949932098
0.0,1.0,With reminder,Weak encoding,1.0,0.9,0,0.0,14,film,0.2280000001192093
0.0,1.0,With reminder,Weak encoding,1.0,0.9,0,0.0,15,film,0.21359999477863312
0.0,1.0,With reminder,Weak encoding,1.0,0.9,0,0.0,16,film,0.20319999754428864
0.0,1.0,With reminder,Weak encoding,1.0,0.9,0,0.0,17,break,0.11940000206232071
0.0,1.0,With reminder,Weak encoding,1.0,0.9,0,0.0,18,break,0.10260000079870224
0.0,1.0,With reminder,Weak encoding,1.0,0.9,0,0.0,19,break,0.07720000296831131
0.0,1.0,With reminder,Weak encoding,1.0,0.9,0,0.0,20,break,0.06040000170469284
0.0,1.0,With reminder,Weak encoding,1.0,0.9,0,0.0,21,break,0.04839999973773956
0.0,1.0,With reminder,Weak encoding,1.0,0.9,0,0.0,22,break,0.03680000081658363
0.0,1.0,With reminder,Weak encoding,1.0,0.9,0,0.0,23,break,0.032600000500679016
0.0,1.0,With reminder,Weak encoding,1.0,0.9,0,0.0,24,break,0.028999999165534973
0.0,1.0,With reminder,Weak encoding,1.0,0.9,0,0.0,25,break,0.02160000056028366
0.0,1.0,With reminder,Weak encoding,1.0,0.9,0,0.0,26,break,0.015799999237060547
0.0,1.0,With reminder,Weak encoding,1.0,0.9,0,0.0,27,break,0.015399999916553497
0.0,1.0,With reminder,Weak encoding,1.0,0.9,0,0.0,28,break,0.011599999852478504
0.0,1.0,With reminder,Weak encoding,1.0,0.9,0,0.0,29,break,0.009999999776482582
0.0,1.0,With reminder,Weak encoding,1.0,0.9,0,0.0,30,break,0.006200000178068876
0.0,1.0,With reminder,Weak encoding,1.0,0.9,0,0.0,31,break,0.005200000014156103
0.0,1.0,With reminder,Weak encoding,1.0,0.9,0,0.0,32,break,0.00419999985024333
0.0,1.0,With reminder,Weak encoding,1.0,0.9,0,0.0,33,task,0.15119999647140503
0.0,1.0,With reminder,Weak encoding,1.0,0.9,0,0.0,34,task,0.12559999525547028
0.0,1.0,With reminder,Weak encoding,1.0,0.9,0,0.0,35,task,0.10440000146627426
0.0,1.0,With reminder,Weak encoding,1.0,0.9,0,0.0,36,task,0.09160000085830688
0.0,1.0,With reminder,Weak encoding,1.0,0.9,0,0.0,37,task,0.07680000364780426
0.0,1.0,With reminder,Weak encoding,1.0,0.9,0,0.0,38,task,0.06019999831914902
0.0,1.0,With reminder,Weak encoding,1.0,0.9,0,0.0,39,task,0.05480000004172325
0.0,1.0,With reminder,Weak encoding,1.0,0.9,0,0.0,40,task,0.04619999974966049
0.0,1.0,With reminder,Weak encoding,1.0,0.9,0,0.0,41,task,0.0430000014603138
0.0,1.0,With reminder,Weak encoding,1.0,0.9,0,0.0,42,task,0.036400001496076584
0.0,1.0,With reminder,Weak encoding,1.0,0.9,0,0.0,43,task,0.03519999980926514
0.0,1.0,With reminder,Weak encoding,1.0,0.9,0,0.0,44,task,0.033799998462200165
0.0,1.0,With reminder,Weak encoding,1.0,0.9,0,0.0,45,task,0.03359999880194664
0.0,1.0,With reminder,Weak encoding,1.0,0.9,0,0.0,46,task,0.03440000116825104
0.0,1.0,With reminder,Weak encoding,1.0,0.9,0,0.0,47,task,0.03519999980926514
0.0,1.0,With reminder,Weak encoding,1.0,0.9,0,0.0,48,task,0.03440000116825104
0.0,1.0,With reminder,Weak encoding,1.0,0.9,0,0.0,49,filler,0.03720000013709068
0.0,1.0,With reminder,Weak encoding,1.0,0.9,0,0.0,50,filler,0.04280000180006027
0.0,1.0,With reminder,Weak encoding,1.0,0.9,0,0.0,51,filler,0.04960000142455101
0.0,1.0,With reminder,Weak encoding,1.0,0.9,0,0.0,52,filler,0.0575999990105629
0.0,1.0,With reminder,Weak encoding,1.0,0.9,0,0.0,53,filler,0.07699999958276749
0.0,1.0,With reminder,Weak encoding,1.0,0.9,0,0.0,54,filler,0.09440000355243683
0.0,1.0,With reminder,Weak encoding,1.0,0.9,0,0.0,55,filler,0.11879999935626984
0.0,1.0,With reminder,Weak encoding,1.0,0.9,0,0.0,56,filler,0.14259999990463257
0.0,1.0,With reminder,Weak encoding,1.0,0.9,0,0.0,57,filler,0.1712000072002411
0.0,1.0,With reminder,Weak encoding,1.0,0.9,0,0.0,58,filler,0.20720000565052032
0.0,1.0,With reminder,Weak encoding,1.0,0.9,0,0.0,59,filler,0.25859999656677246
0.0,1.0,With reminder,Weak encoding,1.0,0.9,0,0.0,60,filler,0.2903999984264374
0.0,1.0,With reminder,Weak encoding,1.0,0.9,0,0.0,61,filler,0.3479999899864197
0.0,1.0,With reminder,Weak encoding,1.0,0.9,0,0.0,62,filler,0.40619999170303345
0.0,1.0,With reminder,Weak encoding,1.0,0.9,0,0.0,63,filler,0.4514000117778778
0.0,1.0,With reminder,Weak encoding,1.0,0.9,0,0.0,64,filler,0.49459999799728394
0.0,1.0,With reminder,Strong encoding,2.0,0.9,0,0.0,1,film,0.022199999541044235
0.0,1.0,With reminder,Strong encoding,2.0,0.9,0,0.0,2,film,0.03700000047683716
0.0,1.0,With reminder,Strong encoding,2.0,0.9,0,0.0,3,film,0.038600001484155655
0.0,1.0,With reminder,Strong encoding,2.0,0.9,0,0.0,4,film,0.046799998730421066
0.0,1.0,With reminder,Strong encoding,2.0,0.9,0,0.0,5,film,0.05380000174045563
0.0,1.0,With reminder,Strong encoding,2.0,0.9,0,0.0,6,film,0.054999999701976776
0.0,1.0,With reminder,Strong encoding,2.0,0.9,0,0.0,7,film,0.05719999969005585
0.0,1.0,With reminder,Strong encoding,2.0,0.9,0,0.0,8,film,0.06040000170469284
0.0,1.0,With reminder,Strong encoding,2.0,0.9,0,0.0,9,film,0.05920000001788139
0.0,1.0,With reminder,Strong encoding,2.0,0.9,0,0.0,10,film,0.053599998354911804
0.0,1.0,With reminder,Strong encoding,2.0,0.9,0,0.0,11,film,0.06019999831914902
0.0,1.0,With reminder,Strong encoding,2.0,0.9,0,0.0,12,film,0.0560000017285347
0.0,1.0,With reminder,Strong encoding,2.0,0.9,0,0.0,13,film,0.05380000174045563
0.0,1.0,With reminder,Strong encoding,2.0,0.9,0,0.0,14,film,0.06340000033378601
0.0,1.0,With reminder,Strong encoding,2.0,0.9,0,0.0,15,film,0.0560000017285347
0.0,1.0,With reminder,Strong encoding,2.0,0.9,0,0.0,16,film,0.04600000008940697
0.0,1.0,With reminder,Strong encoding,2.0,0.9,0,0.0,17,break,0.026799999177455902
0.0,1.0,With reminder,Strong encoding,2.0,0.9,0,0.0,18,break,0.01720000058412552
0.0,1.0,With reminder,Strong encoding,2.0,0.9,0,0.0,19,break,0.0142000000923872
0.0,1.0,With reminder,Strong encoding,2.0,0.9,0,0.0,20,break,0.00860000029206276
0.0,1.0,With reminder,Strong encoding,2.0,0.9,0,0.0,21,break,0.008200000040233135
0.0,1.0,With reminder,Strong encoding,2.0,0.9,0,0.0,22,break,0.006000000052154064
0.0,1.0,With reminder,Strong encoding,2.0,0.9,0,0.0,23,break,0.004000000189989805
0.0,1.0,With reminder,Strong encoding,2.0,0.9,0,0.0,24,break,0.0031999999191612005
0.0,1.0,With reminder,Strong encoding,2.0,0.9,0,0.0,25,break,0.00139999995008111
0.0,1.0,With reminder,Strong encoding,2.0,0.9,0,0.0,26,break,0.0020000000949949026
0.0,1.0,With reminder,Strong encoding,2.0,0.9,0,0.0,27,break,0.00139999995008111
0.0,1.0,With reminder,Strong encoding,2.0,0.9,0,0.0,28,break,0.0010000000474974513
0.0,1.0,With reminder,Strong encoding,2.0,0.9,0,0.0,29,break,0.0010000000474974513
0.0,1.0,With reminder,Strong encoding,2.0,0.9,0,0.0,30,break,0.0015999999595806003
0.0,1.0,With reminder,Strong encoding,2.0,0.9,0,0.0,31,break,0.0007999999797903001
0.0,1.0,With reminder,Strong encoding,2.0,0.9,0,0.0,32,break,0.0007999999797903001
0.0,1.0,With reminder,Strong encoding,2.0,0.9,0,0.0,33,task,0.34540000557899475
0.0,1.0,With reminder,Strong encoding,2.0,0.9,0,0.0,34,task,0.35440000891685486
0.0,1.0,With reminder,Strong encoding,2.0,0.9,0,0.0,35,task,0.3601999878883362
0.0,1.0,With reminder,Strong encoding,2.0,0.9,0,0.0,36,task,0.3643999993801117
0.0,1.0,With reminder,Strong encoding,2.0,0.9,0,0.0,37,task,0.367000013589859
0.0,1.0,With reminder,Strong encoding,2.0,0.9,0,0.0,38,task,0.35420000553131104
0.0,1.0,With reminder,Strong encoding,2.0,0.9,0,0.0,39,task,0.3476000130176544
0.0,1.0,With reminder,Strong encoding,2.0,0.9,0,0.0,40,task,0.3483999967575073
0.0,1.0,With reminder,Strong encoding,2.0,0.9,0,0.0,41,task,0.3440000116825104
0.0,1.0,With reminder,Strong encoding,2.0,0.9,0,0.0,42,task,0.33340001106262207
0.0,1.0,With reminder,Strong encoding,2.0,0.9,0,0.0,43,task,0.3278000056743622
0.0,1.0,With reminder,Strong encoding,2.0,0.9,0,0.0,44,task,0.31040000915527344
0.0,1.0,With reminder,Strong encoding,2.0,0.9,0,0.0,45,task,0.2971999943256378
0.0,1.0,With reminder,Strong encoding,2.0,0.9,0,0.0,46,task,0.2847999930381775
0.0,1.0,With reminder,Strong encoding,2.0,0.9,0,0.0,47,task,0.2831999957561493
0.0,1.0,With reminder,Strong encoding,2.0,0.9,0,0.0,48,task,0.2651999890804291
0.0,1.0,With reminder,Strong encoding,2.0,0.9,0,0.0,49,filler,0.03240000084042549
0.0,1.0,With reminder,Strong encoding,2.0,0.9,0,0.0,50,filler,0.03180000185966492
0.0,1.0,With reminder,Strong encoding,2.0,0.9,0,0.0,51,filler,0.024399999529123306
0.0,1.0,With reminder,Strong encoding,2.0,0.9,0,0.0,52,filler,0.02800000086426735
0.0,1.0,With reminder,Strong encoding,2.0,0.9,0,0.0,53,filler,0.02459999918937683
0.0,1.0,With reminder,Strong encoding,2.0,0.9,0,0.0,54,filler,0.029400000348687172
0.0,1.0,With reminder,Strong encoding,2.0,0.9,0,0.0,55,filler,0.04039999842643738
0.0,1.0,With reminder,Strong encoding,2.0,0.9,0,0.0,56,filler,0.051600001752376556
0.0,1.0,With reminder,Strong encoding,2.0,0.9,0,0.0,57,filler,0.05820000171661377
0.0,1.0,With reminder,Strong encoding,2.0,0.9,0,0.0,58,filler,0.07320000231266022
0.0,1.0,With reminder,Strong encoding,2.0,0.9,0,0.0,59,filler,0.09080000221729279
0.0,1.0,With reminder,Strong encoding,2.0,0.9,0,0.0,60,filler,0.12800000607967377
0.0,1.0,With reminder,Strong encoding,2.0,0.9,0,0.0,61,filler,0.15199999511241913
0.0,1.0,With reminder,Strong encoding,2.0,0.9,0,0.0,62,filler,0.18219999969005585
0.0,1.0,With reminder,Strong encoding,2.0,0.9,0,0.0,63,filler,0.21819999814033508
0.0,1.0,With reminder,Strong encoding,2.0,0.9,0,0.0,64,filler,0.2531999945640564
0.0,0.75,No reminder,Weak encoding,1.0,0.9,0,0.0,1,film,0.0997999981045723
0.0,0.75,No reminder,Weak encoding,1.0,0.9,0,0.0,2,film,0.12080000340938568
0.0,0.75,No reminder,Weak encoding,1.0,0.9,0,0.0,3,film,0.1459999978542328
0.0,0.75,No reminder,Weak encoding,1.0,0.9,0,0.0,4,film,0.1809999942779541
0.0,0.75,No reminder,Weak encoding,1.0,0.9,0,0.0,5,film,0.19779999554157257
0.0,0.75,No reminder,Weak encoding,1.0,0.9,0,0.0,6,film,0.22360000014305115
0.0,0.75,No reminder,Weak encoding,1.0,0.9,0,0.0,7,film,0.2669999897480011
0.0,0.75,No reminder,Weak encoding,1.0,0.9,0,0.0,8,film,0.2662000060081482
0.0,0.75,No reminder,Weak encoding,1.0,0.9,0,0.0,9,film,0.28119999170303345
0.0,0.75,No reminder,Weak encoding,1.0,0.9,0,0.0,10,film,0.29159998893737793
0.0,0.75,No reminder,Weak encoding,1.0,0.9,0,0.0,11,film,0.298799991607666
0.0,0.75,No reminder,Weak encoding,1.0,0.9,0,0.0,12,film,0.30799999833106995
0.0,0.75,No reminder,Weak encoding,1.0,0.9,0,0.0,13,film,0.30059999227523804
0.0,0.75,No reminder,Weak encoding,1.0,0.9,0,0.0,14,film,0.30399999022483826
0.0,0.75,No reminder,Weak encoding,1.0,0.9,0,0.0,15,film,0.2946000099182129
0.0,0.75,No reminder,Weak encoding,1.0,0.9,0,0.0,16,film,0.2773999869823456
0.0,0.75,No reminder,Weak encoding,1.0,0.9,0,0.0,17,break,0.16099999845027924
0.0,0.75,No reminder,Weak encoding,1.0,0.9,0,0.0,18,break,0.12759999930858612
0.0,0.75,No reminder,Weak encoding,1.0,0.9,0,0.0,19,break,0.09560000151395798
0.0,0.75,No reminder,Weak encoding,1.0,0.9,0,0.0,20,break,0.07959999889135361
0.0,0.75,No reminder,Weak encoding,1.0,0.9,0,0.0,21,break,0.06319999694824219
0.0,0.75,No reminder,Weak encoding,1.0,0.9,0,0.0,22,break,0.04639999940991402
0.0,0.75,No reminder,Weak encoding,1.0,0.9,0,0.0,23,break,0.03620000183582306
0.0,0.75,No reminder,Weak encoding,1.0,0.9,0,0.0,24,break,0.02759999968111515
0.0,0.75,No reminder,Weak encoding,1.0,0.9,0,0.0,25,break,0.01940000057220459
0.0,0.75,No reminder,Weak encoding,1.0,0.9,0,0.0,26,break,0.017000000923871994
0.0,0.75,No reminder,Weak encoding,1.0,0.9,0,0.0,27,break,0.0142000000923872
0.0,0.75,No reminder,Weak encoding,1.0,0.9,0,0.0,28,break,0.010200000368058681
0.0,0.75,No reminder,Weak encoding,1.0,0.9,0,0.0,29,break,0.008200000040233135
0.0,0.75,No reminder,Weak encoding,1.0,0.9,0,0.0,30,break,0.006599999964237213
0.0,0.75,No reminder,Weak encoding,1.0,0.9,0,0.0,31,break,0.004600000102072954
0.0,0.75,No reminder,Weak encoding,1.0,0.9,0,0.0,32,break,0.004600000102072954
0.0,0.75,No reminder,Weak encoding,1.0,0.9,0,0.0,33,task,0.0031999999191612005
0.0,0.75,No reminder,Weak encoding,1.0,0.9,0,0.0,34,task,0.003000000026077032
0.0,0.75,No reminder,Weak encoding,1.0,0.9,0,0.0,35,task,0.003800000064074993
0.0,0.75,No reminder,Weak encoding,1.0,0.9,0,0.0,36,task,0.00279999990016222
0.0,0.75,No reminder,Weak encoding,1.0,0.9,0,0.0,37,task,0.002400000113993883
0.0,0.75,No reminder,Weak encoding,1.0,0.9,0,0.0,38,task,0.003000000026077032
0.0,0.75,No reminder,Weak encoding,1.0,0.9,0,0.0,39,task,0.0034000000450760126
0.0,0.75,No reminder,Weak encoding,1.0,0.9,0,0.0,40,task,0.0031999999191612005
0.0,0.75,No reminder,Weak encoding,1.0,0.9,0,0.0,41,task,0.003000000026077032
0.0,0.75,No reminder,Weak encoding,1.0,0.9,0,0.0,42,task,0.004600000102072954
0.0,0.75,No reminder,Weak encoding,1.0,0.9,0,0.0,43,task,0.006000000052154064
0.0,0.75,No reminder,Weak encoding,1.0,0.9,0,0.0,44,task,0.00559999980032444
0.0,0.75,No reminder,Weak encoding,1.0,0.9,0,0.0,45,task,0.006800000090152025
0.0,0.75,No reminder,Weak encoding,1.0,0.9,0,0.0,46,task,0.008200000040233135
0.0,0.75,No reminder,Weak encoding,1.0,0.9,0,0.0,47,task,0.010200000368058681
0.0,0.75,No reminder,Weak encoding,1.0,0.9,0,0.0,48,task,0.015399999916553497
0.0,0.75,No reminder,Weak encoding,1.0,0.9,0,0.0,49,filler,0.01720000058412552
0.0,0.75,No reminder,Weak encoding,1.0,0.9,0,0.0,50,filler,0.023800000548362732
0.0,0.75,No reminder,Weak encoding,1.0,0.9,0,0.0,51,filler,0.03400000184774399
0.0,0.75,No reminder,Weak encoding,1.0,0.9,0,0.0,52,filler,0.039000000804662704
0.0,0.75,No reminder,Weak encoding,1.0,0.9,0,0.0,53,filler,0.0544000007212162
0.0,0.75,No reminder,Weak encoding,1.0,0.9,0,0.0,54,filler,0.06679999828338623
0.0,0.75,No reminder,Weak encoding,1.0,0.9,0,0.0,55,filler,0.08760000020265579
0.0,0.75,No reminder,Weak encoding,1.0,0.9,0,0.0,56,filler,0.1096000000834465
0.0,0.75,No reminder,Weak encoding,1.0,0.9,0,0.0,57,filler,0.14059999585151672
0.0,0.75,No reminder,Weak encoding,1.0,0.9,0,0.0,58,filler,0.1850000023841858
0.0,0.75,No reminder,Weak encoding,1.0,0.9,0,0.0,59,filler,0.21699999272823334
0.0,0.75,No reminder,Weak encoding,1.0,0.9,0,0.0,60,filler,0.2754000127315521
0.0,0.75,No reminder,Weak encoding,1.0,0.9,0,0.0,61,filler,0.34880000352859497
0.0,0.75,No reminder,Weak encoding,1.0,0.9,0,0.0,62,filler,0.399399995803833
0.0,0.75,No reminder,Weak encoding,1.0,0.9,0,0.0,63,filler,0.45239999890327454
0.0,0.75,No reminder,Weak encoding,1.0,0.9,0,0.0,64,filler,0.5170000195503235
0.0,0.75,No reminder,Strong encoding,2.0,0.9,0,0.0,1,film,0.08460000157356262
0.0,0.75,No reminder,Strong encoding,2.0,0.9,0,0.0,2,film,0.10360000282526016
0.0,0.75,No reminder,Strong encoding,2.0,0.9,0,0.0,3,film,0.12839999794960022
0.0,0.75,No reminder,Strong encoding,2.0,0.9,0,0.0,4,film,0.1581999957561493
0.0,0.75,No reminder,Strong encoding,2.0,0.9,0,0.0,5,film,0.1754000037908554
0.0,0.75,No reminder,Strong encoding,2.0,0.9,0,0.0,6,film,0.18520000576972961
0.0,0.75,No reminder,Strong encoding,2.0,0.9,0,0.0,7,film,0.21359999477863312
0.0,0.75,No reminder,Strong encoding,2.0,0.9,0,0.0,8,film,0.21799999475479126
0.0,0.75,No reminder,Strong encoding,2.0,0.9,0,0.0,9,film,0.2337999939918518
0.0,0.75,No reminder,Strong encoding,2.0,0.9,0,0.0,10,film,0.23759999871253967
0.0,0.75,No reminder,Strong encoding,2.0,0.9,0,0.0,11,film,0.24160000681877136
0.0,0.75,No reminder,Strong encoding,2.0,0.9,0,0.0,12,film,0.2492000013589859
0.0,0.75,No reminder,Strong encoding,2.0,0.9,0,0.0,13,film,0.2542000114917755
0.0,0.75,No reminder,Strong encoding,2.0,0.9,0,0.0,14,film,0.2451999932527542
0.0,0.75,No reminder,Strong encoding,2.0,0.9,0,0.0,15,film,0.24660000205039978
0.0,0.75,No reminder,Strong encoding,2.0,0.9,0,0.0,16,film,0.23479999601840973
0.0,0.75,No reminder,Strong encoding,2.0,0.9,0,0.0,17,break,0.13539999723434448
0.0,0.75,No reminder,Strong encoding,2.0,0.9,0,0.0,18,break,0.10220000147819519
0.0,0.75,No reminder,Strong encoding,2.0,0.9,0,0.0,19,break,0.0729999989271164
0.0,0.75,No reminder,Strong encoding,2.0,0.9,0,0.0,20,break,0.06019999831914902
0.0,0.75,No reminder,Strong encoding,2.0,0.9,0,0.0,21,break,0.04500000178813934
0.0,0.75,No reminder,Strong encoding,2.0,0.9,0,0.0,22,break,0.03200000151991844
0.0,0.75,No reminder,Strong encoding,2.0,0.9,0,0.0,23,break,0.026399999856948853
0.0,0.75,No reminder,Strong encoding,2.0,0.9,0,0.0,24,break,0.02199999988079071
0.0,0.75,No reminder,Strong encoding,2.0,0.9,0,0.0,25,break,0.01360000018030405
0.0,0.75,No reminder,Strong encoding,2.0,0.9,0,0.0,26,break,0.010400000028312206
0.0,0.75,No reminder,Strong encoding,2.0,0.9,0,0.0,27,break,0.007600000128149986
0.0,0.75,No reminder,Strong encoding,2.0,0.9,0,0.0,28,break,0.006200000178068876
0.0,0.75,No reminder,Strong encoding,2.0,0.9,0,0.0,29,break,0.004600000102072954
0.0,0.75,No reminder,Strong encoding,2.0,0.9,0,0.0,30,break,0.005799999926239252
0.0,0.75,No reminder,Strong encoding,2.0,0.9,0,0.0,31,break,0.003599999938160181
0.0,0.75,No reminder,Strong encoding,2.0,0.9,0,0.0,32,break,0.004800000227987766
0.0,0.75,No reminder,Strong encoding,2.0,0.9,0,0.0,33,task,0.040800001472234726
0.0,0.75,No reminder,Strong encoding,2.0,0.9,0,0.0,34,task,0.0406000018119812
0.0,0.75,No reminder,Strong encoding,2.0,0.9,0,0.0,35,task,0.04659999907016754
0.0,0.75,No reminder,Strong encoding,2.0,0.9,0,0.0,36,task,0.05079999938607216
0.0,0.75,No reminder,Strong encoding,2.0,0.9,0,0.0,37,task,0.05700000002980232
0.0,0.75,No reminder,Strong encoding,2.0,0.9,0,0.0,38,task,0.06279999762773514
0.0,0.75,No reminder,Strong encoding,2.0,0.9,0,0.0,39,task,0.06440000236034393
0.0,0.75,No reminder,Strong encoding,2.0,0.9,0,0.0,40,task,0.07859999686479568
0.0,0.75,No reminder,Strong encoding,2.0,0.9,0,0.0,41,task,0.09759999811649323
0.0,0.75,No reminder,Strong encoding,2.0,0.9,0,0.0,42,task,0.0966000035405159
0.0,0.75,No reminder,Strong encoding,2.0,0.9,0,0.0,43,task,0.10939999669790268
0.0,0.75,No reminder,Strong encoding,2.0,0.9,0,0.0,44,task,0.12099999934434891
0.0,0.75,No reminder,Strong encoding,2.0,0.9,0,0.0,45,task,0.13940000534057617
0.0,0.75,No reminder,Strong encoding,2.0,0.9,0,0.0,46,task,0.15060000121593475
0.0,0.75,No reminder,Strong encoding,2.0,0.9,0,0.0,47,task,0.17319999635219574
0.0,0.75,No reminder,Strong encoding,2.0,0.9,0,0.0,48,task,0.1868000030517578
0.0,0.75,No reminder,Strong encoding,2.0,0.9,0,0.0,49,filler,0.029400000348687172
0.0,0.75,No reminder,Strong encoding,2.0,0.9,0,0.0,50,filler,0.029200000688433647
0.0,0.75,No reminder,Strong encoding,2.0,0.9,0,0.0,51,filler,0.02539999969303608
0.0,0.75,No reminder,Strong encoding,2.0,0.9,0,0.0,52,filler,0.03660000115633011
0.0,0.75,No reminder,Strong encoding,2.0,0.9,0,0.0,53,filler,0.04280000180006027
0.0,0.75,No reminder,Strong encoding,2.0,0.9,0,0.0,54,filler,0.047200001776218414
0.0,0.75,No reminder,Strong encoding,2.0,0.9,0,0.0,55,filler,0.06040000170469284
0.0,0.75,No reminder,Strong encoding,2.0,0.9,0,0.0,56,filler,0.07500000298023224
0.0,0.75,No reminder,Strong encoding,2.0,0.9,0,0.0,57,filler,0.09920000284910202
0.0,0.75,No reminder,Strong encoding,2.0,0.9,0,0.0,58,filler,0.12460000067949295
0.0,0.75,No reminder,Strong encoding,2.0,0.9,0,0.0,59,filler,0.17139999568462372
0.0,0.75,No reminder,Strong encoding,2.0,0.9,0,0.0,60,filler,0.22280000150203705
0.0,0.75,No reminder,Strong encoding,2.0,0.9,0,0.0,61,filler,0.27059999108314514
0.0,0.75,No reminder,Strong encoding,2.0,0.9,0,0.0,62,filler,0.32199999690055847
0.0,0.75,No reminder,Strong encoding,2.0,0.9,0,0.0,63,filler,0.3885999917984009
0.0,0.75,No reminder,Strong encoding,2.0,0.9,0,0.0,64,filler,0.4546000063419342
0.0,0.75,With reminder,Weak encoding,1.0,0.9,0,0.0,1,film,0.08560000360012054
0.0,0.75,With reminder,Weak encoding,1.0,0.9,0,0.0,2,film,0.11299999803304672
0.0,0.75,With reminder,Weak encoding,1.0,0.9,0,0.0,3,film,0.12960000336170197
0.0,0.75,With reminder,Weak encoding,1.0,0.9,0,0.0,4,film,0.15620000660419464
0.0,0.75,With reminder,Weak encoding,1.0,0.9,0,0.0,5,film,0.18140000104904175
0.0,0.75,With reminder,Weak encoding,1.0,0.9,0,0.0,6,film,0.19900000095367432
0.0,0.75,With reminder,Weak encoding,1.0,0.9,0,0.0,7,film,0.2290000021457672
0.0,0.75,With reminder,Weak encoding,1.0,0.9,0,0.0,8,film,0.2484000027179718
0.0,0.75,With reminder,Weak encoding,1.0,0.9,0,0.0,9,film,0.24500000476837158
0.0,0.75,With reminder,Weak encoding,1.0,0.9,0,0.0,10,film,0.2542000114917755
0.0,0.75,With reminder,Weak encoding,1.0,0.9,0,0.0,11,film,0.2632000148296356
0.0,0.75,With reminder,Weak encoding,1.0,0.9,0,0.0,12,film,0.26739999651908875
0.0,0.75,With reminder,Weak encoding,1.0,0.9,0,0.0,13,film,0.2750000059604645
0.0,0.75,With reminder,Weak encoding,1.0,0.9,0,0.0,14,film,0.2718000113964081
0.0,0.75,With reminder,Weak encoding,1.0,0.9,0,0.0,15,film,0.26840001344680786
0.0,0.75,With reminder,Weak encoding,1.0,0.9,0,0.0,16,film,0.23980000615119934
0.0,0.75,With reminder,Weak encoding,1.0,0.9,0,0.0,17,break,0.13680000603199005
0.0,0.75,With reminder,Weak encoding,1.0,0.9,0,0.0,18,break,0.10480000078678131
0.0,0.75,With reminder,Weak encoding,1.0,0.9,0,0.0,19,break,0.07599999755620956
0.0,0.75,With reminder,Weak encoding,1.0,0.9,0,0.0,20,break,0.055799998342990875
0.0,0.75,With reminder,Weak encoding,1.0,0.9,0,0.0,21,break,0.05119999870657921
0.0,0.75,With reminder,Weak encoding,1.0,0.9,0,0.0,22,break,0.03579999879002571
0.0,0.75,With reminder,Weak encoding,1.0,0.9,0,0.0,23,break,0.025200000032782555
0.0,0.75,With reminder,Weak encoding,1.0,0.9,0,0.0,24,break,0.01860000006854534
0.0,0.75,With reminder,Weak encoding,1.0,0.9,0,0.0,25,break,0.012600000016391277
0.0,0.75,With reminder,Weak encoding,1.0,0.9,0,0.0,26,break,0.009800000116229057
0.0,0.75,With reminder,Weak encoding,1.0,0.9,0,0.0,27,break,0.00839999970048666
0.0,0.75,With reminder,Weak encoding,1.0,0.9,0,0.0,28,break,0.006000000052154064
0.0,0.75,With reminder,Weak encoding,1.0,0.9,0,0.0,29,break,0.005400000140070915
0.0,0.75,With reminder,Weak encoding,1.0,0.9,0,0.0,30,break,0.0031999999191612005
0.0,0.75,With reminder,Weak encoding,1.0,0.9,0,0.0,31,break,0.003599999938160181
0.0,0.75,With reminder,Weak encoding,1.0,0.9,0,0.0,32,break,0.0034000000450760126
0.0,0.75,With reminder,Weak encoding,1.0,0.9,0,0.0,33,task,0.17000000178813934
0.0,0.75,With reminder,Weak encoding,1.0,0.9,0,0.0,34,task,0.1371999979019165
0.0,0.75,With reminder,Weak encoding,1.0,0.9,0,0.0,35,task,0.10220000147819519
0.0,0.75,With reminder,Weak encoding,1.0,0.9,0,0.0,36,task,0.08259999752044678
0.0,0.75,With reminder,Weak encoding,1.0,0.9,0,0.0,37,task,0.07020000368356705
0.0,0.75,With reminder,Weak encoding,1.0,0.9,0,0.0,38,task,0.04899999871850014
0.0,0.75,With reminder,Weak encoding,1.0,0.9,0,0.0,39,task,0.04340000078082085
0.0,0.75,With reminder,Weak encoding,1.0,0.9,0,0.0,40,task,0.03620000183582306
0.0,0.75,With reminder,Weak encoding,1.0,0.9,0,0.0,41,task,0.03280000016093254
0.0,0.75,With reminder,Weak encoding,1.0,0.9,0,0.0,42,task,0.02800000086426735
0.0,0.75,With reminder,Weak encoding,1.0,0.9,0,0.0,43,task,0.019999999552965164
0.0,0.75,With reminder,Weak encoding,1.0,0.9,0,0.0,44,task,0.02160000056028366
0.0,0.75,With reminder,Weak encoding,1.0,0.9,0,0.0,45,task,0.018400000408291817
0.0,0.75,With reminder,Weak encoding,1.0,0.9,0,0.0,46,task,0.021800000220537186
0.0,0.75,With reminder,Weak encoding,1.0,0.9,0,0.0,47,task,0.018799999728798866
0.0,0.75,With reminder,Weak encoding,1.0,0.9,0,0.0,48,task,0.021800000220537186
0.0,0.75,With reminder,Weak encoding,1.0,0.9,0,0.0,49,filler,0.031599998474121094
0.0,0.75,With reminder,Weak encoding,1.0,0.9,0,0.0,50,filler,0.03220000118017197
0.0,0.75,With reminder,Weak encoding,1.0,0.9,0,0.0,51,filler,0.041600000113248825
0.0,0.75,With reminder,Weak encoding,1.0,0.9,0,0.0,52,filler,0.0430000014603138
0.0,0.75,With reminder,Weak encoding,1.0,0.9,0,0.0,53,filler,0.05559999868273735
0.0,0.75,With reminder,Weak encoding,1.0,0.9,0,0.0,54,filler,0.07000000029802322
0.0,0.75,With reminder,Weak encoding,1.0,0.9,0,0.0,55,filler,0.08579999953508377
0.0,0.75,With reminder,Weak encoding,1.0,0.9,0,0.0,56,filler,0.10379999876022339
0.0,0.75,With reminder,Weak encoding,1.0,0.9,0,0.0,57,filler,0.12999999523162842
0.0,0.75,With reminder,Weak encoding,1.0,0.9,0,0.0,58,filler,0.16339999437332153
0.0,0.75,With reminder,Weak encoding,1.0,0.9,0,0.0,59,filler,0.20499999821186066
0.0,0.75,With reminder,Weak encoding,1.0,0.9,0,0.0,60,filler,0.24779999256134033
0.0,0.75,With reminder,Weak encoding,1.0,0.9,0,0.0,61,filler,0.3091999888420105
0.0,0.75,With reminder,Weak encoding,1.0,0.9,0,0.0,62,filler,0.36039999127388
0.0,0.75,With reminder,Weak encoding,1.0,0.9,0,0.0,63,filler,0.4138000011444092
0.0,0.75,With reminder,Weak encoding,1.0,0.9,0,0.0,64,filler,0.4681999981403351
0.0,0.75,With reminder,Strong encoding,2.0,0.9,0,0.0,1,film,0.03959999978542328
0.0,0.75,With reminder,Strong encoding,2.0,0.9,0,0.0,2,film,0.041200000792741776
0.0,0.75,With reminder,Strong encoding,2.0,0.9,0,0.0,3,film,0.04859999939799309
0.0,0.75,With reminder,Strong encoding,2.0,0.9,0,0.0,4,film,0.06300000101327896
0.0,0.75,With reminder,Strong encoding,2.0,0.9,0,0.0,5,film,0.07280000299215317
0.0,0.75,With reminder,Strong encoding,2.0,0.9,0,0.0,6,film,0.06960000097751617
0.0,0.75,With reminder,Strong encoding,2.0,0.9,0,0.0,7,film,0.07100000232458115
0.0,0.75,With reminder,Strong encoding,2.0,0.9,0,0.0,8,film,0.07959999889135361
0.0,0.75,With reminder,Strong encoding,2.0,0.9,0,0.0,9,film,0.07800000160932541
0.0,0.75,With reminder,Strong encoding,2.0,0.9,0,0.0,10,film,0.08160000294446945
0.0,0.75,With reminder,Strong encoding,2.0,0.9,0,0.0,11,film,0.08579999953508377
0.0,0.75,With reminder,Strong encoding,2.0,0.9,0,0.0,12,film,0.0851999968290329
0.0,0.75,With reminder,Strong encoding,2.0,0.9,0,0.0,13,film,0.07360000163316727
0.0,0.75,With reminder,Strong encoding,2.0,0.9,0,0.0,14,film,0.0714000016450882
0.0,0.75,With reminder,Strong encoding,2.0,0.9,0,0.0,15,film,0.07240000367164612
0.0,0.75,With reminder,Strong encoding,2.0,0.9,0,0.0,16,film,0.07079999893903732
0.0,0.75,With reminder,Strong encoding,2.0,0.9,0,0.0,17,break,0.030400000512599945
0.0,0.75,With reminder,Strong encoding,2.0,0.9,0,0.0,18,break,0.023000000044703484
0.0,0.75,With reminder,Strong encoding,2.0,0.9,0,0.0,19,break,0.017799999564886093
0.0,0.75,With reminder,Strong encoding,2.0,0.9,0,0.0,20,break,0.009999999776482582
0.0,0.75,With reminder,Strong encoding,2.0,0.9,0,0.0,21,break,0.007400000002235174
0.0,0.75,With reminder,Strong encoding,2.0,0.9,0,0.0,22,break,0.004600000102072954
0.0,0.75,With reminder,Strong encoding,2.0,0.9,0,0.0,23,break,0.00419999985024333
0.0,0.75,With reminder,Strong encoding,2.0,0.9,0,0.0,24,break,0.0026000000070780516
0.0,0.75,With reminder,Strong encoding,2.0,0.9,0,0.0,25,break,0.0031999999191612005
0.0,0.75,With reminder,Strong encoding,2.0,0.9,0,0.0,26,break,0.0017999999690800905
0.0,0.75,With reminder,Strong encoding,2.0,0.9,0,0.0,27,break,0.00139999995008111
0.0,0.75,With reminder,Strong encoding,2.0,0.9,0,0.0,28,break,0.0007999999797903001
0.0,0.75,With reminder,Strong encoding,2.0,0.9,0,0.0,29,break,0.0010000000474974513
0.0,0.75,With reminder,Strong encoding,2.0,0.9,0,0.0,30,break,0.0006000000284984708
0.0,0.75,With reminder,Strong encoding,2.0,0.9,0,0.0,31,break,0.0007999999797903001
0.0,0.75,With reminder,Strong encoding,2.0,0.9,0,0.0,32,break,0.0010000000474974513
0.0,0.75,With reminder,Strong encoding,2.0,0.9,0,0.0,33,task,0.41819998621940613
0.0,0.75,With reminder,Strong encoding,2.0,0.9,0,0.0,34,task,0.4129999876022339
0.0,0.75,With reminder,Strong encoding,2.0,0.9,0,0.0,35,task,0.41260001063346863
0.0,0.75,With reminder,Strong encoding,2.0,0.9,0,0.0,36,task,0.3912000060081482
0.0,0.75,With reminder,Strong encoding,2.0,0.9,0,0.0,37,task,0.3889999985694885
0.0,0.75,With reminder,Strong encoding,2.0,0.9,0,0.0,38,task,0.362199991941452
0.0,0.75,With reminder,Strong encoding,2.0,0.9,0,0.0,39,task,0.3424000144004822
0.0,0.75,With reminder,Strong encoding,2.0,0.9,0,0.0,40,task,0.3264000117778778
0.0,0.75,With reminder,Strong encoding,2.0,0.9,0,0.0,41,task,0.3050000071525574
0.0,0.75,With reminder,Strong encoding,2.0,0.9,0,0.0,42,task,0.2903999984264374
0.0,0.75,With reminder,Strong encoding,2.0,0.9,0,0.0,43,task,0.2775999903678894
0.0,0.75,With reminder,Strong encoding,2.0,0.9,0,0.0,44,task,0.25600001215934753
0.0,0.75,With reminder,Strong encoding,2.0,0.9,0,0.0,45,task,0.2409999966621399
0.0,0.75,With reminder,Strong encoding,2.0,0.9,0,0.0,46,task,0.23600000143051147
0.0,0.75,With reminder,Strong encoding,2.0,0.9,0,0.0,47,task,0.2215999960899353
0.0,0.75,With reminder,Strong encoding,2.0,0.9,0,0.0,48,task,0.21400000154972076
0.0,0.75,With reminder,Strong encoding,2.0,0.9,0,0.0,49,filler,0.024000000208616257
0.0,0.75,With reminder,Strong encoding,2.0,0.9,0,0.0,50,filler,0.019200000911951065
0.0,0.75,With reminder,Strong encoding,2.0,0.9,0,0.0,51,filler,0.02199999988079071
0.0,0.75,With reminder,Strong encoding,2.0,0.9,0,0.0,52,filler,0.02500000037252903
0.0,0.75,With reminder,Strong encoding,2.0,0.9,0,0.0,53,filler,0.02459999918937683
0.0,0.75,With reminder,Strong encoding,2.0,0.9,0,0.0,54,filler,0.023800000548362732
0.0,0.75,With reminder,Strong encoding,2.0,0.9,0,0.0,55,filler,0.03420000150799751
0.0,0.75,With reminder,Strong encoding,2.0,0.9,0,0.0,56,filler,0.03959999978542328
0.0,0.75,With reminder,Strong encoding,2.0,0.9,0,0.0,57,filler,0.05079999938607216
0.0,0.75,With reminder,Strong encoding,2.0,0.9,0,0.0,58,filler,0.06800000369548798
0.0,0.75,With reminder,Strong encoding,2.0,0.9,0,0.0,59,filler,0.07999999821186066
0.0,0.75,With reminder,Strong encoding,2.0,0.9,0,0.0,60,filler,0.10620000213384628
0.0,0.75,With reminder,Strong encoding,2.0,0.9,0,0.0,61,filler,0.13500000536441803
0.0,0.75,With reminder,Strong encoding,2.0,0.9,0,0.0,62,filler,0.17659999430179596
0.0,0.75,With reminder,Strong encoding,2.0,0.9,0,0.0,63,filler,0.22579999268054962
0.0,0.75,With reminder,Strong encoding,2.0,0.9,0,0.0,64,filler,0.2574000060558319
0.0,0.5,No reminder,Weak encoding,1.0,0.9,0,0.0,1,film,0.11420000344514847
0.0,0.5,No reminder,Weak encoding,1.0,0.9,0,0.0,2,film,0.1459999978542328
0.0,0.5,No reminder,Weak encoding,1.0,0.9,0,0.0,3,film,0.18780000507831573
0.0,0.5,No reminder,Weak encoding,1.0,0.9,0,0.0,4,film,0.2101999968290329
0.0,0.5,No reminder,Weak encoding,1.0,0.9,0,0.0,5,film,0.23839999735355377
0.0,0.5,No reminder,Weak encoding,1.0,0.9,0,0.0,6,film,0.2696000039577484
0.0,0.5,No reminder,Weak encoding,1.0,0.9,0,0.0,7,film,0.29840001463890076
0.0,0.5,No reminder,Weak encoding,1.0,0.9,0,0.0,8,film,0.3271999955177307
0.0,0.5,No reminder,Weak encoding,1.0,0.9,0,0.0,9,film,0.3294000029563904
0.0,0.5,No reminder,Weak encoding,1.0,0.9,0,0.0,10,film,0.3424000144004822
0.0,0.5,No reminder,Weak encoding,1.0,0.9,0,0.0,11,film,0.35440000891685486
0.0,0.5,No reminder,Weak encoding,1.0,0.9,0,0.0,12,film,0.3610000014305115
0.0,0.5,No reminder,Weak encoding,1.0,0.9,0,0.0,13,film,0.3540000021457672
0.0,0.5,No reminder,Weak encoding,1.0,0.9,0,0.0,14,film,0.3472000062465668
0.0,0.5,No reminder,Weak encoding,1.0,0.9,0,0.0,15,film,0.3336000144481659
0.0,0.5,No reminder,Weak encoding,1.0,0.9,0,0.0,16,film,0.32600000500679016
0.0,0.5,No reminder,Weak encoding,1.0,0.9,0,0.0,17,break,0.17960000038146973
0.0,0.5,No reminder,Weak encoding,1.0,0.9,0,0.0,18,break,0.13339999318122864
0.0,0.5,No reminder,Weak encoding,1.0,0.9,0,0.0,19,break,0.0957999974489212
0.0,0.5,No reminder,Weak encoding,1.0,0.9,0,0.0,20,break,0.07699999958276749
0.0,0.5,No reminder,Weak encoding,1.0,0.9,0,0.0,21,break,0.05260000005364418
0.0,0.5,No reminder,Weak encoding,1.0,0.9,0,0.0,22,break,0.03440000116825104
0.0,0.5,No reminder,Weak encoding,1.0,0.9,0,0.0,23,break,0.02879999950528145
0.0,0.5,No reminder,Weak encoding,1.0,0.9,0,0.0,24,break,0.01979999989271164
0.0,0.5,No reminder,Weak encoding,1.0,0.9,0,0.0,25,break,0.016599999740719795
0.0,0.5,No reminder,Weak encoding,1.0,0.9,0,0.0,26,break,0.01080000028014183
0.0,0.5,No reminder,Weak encoding,1.0,0.9,0,0.0,27,break,0.009600000455975533
0.0,0.5,No reminder,Weak encoding,1.0,0.9,0,0.0,28,break,0.00559999980032444
0.0,0.5,No reminder,Weak encoding,1.0,0.9,0,0.0,29,break,0.003800000064074993
0.0,0.5,No reminder,Weak encoding,1.0,0.9,0,0.0,30,break,0.004399999976158142
0.0,0.5,No reminder,Weak encoding,1.0,0.9,0,0.0,31,break,0.003000000026077032
0.0,0.5,No reminder,Weak encoding,1.0,0.9,0,0.0,32,break,0.0015999999595806003
0.0,0.5,No reminder,Weak encoding,1.0,0.9,0,0.0,33,task,0.00139999995008111
0.0,0.5,No reminder,Weak encoding,1.0,0.9,0,0.0,34,task,0.0017999999690800905
0.0,0.5,No reminder,Weak encoding,1.0,0.9,0,0.0,35,task,0.0012000000569969416
0.0,0.5,No reminder,Weak encoding,1.0,0.9,0,0.0,36,task,0.0012000000569969416
0.0,0.5,No reminder,Weak encoding,1.0,0.9,0,0.0,37,task,0.00139999995008111
0.0,0.5,No reminder,Weak encoding,1.0,0.9,0,0.0,38,task,0.0010000000474974513
0.0,0.5,No reminder,Weak encoding,1.0,0.9,0,0.0,39,task,0.0017999999690800905
0.0,0.5,No reminder,Weak encoding,1.0,0.9,0,0.0,40,task,0.002199999988079071
0.0,0.5,No reminder,Weak encoding,1.0,0.9,0,0.0,41,task,0.002199999988079071
0.0,0.5,No reminder,Weak encoding,1.0,0.9,0,0.0,42,task,0.003000000026077032
0.0,0.5,No reminder,Weak encoding,1.0,0.9,0,0.0,43,task,0.002199999988079071
0.0,0.5,No reminder,Weak encoding,1.0,0.9,0,0.0,44,task,0.0034000000450760126
0.0,0.5,No reminder,Weak encoding,1.0,0.9,0,0.0,45,task,0.003000000026077032
0.0,0.5,No reminder,Weak encoding,1.0,0.9,0,0.0,46,task,0.0034000000450760126
0.0,0.5,No reminder,Weak encoding,1.0,0.9,0,0.0,47,task,0.006200000178068876
0.0,0.5,No reminder,Weak encoding,1.0,0.9,0,0.0,48,task,0.005799999926239252
0.0,0.5,No reminder,Weak encoding,1.0,0.9,0,0.0,49,filler,0.010599999688565731
0.0,0.5,No reminder,Weak encoding,1.0,0.9,0,0.0,50,filler,0.01140000019222498
0.0,0.5,No reminder,Weak encoding,1.0,0.9,0,0.0,51,filler,0.01860000006854534
0.0,0.5,No reminder,Weak encoding,1.0,0.9,0,0.0,52,filler,0.02239999920129776
0.0,0.5,No reminder,Weak encoding,1.0,0.9,0,0.0,53,filler,0.03200000151991844
0.0,0.5,No reminder,Weak encoding,1.0,0.9,0,0.0,54,filler,0.042399998754262924
0.0,0.5,No reminder,Weak encoding,1.0,0.9,0,0.0,55,filler,0.05420000106096268
0.0,0.5,No reminder,Weak encoding,1.0,0.9,0,0.0,56,filler,0.07460000365972519
0.0,0.5,No reminder,Weak encoding,1.0,0.9,0,0.0,57,filler,0.10239999741315842
0.0,0.5,No reminder,Weak encoding,1.0,0.9,0,0.0,58,filler,0.13220000267028809
0.0,0.5,No reminder,Weak encoding,1.0,0.9,0,0.0,59,filler,0.1834000051021576
0.0,0.5,No reminder,Weak encoding,1.0,0.9,0,0.0,60,filler,0.21860000491142273
0.0,0.5,No reminder,Weak encoding,1.0,0.9,0,0.0,61,filler,0.2874000072479248
0.0,0.5,No reminder,Weak encoding,1.0,0.9,0,0.0,62,filler,0.3472000062465668
0.0,0.5,No reminder,Weak encoding,1.0,0.9,0,0.0,63,filler,0.43160000443458557
0.0,0.5,No reminder,Weak encoding,1.0,0.9,0,0.0,64,filler,0.4975999891757965
0.0,0.5,No reminder,Strong encoding,2.0,0.9,0,0.0,1,film,0.09939999878406525
0.0,0.5,No reminder,Strong encoding,2.0,0.9,0,0.0,2,film,0.13439999520778656
0.0,0.5,No reminder,Strong encoding,2.0,0.9,0,0.0,3,film,0.16300000250339508
0.0,0.5,No reminder,Strong encoding,2.0,0.9,0,0.0,4,film,0.20059999823570251
0.0,0.5,No reminder,Strong encoding,2.0,0.9,0,0.0,5,film,0.21160000562667847
0.0,0.5,No reminder,Strong encoding,2.0,0.9,0,0.0,6,film,0.23499999940395355
0.0,0.5,No reminder,Strong encoding,2.0,0.9,0,0.0,7,film,0.2596000134944916
0.0,0.5,No reminder,Strong encoding,2.0,0.9,0,0.0,8,film,0.2770000100135803
0.0,0.5,No reminder,Strong encoding,2.0,0.9,0,0.0,9,film,0.2818000018596649
0.0,0.5,No reminder,Strong encoding,2.0,0.9,0,0.0,10,film,0.2955999970436096
0.0,0.5,No reminder,Strong encoding,2.0,0.9,0,0.0,11,film,0.301800012588501
0.0,0.5,No reminder,Strong encoding,2.0,0.9,0,0.0,12,film,0.3109999895095825
0.0,0.5,No reminder,Strong encoding,2.0,0.9,0,0.0,13,film,0.305400013923645
0.0,0.5,No reminder,Strong encoding,2.0,0.9,0,0.0,14,film,0.3025999963283539
0.0,0.5,No reminder,Strong encoding,2.0,0.9,0,0.0,15,film,0.29159998893737793
0.0,0.5,No reminder,Strong encoding,2.0,0.9,0,0.0,16,film,0.27639999985694885
0.0,0.5,No reminder,Strong encoding,2.0,0.9,0,0.0,17,break,0.15039999783039093
0.0,0.5,No reminder,Strong encoding,2.0,0.9,0,0.0,18,break,0.1096000000834465
0.0,0.5,No reminder,Strong encoding,2.0,0.9,0,0.0,19,break,0.07599999755620956
0.0,0.5,No reminder,Strong encoding,2.0,0.9,0,0.0,20,break,0.06239999830722809
0.0,0.5,No reminder,Strong encoding,2.0,0.9,0,0.0,21,break,0.05420000106096268
0.0,0.5,No reminder,Strong encoding,2.0,0.9,0,0.0,22,break,0.03500000014901161
0.0,0.5,No reminder,Strong encoding,2.0,0.9,0,0.0,23,break,0.023600000888109207
0.0,0.5,No reminder,Strong encoding,2.0,0.9,0,0.0,24,break,0.021199999377131462
0.0,0.5,No reminder,Strong encoding,2.0,0.9,0,0.0,25,break,0.010200000368058681
0.0,0.5,No reminder,Strong encoding,2.0,0.9,0,0.0,26,break,0.011800000444054604
0.0,0.5,No reminder,Strong encoding,2.0,0.9,0,0.0,27,break,0.007600000128149986
0.0,0.5,No reminder,Strong encoding,2.0,0.9,0,0.0,28,break,0.006599999964237213
0.0,0.5,No reminder,Strong encoding,2.0,0.9,0,0.0,29,break,0.004999999888241291
0.0,0.5,No reminder,Strong encoding,2.0,0.9,0,0.0,30,break,0.003599999938160181
0.0,0.5,No reminder,Strong encoding,2.0,0.9,0,0.0,31,break,0.0020000000949949026
0.0,0.5,No reminder,Strong encoding,2.0,0.9,0,0.0,32,break,0.00279999990016222
0.0,0.5,No reminder,Strong encoding,2.0,0.9,0,0.0,33,task,0.029200000688433647
0.0,0.5,No reminder,Strong encoding,2.0,0.9,0,0.0,34,task,0.03060000017285347
0.0,0.5,No reminder,Strong encoding,2.0,0.9,0,0.0,35,task,0.031199999153614044
0.0,0.5,No reminder,Strong encoding,2.0,0.9,0,0.0,36,task,0.03440000116825104
0.0,0.5,No reminder,Strong encoding,2.0,0.9,0,0.0,37,task,0.03539999946951866
0.0,0.5,No reminder,Strong encoding,2.0,0.9,0,0.0,38,task,0.03819999843835831
0.0,0.5,No reminder,Strong encoding,2.0,0.9,0,0.0,39,task,0.03759999945759773
0.0,0.5,No reminder,Strong encoding,2.0,0.9,0,0.0,40,task,0.040800001472234726
0.0,0.5,No reminder,Strong encoding,2.0,0.9,0,0.0,41,task,0.04600000008940697
0.0,0.5,No reminder,Strong encoding,2.0,0.9,0,0.0,42,task,0.05119999870657921
0.0,0.5,No reminder,Strong encoding,2.0,0.9,0,0.0,43,task,0.06340000033378601
0.0,0.5,No reminder,Strong encoding,2.0,0.9,0,0.0,44,task,0.06939999759197235
0.0,0.5,No reminder,Strong encoding,2.0,0.9,0,0.0,45,task,0.0803999975323677
0.0,0.5,No reminder,Strong encoding,2.0,0.9,0,0.0,46,task,0.09200000017881393
0.0,0.5,No reminder,Strong encoding,2.0,0.9,0,0.0,47,task,0.10740000009536743
0.0,0.5,No reminder,Strong encoding,2.0,0.9,0,0.0,48,task,0.1242000013589859
0.0,0.5,No reminder,Strong encoding,2.0,0.9,0,0.0,49,filler,0.020400000736117363
0.0,0.5,No reminder,Strong encoding,2.0,0.9,0,0.0,50,filler,0.018400000408291817
0.0,0.5,No reminder,Strong encoding,2.0,0.9,0,0.0,51,filler,0.02280000038444996
0.0,0.5,No reminder,Strong encoding,2.0,0.9,0,0.0,52,filler,0.02419999986886978
0.0,0.5,No reminder,Strong encoding,2.0,0.9,0,0.0,53,filler,0.030799999833106995
0.0,0.5,No reminder,Strong encoding,2.0,0.9,0,0.0,54,filler,0.04019999876618385
0.0,0.5,No reminder,Strong encoding,2.0,0.9,0,0.0,55,filler,0.04619999974966049
0.0,0.5,No reminder,Strong encoding,2.0,0.9,0,0.0,56,filler,0.06780000030994415
0.0,0.5,No reminder,Strong encoding,2.0,0.9,0,0.0,57,filler,0.0828000009059906
0.0,0.5,No reminder,Strong encoding,2.0,0.9,0,0.0,58,filler,0.11620000004768372
0.0,0.5,No reminder,Strong encoding,2.0,0.9,0,0.0,59,filler,0.1379999965429306
0.0,0.5,No reminder,Strong encoding,2.0,0.9,0,0.0,60,filler,0.19599999487400055
0.0,0.5,No reminder,Strong encoding,2.0,0.9,0,0.0,61,filler,0.25099998712539673
0.0,0.5,No reminder,Strong encoding,2.0,0.9,0,0.0,62,filler,0.30660000443458557
0.0,0.5,No reminder,Strong encoding,2.0,0.9,0,0.0,63,filler,0.36640000343322754
0.0,0.5,No reminder,Strong encoding,2.0,0.9,0,0.0,64,filler,0.44699999690055847
0.0,0.5,With reminder,Weak encoding,1.0,0.9,0,0.0,1,film,0.10080000013113022
0.0,0.5,With reminder,Weak encoding,1.0,0.9,0,0.0,2,film,0.12280000001192093
0.0,0.5,With reminder,Weak encoding,1.0,0.9,0,0.0,3,film,0.15760000050067902
0.0,0.5,With reminder,Weak encoding,1.0,0.9,0,0.0,4,film,0.18539999425411224
0.0,0.5,With reminder,Weak encoding,1.0,0.9,0,0.0,5,film,0.21060000360012054
0.0,0.5,With reminder,Weak encoding,1.0,0.9,0,0.0,6,film,0.2298000007867813
0.0,0.5,With reminder,Weak encoding,1.0,0.9,0,0.0,7,film,0.25380000472068787
0.0,0.5,With reminder,Weak encoding,1.0,0.9,0,0.0,8,film,0.2775999903678894
0.0,0.5,With reminder,Weak encoding,1.0,0.9,0,0.0,9,film,0.2948000133037567
0.0,0.5,With reminder,Weak encoding,1.0,0.9,0,0.0,10,film,0.298799991607666
0.0,0.5,With reminder,Weak encoding,1.0,0.9,0,0.0,11,film,0.3174000084400177
0.0,0.5,With reminder,Weak encoding,1.0,0.9,0,0.0,12,film,0.32199999690055847
0.0,0.5,With reminder,Weak encoding,1.0,0.9,0,0.0,13,film,0.3093999922275543
0.0,0.5,With reminder,Weak encoding,1.0,0.9,0,0.0,14,film,0.31119999289512634
0.0,0.5,With reminder,Weak encoding,1.0,0.9,0,0.0,15,film,0.3009999990463257
0.0,0.5,With reminder,Weak encoding,1.0,0.9,0,0.0,16,film,0.2847999930381775
0.0,0.5,With reminder,Weak encoding,1.0,0.9,0,0.0,17,break,0.14339999854564667
0.0,0.5,With reminder,Weak encoding,1.0,0.9,0,0.0,18,break,0.10980000346899033
0.0,0.5,With reminder,Weak encoding,1.0,0.9,0,0.0,19,break,0.08579999953508377
0.0,0.5,With reminder,Weak encoding,1.0,0.9,0,0.0,20,break,0.06080000102519989
0.0,0.5,With reminder,Weak encoding,1.0,0.9,0,0.0,21,break,0.04659999907016754
0.0,0.5,With reminder,Weak encoding,1.0,0.9,0,0.0,22,break,0.028200000524520874
0.0,0.5,With reminder,Weak encoding,1.0,0.9,0,0.0,23,break,0.023000000044703484
0.0,0.5,With reminder,Weak encoding,1.0,0.9,0,0.0,24,break,0.01600000075995922
0.0,0.5,With reminder,Weak encoding,1.0,0.9,0,0.0,25,break,0.01080000028014183
0.0,0.5,With reminder,Weak encoding,1.0,0.9,0,0.0,26,break,0.007199999876320362
0.0,0.5,With reminder,Weak encoding,1.0,0.9,0,0.0,27,break,0.006399999838322401
0.0,0.5,With reminder,Weak encoding,1.0,0.9,0,0.0,28,break,0.003800000064074993
0.0,0.5,With reminder,Weak encoding,1.0,0.9,0,0.0,29,break,0.004399999976158142
0.0,0.5,With reminder,Weak encoding,1.0,0.9,0,0.0,30,break,0.002199999988079071
0.0,0.5,With reminder,Weak encoding,1.0,0.9,0,0.0,31,break,0.0015999999595806003
0.0,0.5,With reminder,Weak encoding,1.0,0.9,0,0.0,32,break,0.0007999999797903001
0.0,0.5,With reminder,Weak encoding,1.0,0.9,0,0.0,33,task,0.18219999969005585
0.0,0.5,With reminder,Weak encoding,1.0,0.9,0,0.0,34,task,0.14560000598430634
0.0,0.5,With reminder,Weak encoding,1.0,0.9,0,0.0,35,task,0.10599999874830246
0.0,0.5,With reminder,Weak encoding,1.0,0.9,0,0.0,36,task,0.07900000363588333
0.0,0.5,With reminder,Weak encoding,1.0,0.9,0,0.0,37,task,0.05559999868273735
0.0,0.5,With reminder,Weak encoding,1.0,0.9,0,0.0,38,task,0.04619999974966049
0.0,0.5,With reminder,Weak encoding,1.0,0.9,0,0.0,39,task,0.03359999880194664
0.0,0.5,With reminder,Weak encoding,1.0,0.9,0,0.0,40,task,0.027400000020861626
0.0,0.5,With reminder,Weak encoding,1.0,0.9,0,0.0,41,task,0.023399999365210533
0.0,0.5,With reminder,Weak encoding,1.0,0.9,0,0.0,42,task,0.018799999728798866
0.0,0.5,With reminder,Weak encoding,1.0,0.9,0,0.0,43,task,0.018400000408291817
0.0,0.5,With reminder,Weak encoding,1.0,0.9,0,0.0,44,task,0.01360000018030405
0.0,0.5,With reminder,Weak encoding,1.0,0.9,0,0.0,45,task,0.012000000104308128
0.0,0.5,With reminder,Weak encoding,1.0,0.9,0,0.0,46,task,0.014800000004470348
0.0,0.5,With reminder,Weak encoding,1.0,0.9,0,0.0,47,task,0.015599999576807022
0.0,0.5,With reminder,Weak encoding,1.0,0.9,0,0.0,48,task,0.017400000244379044
0.0,0.5,With reminder,Weak encoding,1.0,0.9,0,0.0,49,filler,0.015799999237060547
0.0,0.5,With reminder,Weak encoding,1.0,0.9,0,0.0,50,filler,0.020600000396370888
0.0,0.5,With reminder,Weak encoding,1.0,0.9,0,0.0,51,filler,0.02500000037252903
0.0,0.5,With reminder,Weak encoding,1.0,0.9,0,0.0,52,filler,0.03099999949336052
0.0,0.5,With reminder,Weak encoding,1.0,0.9,0,0.0,53,filler,0.03480000048875809
0.0,0.5,With reminder,Weak encoding,1.0,0.9,0,0.0,54,filler,0.04560000076889992
0.0,0.5,With reminder,Weak encoding,1.0,0.9,0,0.0,55,filler,0.05779999867081642
0.0,0.5,With reminder,Weak encoding,1.0,0.9,0,0.0,56,filler,0.07559999823570251
0.0,0.5,With reminder,Weak encoding,1.0,0.9,0,0.0,57,filler,0.09260000288486481
0.0,0.5,With reminder,Weak encoding,1.0,0.9,0,0.0,58,filler,0.12620000541210175
0.0,0.5,With reminder,Weak encoding,1.0,0.9,0,0.0,59,filler,0.1573999971151352
0.0,0.5,With reminder,Weak encoding,1.0,0.9,0,0.0,60,filler,0.20160000026226044
0.0,0.5,With reminder,Weak encoding,1.0,0.9,0,0.0,61,filler,0.2651999890804291
0.0,0.5,With reminder,Weak encoding,1.0,0.9,0,0.0,62,filler,0.3174000084400177
0.0,0.5,With reminder,Weak encoding,1.0,0.9,0,0.0,63,filler,0.38339999318122864
0.0,0.5,With reminder,Weak encoding,1.0,0.9,0,0.0,64,filler,0.45419999957084656
0.0,0.5,With reminder,Strong encoding,2.0,0.9,0,0.0,1,film,0.04659999907016754
0.0,0.5,With reminder,Strong encoding,2.0,0.9,0,0.0,2,film,0.05420000106096268
0.0,0.5,With reminder,Strong encoding,2.0,0.9,0,0.0,3,film,0.06859999895095825
0.0,0.5,With reminder,Strong encoding,2.0,0.9,0,0.0,4,film,0.08139999955892563
0.0,0.5,With reminder,Strong encoding,2.0,0.9,0,0.0,5,film,0.08579999953508377
0.0,0.5,With reminder,Strong encoding,2.0,0.9,0,0.0,6,film,0.09399999678134918
0.0,0.5,With reminder,Strong encoding,2.0,0.9,0,0.0,7,film,0.10180000215768814
0.0,0.5,With reminder,Strong encoding,2.0,0.9,0,0.0,8,film,0.11680000275373459
0.0,0.5,With reminder,Strong encoding,2.0,0.9,0,0.0,9,film,0.1128000020980835
0.0,0.5,With reminder,Strong encoding,2.0,0.9,0,0.0,10,film,0.10679999738931656
0.0,0.5,With reminder,Strong encoding,2.0,0.9,0,0.0,11,film,0.10300000011920929
0.0,0.5,With reminder,Strong encoding,2.0,0.9,0,0.0,12,film,0.10939999669790268
0.0,0.5,With reminder,Strong encoding,2.0,0.9,0,0.0,13,film,0.10279999673366547
0.0,0.5,With reminder,Strong encoding,2.0,0.9,0,0.0,14,film,0.10260000079870224
0.0,0.5,With reminder,Strong encoding,2.0,0.9,0,0.0,15,film,0.10540000349283218
0.0,0.5,With reminder,Strong encoding,2.0,0.9,0,0.0,16,film,0.09839999675750732
0.0,0.5,With reminder,Strong encoding,2.0,0.9,0,0.0,17,break,0.044199999421834946
0.0,0.5,With reminder,Strong encoding,2.0,0.9,0,0.0,18,break,0.03240000084042549
0.0,0.5,With reminder,Strong encoding,2.0,0.9,0,0.0,19,break,0.02199999988079071
0.0,0.5,With reminder,Strong encoding,2.0,0.9,0,0.0,20,break,0.015399999916553497
0.0,0.5,With reminder,Strong encoding,2.0,0.9,0,0.0,21,break,0.01080000028014183
0.0,0.5,With reminder,Strong encoding,2.0,0.9,0,0.0,22,break,0.007000000216066837
0.0,0.5,With reminder,Strong encoding,2.0,0.9,0,0.0,23,break,0.006800000090152025
0.0,0.5,With reminder,Strong encoding,2.0,0.9,0,0.0,24,break,0.004800000227987766
0.0,0.5,With reminder,Strong encoding,2.0,0.9,0,0.0,25,break,0.0017999999690800905
0.0,0.5,With reminder,Strong encoding,2.0,0.9,0,0.0,26,break,0.0010000000474974513
0.0,0.5,With reminder,Strong encoding,2.0,0.9,0,0.0,27,break,0.00139999995008111
0.0,0.5,With reminder,Strong encoding,2.0,0.9,0,0.0,28,break,0.0020000000949949026
0.0,0.5,With reminder,Strong encoding,2.0,0.9,0,0.0,29,break,0.00019999999494757503
0.0,0.5,With reminder,Strong encoding,2.0,0.9,0,0.0,30,break,0.0
0.0,0.5,With reminder,Strong encoding,2.0,0.9,0,0.0,31,break,0.0007999999797903001
0.0,0.5,With reminder,Strong encoding,2.0,0.9,0,0.0,32,break,0.0
0.0,0.5,With reminder,Strong encoding,2.0,0.9,0,0.0,33,task,0.5175999999046326
0.0,0.5,With reminder,Strong encoding,2.0,0.9,0,0.0,34,task,0.46799999475479126
0.0,0.5,With reminder,Strong encoding,2.0,0.9,0,0.0,35,task,0.4487999975681305
0.0,0.5,With reminder,Strong encoding,2.0,0.9,0,0.0,36,task,0.41600000858306885
0.0,0.5,With reminder,Strong encoding,2.0,0.9,0,0.0,37,task,0.38920000195503235
0.0,0.5,With reminder,Strong encoding,2.0,0.9,0,0.0,38,task,0.34119999408721924
0.0,0.5,With reminder,Strong encoding,2.0,0.9,0,0.0,39,task,0.29899999499320984
0.0,0.5,With reminder,Strong encoding,2.0,0.9,0,0.0,40,task,0.27639999985694885
0.0,0.5,With reminder,Strong encoding,2.0,0.9,0,0.0,41,task,0.24560000002384186
0.0,0.5,With reminder,Strong encoding,2.0,0.9,0,0.0,42,task,0.2223999947309494
0.0,0.5,With reminder,Strong encoding,2.0,0.9,0,0.0,43,task,0.20819999277591705
0.0,0.5,With reminder,Strong encoding,2.0,0.9,0,0.0,44,task,0.19380000233650208
0.0,0.5,With reminder,Strong encoding,2.0,0.9,0,0.0,45,task,0.17820000648498535
0.0,0.5,With reminder,Strong encoding,2.0,0.9,0,0.0,46,task,0.17739999294281006
0.0,0.5,With reminder,Strong encoding,2.0,0.9,0,0.0,47,task,0.16539999842643738
0.0,0.5,With reminder,Strong encoding,2.0,0.9,0,0.0,48,task,0.1518000066280365
0.0,0.5,With reminder,Strong encoding,2.0,0.9,0,0.0,49,filler,0.010400000028312206
0.0,0.5,With reminder,Strong encoding,2.0,0.9,0,0.0,50,filler,0.015599999576807022
0.0,0.5,With reminder,Strong encoding,2.0,0.9,0,0.0,51,filler,0.01679999940097332
0.0,0.5,With reminder,Strong encoding,2.0,0.9,0,0.0,52,filler,0.01679999940097332
0.0,0.5,With reminder,Strong encoding,2.0,0.9,0,0.0,53,filler,0.020600000396370888
0.0,0.5,With reminder,Strong encoding,2.0,0.9,0,0.0,54,filler,0.02280000038444996
0.0,0.5,With reminder,Strong encoding,2.0,0.9,0,0.0,55,filler,0.025200000032782555
0.0,0.5,With reminder,Strong encoding,2.0,0.9,0,0.0,56,filler,0.03680000081658363
0.0,0.5,With reminder,Strong encoding,2.0,0.9,0,0.0,57,filler,0.04600000008940697
0.0,0.5,With reminder,Strong encoding,2.0,0.9,0,0.0,58,filler,0.06499999761581421
0.0,0.5,With reminder,Strong encoding,2.0,0.9,0,0.0,59,filler,0.08240000158548355
0.0,0.5,With reminder,Strong encoding,2.0,0.9,0,0.0,60,filler,0.10580000281333923
0.0,0.5,With reminder,Strong encoding,2.0,0.9,0,0.0,61,filler,0.14100000262260437
0.0,0.5,With reminder,Strong encoding,2.0,0.9,0,0.0,62,filler,0.17299999296665192
0.0,0.5,With reminder,Strong encoding,2.0,0.9,0,0.0,63,filler,0.22339999675750732
0.0,0.5,With reminder,Strong encoding,2.0,0.9,0,0.0,64,filler,0.2808000147342682
0.0,0.25,No reminder,Weak encoding,1.0,0.9,0,0.0,1,film,0.1281999945640564
0.0,0.25,No reminder,Weak encoding,1.0,0.9,0,0.0,2,film,0.16099999845027924
0.0,0.25,No reminder,Weak encoding,1.0,0.9,0,0.0,3,film,0.19059999287128448
0.0,0.25,No reminder,Weak encoding,1.0,0.9,0,0.0,4,film,0.2386000007390976
0.0,0.25,No reminder,Weak encoding,1.0,0.9,0,0.0,5,film,0.2703999876976013
0.0,0.25,No reminder,Weak encoding,1.0,0.9,0,0.0,6,film,0.30079999566078186
0.0,0.25,No reminder,Weak encoding,1.0,0.9,0,0.0,7,film,0.3208000063896179
0.0,0.25,No reminder,Weak encoding,1.0,0.9,0,0.0,8,film,0.3447999954223633
0.0,0.25,No reminder,Weak encoding,1.0,0.9,0,0.0,9,film,0.3662000000476837
0.0,0.25,No reminder,Weak encoding,1.0,0.9,0,0.0,10,film,0.37940001487731934
0.0,0.25,No reminder,Weak encoding,1.0,0.9,0,0.0,11,film,0.3840000033378601
0.0,0.25,No reminder,Weak encoding,1.0,0.9,0,0.0,12,film,0.3846000134944916
0.0,0.25,No reminder,Weak encoding,1.0,0.9,0,0.0,13,film,0.38839998841285706
0.0,0.25,No reminder,Weak encoding,1.0,0.9,0,0.0,14,film,0.3813999891281128
0.0,0.25,No reminder,Weak encoding,1.0,0.9,0,0.0,15,film,0.36340001225471497
0.0,0.25,No reminder,Weak encoding,1.0,0.9,0,0.0,16,film,0.34119999408721924
0.0,0.25,No reminder,Weak encoding,1.0,0.9,0,0.0,17,break,0.1850000023841858
0.0,0.25,No reminder,Weak encoding,1.0,0.9,0,0.0,18,break,0.13519999384880066
0.0,0.25,No reminder,Weak encoding,1.0,0.9,0,0.0,19,break,0.10320000350475311
0.0,0.25,No reminder,Weak encoding,1.0,0.9,0,0.0,20,break,0.066600002348423
0.0,0.25,No reminder,Weak encoding,1.0,0.9,0,0.0,21,break,0.04899999871850014
0.0,0.25,No reminder,Weak encoding,1.0,0.9,0,0.0,22,break,0.03359999880194664
0.0,0.25,No reminder,Weak encoding,1.0,0.9,0,0.0,23,break,0.023800000548362732
0.0,0.25,No reminder,Weak encoding,1.0,0.9,0,0.0,24,break,0.014600000344216824
0.0,0.25,No reminder,Weak encoding,1.0,0.9,0,0.0,25,break,0.013199999928474426
0.0,0.25,No reminder,Weak encoding,1.0,0.9,0,0.0,26,break,0.011599999852478504
0.0,0.25,No reminder,Weak encoding,1.0,0.9,0,0.0,27,break,0.008799999952316284
0.0,0.25,No reminder,Weak encoding,1.0,0.9,0,0.0,28,break,0.004800000227987766
0.0,0.25,No reminder,Weak encoding,1.0,0.9,0,0.0,29,break,0.003000000026077032
0.0,0.25,No reminder,Weak encoding,1.0,0.9,0,0.0,30,break,0.002400000113993883
0.0,0.25,No reminder,Weak encoding,1.0,0.9,0,0.0,31,break,0.002199999988079071
0.0,0.25,No reminder,Weak encoding,1.0,0.9,0,0.0,32,break,0.00139999995008111
0.0,0.25,No reminder,Weak encoding,1.0,0.9,0,0.0,33,task,0.0010000000474974513
0.0,0.25,No reminder,Weak encoding,1.0,0.9,0,0.0,34,task,0.0007999999797903001
0.0,0.25,No reminder,Weak encoding,1.0,0.9,0,0.0,35,task,0.00019999999494757503
0.0,0.25,No reminder,Weak encoding,1.0,0.9,0,0.0,36,task,0.0010000000474974513
0.0,0.25,No reminder,Weak encoding,1.0,0.9,0,0.0,37,task,0.0007999999797903001
0.0,0.25,No reminder,Weak encoding,1.0,0.9,0,0.0,38,task,0.00019999999494757503
0.0,0.25,No reminder,Weak encoding,1.0,0.9,0,0.0,39,task,0.00039999998989515007
0.0,0.25,No reminder,Weak encoding,1.0,0.9,0,0.0,40,task,0.0010000000474974513
0.0,0.25,No reminder,Weak encoding,1.0,0.9,0,0.0,41,task,0.0012000000569969416
0.0,0.25,No reminder,Weak encoding,1.0,0.9,0,0.0,42,task,0.0020000000949949026
0.0,0.25,No reminder,Weak encoding,1.0,0.9,0,0.0,43,task,0.00139999995008111
0.0,0.25,No reminder,Weak encoding,1.0,0.9,0,0.0,44,task,0.00139999995008111
0.0,0.25,No reminder,Weak encoding,1.0,0.9,0,0.0,45,task,0.0015999999595806003
0.0,0.25,No reminder,Weak encoding,1.0,0.9,0,0.0,46,task,0.002199999988079071
0.0,0.25,No reminder,Weak encoding,1.0,0.9,0,0.0,47,task,0.003000000026077032
0.0,0.25,No reminder,Weak encoding,1.0,0.9,0,0.0,48,task,0.005400000140070915
0.0,0.25,No reminder,Weak encoding,1.0,0.9,0,0.0,49,filler,0.006399999838322401
0.0,0.25,No reminder,Weak encoding,1.0,0.9,0,0.0,50,filler,0.006399999838322401
0.0,0.25,No reminder,Weak encoding,1.0,0.9,0,0.0,51,filler,0.013199999928474426
0.0,0.25,No reminder,Weak encoding,1.0,0.9,0,0.0,52,filler,0.014600000344216824
0.0,0.25,No reminder,Weak encoding,1.0,0.9,0,0.0,53,filler,0.020999999716877937
0.0,0.25,No reminder,Weak encoding,1.0,0.9,0,0.0,54,filler,0.02800000086426735
0.0,0.25,No reminder,Weak encoding,1.0,0.9,0,0.0,55,filler,0.0414000004529953
0.0,0.25,No reminder,Weak encoding,1.0,0.9,0,0.0,56,filler,0.052799999713897705
0.0,0.25,No reminder,Weak encoding,1.0,0.9,0,0.0,57,filler,0.07240000367164612
0.0,0.25,No reminder,Weak encoding,1.0,0.9,0,0.0,58,filler,0.10140000283718109
0.0,0.25,No reminder,Weak encoding,1.0,0.9,0,0.0,59,filler,0.1242000013589859
0.0,0.25,No reminder,Weak encoding,1.0,0.9,0,0.0,60,filler,0.17880000174045563
0.0,0.25,No reminder,Weak encoding,1.0,0.9,0,0.0,61,filler,0.23800000548362732
0.0,0.25,No reminder,Weak encoding,1.0,0.9,0,0.0,62,filler,0.3012000024318695
0.0,0.25,No reminder,Weak encoding,1.0,0.9,0,0.0,63,filler,0.3779999911785126
0.0,0.25,No reminder,Weak encoding,1.0,0.9,0,0.0,64,filler,0.4607999920845032
0.0,0.25,No reminder,Strong encoding,2.0,0.9,0,0.0,1,film,0.1080000028014183
0.0,0.25,No reminder,Strong encoding,2.0,0.9,0,0.0,2,film,0.14419999718666077
0.0,0.25,No reminder,Strong encoding,2.0,0.9,0,0.0,3,film,0.18559999763965607
0.0,0.25,No reminder,Strong encoding,2.0,0.9,0,0.0,4,film,0.21580000221729279
0.0,0.25,No reminder,Strong encoding,2.0,0.9,0,0.0,5,film,0.24320000410079956
0.0,0.25,No reminder,Strong encoding,2.0,0.9,0,0.0,6,film,0.2680000066757202
0.0,0.25,No reminder,Strong encoding,2.0,0.9,0,0.0,7,film,0.2946000099182129
0.0,0.25,No reminder,Strong encoding,2.0,0.9,0,0.0,8,film,0.33239999413490295
0.0,0.25,No reminder,Strong encoding,2.0,0.9,0,0.0,9,film,0.34619998931884766
0.0,0.25,No reminder,Strong encoding,2.0,0.9,0,0.0,10,film,0.3617999851703644
0.0,0.25,No reminder,Strong encoding,2.0,0.9,0,0.0,11,film,0.3628000020980835
0.0,0.25,No reminder,Strong encoding,2.0,0.9,0,0.0,12,film,0.36640000343322754
0.0,0.25,No reminder,Strong encoding,2.0,0.9,0,0.0,13,film,0.37959998846054077
0.0,0.25,No reminder,Strong encoding,2.0,0.9,0,0.0,14,film,0.3779999911785126
0.0,0.25,No reminder,Strong encoding,2.0,0.9,0,0.0,15,film,0.35659998655319214
0.0,0.25,No reminder,Strong encoding,2.0,0.9,0,0.0,16,film,0.3384000062942505
0.0,0.25,No reminder,Strong encoding,2.0,0.9,0,0.0,17,break,0.17980000376701355
0.0,0.25,No reminder,Strong encoding,2.0,0.9,0,0.0,18,break,0.13199999928474426
0.0,0.25,No reminder,Strong encoding,2.0,0.9,0,0.0,19,break,0.08839999884366989
0.0,0.25,No reminder,Strong encoding,2.0,0.9,0,0.0,20,break,0.06279999762773514
0.0,0.25,No reminder,Strong encoding,2.0,0.9,0,0.0,21,break,0.04699999839067459
0.0,0.25,No reminder,Strong encoding,2.0,0.9,0,0.0,22,break,0.03700000047683716
0.0,0.25,No reminder,Strong encoding,2.0,0.9,0,0.0,23,break,0.026799999177455902
0.0,0.25,No reminder,Strong encoding,2.0,0.9,0,0.0,24,break,0.019200000911951065
0.0,0.25,No reminder,Strong encoding,2.0,0.9,0,0.0,25,break,0.015200000256299973
0.0,0.25,No reminder,Strong encoding,2.0,0.9,0,0.0,26,break,0.00800000037997961
0.0,0.25,No reminder,Strong encoding,2.0,0.9,0,0.0,27,break,0.00559999980032444
0.0,0.25,No reminder,Strong encoding,2.0,0.9,0,0.0,28,break,0.004600000102072954
0.0,0.25,No reminder,Strong encoding,2.0,0.9,0,0.0,29,break,0.003000000026077032
0.0,0.25,No reminder,Strong encoding,2.0,0.9,0,0.0,30,break,0.002199999988079071
0.0,0.25,No reminder,Strong encoding,2.0,0.9,0,0.0,31,break,0.002199999988079071
0.0,0.25,No reminder,Strong encoding,2.0,0.9,0,0.0,32,break,0.0017999999690800905
0.0,0.25,No reminder,Strong encoding,2.0,0.9,0,0.0,33,task,0.01759999990463257
0.0,0.25,No reminder,Strong encoding,2.0,0.9,0,0.0,34,task,0.011599999852478504
0.0,0.25,No reminder,Strong encoding,2.0,0.9,0,0.0,35,task,0.013799999840557575
0.0,0.25,No reminder,Strong encoding,2.0,0.9,0,0.0,36,task,0.011599999852478504
0.0,0.25,No reminder,Strong encoding,2.0,0.9,0,0.0,37,task,0.01080000028014183
0.0,0.25,No reminder,Strong encoding,2.0,0.9,0,0.0,38,task,0.012000000104308128
0.0,0.25,No reminder,Strong encoding,2.0,0.9,0,0.0,39,task,0.013799999840557575
0.0,0.25,No reminder,Strong encoding,2.0,0.9,0,0.0,40,task,0.017999999225139618
0.0,0.25,No reminder,Strong encoding,2.0,0.9,0,0.0,41,task,0.01720000058412552
0.0,0.25,No reminder,Strong encoding,2.0,0.9,0,0.0,42,task,0.020400000736117363
0.0,0.25,No reminder,Strong encoding,2.0,0.9,0,0.0,43,task,0.02199999988079071
0.0,0.25,No reminder,Strong encoding,2.0,0.9,0,0.0,44,task,0.02800000086426735
0.0,0.25,No reminder,Strong encoding,2.0,0.9,0,0.0,45,task,0.03799999877810478
0.0,0.25,No reminder,Strong encoding,2.0,0.9,0,0.0,46,task,0.040800001472234726
0.0,0.25,No reminder,Strong encoding,2.0,0.9,0,0.0,47,task,0.04780000075697899
0.0,0.25,No reminder,Strong encoding,2.0,0.9,0,0.0,48,task,0.0681999996304512
0.0,0.25,No reminder,Strong encoding,2.0,0.9,0,0.0,49,filler,0.00839999970048666
0.0,0.25,No reminder,Strong encoding,2.0,0.9,0,0.0,50,filler,0.01080000028014183
0.0,0.25,No reminder,Strong encoding,2.0,0.9,0,0.0,51,filler,0.0142000000923872
0.0,0.25,No reminder,Strong encoding,2.0,0.9,0,0.0,52,filler,0.016200000420212746
0.0,0.25,No reminder,Strong encoding,2.0,0.9,0,0.0,53,filler,0.022199999541044235
0.0,0.25,No reminder,Strong encoding,2.0,0.9,0,0.0,54,filler,0.029400000348687172
0.0,0.25,No reminder,Strong encoding,2.0,0.9,0,0.0,55,filler,0.03680000081658363
0.0,0.25,No reminder,Strong encoding,2.0,0.9,0,0.0,56,filler,0.04500000178813934
0.0,0.25,No reminder,Strong encoding,2.0,0.9,0,0.0,57,filler,0.05959999933838844
0.0,0.25,No reminder,Strong encoding,2.0,0.9,0,0.0,58,filler,0.08500000089406967
0.0,0.25,No reminder,Strong encoding,2.0,0.9,0,0.0,59,filler,0.12060000002384186
0.0,0.25,No reminder,Strong encoding,2.0,0.9,0,0.0,60,filler,0.16660000383853912
0.0,0.25,No reminder,Strong encoding,2.0,0.9,0,0.0,61,filler,0.2142000049352646
0.0,0.25,No reminder,Strong encoding,2.0,0.9,0,0.0,62,filler,0.27160000801086426
0.0,0.25,No reminder,Strong encoding,2.0,0.9,0,0.0,63,filler,0.35420000553131104
0.0,0.25,No reminder,Strong encoding,2.0,0.9,0,0.0,64,filler,0.4424000084400177
0.0,0.25,With reminder,Weak encoding,1.0,0.9,0,0.0,1,film,0.1111999973654747
0.0,0.25,With reminder,Weak encoding,1.0,0.9,0,0.0,2,film,0.1356000006198883
0.0,0.25,With reminder,Weak encoding,1.0,0.9,0,0.0,3,film,0.17679999768733978
0.0,0.25,With reminder,Weak encoding,1.0,0.9,0,0.0,4,film,0.20640000700950623
0.0,0.25,With reminder,Weak encoding,1.0,0.9,0,0.0,5,film,0.23080000281333923
0.0,0.25,With reminder,Weak encoding,1.0,0.9,0,0.0,6,film,0.2635999917984009
0.0,0.25,With reminder,Weak encoding,1.0,0.9,0,0.0,7,film,0.2815999984741211
0.0,0.25,With reminder,Weak encoding,1.0,0.9,0,0.0,8,film,0.31520000100135803
0.0,0.25,With reminder,Weak encoding,1.0,0.9,0,0.0,9,film,0.32659998536109924
0.0,0.25,With reminder,Weak encoding,1.0,0.9,0,0.0,10,film,0.3458000123500824
0.0,0.25,With reminder,Weak encoding,1.0,0.9,0,0.0,11,film,0.3508000075817108
0.0,0.25,With reminder,Weak encoding,1.0,0.9,0,0.0,12,film,0.35420000553131104
0.0,0.25,With reminder,Weak encoding,1.0,0.9,0,0.0,13,film,0.35260000824928284
0.0,0.25,With reminder,Weak encoding,1.0,0.9,0,0.0,14,film,0.3409999907016754
0.0,0.25,With reminder,Weak encoding,1.0,0.9,0,0.0,15,film,0.3357999920845032
0.0,0.25,With reminder,Weak encoding,1.0,0.9,0,0.0,16,film,0.31360000371932983
0.0,0.25,With reminder,Weak encoding,1.0,0.9,0,0.0,17,break,0.16500000655651093
0.0,0.25,With reminder,Weak encoding,1.0,0.9,0,0.0,18,break,0.1111999973654747
0.0,0.25,With reminder,Weak encoding,1.0,0.9,0,0.0,19,break,0.07720000296831131
0.0,0.25,With reminder,Weak encoding,1.0,0.9,0,0.0,20,break,0.05420000106096268
0.0,0.25,With reminder,Weak encoding,1.0,0.9,0,0.0,21,break,0.039799999445676804
0.0,0.25,With reminder,Weak encoding,1.0,0.9,0,0.0,22,break,0.027000000700354576
0.0,0.25,With reminder,Weak encoding,1.0,0.9,0,0.0,23,break,0.0142000000923872
0.0,0.25,With reminder,Weak encoding,1.0,0.9,0,0.0,24,break,0.012600000016391277
0.0,0.25,With reminder,Weak encoding,1.0,0.9,0,0.0,25,break,0.009200000204145908
0.0,0.25,With reminder,Weak encoding,1.0,0.9,0,0.0,26,break,0.0034000000450760126
0.0,0.25,With reminder,Weak encoding,1.0,0.9,0,0.0,27,break,0.0031999999191612005
0.0,0.25,With reminder,Weak encoding,1.0,0.9,0,0.0,28,break,0.004600000102072954
0.0,0.25,With reminder,Weak encoding,1.0,0.9,0,0.0,29,break,0.003599999938160181
0.0,0.25,With reminder,Weak encoding,1.0,0.9,0,0.0,30,break,0.0015999999595806003
0.0,0.25,With reminder,Weak encoding,1.0,0.9,0,0.0,31,break,0.0007999999797903001
0.0,0.25,With reminder,Weak encoding,1.0,0.9,0,0.0,32,break,0.00019999999494757503
0.0,0.25,With reminder,Weak encoding,1.0,0.9,0,0.0,33,task,0.18880000710487366
0.0,0.25,With reminder,Weak encoding,1.0,0.9,0,0.0,34,task,0.13580000400543213
0.0,0.25,With reminder,Weak encoding,1.0,0.9,0,0.0,35,task,0.10980000346899033
0.0,0.25,With reminder,Weak encoding,1.0,0.9,0,0.0,36,task,0.06800000369548798
0.0,0.25,With reminder,Weak encoding,1.0,0.9,0,0.0,37,task,0.0568000003695488
0.0,0.25,With reminder,Weak encoding,1.0,0.9,0,0.0,38,task,0.04360000044107437
0.0,0.25,With reminder,Weak encoding,1.0,0.9,0,0.0,39,task,0.03180000185966492
0.0,0.25,With reminder,Weak encoding,1.0,0.9,0,0.0,40,task,0.025599999353289604
0.0,0.25,With reminder,Weak encoding,1.0,0.9,0,0.0,41,task,0.015599999576807022
0.0,0.25,With reminder,Weak encoding,1.0,0.9,0,0.0,42,task,0.011800000444054604
0.0,0.25,With reminder,Weak encoding,1.0,0.9,0,0.0,43,task,0.013000000268220901
0.0,0.25,With reminder,Weak encoding,1.0,0.9,0,0.0,44,task,0.009800000116229057
0.0,0.25,With reminder,Weak encoding,1.0,0.9,0,0.0,45,task,0.010999999940395355
0.0,0.25,With reminder,Weak encoding,1.0,0.9,0,0.0,46,task,0.009999999776482582
0.0,0.25,With reminder,Weak encoding,1.0,0.9,0,0.0,47,task,0.009800000116229057
0.0,0.25,With reminder,Weak encoding,1.0,0.9,0,0.0,48,task,0.010999999940395355
0.0,0.25,With reminder,Weak encoding,1.0,0.9,0,0.0,49,filler,0.010599999688565731
0.0,0.25,With reminder,Weak encoding,1.0,0.9,0,0.0,50,filler,0.015200000256299973
0.0,0.25,With reminder,Weak encoding,1.0,0.9,0,0.0,51,filler,0.017400000244379044
0.0,0.25,With reminder,Weak encoding,1.0,0.9,0,0.0,52,filler,0.018400000408291817
0.0,0.25,With reminder,Weak encoding,1.0,0.9,0,0.0,53,filler,0.024000000208616257
0.0,0.25,With reminder,Weak encoding,1.0,0.9,0,0.0,54,filler,0.03139999881386757
0.0,0.25,With reminder,Weak encoding,1.0,0.9,0,0.0,55,filler,0.0421999990940094
0.0,0.25,With reminder,Weak encoding,1.0,0.9,0,0.0,56,filler,0.049400001764297485
0.0,0.25,With reminder,Weak encoding,1.0,0.9,0,0.0,57,filler,0.06300000101327896
0.0,0.25,With reminder,Weak encoding,1.0,0.9,0,0.0,58,filler,0.09719999879598618
0.0,0.25,With reminder,Weak encoding,1.0,0.9,0,0.0,59,filler,0.12219999730587006
0.0,0.25,With reminder,Weak encoding,1.0,0.9,0,0.0,60,filler,0.1597999930381775
0.0,0.25,With reminder,Weak encoding,1.0,0.9,0,0.0,61,filler,0.2176000028848648
0.0,0.25,With reminder,Weak encoding,1.0,0.9,0,0.0,62,filler,0.28279998898506165
0.0,0.25,With reminder,Weak encoding,1.0,0.9,0,0.0,63,filler,0.3578000068664551
0.0,0.25,With reminder,Weak encoding,1.0,0.9,0,0.0,64,filler,0.42340001463890076
0.0,0.25,With reminder,Strong encoding,2.0,0.9,0,0.0,1,film,0.06859999895095825
0.0,0.25,With reminder,Strong encoding,2.0,0.9,0,0.0,2,film,0.08460000157356262
0.0,0.25,With reminder,Strong encoding,2.0,0.9,0,0.0,3,film,0.10000000149011612
0.0,0.25,With reminder,Strong encoding,2.0,0.9,0,0.0,4,film,0.1143999993801117
0.0,0.25,With reminder,Strong encoding,2.0,0.9,0,0.0,5,film,0.13500000536441803
0.0,0.25,With reminder,Strong encoding,2.0,0.9,0,0.0,6,film,0.1436000019311905
0.0,0.25,With reminder,Strong encoding,2.0,0.9,0,0.0,7,film,0.14480000734329224
0.0,0.25,With reminder,Strong encoding,2.0,0.9,0,0.0,8,film,0.16840000450611115
0.0,0.25,With reminder,Strong encoding,2.0,0.9,0,0.0,9,film,0.1679999977350235
0.0,0.25,With reminder,Strong encoding,2.0,0.9,0,0.0,10,film,0.1777999997138977
0.0,0.25,With reminder,Strong encoding,2.0,0.9,0,0.0,11,film,0.17339999973773956
0.0,0.25,With reminder,Strong encoding,2.0,0.9,0,0.0,12,film,0.16120000183582306
0.0,0.25,With reminder,Strong encoding,2.0,0.9,0,0.0,13,film,0.15620000660419464
0.0,0.25,With reminder,Strong encoding,2.0,0.9,0,0.0,14,film,0.1542000025510788
0.0,0.25,With reminder,Strong encoding,2.0,0.9,0,0.0,15,film,0.14820000529289246
0.0,0.25,With reminder,Strong encoding,2.0,0.9,0,0.0,16,film,0.1348000019788742
0.0,0.25,With reminder,Strong encoding,2.0,0.9,0,0.0,17,break,0.05420000106096268
0.0,0.25,With reminder,Strong encoding,2.0,0.9,0,0.0,18,break,0.04520000144839287
0.0,0.25,With reminder,Strong encoding,2.0,0.9,0,0.0,19,break,0.02419999986886978
0.0,0.25,With reminder,Strong encoding,2.0,0.9,0,0.0,20,break,0.017799999564886093
0.0,0.25,With reminder,Strong encoding,2.0,0.9,0,0.0,21,break,0.013000000268220901
0.0,0.25,With reminder,Strong encoding,2.0,0.9,0,0.0,22,break,0.009999999776482582
0.0,0.25,With reminder,Strong encoding,2.0,0.9,0,0.0,23,break,0.007799999788403511
0.0,0.25,With reminder,Strong encoding,2.0,0.9,0,0.0,24,break,0.003599999938160181
0.0,0.25,With reminder,Strong encoding,2.0,0.9,0,0.0,25,break,0.00559999980032444
0.0,0.25,With reminder,Strong encoding,2.0,0.9,0,0.0,26,break,0.0020000000949949026
0.0,0.25,With reminder,Strong encoding,2.0,0.9,0,0.0,27,break,0.0006000000284984708
0.0,0.25,With reminder,Strong encoding,2.0,0.9,0,0.0,28,break,0.0007999999797903001
0.0,0.25,With reminder,Strong encoding,2.0,0.9,0,0.0,29,break,0.0
0.0,0.25,With reminder,Strong encoding,2.0,0.9,0,0.0,30,break,0.0006000000284984708
0.0,0.25,With reminder,Strong encoding,2.0,0.9,0,0.0,31,break,0.00039999998989515007
0.0,0.25,With reminder,Strong encoding,2.0,0.9,0,0.0,32,break,0.0010000000474974513
0.0,0.25,With reminder,Strong encoding,2.0,0.9,0,0.0,33,task,0.5845999717712402
0.0,0.25,With reminder,Strong encoding,2.0,0.9,0,0.0,34,task,0.5123999714851379
0.0,0.25,With reminder,Strong encoding,2.0,0.9,0,0.0,35,task,0.4521999955177307
0.0,0.25,With reminder,Strong encoding,2.0,0.9,0,0.0,36,task,0.39959999918937683
0.0,0.25,With reminder,Strong encoding,2.0,0.9,0,0.0,37,task,0.33880001306533813
0.0,0.25,With reminder,Strong encoding,2.0,0.9,0,0.0,38,task,0.2766000032424927
0.0,0.25,With reminder,Strong encoding,2.0,0.9,0,0.0,39,task,0.23759999871253967
0.0,0.25,With reminder,Strong encoding,2.0,0.9,0,0.0,40,task,0.19619999825954437
0.0,0.25,With reminder,Strong encoding,2.0,0.9,0,0.0,41,task,0.16539999842643738
0.0,0.25,With reminder,Strong encoding,2.0,0.9,0,0.0,42,task,0.14579999446868896
0.0,0.25,With reminder,Strong encoding,2.0,0.9,0,0.0,43,task,0.13439999520778656
0.0,0.25,With reminder,Strong encoding,2.0,0.9,0,0.0,44,task,0.11819999665021896
0.0,0.25,With reminder,Strong encoding,2.0,0.9,0,0.0,45,task,0.10260000079870224
0.0,0.25,With reminder,Strong encoding,2.0,0.9,0,0.0,46,task,0.09880000352859497
0.0,0.25,With reminder,Strong encoding,2.0,0.9,0,0.0,47,task,0.09619999676942825
0.0,0.25,With reminder,Strong encoding,2.0,0.9,0,0.0,48,task,0.10040000081062317
0.0,0.25,With reminder,Strong encoding,2.0,0.9,0,0.0,49,filler,0.009999999776482582
0.0,0.25,With reminder,Strong encoding,2.0,0.9,0,0.0,50,filler,0.009800000116229057
0.0,0.25,With reminder,Strong encoding,2.0,0.9,0,0.0,51,filler,0.010999999940395355
0.0,0.25,With reminder,Strong encoding,2.0,0.9,0,0.0,52,filler,0.015200000256299973
0.0,0.25,With reminder,Strong encoding,2.0,0.9,0,0.0,53,filler,0.013199999928474426
0.0,0.25,With reminder,Strong encoding,2.0,0.9,0,0.0,54,filler,0.021199999377131462
0.0,0.25,With reminder,Strong encoding,2.0,0.9,0,0.0,55,filler,0.024399999529123306
0.0,0.25,With reminder,Strong encoding,2.0,0.9,0,0.0,56,filler,0.032999999821186066
0.0,0.25,With reminder,Strong encoding,2.0,0.9,0,0.0,57,filler,0.04100000113248825
0.0,0.25,With reminder,Strong encoding,2.0,0.9,0,0.0,58,filler,0.05979999899864197
0.0,0.25,With reminder,Strong encoding,2.0,0.9,0,0.0,59,filler,0.0820000022649765
0.0,0.25,With reminder,Strong encoding,2.0,0.9,0,0.0,60,filler,0.10119999945163727
0.0,0.25,With reminder,Strong encoding,2.0,0.9,0,0.0,61,filler,0.14339999854564667
0.0,0.25,With reminder,Strong encoding,2.0,0.9,0,0.0,62,filler,0.17720000445842743
0.0,0.25,With reminder,Strong encoding,2.0,0.9,0,0.0,63,filler,0.23340000212192535
0.0,0.25,With reminder,Strong encoding,2.0,0.9,0,0.0,64,filler,0.3001999855041504
0.0,0.0,No reminder,Weak encoding,1.0,0.9,0,0.0,1,film,0.14020000398159027
0.0,0.0,No reminder,Weak encoding,1.0,0.9,0,0.0,2,film,0.1632000058889389
0.0,0.0,No reminder,Weak encoding,1.0,0.9,0,0.0,3,film,0.2029999941587448
0.0,0.0,No reminder,Weak encoding,1.0,0.9,0,0.0,4,film,0.23160000145435333
0.0,0.0,No reminder,Weak encoding,1.0,0.9,0,0.0,5,film,0.2791999876499176
0.0,0.0,No reminder,Weak encoding,1.0,0.9,0,0.0,6,film,0.31200000643730164
0.0,0.0,No reminder,Weak encoding,1.0,0.9,0,0.0,7,film,0.3564000129699707
0.0,0.0,No reminder,Weak encoding,1.0,0.9,0,0.0,8,film,0.3718000054359436
0.0,0.0,No reminder,Weak encoding,1.0,0.9,0,0.0,9,film,0.38499999046325684
0.0,0.0,No reminder,Weak encoding,1.0,0.9,0,0.0,10,film,0.414000004529953
0.0,0.0,No reminder,Weak encoding,1.0,0.9,0,0.0,11,film,0.4244000017642975
0.0,0.0,No reminder,Weak encoding,1.0,0.9,0,0.0,12,film,0.4300000071525574
0.0,0.0,No reminder,Weak encoding,1.0,0.9,0,0.0,13,film,0.4259999990463257
0.0,0.0,No reminder,Weak encoding,1.0,0.9,0,0.0,14,film,0.42480000853538513
0.0,0.0,No reminder,Weak encoding,1.0,0.9,0,0.0,15,film,0.4041999876499176
0.0,0.0,No reminder,Weak encoding,1.0,0.9,0,0.0,16,film,0.3831999897956848
0.0,0.0,No reminder,Weak encoding,1.0,0.9,0,0.0,17,break,0.19200000166893005
0.0,0.0,No reminder,Weak encoding,1.0,0.9,0,0.0,18,break,0.14380000531673431
0.0,0.0,No reminder,Weak encoding,1.0,0.9,0,0.0,19,break,0.10140000283718109
0.0,0.0,No reminder,Weak encoding,1.0,0.9,0,0.0,20,break,0.0689999982714653
0.0,0.0,No reminder,Weak encoding,1.0,0.9,0,0.0,21,break,0.04859999939799309
0.0,0.0,No reminder,Weak encoding,1.0,0.9,0,0.0,22,break,0.03220000118017197
0.0,0.0,No reminder,Weak encoding,1.0,0.9,0,0.0,23,break,0.022199999541044235
0.0,0.0,No reminder,Weak encoding,1.0,0.9,0,0.0,24,break,0.015200000256299973
0.0,0.0,No reminder,Weak encoding,1.0,0.9,0,0.0,25,break,0.012799999676644802
0.0,0.0,No reminder,Weak encoding,1.0,0.9,0,0.0,26,break,0.007400000002235174
0.0,0.0,No reminder,Weak encoding,1.0,0.9,0,0.0,27,break,0.004800000227987766
0.0,0.0,No reminder,Weak encoding,1.0,0.9,0,0.0,28,break,0.004000000189989805
0.0,0.0,No reminder,Weak encoding,1.0,0.9,0,0.0,29,break,0.0017999999690800905
0.0,0.0,No reminder,Weak encoding,1.0,0.9,0,0.0,30,break,0.002199999988079071
0.0,0.0,No reminder,Weak encoding,1.0,0.9,0,0.0,31,break,0.0017999999690800905
0.0,0.0,No reminder,Weak encoding,1.0,0.9,0,0.0,32,break,0.002199999988079071
0.0,0.0,No reminder,Weak encoding,1.0,0.9,0,0.0,33,task,0.0007999999797903001
0.0,0.0,No reminder,Weak encoding,1.0,0.9,0,0.0,34,task,0.0006000000284984708
0.0,0.0,No reminder,Weak encoding,1.0,0.9,0,0.0,35,task,0.0006000000284984708
0.0,0.0,No reminder,Weak encoding,1.0,0.9,0,0.0,36,task,0.00039999998989515007
0.0,0.0,No reminder,Weak encoding,1.0,0.9,0,0.0,37,task,0.0006000000284984708
0.0,0.0,No reminder,Weak encoding,1.0,0.9,0,0.0,38,task,0.0006000000284984708
0.0,0.0,No reminder,Weak encoding,1.0,0.9,0,0.0,39,task,0.00039999998989515007
0.0,0.0,No reminder,Weak encoding,1.0,0.9,0,0.0,40,task,0.0007999999797903001
0.0,0.0,No reminder,Weak encoding,1.0,0.9,0,0.0,41,task,0.0010000000474974513
0.0,0.0,No reminder,Weak encoding,1.0,0.9,0,0.0,42,task,0.00039999998989515007
0.0,0.0,No reminder,Weak encoding,1.0,0.9,0,0.0,43,task,0.0010000000474974513
0.0,0.0,No reminder,Weak encoding,1.0,0.9,0,0.0,44,task,0.0007999999797903001
0.0,0.0,No reminder,Weak encoding,1.0,0.9,0,0.0,45,task,0.00139999995008111
0.0,0.0,No reminder,Weak encoding,1.0,0.9,0,0.0,46,task,0.002199999988079071
0.0,0.0,No reminder,Weak encoding,1.0,0.9,0,0.0,47,task,0.00279999990016222
0.0,0.0,No reminder,Weak encoding,1.0,0.9,0,0.0,48,task,0.002400000113993883
0.0,0.0,No reminder,Weak encoding,1.0,0.9,0,0.0,49,filler,0.004399999976158142
0.0,0.0,No reminder,Weak encoding,1.0,0.9,0,0.0,50,filler,0.003800000064074993
0.0,0.0,No reminder,Weak encoding,1.0,0.9,0,0.0,51,filler,0.007400000002235174
0.0,0.0,No reminder,Weak encoding,1.0,0.9,0,0.0,52,filler,0.010400000028312206
0.0,0.0,No reminder,Weak encoding,1.0,0.9,0,0.0,53,filler,0.01360000018030405
0.0,0.0,No reminder,Weak encoding,1.0,0.9,0,0.0,54,filler,0.01940000057220459
0.0,0.0,No reminder,Weak encoding,1.0,0.9,0,0.0,55,filler,0.02319999970495701
0.0,0.0,No reminder,Weak encoding,1.0,0.9,0,0.0,56,filler,0.03420000150799751
0.0,0.0,No reminder,Weak encoding,1.0,0.9,0,0.0,57,filler,0.04560000076889992
0.0,0.0,No reminder,Weak encoding,1.0,0.9,0,0.0,58,filler,0.06040000170469284
0.0,0.0,No reminder,Weak encoding,1.0,0.9,0,0.0,59,filler,0.1005999967455864
0.0,0.0,No reminder,Weak encoding,1.0,0.9,0,0.0,60,filler,0.13279999792575836
0.0,0.0,No reminder,Weak encoding,1.0,0.9,0,0.0,61,filler,0.17640000581741333
0.0,0.0,No reminder,Weak encoding,1.0,0.9,0,0.0,62,filler,0.2409999966621399
0.0,0.0,No reminder,Weak encoding,1.0,0.9,0,0.0,63,filler,0.32679998874664307
0.0,0.0,No reminder,Weak encoding,1.0,0.9,0,0.0,64,filler,0.42399999499320984
0.0,0.0,No reminder,Strong encoding,2.0,0.9,0,0.0,1,film,0.1281999945640564
0.0,0.0,No reminder,Strong encoding,2.0,0.9,0,0.0,2,film,0.15880000591278076
0.0,0.0,No reminder,Strong encoding,2.0,0.9,0,0.0,3,film,0.20160000026226044
0.0,0.0,No reminder,Strong encoding,2.0,0.9,0,0.0,4,film,0.2433999925851822
0.0,0.0,No reminder,Strong encoding,2.0,0.9,0,0.0,5,film,0.27720001339912415
0.0,0.0,No reminder,Strong encoding,2.0,0.9,0,0.0,6,film,0.31139999628067017
0.0,0.0,No reminder,Strong encoding,2.0,0.9,0,0.0,7,film,0.3463999927043915
0.0,0.0,No reminder,Strong encoding,2.0,0.9,0,0.0,8,film,0.3617999851703644
0.0,0.0,No reminder,Strong encoding,2.0,0.9,0,0.0,9,film,0.3846000134944916
0.0,0.0,No reminder,Strong encoding,2.0,0.9,0,0.0,10,film,0.38940000534057617
0.0,0.0,No reminder,Strong encoding,2.0,0.9,0,0.0,11,film,0.4016000032424927
0.0,0.0,No reminder,Strong encoding,2.0,0.9,0,0.0,12,film,0.4065999984741211
0.0,0.0,No reminder,Strong encoding,2.0,0.9,0,0.0,13,film,0.39879998564720154
0.0,0.0,No reminder,Strong encoding,2.0,0.9,0,0.0,14,film,0.4009999930858612
0.0,0.0,No reminder,Strong encoding,2.0,0.9,0,0.0,15,film,0.3869999945163727
0.0,0.0,No reminder,Strong encoding,2.0,0.9,0,0.0,16,film,0.36000001430511475
0.0,0.0,No reminder,Strong encoding,2.0,0.9,0,0.0,17,break,0.19020000100135803
0.0,0.0,No reminder,Strong encoding,2.0,0.9,0,0.0,18,break,0.149399995803833
0.0,0.0,No reminder,Strong encoding,2.0,0.9,0,0.0,19,break,0.09880000352859497
0.0,0.0,No reminder,Strong encoding,2.0,0.9,0,0.0,20,break,0.066600002348423
0.0,0.0,No reminder,Strong encoding,2.0,0.9,0,0.0,21,break,0.04740000143647194
0.0,0.0,No reminder,Strong encoding,2.0,0.9,0,0.0,22,break,0.03099999949336052
0.0,0.0,No reminder,Strong encoding,2.0,0.9,0,0.0,23,break,0.023399999365210533
0.0,0.0,No reminder,Strong encoding,2.0,0.9,0,0.0,24,break,0.016200000420212746
0.0,0.0,No reminder,Strong encoding,2.0,0.9,0,0.0,25,break,0.010400000028312206
0.0,0.0,No reminder,Strong encoding,2.0,0.9,0,0.0,26,break,0.007600000128149986
0.0,0.0,No reminder,Strong encoding,2.0,0.9,0,0.0,27,break,0.006200000178068876
0.0,0.0,No reminder,Strong encoding,2.0,0.9,0,0.0,28,break,0.003800000064074993
0.0,0.0,No reminder,Strong encoding,2.0,0.9,0,0.0,29,break,0.0031999999191612005
0.0,0.0,No reminder,Strong encoding,2.0,0.9,0,0.0,30,break,0.0017999999690800905
0.0,0.0,No reminder,Strong encoding,2.0,0.9,0,0.0,31,break,0.0012000000569969416
0.0,0.0,No reminder,Strong encoding,2.0,0.9,0,0.0,32,break,0.00139999995008111
0.0,0.0,No reminder,Strong encoding,2.0,0.9,0,0.0,33,task,0.012400000356137753
0.0,0.0,No reminder,Strong encoding,2.0,0.9,0,0.0,34,task,0.00839999970048666
0.0,0.0,No reminder,Strong encoding,2.0,0.9,0,0.0,35,task,0.010599999688565731
0.0,0.0,No reminder,Strong encoding,2.0,0.9,0,0.0,36,task,0.00839999970048666
0.0,0.0,No reminder,Strong encoding,2.0,0.9,0,0.0,37,task,0.00800000037997961
0.0,0.0,No reminder,Strong encoding,2.0,0.9,0,0.0,38,task,0.00800000037997961
0.0,0.0,No reminder,Strong encoding,2.0,0.9,0,0.0,39,task,0.006800000090152025
0.0,0.0,No reminder,Strong encoding,2.0,0.9,0,0.0,40,task,0.00860000029206276
0.0,0.0,No reminder,Strong encoding,2.0,0.9,0,0.0,41,task,0.006800000090152025
0.0,0.0,No reminder,Strong encoding,2.0,0.9,0,0.0,42,task,0.010999999940395355
0.0,0.0,No reminder,Strong encoding,2.0,0.9,0,0.0,43,task,0.011599999852478504
0.0,0.0,No reminder,Strong encoding,2.0,0.9,0,0.0,44,task,0.013399999588727951
0.0,0.0,No reminder,Strong encoding,2.0,0.9,0,0.0,45,task,0.017999999225139618
0.0,0.0,No reminder,Strong encoding,2.0,0.9,0,0.0,46,task,0.019600000232458115
0.0,0.0,No reminder,Strong encoding,2.0,0.9,0,0.0,47,task,0.026000000536441803
0.0,0.0,No reminder,Strong encoding,2.0,0.9,0,0.0,48,task,0.03200000151991844
0.0,0.0,No reminder,Strong encoding,2.0,0.9,0,0.0,49,filler,0.0031999999191612005
0.0,0.0,No reminder,Strong encoding,2.0,0.9,0,0.0,50,filler,0.005799999926239252
0.0,0.0,No reminder,Strong encoding,2.0,0.9,0,0.0,51,filler,0.009399999864399433
0.0,0.0,No reminder,Strong encoding,2.0,0.9,0,0.0,52,filler,0.01140000019222498
0.0,0.0,No reminder,Strong encoding,2.0,0.9,0,0.0,53,filler,0.01080000028014183
0.0,0.0,No reminder,Strong encoding,2.0,0.9,0,0.0,54,filler,0.017999999225139618
0.0,0.0,No reminder,Strong encoding,2.0,0.9,0,0.0,55,filler,0.02280000038444996
0.0,0.0,No reminder,Strong encoding,2.0,0.9,0,0.0,56,filler,0.03420000150799751
0.0,0.0,No reminder,Strong encoding,2.0,0.9,0,0.0,57,filler,0.050999999046325684
0.0,0.0,No reminder,Strong encoding,2.0,0.9,0,0.0,58,filler,0.06539999693632126
0.0,0.0,No reminder,Strong encoding,2.0,0.9,0,0.0,59,filler,0.0957999974489212
0.0,0.0,No reminder,Strong encoding,2.0,0.9,0,0.0,60,filler,0.13279999792575836
0.0,0.0,No reminder,Strong encoding,2.0,0.9,0,0.0,61,filler,0.17499999701976776
0.0,0.0,No reminder,Strong encoding,2.0,0.9,0,0.0,62,filler,0.24140000343322754
0.0,0.0,No reminder,Strong encoding,2.0,0.9,0,0.0,63,filler,0.32260000705718994
0.0,0.0,No reminder,Strong encoding,2.0,0.9,0,0.0,64,filler,0.4052000045776367
0.0,0.0,With reminder,Weak encoding,1.0,0.9,0,0.0,1,film,0.11680000275373459
0.0,0.0,With reminder,Weak encoding,1.0,0.9,0,0.0,2,film,0.1446000039577484
0.0,0.0,With reminder,Weak encoding,1.0,0.9,0,0.0,3,film,0.1940000057220459
0.0,0.0,With reminder,Weak encoding,1.0,0.9,0,0.0,4,film,0.21480000019073486
0.0,0.0,With reminder,Weak encoding,1.0,0.9,0,0.0,5,film,0.25060001015663147
0.0,0.0,With reminder,Weak encoding,1.0,0.9,0,0.0,6,film,0.28940001130104065
0.0,0.0,With reminder,Weak encoding,1.0,0.9,0,0.0,7,film,0.3025999963283539
0.0,0.0,With reminder,Weak encoding,1.0,0.9,0,0.0,8,film,0.33239999413490295
0.0,0.0,With reminder,Weak encoding,1.0,0.9,0,0.0,9,film,0.35920000076293945
0.0,0.0,With reminder,Weak encoding,1.0,0.9,0,0.0,10,film,0.3783999979496002
0.0,0.0,With reminder,Weak encoding,1.0,0.9,0,0.0,11,film,0.3790000081062317
0.0,0.0,With reminder,Weak encoding,1.0,0.9,0,0.0,12,film,0.3734000027179718
0.0,0.0,With reminder,Weak encoding,1.0,0.9,0,0.0,13,film,0.367000013589859
0.0,0.0,With reminder,Weak encoding,1.0,0.9,0,0.0,14,film,0.3653999865055084
0.0,0.0,With reminder,Weak encoding,1.0,0.9,0,0.0,15,film,0.3476000130176544
0.0,0.0,With reminder,Weak encoding,1.0,0.9,0,0.0,16,film,0.32440000772476196
0.0,0.0,With reminder,Weak encoding,1.0,0.9,0,0.0,17,break,0.16500000655651093
0.0,0.0,With reminder,Weak encoding,1.0,0.9,0,0.0,18,break,0.1143999993801117
0.0,0.0,With reminder,Weak encoding,1.0,0.9,0,0.0,19,break,0.0812000036239624
0.0,0.0,With reminder,Weak encoding,1.0,0.9,0,0.0,20,break,0.05460000038146973
0.0,0.0,With reminder,Weak encoding,1.0,0.9,0,0.0,21,break,0.033799998462200165
0.0,0.0,With reminder,Weak encoding,1.0,0.9,0,0.0,22,break,0.02500000037252903
0.0,0.0,With reminder,Weak encoding,1.0,0.9,0,0.0,23,break,0.017000000923871994
0.0,0.0,With reminder,Weak encoding,1.0,0.9,0,0.0,24,break,0.012000000104308128
0.0,0.0,With reminder,Weak encoding,1.0,0.9,0,0.0,25,break,0.007400000002235174
0.0,0.0,With reminder,Weak encoding,1.0,0.9,0,0.0,26,break,0.004999999888241291
0.0,0.0,With reminder,Weak encoding,1.0,0.9,0,0.0,27,break,0.004000000189989805
0.0,0.0,With reminder,Weak encoding,1.0,0.9,0,0.0,28,break,0.00139999995008111
0.0,0.0,With reminder,Weak encoding,1.0,0.9,0,0.0,29,break,0.0020000000949949026
0.0,0.0,With reminder,Weak encoding,1.0,0.9,0,0.0,30,break,0.0020000000949949026
0.0,0.0,With reminder,Weak encoding,1.0,0.9,0,0.0,31,break,0.0017999999690800905
0.0,0.0,With reminder,Weak encoding,1.0,0.9,0,0.0,32,break,0.0006000000284984708
0.0,0.0,With reminder,Weak encoding,1.0,0.9,0,0.0,33,task,0.20180000364780426
0.0,0.0,With reminder,Weak encoding,1.0,0.9,0,0.0,34,task,0.1459999978542328
0.0,0.0,With reminder,Weak encoding,1.0,0.9,0,0.0,35,task,0.10440000146627426
0.0,0.0,With reminder,Weak encoding,1.0,0.9,0,0.0,36,task,0.07479999959468842
0.0,0.0,With reminder,Weak encoding,1.0,0.9,0,0.0,37,task,0.04839999973773956
0.0,0.0,With reminder,Weak encoding,1.0,0.9,0,0.0,38,task,0.04039999842643738
0.0,0.0,With reminder,Weak encoding,1.0,0.9,0,0.0,39,task,0.026399999856948853
0.0,0.0,With reminder,Weak encoding,1.0,0.9,0,0.0,40,task,0.02019999921321869
0.0,0.0,With reminder,Weak encoding,1.0,0.9,0,0.0,41,task,0.017400000244379044
0.0,0.0,With reminder,Weak encoding,1.0,0.9,0,0.0,42,task,0.010999999940395355
0.0,0.0,With reminder,Weak encoding,1.0,0.9,0,0.0,43,task,0.008799999952316284
0.0,0.0,With reminder,Weak encoding,1.0,0.9,0,0.0,44,task,0.00839999970048666
0.0,0.0,With reminder,Weak encoding,1.0,0.9,0,0.0,45,task,0.006599999964237213
0.0,0.0,With reminder,Weak encoding,1.0,0.9,0,0.0,46,task,0.008200000040233135
0.0,0.0,With reminder,Weak encoding,1.0,0.9,0,0.0,47,task,0.006399999838322401
0.0,0.0,With reminder,Weak encoding,1.0,0.9,0,0.0,48,task,0.007199999876320362
0.0,0.0,With reminder,Weak encoding,1.0,0.9,0,0.0,49,filler,0.009399999864399433
0.0,0.0,With reminder,Weak encoding,1.0,0.9,0,0.0,50,filler,0.008799999952316284
0.0,0.0,With reminder,Weak encoding,1.0,0.9,0,0.0,51,filler,0.01119999960064888
0.0,0.0,With reminder,Weak encoding,1.0,0.9,0,0.0,52,filler,0.01360000018030405
0.0,0.0,With reminder,Weak encoding,1.0,0.9,0,0.0,53,filler,0.01720000058412552
0.0,0.0,With reminder,Weak encoding,1.0,0.9,0,0.0,54,filler,0.024399999529123306
0.0,0.0,With reminder,Weak encoding,1.0,0.9,0,0.0,55,filler,0.026599999517202377
0.0,0.0,With reminder,Weak encoding,1.0,0.9,0,0.0,56,filler,0.03700000047683716
0.0,0.0,With reminder,Weak encoding,1.0,0.9,0,0.0,57,filler,0.052799999713897705
0.0,0.0,With reminder,Weak encoding,1.0,0.9,0,0.0,58,filler,0.07580000162124634
0.0,0.0,With reminder,Weak encoding,1.0,0.9,0,0.0,59,filler,0.09300000220537186
0.0,0.0,With reminder,Weak encoding,1.0,0.9,0,0.0,60,filler,0.12639999389648438
0.0,0.0,With reminder,Weak encoding,1.0,0.9,0,0.0,61,filler,0.17739999294281006
0.0,0.0,With reminder,Weak encoding,1.0,0.9,0,0.0,62,filler,0.2451999932527542
0.0,0.0,With reminder,Weak encoding,1.0,0.9,0,0.0,63,filler,0.3131999969482422
0.0,0.0,With reminder,Weak encoding,1.0,0.9,0,0.0,64,filler,0.40619999170303345
0.0,0.0,With reminder,Strong encoding,2.0,0.9,0,0.0,1,film,0.0868000015616417
0.0,0.0,With reminder,Strong encoding,2.0,0.9,0,0.0,2,film,0.11180000007152557
0.0,0.0,With reminder,Strong encoding,2.0,0.9,0,0.0,3,film,0.14079999923706055
0.0,0.0,With reminder,Strong encoding,2.0,0.9,0,0.0,4,film,0.1509999930858612
0.0,0.0,With reminder,Strong encoding,2.0,0.9,0,0.0,5,film,0.17180000245571136
0.0,0.0,With reminder,Strong encoding,2.0,0.9,0,0.0,6,film,0.18960000574588776
0.0,0.0,With reminder,Strong encoding,2.0,0.9,0,0.0,7,film,0.21080000698566437
0.0,0.0,With reminder,Strong encoding,2.0,0.9,0,0.0,8,film,0.21580000221729279
0.0,0.0,With reminder,Strong encoding,2.0,0.9,0,0.0,9,film,0.2354000061750412
0.0,0.0,With reminder,Strong encoding,2.0,0.9,0,0.0,10,film,0.23100000619888306
0.0,0.0,With reminder,Strong encoding,2.0,0.9,0,0.0,11,film,0.23499999940395355
0.0,0.0,With reminder,Strong encoding,2.0,0.9,0,0.0,12,film,0.21699999272823334
0.0,0.0,With reminder,Strong encoding,2.0,0.9,0,0.0,13,film,0.21979999542236328
0.0,0.0,With reminder,Strong encoding,2.0,0.9,0,0.0,14,film,0.20579999685287476
0.0,0.0,With reminder,Strong encoding,2.0,0.9,0,0.0,15,film,0.20579999685287476
0.0,0.0,With reminder,Strong encoding,2.0,0.9,0,0.0,16,film,0.17800000309944153
0.0,0.0,With reminder,Strong encoding,2.0,0.9,0,0.0,17,break,0.07360000163316727
0.0,0.0,With reminder,Strong encoding,2.0,0.9,0,0.0,18,break,0.05339999869465828
0.0,0.0,With reminder,Strong encoding,2.0,0.9,0,0.0,19,break,0.03539999946951866
0.0,0.0,With reminder,Strong encoding,2.0,0.9,0,0.0,20,break,0.023800000548362732
0.0,0.0,With reminder,Strong encoding,2.0,0.9,0,0.0,21,break,0.015200000256299973
0.0,0.0,With reminder,Strong encoding,2.0,0.9,0,0.0,22,break,0.013000000268220901
0.0,0.0,With reminder,Strong encoding,2.0,0.9,0,0.0,23,break,0.009200000204145908
0.0,0.0,With reminder,Strong encoding,2.0,0.9,0,0.0,24,break,0.004800000227987766
0.0,0.0,With reminder,Strong encoding,2.0,0.9,0,0.0,25,break,0.0031999999191612005
0.0,0.0,With reminder,Strong encoding,2.0,0.9,0,0.0,26,break,0.0017999999690800905
0.0,0.0,With reminder,Strong encoding,2.0,0.9,0,0.0,27,break,0.0020000000949949026
0.0,0.0,With reminder,Strong encoding,2.0,0.9,0,0.0,28,break,0.0012000000569969416
0.0,0.0,With reminder,Strong encoding,2.0,0.9,0,0.0,29,break,0.0017999999690800905
0.0,0.0,With reminder,Strong encoding,2.0,0.9,0,0.0,30,break,0.0006000000284984708
0.0,0.0,With reminder,Strong encoding,2.0,0.9,0,0.0,31,break,0.0012000000569969416
0.0,0.0,With reminder,Strong encoding,2.0,0.9,0,0.0,32,break,0.00039999998989515007
0.0,0.0,With reminder,Strong encoding,2.0,0.9,0,0.0,33,task,0.6284000277519226
0.0,0.0,With reminder,Strong encoding,2.0,0.9,0,0.0,34,task,0.5152000188827515
0.0,0.0,With reminder,Strong encoding,2.0,0.9,0,0.0,35,task,0.40959998965263367
0.0,0.0,With reminder,Strong encoding,2.0,0.9,0,0.0,36,task,0.3285999894142151
0.0,0.0,With reminder,Strong encoding,2.0,0.9,0,0.0,37,task,0.24220000207424164
0.0,0.0,With reminder,Strong encoding,2.0,0.9,0,0.0,38,task,0.19779999554157257
0.0,0.0,With reminder,Strong encoding,2.0,0.9,0,0.0,39,task,0.1459999978542328
0.0,0.0,With reminder,Strong encoding,2.0,0.9,0,0.0,40,task,0.10740000009536743
0.0,0.0,With reminder,Strong encoding,2.0,0.9,0,0.0,41,task,0.09120000153779984
0.0,0.0,With reminder,Strong encoding,2.0,0.9,0,0.0,42,task,0.06960000097751617
0.0,0.0,With reminder,Strong encoding,2.0,0.9,0,0.0,43,task,0.06360000371932983
0.0,0.0,With reminder,Strong encoding,2.0,0.9,0,0.0,44,task,0.05900000035762787
0.0,0.0,With reminder,Strong encoding,2.0,0.9,0,0.0,45,task,0.049400001764297485
0.0,0.0,With reminder,Strong encoding,2.0,0.9,0,0.0,46,task,0.05299999937415123
0.0,0.0,With reminder,Strong encoding,2.0,0.9,0,0.0,47,task,0.052000001072883606
0.0,0.0,With reminder,Strong encoding,2.0,0.9,0,0.0,48,task,0.060600001364946365
0.0,0.0,With reminder,Strong encoding,2.0,0.9,0,0.0,49,filler,0.007000000216066837
0.0,0.0,With reminder,Strong encoding,2.0,0.9,0,0.0,50,filler,0.006399999838322401
0.0,0.0,With reminder,Strong encoding,2.0,0.9,0,0.0,51,filler,0.009399999864399433
0.0,0.0,With reminder,Strong encoding,2.0,0.9,0,0.0,52,filler,0.00839999970048666
0.0,0.0,With reminder,Strong encoding,2.0,0.9,0,0.0,53,filler,0.014600000344216824
0.0,0.0,With reminder,Strong encoding,2.0,0.9,0,0.0,54,filler,0.017000000923871994
0.0,0.0,With reminder,Strong encoding,2.0,0.9,0,0.0,55,filler,0.019600000232458115
0.0,0.0,With reminder,Strong encoding,2.0,0.9,0,0.0,56,filler,0.029400000348687172
0.0,0.0,With reminder,Strong encoding,2.0,0.9,0,0.0,57,filler,0.03680000081658363
0.0,0.0,With reminder,Strong encoding,2.0,0.9,0,0.0,58,filler,0.052799999713897705
0.0,0.0,With reminder,Strong encoding,2.0,0.9,0,0.0,59,filler,0.07460000365972519
0.0,0.0,With reminder,Strong encoding,2.0,0.9,0,0.0,60,filler,0.10239999741315842
0.0,0.0,With reminder,Strong encoding,2.0,0.9,0,0.0,61,filler,0.14180000126361847
0.0,0.0,With reminder,Strong encoding,2.0,0.9,0,0.0,62,filler,0.17579999566078186
0.0,0.0,With reminder,Strong encoding,2.0,0.9,0,0.0,63,filler,0.25279998779296875
0.0,0.0,With reminder,Strong encoding,2.0,0.9,0,0.0,64,filler,0.32919999957084656
1.0,1.0,No reminder,Weak encoding,1.0,0.9,0,0.0,1,film,0.30300000309944153
1.0,1.0,No reminder,Weak encoding,1.0,0.9,0,0.0,2,film,0.3248000144958496
1.0,1.0,No reminder,Weak encoding,1.0,0.9,0,0.0,3,film,0.32839998602867126
1.0,1.0,No reminder,Weak encoding,1.0,0.9,0,0.0,4,film,0.3546000123023987
1.0,1.0,No reminder,Weak encoding,1.0,0.9,0,0.0,5,film,0.3799999952316284
1.0,1.0,No reminder,Weak encoding,1.0,0.9,0,0.0,6,film,0.4041999876499176
1.0,1.0,No reminder,Weak encoding,1.0,0.9,0,0.0,7,film,0.4115999937057495
1.0,1.0,No reminder,Weak encoding,1.0,0.9,0,0.0,8,film,0.42399999499320984
1.0,1.0,No reminder,Weak encoding,1.0,0.9,0,0.0,9,film,0.43959999084472656
1.0,1.0,No reminder,Weak encoding,1.0,0.9,0,0.0,10,film,0.4259999990463257
1.0,1.0,No reminder,Weak encoding,1.0,0.9,0,0.0,11,film,0.43619999289512634
1.0,1.0,No reminder,Weak encoding,1.0,0.9,0,0.0,12,film,0.43799999356269836
1.0,1.0,No reminder,Weak encoding,1.0,0.9,0,0.0,13,film,0.42239999771118164
1.0,1.0,No reminder,Weak encoding,1.0,0.9,0,0.0,14,film,0.40799999237060547
1.0,1.0,No reminder,Weak encoding,1.0,0.9,0,0.0,15,film,0.3853999972343445
1.0,1.0,No reminder,Weak encoding,1.0,0.9,0,0.0,16,film,0.35580000281333923
1.0,1.0,No reminder,Weak encoding,1.0,0.9,0,0.0,17,break,0.1932000070810318
1.0,1.0,No reminder,Weak encoding,1.0,0.9,0,0.0,18,break,0.15520000457763672
1.0,1.0,No reminder,Weak encoding,1.0,0.9,0,0.0,19,break,0.1273999959230423
1.0,1.0,No reminder,Weak encoding,1.0,0.9,0,0.0,20,break,0.09939999878406525
1.0,1.0,No reminder,Weak encoding,1.0,0.9,0,0.0,21,break,0.0860000029206276
1.0,1.0,No reminder,Weak encoding,1.0,0.9,0,0.0,22,break,0.06499999761581421
1.0,1.0,No reminder,Weak encoding,1.0,0.9,0,0.0,23,break,0.054999999701976776
1.0,1.0,No reminder,Weak encoding,1.0,0.9,0,0.0,24,break,0.04340000078082085
1.0,1.0,No reminder,Weak encoding,1.0,0.9,0,0.0,25,break,0.03539999946951866
1.0,1.0,No reminder,Weak encoding,1.0,0.9,0,0.0,26,break,0.027799999341368675
1.0,1.0,No reminder,Weak encoding,1.0,0.9,0,0.0,27,break,0.02319999970495701
1.0,1.0,No reminder,Weak encoding,1.0,0.9,0,0.0,28,break,0.01720000058412552
1.0,1.0,No reminder,Weak encoding,1.0,0.9,0,0.0,29,break,0.013000000268220901
1.0,1.0,No reminder,Weak encoding,1.0,0.9,0,0.0,30,break,0.011599999852478504
1.0,1.0,No reminder,Weak encoding,1.0,0.9,0,0.0,31,break,0.009800000116229057
1.0,1.0,No reminder,Weak encoding,1.0,0.9,0,0.0,32,break,0.006599999964237213
1.0,1.0,No reminder,Weak encoding,1.0,0.9,0,0.0,33,task,0.007199999876320362
1.0,1.0,No reminder,Weak encoding,1.0,0.9,0,0.0,34,task,0.004000000189989805
1.0,1.0,No reminder,Weak encoding,1.0,0.9,0,0.0,35,task,0.00559999980032444
1.0,1.0,No reminder,Weak encoding,1.0,0.9,0,0.0,36,task,0.003000000026077032
1.0,1.0,No reminder,Weak encoding,1.0,0.9,0,0.0,37,task,0.003000000026077032
1.0,1.0,No reminder,Weak encoding,1.0,0.9,0,0.0,38,task,0.002199999988079071
1.0,1.0,No reminder,Weak encoding,1.0,0.9,0,0.0,39,task,0.0031999999191612005
1.0,1.0,No reminder,Weak encoding,1.0,0.9,0,0.0,40,task,0.0017999999690800905
1.0,1.0,No reminder,Weak encoding,1.0,0.9,0,0.0,41,task,0.00139999995008111
1.0,1.0,No reminder,Weak encoding,1.0,0.9,0,0.0,42,task,0.00139999995008111
1.0,1.0,No reminder,Weak encoding,1.0,0.9,0,0.0,43,task,0.0015999999595806003
1.0,1.0,No reminder,Weak encoding,1.0,0.9,0,0.0,44,task,0.0012000000569969416
1.0,1.0,No reminder,Weak encoding,1.0,0.9,0,0.0,45,task,0.0007999999797903001
1.0,1.0,No reminder,Weak encoding,1.0,0.9,0,0.0,46,task,0.0015999999595806003
1.0,1.0,No reminder,Weak encoding,1.0,0.9,0,0.0,47,task,0.00279999990016222
1.0,1.0,No reminder,Weak encoding,1.0,0.9,0,0.0,48,task,0.004000000189989805
1.0,1.0,No reminder,Weak encoding,1.0,0.9,0,0.0,49,filler,0.003000000026077032
1.0,1.0,No reminder,Weak encoding,1.0,0.9,0,0.0,50,filler,0.002400000113993883
1.0,1.0,No reminder,Weak encoding,1.0,0.9,0,0.0,51,filler,0.00419999985024333
1.0,1.0,No reminder,Weak encoding,1.0,0.9,0,0.0,52,filler,0.005799999926239252
1.0,1.0,No reminder,Weak encoding,1.0,0.9,0,0.0,53,filler,0.007199999876320362
1.0,1.0,No reminder,Weak encoding,1.0,0.9,0,0.0,54,filler,0.01080000028014183
1.0,1.0,No reminder,Weak encoding,1.0,0.9,0,0.0,55,filler,0.013799999840557575
1.0,1.0,No reminder,Weak encoding,1.0,0.9,0,0.0,56,filler,0.014399999752640724
1.0,1.0,No reminder,Weak encoding,1.0,0.9,0,0.0,57,filler,0.019200000911951065
1.0,1.0,No reminder,Weak encoding,1.0,0.9,0,0.0,58,filler,0.024399999529123306
1.0,1.0,No reminder,Weak encoding,1.0,0.9,0,0.0,59,filler,0.02759999968111515
1.0,1.0,No reminder,Weak encoding,1.0,0.9,0,0.0,60,filler,0.032600000500679016
1.0,1.0,No reminder,Weak encoding,1.0,0.9,0,0.0,61,filler,0.039400000125169754
1.0,1.0,No reminder,Weak encoding,1.0,0.9,0,0.0,62,filler,0.047200001776218414
1.0,1.0,No reminder,Weak encoding,1.0,0.9,0,0.0,63,filler,0.0568000003695488
1.0,1.0,No reminder,Weak encoding,1.0,0.9,0,0.0,64,filler,0.06360000371932983
1.0,1.0,No reminder,Strong encoding,2.0,0.9,0,0.0,1,film,0.30799999833106995
1.0,1.0,No reminder,Strong encoding,2.0,0.9,0,0.0,2,film,0.31299999356269836
1.0,1.0,No reminder,Strong encoding,2.0,0.9,0,0.0,3,film,0.3248000144958496
1.0,1.0,No reminder,Strong encoding,2.0,0.9,0,0.0,4,film,0.3547999858856201
1.0,1.0,No reminder,Strong encoding,2.0,0.9,0,0.0,5,film,0.37439998984336853
1.0,1.0,No reminder,Strong encoding,2.0,0.9,0,0.0,6,film,0.39340001344680786
1.0,1.0,No reminder,Strong encoding,2.0,0.9,0,0.0,7,film,0.4041999876499176
1.0,1.0,No reminder,Strong encoding,2.0,0.9,0,0.0,8,film,0.4036000072956085
1.0,1.0,No reminder,Strong encoding,2.0,0.9,0,0.0,9,film,0.4246000051498413
1.0,1.0,No reminder,Strong encoding,2.0,0.9,0,0.0,10,film,0.42179998755455017
1.0,1.0,No reminder,Strong encoding,2.0,0.9,0,0.0,11,film,0.4203999936580658
1.0,1.0,No reminder,Strong encoding,2.0,0.9,0,0.0,12,film,0.420199990272522
1.0,1.0,No reminder,Strong encoding,2.0,0.9,0,0.0,13,film,0.39820000529289246
1.0,1.0,No reminder,Strong encoding,2.0,0.9,0,0.0,14,film,0.3702000081539154
1.0,1.0,No reminder,Strong encoding,2.0,0.9,0,0.0,15,film,0.36000001430511475
1.0,1.0,No reminder,Strong encoding,2.0,0.9,0,0.0,16,film,0.32820001244544983
1.0,1.0,No reminder,Strong encoding,2.0,0.9,0,0.0,17,break,0.18160000443458557
1.0,1.0,No reminder,Strong encoding,2.0,0.9,0,0.0,18,break,0.1387999951839447
1.0,1.0,No reminder,Strong encoding,2.0,0.9,0,0.0,19,break,0.121799997985363
1.0,1.0,No reminder,Strong encoding,2.0,0.9,0,0.0,20,break,0.09860000014305115
1.0,1.0,No reminder,Strong encoding,2.0,0.9,0,0.0,21,break,0.07599999755620956
1.0,1.0,No reminder,Strong encoding,2.0,0.9,0,0.0,22,break,0.055799998342990875
1.0,1.0,No reminder,Strong encoding,2.0,0.9,0,0.0,23,break,0.04340000078082085
1.0,1.0,No reminder,Strong encoding,2.0,0.9,0,0.0,24,break,0.03579999879002571
1.0,1.0,No reminder,Strong encoding,2.0,0.9,0,0.0,25,break,0.02800000086426735
1.0,1.0,No reminder,Strong encoding,2.0,0.9,0,0.0,26,break,0.01979999989271164
1.0,1.0,No reminder,Strong encoding,2.0,0.9,0,0.0,27,break,0.01640000008046627
1.0,1.0,No reminder,Strong encoding,2.0,0.9,0,0.0,28,break,0.010599999688565731
1.0,1.0,No reminder,Strong encoding,2.0,0.9,0,0.0,29,break,0.01119999960064888
1.0,1.0,No reminder,Strong encoding,2.0,0.9,0,0.0,30,break,0.008999999612569809
1.0,1.0,No reminder,Strong encoding,2.0,0.9,0,0.0,31,break,0.006599999964237213
1.0,1.0,No reminder,Strong encoding,2.0,0.9,0,0.0,32,break,0.005200000014156103
1.0,1.0,No reminder,Strong encoding,2.0,0.9,0,0.0,33,task,0.03799999877810478
1.0,1.0,No reminder,Strong encoding,2.0,0.9,0,0.0,34,task,0.03700000047683716
1.0,1.0,No reminder,Strong encoding,2.0,0.9,0,0.0,35,task,0.032999999821186066
1.0,1.0,No reminder,Strong encoding,2.0,0.9,0,0.0,36,task,0.03359999880194664
1.0,1.0,No reminder,Strong encoding,2.0,0.9,0,0.0,37,task,0.033799998462200165
1.0,1.0,No reminder,Strong encoding,2.0,0.9,0,0.0,38,task,0.03400000184774399
1.0,1.0,No reminder,Strong encoding,2.0,0.9,0,0.0,39,task,0.031599998474121094
1.0,1.0,No reminder,Strong encoding,2.0,0.9,0,0.0,40,task,0.03200000151991844
1.0,1.0,No reminder,Strong encoding,2.0,0.9,0,0.0,41,task,0.03099999949336052
1.0,1.0,No reminder,Strong encoding,2.0,0.9,0,0.0,42,task,0.03099999949336052
1.0,1.0,No reminder,Strong encoding,2.0,0.9,0,0.0,43,task,0.029400000348687172
1.0,1.0,No reminder,Strong encoding,2.0,0.9,0,0.0,44,task,0.03060000017285347
1.0,1.0,No reminder,Strong encoding,2.0,0.9,0,0.0,45,task,0.03220000118017197
1.0,1.0,No reminder,Strong encoding,2.0,0.9,0,0.0,46,task,0.030799999833106995
1.0,1.0,No reminder,Strong encoding,2.0,0.9,0,0.0,47,task,0.03500000014901161
1.0,1.0,No reminder,Strong encoding,2.0,0.9,0,0.0,48,task,0.036400001496076584
1.0,1.0,No reminder,Strong encoding,2.0,0.9,0,0.0,49,filler,0.00559999980032444
1.0,1.0,No reminder,Strong encoding,2.0,0.9,0,0.0,50,filler,0.00279999990016222
1.0,1.0,No reminder,Strong encoding,2.0,0.9,0,0.0,51,filler,0.004000000189989805
1.0,1.0,No reminder,Strong encoding,2.0,0.9,0,0.0,52,filler,0.004399999976158142
1.0,1.0,No reminder,Strong encoding,2.0,0.9,0,0.0,53,filler,0.004600000102072954
1.0,1.0,No reminder,Strong encoding,2.0,0.9,0,0.0,54,filler,0.004800000227987766
1.0,1.0,No reminder,Strong encoding,2.0,0.9,0,0.0,55,filler,0.007600000128149986
1.0,1.0,No reminder,Strong encoding,2.0,0.9,0,0.0,56,filler,0.010999999940395355
1.0,1.0,No reminder,Strong encoding,2.0,0.9,0,0.0,57,filler,0.012400000356137753
1.0,1.0,No reminder,Strong encoding,2.0,0.9,0,0.0,58,filler,0.017400000244379044
1.0,1.0,No reminder,Strong encoding,2.0,0.9,0,0.0,59,filler,0.018200000748038292
1.0,1.0,No reminder,Strong encoding,2.0,0.9,0,0.0,60,filler,0.023600000888109207
1.0,1.0,No reminder,Strong encoding,2.0,0.9,0,0.0,61,filler,0.02879999950528145
1.0,1.0,No reminder,Strong encoding,2.0,0.9,0,0.0,62,filler,0.03319999948143959
1.0,1.0,No reminder,Strong encoding,2.0,0.9,0,0.0,63,filler,0.03759999945759773
1.0,1.0,No reminder,Strong encoding,2.0,0.9,0,0.0,64,filler,0.050200000405311584
1.0,1.0,With reminder,Weak encoding,1.0,0.9,0,0.0,1,film,0.2906000018119812
1.0,1.0,With reminder,Weak encoding,1.0,0.9,0,0.0,2,film,0.2858000099658966
1.0,1.0,With reminder,Weak encoding,1.0,0.9,0,0.0,3,film,0.3147999942302704
1.0,1.0,With reminder,Weak encoding,1.0,0.9,0,0.0,4,film,0.3190000057220459
1.0,1.0,With reminder,Weak encoding,1.0,0.9,0,0.0,5,film,0.3490000069141388
1.0,1.0,With reminder,Weak encoding,1.0,0.9,0,0.0,6,film,0.34860000014305115
1.0,1.0,With reminder,Weak encoding,1.0,0.9,0,0.0,7,film,0.37119999527931213
1.0,1.0,With reminder,Weak encoding,1.0,0.9,0,0.0,8,film,0.3709999918937683
1.0,1.0,With reminder,Weak encoding,1.0,0.9,0,0.0,9,film,0.3864000141620636
1.0,1.0,With reminder,Weak encoding,1.0,0.9,0,0.0,10,film,0.37299999594688416
1.0,1.0,With reminder,Weak encoding,1.0,0.9,0,0.0,11,film,0.37619999051094055
1.0,1.0,With reminder,Weak encoding,1.0,0.9,0,0.0,12,film,0.36980000138282776
1.0,1.0,With reminder,Weak encoding,1.0,0.9,0,0.0,13,film,0.3587999939918518
1.0,1.0,With reminder,Weak encoding,1.0,0.9,0,0.0,14,film,0.35019999742507935
1.0,1.0,With reminder,Weak encoding,1.0,0.9,0,0.0,15,film,0.3149999976158142
1.0,1.0,With reminder,Weak encoding,1.0,0.9,0,0.0,16,film,0.3100000023841858
1.0,1.0,With reminder,Weak encoding,1.0,0.9,0,0.0,17,break,0.16200000047683716
1.0,1.0,With reminder,Weak encoding,1.0,0.9,0,0.0,18,break,0.12600000202655792
1.0,1.0,With reminder,Weak encoding,1.0,0.9,0,0.0,19,break,0.10100000351667404
1.0,1.0,With reminder,Weak encoding,1.0,0.9,0,0.0,20,break,0.08320000022649765
1.0,1.0,With reminder,Weak encoding,1.0,0.9,0,0.0,21,break,0.06199999898672104
1.0,1.0,With reminder,Weak encoding,1.0,0.9,0,0.0,22,break,0.04899999871850014
1.0,1.0,With reminder,Weak encoding,1.0,0.9,0,0.0,23,break,0.039799999445676804
1.0,1.0,With reminder,Weak encoding,1.0,0.9,0,0.0,24,break,0.03420000150799751
1.0,1.0,With reminder,Weak encoding,1.0,0.9,0,0.0,25,break,0.023600000888109207
1.0,1.0,With reminder,Weak encoding,1.0,0.9,0,0.0,26,break,0.020800000056624413
1.0,1.0,With reminder,Weak encoding,1.0,0.9,0,0.0,27,break,0.018200000748038292
1.0,1.0,With reminder,Weak encoding,1.0,0.9,0,0.0,28,break,0.011599999852478504
1.0,1.0,With reminder,Weak encoding,1.0,0.9,0,0.0,29,break,0.009999999776482582
1.0,1.0,With reminder,Weak encoding,1.0,0.9,0,0.0,30,break,0.006200000178068876
1.0,1.0,With reminder,Weak encoding,1.0,0.9,0,0.0,31,break,0.005200000014156103
1.0,1.0,With reminder,Weak encoding,1.0,0.9,0,0.0,32,break,0.006399999838322401
1.0,1.0,With reminder,Weak encoding,1.0,0.9,0,0.0,33,task,0.21879999339580536
1.0,1.0,With reminder,Weak encoding,1.0,0.9,0,0.0,34,task,0.17980000376701355
1.0,1.0,With reminder,Weak encoding,1.0,0.9,0,0.0,35,task,0.1412000060081482
1.0,1.0,With reminder,Weak encoding,1.0,0.9,0,0.0,36,task,0.11400000005960464
1.0,1.0,With reminder,Weak encoding,1.0,0.9,0,0.0,37,task,0.08820000290870667
1.0,1.0,With reminder,Weak encoding,1.0,0.9,0,0.0,38,task,0.07500000298023224
1.0,1.0,With reminder,Weak encoding,1.0,0.9,0,0.0,39,task,0.05559999868273735
1.0,1.0,With reminder,Weak encoding,1.0,0.9,0,0.0,40,task,0.04859999939799309
1.0,1.0,With reminder,Weak encoding,1.0,0.9,0,0.0,41,task,0.038600001484155655
1.0,1.0,With reminder,Weak encoding,1.0,0.9,0,0.0,42,task,0.032999999821186066
1.0,1.0,With reminder,Weak encoding,1.0,0.9,0,0.0,43,task,0.025599999353289604
1.0,1.0,With reminder,Weak encoding,1.0,0.9,0,0.0,44,task,0.02419999986886978
1.0,1.0,With reminder,Weak encoding,1.0,0.9,0,0.0,45,task,0.018799999728798866
1.0,1.0,With reminder,Weak encoding,1.0,0.9,0,0.0,46,task,0.01759999990463257
1.0,1.0,With reminder,Weak encoding,1.0,0.9,0,0.0,47,task,0.014399999752640724
1.0,1.0,With reminder,Weak encoding,1.0,0.9,0,0.0,48,task,0.012400000356137753
1.0,1.0,With reminder,Weak encoding,1.0,0.9,0,0.0,49,filler,0.011800000444054604
1.0,1.0,With reminder,Weak encoding,1.0,0.9,0,0.0,50,filler,0.01119999960064888
1.0,1.0,With reminder,Weak encoding,1.0,0.9,0,0.0,51,filler,0.010599999688565731
1.0,1.0,With reminder,Weak encoding,1.0,0.9,0,0.0,52,filler,0.011599999852478504
1.0,1.0,With reminder,Weak encoding,1.0,0.9,0,0.0,53,filler,0.013799999840557575
1.0,1.0,With reminder,Weak encoding,1.0,0.9,0,0.0,54,filler,0.012000000104308128
1.0,1.0,With reminder,Weak encoding,1.0,0.9,0,0.0,55,filler,0.013199999928474426
1.0,1.0,With reminder,Weak encoding,1.0,0.9,0,0.0,56,filler,0.016200000420212746
1.0,1.0,With reminder,Weak encoding,1.0,0.9,0,0.0,57,filler,0.024000000208616257
1.0,1.0,With reminder,Weak encoding,1.0,0.9,0,0.0,58,filler,0.020999999716877937
1.0,1.0,With reminder,Weak encoding,1.0,0.9,0,0.0,59,filler,0.026399999856948853
1.0,1.0,With reminder,Weak encoding,1.0,0.9,0,0.0,60,filler,0.03319999948143959
1.0,1.0,With reminder,Weak encoding,1.0,0.9,0,0.0,61,filler,0.03620000183582306
1.0,1.0,With reminder,Weak encoding,1.0,0.9,0,0.0,62,filler,0.04439999908208847
1.0,1.0,With reminder,Weak encoding,1.0,0.9,0,0.0,63,filler,0.05119999870657921
1.0,1.0,With reminder,Weak encoding,1.0,0.9,0,0.0,64,filler,0.05979999899864197
1.0,1.0,With reminder,Strong encoding,2.0,0.9,0,0.0,1,film,0.16019999980926514
1.0,1.0,With reminder,Strong encoding,2.0,0.9,0,0.0,2,film,0.14740000665187836
1.0,1.0,With reminder,Strong encoding,2.0,0.9,0,0.0,3,film,0.147599995136261
1.0,1.0,With reminder,Strong encoding,2.0,0.9,0,0.0,4,film,0.14800000190734863
1.0,1.0,With reminder,Strong encoding,2.0,0.9,0,0.0,5,film,0.1565999984741211
1.0,1.0,With reminder,Strong encoding,2.0,0.9,0,0.0,6,film,0.1451999992132187
1.0,1.0,With reminder,Strong encoding,2.0,0.9,0,0.0,7,film,0.14059999585151672
1.0,1.0,With reminder,Strong encoding,2.0,0.9,0,0.0,8,film,0.12919999659061432
1.0,1.0,With reminder,Strong encoding,2.0,0.9,0,0.0,9,film,0.1265999972820282
1.0,1.0,With reminder,Strong encoding,2.0,0.9,0,0.0,10,film,0.12219999730587006
1.0,1.0,With reminder,Strong encoding,2.0,0.9,0,0.0,11,film,0.10859999805688858
1.0,1.0,With reminder,Strong encoding,2.0,0.9,0,0.0,12,film,0.10300000011920929
1.0,1.0,With reminder,Strong encoding,2.0,0.9,0,0.0,13,film,0.1005999967455864
1.0,1.0,With reminder,Strong encoding,2.0,0.9,0,0.0,14,film,0.08720000088214874
1.0,1.0,With reminder,Strong encoding,2.0,0.9,0,0.0,15,film,0.07819999754428864
1.0,1.0,With reminder,Strong encoding,2.0,0.9,0,0.0,16,film,0.0706000030040741
1.0,1.0,With reminder,Strong encoding,2.0,0.9,0,0.0,17,break,0.03539999946951866
1.0,1.0,With reminder,Strong encoding,2.0,0.9,0,0.0,18,break,0.0272000003606081
1.0,1.0,With reminder,Strong encoding,2.0,0.9,0,0.0,19,break,0.0142000000923872
1.0,1.0,With reminder,Strong encoding,2.0,0.9,0,0.0,20,break,0.010599999688565731
1.0,1.0,With reminder,Strong encoding,2.0,0.9,0,0.0,21,break,0.009200000204145908
1.0,1.0,With reminder,Strong encoding,2.0,0.9,0,0.0,22,break,0.007799999788403511
1.0,1.0,With reminder,Strong encoding,2.0,0.9,0,0.0,23,break,0.004399999976158142
1.0,1.0,With reminder,Strong encoding,2.0,0.9,0,0.0,24,break,0.0034000000450760126
1.0,1.0,With reminder,Strong encoding,2.0,0.9,0,0.0,25,break,0.0017999999690800905
1.0,1.0,With reminder,Strong encoding,2.0,0.9,0,0.0,26,break,0.0012000000569969416
1.0,1.0,With reminder,Strong encoding,2.0,0.9,0,0.0,27,break,0.0017999999690800905
1.0,1.0,With reminder,Strong encoding,2.0,0.9,0,0.0,28,break,0.0007999999797903001
1.0,1.0,With reminder,Strong encoding,2.0,0.9,0,0.0,29,break,0.00139999995008111
1.0,1.0,With reminder,Strong encoding,2.0,0.9,0,0.0,30,break,0.0010000000474974513
1.0,1.0,With reminder,Strong encoding,2.0,0.9,0,0.0,31,break,0.0007999999797903001
1.0,1.0,With reminder,Strong encoding,2.0,0.9,0,0.0,32,break,0.00039999998989515007
1.0,1.0,With reminder,Strong encoding,2.0,0.9,0,0.0,33,task,0.4848000109195709
1.0,1.0,With reminder,Strong encoding,2.0,0.9,0,0.0,34,task,0.4697999954223633
1.0,1.0,With reminder,Strong encoding,2.0,0.9,0,0.0,35,task,0.4641999900341034
1.0,1.0,With reminder,Strong encoding,2.0,0.9,0,0.0,36,task,0.43939998745918274
1.0,1.0,With reminder,Strong encoding,2.0,0.9,0,0.0,37,task,0.4187999963760376
1.0,1.0,With reminder,Strong encoding,2.0,0.9,0,0.0,38,task,0.4034000039100647
1.0,1.0,With reminder,Strong encoding,2.0,0.9,0,0.0,39,task,0.37560001015663147
1.0,1.0,With reminder,Strong encoding,2.0,0.9,0,0.0,40,task,0.35040000081062317
1.0,1.0,With reminder,Strong encoding,2.0,0.9,0,0.0,41,task,0.33739998936653137
1.0,1.0,With reminder,Strong encoding,2.0,0.9,0,0.0,42,task,0.3100000023841858
1.0,1.0,With reminder,Strong encoding,2.0,0.9,0,0.0,43,task,0.27379998564720154
1.0,1.0,With reminder,Strong encoding,2.0,0.9,0,0.0,44,task,0.25060001015663147
1.0,1.0,With reminder,Strong encoding,2.0,0.9,0,0.0,45,task,0.2168000042438507
1.0,1.0,With reminder,Strong encoding,2.0,0.9,0,0.0,46,task,0.19480000436306
1.0,1.0,With reminder,Strong encoding,2.0,0.9,0,0.0,47,task,0.1738000065088272
1.0,1.0,With reminder,Strong encoding,2.0,0.9,0,0.0,48,task,0.15080000460147858
1.0,1.0,With reminder,Strong encoding,2.0,0.9,0,0.0,49,filler,0.014000000432133675
1.0,1.0,With reminder,Strong encoding,2.0,0.9,0,0.0,50,filler,0.01119999960064888
1.0,1.0,With reminder,Strong encoding,2.0,0.9,0,0.0,51,filler,0.009800000116229057
1.0,1.0,With reminder,Strong encoding,2.0,0.9,0,0.0,52,filler,0.007000000216066837
1.0,1.0,With reminder,Strong encoding,2.0,0.9,0,0.0,53,filler,0.006599999964237213
1.0,1.0,With reminder,Strong encoding,2.0,0.9,0,0.0,54,filler,0.00559999980032444
1.0,1.0,With reminder,Strong encoding,2.0,0.9,0,0.0,55,filler,0.006200000178068876
1.0,1.0,With reminder,Strong encoding,2.0,0.9,0,0.0,56,filler,0.004800000227987766
1.0,1.0,With reminder,Strong encoding,2.0,0.9,0,0.0,57,filler,0.00839999970048666
1.0,1.0,With reminder,Strong encoding,2.0,0.9,0,0.0,58,filler,0.006599999964237213
1.0,1.0,With reminder,Strong encoding,2.0,0.9,0,0.0,59,filler,0.012000000104308128
1.0,1.0,With reminder,Strong encoding,2.0,0.9,0,0.0,60,filler,0.008799999952316284
1.0,1.0,With reminder,Strong encoding,2.0,0.9,0,0.0,61,filler,0.014999999664723873
1.0,1.0,With reminder,Strong encoding,2.0,0.9,0,0.0,62,filler,0.01899999938905239
1.0,1.0,With reminder,Strong encoding,2.0,0.9,0,0.0,63,filler,0.02539999969303608
1.0,1.0,With reminder,Strong encoding,2.0,0.9,0,0.0,64,filler,0.03139999881386757
1.0,0.75,No reminder,Weak encoding,1.0,0.9,0,0.0,1,film,0.33660000562667847
1.0,0.75,No reminder,Weak encoding,1.0,0.9,0,0.0,2,film,0.34040001034736633
1.0,0.75,No reminder,Weak encoding,1.0,0.9,0,0.0,3,film,0.36800000071525574
1.0,0.75,No reminder,Weak encoding,1.0,0.9,0,0.0,4,film,0.38600000739097595
1.0,0.75,No reminder,Weak encoding,1.0,0.9,0,0.0,5,film,0.4129999876022339
1.0,0.75,No reminder,Weak encoding,1.0,0.9,0,0.0,6,film,0.4334000051021576
1.0,0.75,No reminder,Weak encoding,1.0,0.9,0,0.0,7,film,0.4458000063896179
1.0,0.75,No reminder,Weak encoding,1.0,0.9,0,0.0,8,film,0.4578000009059906
1.0,0.75,No reminder,Weak encoding,1.0,0.9,0,0.0,9,film,0.4528000056743622
1.0,0.75,No reminder,Weak encoding,1.0,0.9,0,0.0,10,film,0.4652000069618225
1.0,0.75,No reminder,Weak encoding,1.0,0.9,0,0.0,11,film,0.4691999852657318
1.0,0.75,No reminder,Weak encoding,1.0,0.9,0,0.0,12,film,0.4458000063896179
1.0,0.75,No reminder,Weak encoding,1.0,0.9,0,0.0,13,film,0.4341999888420105
1.0,0.75,No reminder,Weak encoding,1.0,0.9,0,0.0,14,film,0.4180000126361847
1.0,0.75,No reminder,Weak encoding,1.0,0.9,0,0.0,15,film,0.39899998903274536
1.0,0.75,No reminder,Weak encoding,1.0,0.9,0,0.0,16,film,0.36880001425743103
1.0,0.75,No reminder,Weak encoding,1.0,0.9,0,0.0,17,break,0.1964000016450882
1.0,0.75,No reminder,Weak encoding,1.0,0.9,0,0.0,18,break,0.13699999451637268
1.0,0.75,No reminder,Weak encoding,1.0,0.9,0,0.0,19,break,0.11999999731779099
1.0,0.75,No reminder,Weak encoding,1.0,0.9,0,0.0,20,break,0.07900000363588333
1.0,0.75,No reminder,Weak encoding,1.0,0.9,0,0.0,21,break,0.0658000037074089
1.0,0.75,No reminder,Weak encoding,1.0,0.9,0,0.0,22,break,0.054999999701976776
1.0,0.75,No reminder,Weak encoding,1.0,0.9,0,0.0,23,break,0.035599999129772186
1.0,0.75,No reminder,Weak encoding,1.0,0.9,0,0.0,24,break,0.02539999969303608
1.0,0.75,No reminder,Weak encoding,1.0,0.9,0,0.0,25,break,0.01940000057220459
1.0,0.75,No reminder,Weak encoding,1.0,0.9,0,0.0,26,break,0.014000000432133675
1.0,0.75,No reminder,Weak encoding,1.0,0.9,0,0.0,27,break,0.009399999864399433
1.0,0.75,No reminder,Weak encoding,1.0,0.9,0,0.0,28,break,0.00839999970048666
1.0,0.75,No reminder,Weak encoding,1.0,0.9,0,0.0,29,break,0.006000000052154064
1.0,0.75,No reminder,Weak encoding,1.0,0.9,0,0.0,30,break,0.003800000064074993
1.0,0.75,No reminder,Weak encoding,1.0,0.9,0,0.0,31,break,0.0031999999191612005
1.0,0.75,No reminder,Weak encoding,1.0,0.9,0,0.0,32,break,0.00419999985024333
1.0,0.75,No reminder,Weak encoding,1.0,0.9,0,0.0,33,task,0.00139999995008111
1.0,0.75,No reminder,Weak encoding,1.0,0.9,0,0.0,34,task,0.0017999999690800905
1.0,0.75,No reminder,Weak encoding,1.0,0.9,0,0.0,35,task,0.0010000000474974513
1.0,0.75,No reminder,Weak encoding,1.0,0.9,0,0.0,36,task,0.0010000000474974513
1.0,0.75,No reminder,Weak encoding,1.0,0.9,0,0.0,37,task,0.0006000000284984708
1.0,0.75,No reminder,Weak encoding,1.0,0.9,0,0.0,38,task,0.00039999998989515007
1.0,0.75,No reminder,Weak encoding,1.0,0.9,0,0.0,39,task,0.00139999995008111
1.0,0.75,No reminder,Weak encoding,1.0,0.9,0,0.0,40,task,0.0006000000284984708
1.0,0.75,No reminder,Weak encoding,1.0,0.9,0,0.0,41,task,0.00039999998989515007
1.0,0.75,No reminder,Weak encoding,1.0,0.9,0,0.0,42,task,0.00019999999494757503
1.0,0.75,No reminder,Weak encoding,1.0,0.9,0,0.0,43,task,0.0006000000284984708
1.0,0.75,No reminder,Weak encoding,1.0,0.9,0,0.0,44,task,0.00039999998989515007
1.0,0.75,No reminder,Weak encoding,1.0,0.9,0,0.0,45,task,0.0
1.0,0.75,No reminder,Weak encoding,1.0,0.9,0,0.0,46,task,0.00039999998989515007
1.0,0.75,No reminder,Weak encoding,1.0,0.9,0,0.0,47,task,0.00039999998989515007
1.0,0.75,No reminder,Weak encoding,1.0,0.9,0,0.0,48,task,0.00039999998989515007
1.0,0.75,No reminder,Weak encoding,1.0,0.9,0,0.0,49,filler,0.0007999999797903001
1.0,0.75,No reminder,Weak encoding,1.0,0.9,0,0.0,50,filler,0.00139999995008111
1.0,0.75,No reminder,Weak encoding,1.0,0.9,0,0.0,51,filler,0.0010000000474974513
1.0,0.75,No reminder,Weak encoding,1.0,0.9,0,0.0,52,filler,0.0015999999595806003
1.0,0.75,No reminder,Weak encoding,1.0,0.9,0,0.0,53,filler,0.002199999988079071
1.0,0.75,No reminder,Weak encoding,1.0,0.9,0,0.0,54,filler,0.002400000113993883
1.0,0.75,No reminder,Weak encoding,1.0,0.9,0,0.0,55,filler,0.004800000227987766
1.0,0.75,No reminder,Weak encoding,1.0,0.9,0,0.0,56,filler,0.004600000102072954
1.0,0.75,No reminder,Weak encoding,1.0,0.9,0,0.0,57,filler,0.009999999776482582
1.0,0.75,No reminder,Weak encoding,1.0,0.9,0,0.0,58,filler,0.009200000204145908
1.0,0.75,No reminder,Weak encoding,1.0,0.9,0,0.0,59,filler,0.014000000432133675
1.0,0.75,No reminder,Weak encoding,1.0,0.9,0,0.0,60,filler,0.016200000420212746
1.0,0.75,No reminder,Weak encoding,1.0,0.9,0,0.0,61,filler,0.02239999920129776
1.0,0.75,No reminder,Weak encoding,1.0,0.9,0,0.0,62,filler,0.028200000524520874
1.0,0.75,No reminder,Weak encoding,1.0,0.9,0,0.0,63,filler,0.03739999979734421
1.0,0.75,No reminder,Weak encoding,1.0,0.9,0,0.0,64,filler,0.04520000144839287
1.0,0.75,No reminder,Strong encoding,2.0,0.9,0,0.0,1,film,0.321399986743927
1.0,0.75,No reminder,Strong encoding,2.0,0.9,0,0.0,2,film,0.3160000145435333
1.0,0.75,No reminder,Strong encoding,2.0,0.9,0,0.0,3,film,0.3562000095844269
1.0,0.75,No reminder,Strong encoding,2.0,0.9,0,0.0,4,film,0.3709999918937683
1.0,0.75,No reminder,Strong encoding,2.0,0.9,0,0.0,5,film,0.4004000127315521
1.0,0.75,No reminder,Strong encoding,2.0,0.9,0,0.0,6,film,0.41019999980926514
1.0,0.75,No reminder,Strong encoding,2.0,0.9,0,0.0,7,film,0.4284000098705292
1.0,0.75,No reminder,Strong encoding,2.0,0.9,0,0.0,8,film,0.45019999146461487
1.0,0.75,No reminder,Strong encoding,2.0,0.9,0,0.0,9,film,0.44519999623298645
1.0,0.75,No reminder,Strong encoding,2.0,0.9,0,0.0,10,film,0.45239999890327454
1.0,0.75,No reminder,Strong encoding,2.0,0.9,0,0.0,11,film,0.4503999948501587
1.0,0.75,No reminder,Strong encoding,2.0,0.9,0,0.0,12,film,0.44679999351501465
1.0,0.75,No reminder,Strong encoding,2.0,0.9,0,0.0,13,film,0.4244000017642975
1.0,0.75,No reminder,Strong encoding,2.0,0.9,0,0.0,14,film,0.41119998693466187
1.0,0.75,No reminder,Strong encoding,2.0,0.9,0,0.0,15,film,0.3822000026702881
1.0,0.75,No reminder,Strong encoding,2.0,0.9,0,0.0,16,film,0.36820000410079956
1.0,0.75,No reminder,Strong encoding,2.0,0.9,0,0.0,17,break,0.19920000433921814
1.0,0.75,No reminder,Strong encoding,2.0,0.9,0,0.0,18,break,0.14740000665187836
1.0,0.75,No reminder,Strong encoding,2.0,0.9,0,0.0,19,break,0.11580000072717667
1.0,0.75,No reminder,Strong encoding,2.0,0.9,0,0.0,20,break,0.08240000158548355
1.0,0.75,No reminder,Strong encoding,2.0,0.9,0,0.0,21,break,0.06440000236034393
1.0,0.75,No reminder,Strong encoding,2.0,0.9,0,0.0,22,break,0.04699999839067459
1.0,0.75,No reminder,Strong encoding,2.0,0.9,0,0.0,23,break,0.03020000085234642
1.0,0.75,No reminder,Strong encoding,2.0,0.9,0,0.0,24,break,0.028200000524520874
1.0,0.75,No reminder,Strong encoding,2.0,0.9,0,0.0,25,break,0.01940000057220459
1.0,0.75,No reminder,Strong encoding,2.0,0.9,0,0.0,26,break,0.015799999237060547
1.0,0.75,No reminder,Strong encoding,2.0,0.9,0,0.0,27,break,0.010400000028312206
1.0,0.75,No reminder,Strong encoding,2.0,0.9,0,0.0,28,break,0.007799999788403511
1.0,0.75,No reminder,Strong encoding,2.0,0.9,0,0.0,29,break,0.006800000090152025
1.0,0.75,No reminder,Strong encoding,2.0,0.9,0,0.0,30,break,0.003599999938160181
1.0,0.75,No reminder,Strong encoding,2.0,0.9,0,0.0,31,break,0.0034000000450760126
1.0,0.75,No reminder,Strong encoding,2.0,0.9,0,0.0,32,break,0.002199999988079071
1.0,0.75,No reminder,Strong encoding,2.0,0.9,0,0.0,33,task,0.020600000396370888
1.0,0.75,No reminder,Strong encoding,2.0,0.9,0,0.0,34,task,0.021400000900030136
1.0,0.75,No reminder,Strong encoding,2.0,0.9,0,0.0,35,task,0.019600000232458115
1.0,0.75,No reminder,Strong encoding,2.0,0.9,0,0.0,36,task,0.01860000006854534
1.0,0.75,No reminder,Strong encoding,2.0,0.9,0,0.0,37,task,0.01640000008046627
1.0,0.75,No reminder,Strong encoding,2.0,0.9,0,0.0,38,task,0.015799999237060547
1.0,0.75,No reminder,Strong encoding,2.0,0.9,0,0.0,39,task,0.014999999664723873
1.0,0.75,No reminder,Strong encoding,2.0,0.9,0,0.0,40,task,0.012400000356137753
1.0,0.75,No reminder,Strong encoding,2.0,0.9,0,0.0,41,task,0.014800000004470348
1.0,0.75,No reminder,Strong encoding,2.0,0.9,0,0.0,42,task,0.014600000344216824
1.0,0.75,No reminder,Strong encoding,2.0,0.9,0,0.0,43,task,0.014800000004470348
1.0,0.75,No reminder,Strong encoding,2.0,0.9,0,0.0,44,task,0.0142000000923872
1.0,0.75,No reminder,Strong encoding,2.0,0.9,0,0.0,45,task,0.013199999928474426
1.0,0.75,No reminder,Strong encoding,2.0,0.9,0,0.0,46,task,0.014800000004470348
1.0,0.75,No reminder,Strong encoding,2.0,0.9,0,0.0,47,task,0.0142000000923872
1.0,0.75,No reminder,Strong encoding,2.0,0.9,0,0.0,48,task,0.014800000004470348
1.0,0.75,No reminder,Strong encoding,2.0,0.9,0,0.0,49,filler,0.002199999988079071
1.0,0.75,No reminder,Strong encoding,2.0,0.9,0,0.0,50,filler,0.00139999995008111
1.0,0.75,No reminder,Strong encoding,2.0,0.9,0,0.0,51,filler,0.0015999999595806003
1.0,0.75,No reminder,Strong encoding,2.0,0.9,0,0.0,52,filler,0.0010000000474974513
1.0,0.75,No reminder,Strong encoding,2.0,0.9,0,0.0,53,filler,0.003000000026077032
1.0,0.75,No reminder,Strong encoding,2.0,0.9,0,0.0,54,filler,0.002400000113993883
1.0,0.75,No reminder,Strong encoding,2.0,0.9,0,0.0,55,filler,0.003800000064074993
1.0,0.75,No reminder,Strong encoding,2.0,0.9,0,0.0,56,filler,0.00559999980032444
1.0,0.75,No reminder,Strong encoding,2.0,0.9,0,0.0,57,filler,0.006000000052154064
1.0,0.75,No reminder,Strong encoding,2.0,0.9,0,0.0,58,filler,0.00860000029206276
1.0,0.75,No reminder,Strong encoding,2.0,0.9,0,0.0,59,filler,0.012199999764561653
1.0,0.75,No reminder,Strong encoding,2.0,0.9,0,0.0,60,filler,0.014000000432133675
1.0,0.75,No reminder,Strong encoding,2.0,0.9,0,0.0,61,filler,0.017400000244379044
1.0,0.75,No reminder,Strong encoding,2.0,0.9,0,0.0,62,filler,0.022600000724196434
1.0,0.75,No reminder,Strong encoding,2.0,0.9,0,0.0,63,filler,0.029200000688433647
1.0,0.75,No reminder,Strong encoding,2.0,0.9,0,0.0,64,filler,0.041600000113248825
1.0,0.75,With reminder,Weak encoding,1.0,0.9,0,0.0,1,film,0.30799999833106995
1.0,0.75,With reminder,Weak encoding,1.0,0.9,0,0.0,2,film,0.29159998893737793
1.0,0.75,With reminder,Weak encoding,1.0,0.9,0,0.0,3,film,0.3199999928474426
1.0,0.75,With reminder,Weak encoding,1.0,0.9,0,0.0,4,film,0.3287999927997589
1.0,0.75,With reminder,Weak encoding,1.0,0.9,0,0.0,5,film,0.36559998989105225
1.0,0.75,With reminder,Weak encoding,1.0,0.9,0,0.0,6,film,0.37619999051094055
1.0,0.75,With reminder,Weak encoding,1.0,0.9,0,0.0,7,film,0.3707999885082245
1.0,0.75,With reminder,Weak encoding,1.0,0.9,0,0.0,8,film,0.3977999985218048
1.0,0.75,With reminder,Weak encoding,1.0,0.9,0,0.0,9,film,0.39239999651908875
1.0,0.75,With reminder,Weak encoding,1.0,0.9,0,0.0,10,film,0.39660000801086426
1.0,0.75,With reminder,Weak encoding,1.0,0.9,0,0.0,11,film,0.40139999985694885
1.0,0.75,With reminder,Weak encoding,1.0,0.9,0,0.0,12,film,0.40119999647140503
1.0,0.75,With reminder,Weak encoding,1.0,0.9,0,0.0,13,film,0.3783999979496002
1.0,0.75,With reminder,Weak encoding,1.0,0.9,0,0.0,14,film,0.3747999966144562
1.0,0.75,With reminder,Weak encoding,1.0,0.9,0,0.0,15,film,0.3546000123023987
1.0,0.75,With reminder,Weak encoding,1.0,0.9,0,0.0,16,film,0.3393999934196472
1.0,0.75,With reminder,Weak encoding,1.0,0.9,0,0.0,17,break,0.1664000004529953
1.0,0.75,With reminder,Weak encoding,1.0,0.9,0,0.0,18,break,0.1234000027179718
1.0,0.75,With reminder,Weak encoding,1.0,0.9,0,0.0,19,break,0.09640000015497208
1.0,0.75,With reminder,Weak encoding,1.0,0.9,0,0.0,20,break,0.06599999964237213
1.0,0.75,With reminder,Weak encoding,1.0,0.9,0,0.0,21,break,0.05380000174045563
1.0,0.75,With reminder,Weak encoding,1.0,0.9,0,0.0,22,break,0.0414000004529953
1.0,0.75,With reminder,Weak encoding,1.0,0.9,0,0.0,23,break,0.03060000017285347
1.0,0.75,With reminder,Weak encoding,1.0,0.9,0,0.0,24,break,0.02160000056028366
1.0,0.75,With reminder,Weak encoding,1.0,0.9,0,0.0,25,break,0.017999999225139618
1.0,0.75,With reminder,Weak encoding,1.0,0.9,0,0.0,26,break,0.013399999588727951
1.0,0.75,With reminder,Weak encoding,1.0,0.9,0,0.0,27,break,0.00839999970048666
1.0,0.75,With reminder,Weak encoding,1.0,0.9,0,0.0,28,break,0.00419999985024333
1.0,0.75,With reminder,Weak encoding,1.0,0.9,0,0.0,29,break,0.004000000189989805
1.0,0.75,With reminder,Weak encoding,1.0,0.9,0,0.0,30,break,0.003000000026077032
1.0,0.75,With reminder,Weak encoding,1.0,0.9,0,0.0,31,break,0.00279999990016222
1.0,0.75,With reminder,Weak encoding,1.0,0.9,0,0.0,32,break,0.0015999999595806003
1.0,0.75,With reminder,Weak encoding,1.0,0.9,0,0.0,33,task,0.23000000417232513
1.0,0.75,With reminder,Weak encoding,1.0,0.9,0,0.0,34,task,0.17219999432563782
1.0,0.75,With reminder,Weak encoding,1.0,0.9,0,0.0,35,task,0.13040000200271606
1.0,0.75,With reminder,Weak encoding,1.0,0.9,0,0.0,36,task,0.10159999877214432
1.0,0.75,With reminder,Weak encoding,1.0,0.9,0,0.0,37,task,0.0714000016450882
1.0,0.75,With reminder,Weak encoding,1.0,0.9,0,0.0,38,task,0.05779999867081642
1.0,0.75,With reminder,Weak encoding,1.0,0.9,0,0.0,39,task,0.04479999840259552
1.0,0.75,With reminder,Weak encoding,1.0,0.9,0,0.0,40,task,0.03359999880194664
1.0,0.75,With reminder,Weak encoding,1.0,0.9,0,0.0,41,task,0.02280000038444996
1.0,0.75,With reminder,Weak encoding,1.0,0.9,0,0.0,42,task,0.01759999990463257
1.0,0.75,With reminder,Weak encoding,1.0,0.9,0,0.0,43,task,0.013799999840557575
1.0,0.75,With reminder,Weak encoding,1.0,0.9,0,0.0,44,task,0.013199999928474426
1.0,0.75,With reminder,Weak encoding,1.0,0.9,0,0.0,45,task,0.010400000028312206
1.0,0.75,With reminder,Weak encoding,1.0,0.9,0,0.0,46,task,0.007400000002235174
1.0,0.75,With reminder,Weak encoding,1.0,0.9,0,0.0,47,task,0.007799999788403511
1.0,0.75,With reminder,Weak encoding,1.0,0.9,0,0.0,48,task,0.004600000102072954
1.0,0.75,With reminder,Weak encoding,1.0,0.9,0,0.0,49,filler,0.004999999888241291
1.0,0.75,With reminder,Weak encoding,1.0,0.9,0,0.0,50,filler,0.003800000064074993
1.0,0.75,With reminder,Weak encoding,1.0,0.9,0,0.0,51,filler,0.005400000140070915
1.0,0.75,With reminder,Weak encoding,1.0,0.9,0,0.0,52,filler,0.006399999838322401
1.0,0.75,With reminder,Weak encoding,1.0,0.9,0,0.0,53,filler,0.004600000102072954
1.0,0.75,With reminder,Weak encoding,1.0,0.9,0,0.0,54,filler,0.006599999964237213
1.0,0.75,With reminder,Weak encoding,1.0,0.9,0,0.0,55,filler,0.008999999612569809
1.0,0.75,With reminder,Weak encoding,1.0,0.9,0,0.0,56,filler,0.00800000037997961
1.0,0.75,With reminder,Weak encoding,1.0,0.9,0,0.0,57,filler,0.010999999940395355
1.0,0.75,With reminder,Weak encoding,1.0,0.9,0,0.0,58,filler,0.012000000104308128
1.0,0.75,With reminder,Weak encoding,1.0,0.9,0,0.0,59,filler,0.012600000016391277
1.0,0.75,With reminder,Weak encoding,1.0,0.9,0,0.0,60,filler,0.017799999564886093
1.0,0.75,With reminder,Weak encoding,1.0,0.9,0,0.0,61,filler,0.024399999529123306
1.0,0.75,With reminder,Weak encoding,1.0,0.9,0,0.0,62,filler,0.03139999881386757
1.0,0.75,With reminder,Weak encoding,1.0,0.9,0,0.0,63,filler,0.041999999433755875
1.0,0.75,With reminder,Weak encoding,1.0,0.9,0,0.0,64,filler,0.04639999940991402
1.0,0.75,With reminder,Strong encoding,2.0,0.9,0,0.0,1,film,0.1679999977350235
1.0,0.75,With reminder,Strong encoding,2.0,0.9,0,0.0,2,film,0.17020000517368317
1.0,0.75,With reminder,Strong encoding,2.0,0.9,0,0.0,3,film,0.17100000381469727
1.0,0.75,With reminder,Strong encoding,2.0,0.9,0,0.0,4,film,0.17159999907016754
1.0,0.75,With reminder,Strong encoding,2.0,0.9,0,0.0,5,film,0.16859999299049377
1.0,0.75,With reminder,Strong encoding,2.0,0.9,0,0.0,6,film,0.1687999963760376
1.0,0.75,With reminder,Strong encoding,2.0,0.9,0,0.0,7,film,0.1736000031232834
1.0,0.75,With reminder,Strong encoding,2.0,0.9,0,0.0,8,film,0.1687999963760376
1.0,0.75,With reminder,Strong encoding,2.0,0.9,0,0.0,9,film,0.15039999783039093
1.0,0.75,With reminder,Strong encoding,2.0,0.9,0,0.0,10,film,0.15160000324249268
1.0,0.75,With reminder,Strong encoding,2.0,0.9,0,0.0,11,film,0.1348000019788742
1.0,0.75,With reminder,Strong encoding,2.0,0.9,0,0.0,12,film,0.12860000133514404
1.0,0.75,With reminder,Strong encoding,2.0,0.9,0,0.0,13,film,0.12439999729394913
1.0,0.75,With reminder,Strong encoding,2.0,0.9,0,0.0,14,film,0.11699999868869781
1.0,0.75,With reminder,Strong encoding,2.0,0.9,0,0.0,15,film,0.10620000213384628
1.0,0.75,With reminder,Strong encoding,2.0,0.9,0,0.0,16,film,0.0949999988079071
1.0,0.75,With reminder,Strong encoding,2.0,0.9,0,0.0,17,break,0.03999999910593033
1.0,0.75,With reminder,Strong encoding,2.0,0.9,0,0.0,18,break,0.03139999881386757
1.0,0.75,With reminder,Strong encoding,2.0,0.9,0,0.0,19,break,0.025200000032782555
1.0,0.75,With reminder,Strong encoding,2.0,0.9,0,0.0,20,break,0.014999999664723873
1.0,0.75,With reminder,Strong encoding,2.0,0.9,0,0.0,21,break,0.009800000116229057
1.0,0.75,With reminder,Strong encoding,2.0,0.9,0,0.0,22,break,0.00860000029206276
1.0,0.75,With reminder,Strong encoding,2.0,0.9,0,0.0,23,break,0.006200000178068876
1.0,0.75,With reminder,Strong encoding,2.0,0.9,0,0.0,24,break,0.0031999999191612005
1.0,0.75,With reminder,Strong encoding,2.0,0.9,0,0.0,25,break,0.00419999985024333
1.0,0.75,With reminder,Strong encoding,2.0,0.9,0,0.0,26,break,0.0017999999690800905
1.0,0.75,With reminder,Strong encoding,2.0,0.9,0,0.0,27,break,0.0017999999690800905
1.0,0.75,With reminder,Strong encoding,2.0,0.9,0,0.0,28,break,0.0020000000949949026
1.0,0.75,With reminder,Strong encoding,2.0,0.9,0,0.0,29,break,0.0012000000569969416
1.0,0.75,With reminder,Strong encoding,2.0,0.9,0,0.0,30,break,0.0006000000284984708
1.0,0.75,With reminder,Strong encoding,2.0,0.9,0,0.0,31,break,0.00039999998989515007
1.0,0.75,With reminder,Strong encoding,2.0,0.9,0,0.0,32,break,0.0
1.0,0.75,With reminder,Strong encoding,2.0,0.9,0,0.0,33,task,0.551800012588501
1.0,0.75,With reminder,Strong encoding,2.0,0.9,0,0.0,34,task,0.5212000012397766
1.0,0.75,With reminder,Strong encoding,2.0,0.9,0,0.0,35,task,0.4991999864578247
1.0,0.75,With reminder,Strong encoding,2.0,0.9,0,0.0,36,task,0.46540001034736633
1.0,0.75,With reminder,Strong encoding,2.0,0.9,0,0.0,37,task,0.4311999976634979
1.0,0.75,With reminder,Strong encoding,2.0,0.9,0,0.0,38,task,0.3856000006198883
1.0,0.75,With reminder,Strong encoding,2.0,0.9,0,0.0,39,task,0.35420000553131104
1.0,0.75,With reminder,Strong encoding,2.0,0.9,0,0.0,40,task,0.32100000977516174
1.0,0.75,With reminder,Strong encoding,2.0,0.9,0,0.0,41,task,0.2768000066280365
1.0,0.75,With reminder,Strong encoding,2.0,0.9,0,0.0,42,task,0.2386000007390976
1.0,0.75,With reminder,Strong encoding,2.0,0.9,0,0.0,43,task,0.21320000290870667
1.0,0.75,With reminder,Strong encoding,2.0,0.9,0,0.0,44,task,0.18780000507831573
1.0,0.75,With reminder,Strong encoding,2.0,0.9,0,0.0,45,task,0.1607999950647354
1.0,0.75,With reminder,Strong encoding,2.0,0.9,0,0.0,46,task,0.13339999318122864
1.0,0.75,With reminder,Strong encoding,2.0,0.9,0,0.0,47,task,0.11500000208616257
1.0,0.75,With reminder,Strong encoding,2.0,0.9,0,0.0,48,task,0.10000000149011612
1.0,0.75,With reminder,Strong encoding,2.0,0.9,0,0.0,49,filler,0.00800000037997961
1.0,0.75,With reminder,Strong encoding,2.0,0.9,0,0.0,50,filler,0.00559999980032444
1.0,0.75,With reminder,Strong encoding,2.0,0.9,0,0.0,51,filler,0.005799999926239252
1.0,0.75,With reminder,Strong encoding,2.0,0.9,0,0.0,52,filler,0.005200000014156103
1.0,0.75,With reminder,Strong encoding,2.0,0.9,0,0.0,53,filler,0.004800000227987766
1.0,0.75,With reminder,Strong encoding,2.0,0.9,0,0.0,54,filler,0.004800000227987766
1.0,0.75,With reminder,Strong encoding,2.0,0.9,0,0.0,55,filler,0.003000000026077032
1.0,0.75,With reminder,Strong encoding,2.0,0.9,0,0.0,56,filler,0.003800000064074993
1.0,0.75,With reminder,Strong encoding,2.0,0.9,0,0.0,57,filler,0.006399999838322401
1.0,0.75,With reminder,Strong encoding,2.0,0.9,0,0.0,58,filler,0.007199999876320362
1.0,0.75,With reminder,Strong encoding,2.0,0.9,0,0.0,59,filler,0.007199999876320362
1.0,0.75,With reminder,Strong encoding,2.0,0.9,0,0.0,60,filler,0.009800000116229057
1.0,0.75,With reminder,Strong encoding,2.0,0.9,0,0.0,61,filler,0.010599999688565731
1.0,0.75,With reminder,Strong encoding,2.0,0.9,0,0.0,62,filler,0.014000000432133675
1.0,0.75,With reminder,Strong encoding,2.0,0.9,0,0.0,63,filler,0.019200000911951065
1.0,0.75,With reminder,Strong encoding,2.0,0.9,0,0.0,64,filler,0.02319999970495701
1.0,0.5,No reminder,Weak encoding,1.0,0.9,0,0.0,1,film,0.3287999927997589
1.0,0.5,No reminder,Weak encoding,1.0,0.9,0,0.0,2,film,0.34380000829696655
1.0,0.5,No reminder,Weak encoding,1.0,0.9,0,0.0,3,film,0.36880001425743103
1.0,0.5,No reminder,Weak encoding,1.0,0.9,0,0.0,4,film,0.38519999384880066
1.0,0.5,No reminder,Weak encoding,1.0,0.9,0,0.0,5,film,0.41920000314712524
1.0,0.5,No reminder,Weak encoding,1.0,0.9,0,0.0,6,film,0.45080000162124634
1.0,0.5,No reminder,Weak encoding,1.0,0.9,0,0.0,7,film,0.45419999957084656
1.0,0.5,No reminder,Weak encoding,1.0,0.9,0,0.0,8,film,0.46700000762939453
1.0,0.5,No reminder,Weak encoding,1.0,0.9,0,0.0,9,film,0.47360000014305115
1.0,0.5,No reminder,Weak encoding,1.0,0.9,0,0.0,10,film,0.47760000824928284
1.0,0.5,No reminder,Weak encoding,1.0,0.9,0,0.0,11,film,0.4691999852657318
1.0,0.5,No reminder,Weak encoding,1.0,0.9,0,0.0,12,film,0.4717999994754791
1.0,0.5,No reminder,Weak encoding,1.0,0.9,0,0.0,13,film,0.4426000118255615
1.0,0.5,No reminder,Weak encoding,1.0,0.9,0,0.0,14,film,0.43299999833106995
1.0,0.5,No reminder,Weak encoding,1.0,0.9,0,0.0,15,film,0.4138000011444092
1.0,0.5,No reminder,Weak encoding,1.0,0.9,0,0.0,16,film,0.38359999656677246
1.0,0.5,No reminder,Weak encoding,1.0,0.9,0,0.0,17,break,0.20100000500679016
1.0,0.5,No reminder,Weak encoding,1.0,0.9,0,0.0,18,break,0.14880000054836273
1.0,0.5,No reminder,Weak encoding,1.0,0.9,0,0.0,19,break,0.10899999737739563
1.0,0.5,No reminder,Weak encoding,1.0,0.9,0,0.0,20,break,0.07400000095367432
1.0,0.5,No reminder,Weak encoding,1.0,0.9,0,0.0,21,break,0.0544000007212162
1.0,0.5,No reminder,Weak encoding,1.0,0.9,0,0.0,22,break,0.04320000112056732
1.0,0.5,No reminder,Weak encoding,1.0,0.9,0,0.0,23,break,0.029200000688433647
1.0,0.5,No reminder,Weak encoding,1.0,0.9,0,0.0,24,break,0.01940000057220459
1.0,0.5,No reminder,Weak encoding,1.0,0.9,0,0.0,25,break,0.014999999664723873
1.0,0.5,No reminder,Weak encoding,1.0,0.9,0,0.0,26,break,0.010999999940395355
1.0,0.5,No reminder,Weak encoding,1.0,0.9,0,0.0,27,break,0.00800000037997961
1.0,0.5,No reminder,Weak encoding,1.0,0.9,0,0.0,28,break,0.006000000052154064
1.0,0.5,No reminder,Weak encoding,1.0,0.9,0,0.0,29,break,0.003000000026077032
1.0,0.5,No reminder,Weak encoding,1.0,0.9,0,0.0,30,break,0.0010000000474974513
1.0,0.5,No reminder,Weak encoding,1.0,0.9,0,0.0,31,break,0.0015999999595806003
1.0,0.5,No reminder,Weak encoding,1.0,0.9,0,0.0,32,break,0.0015999999595806003
1.0,0.5,No reminder,Weak encoding,1.0,0.9,0,0.0,33,task,0.0007999999797903001
1.0,0.5,No reminder,Weak encoding,1.0,0.9,0,0.0,34,task,0.0007999999797903001
1.0,0.5,No reminder,Weak encoding,1.0,0.9,0,0.0,35,task,0.0012000000569969416
1.0,0.5,No reminder,Weak encoding,1.0,0.9,0,0.0,36,task,0.0006000000284984708
1.0,0.5,No reminder,Weak encoding,1.0,0.9,0,0.0,37,task,0.0
1.0,0.5,No reminder,Weak encoding,1.0,0.9,0,0.0,38,task,0.0
1.0,0.5,No reminder,Weak encoding,1.0,0.9,0,0.0,39,task,0.0
1.0,0.5,No reminder,Weak encoding,1.0,0.9,0,0.0,40,task,0.00039999998989515007
1.0,0.5,No reminder,Weak encoding,1.0,0.9,0,0.0,41,task,0.00019999999494757503
1.0,0.5,No reminder,Weak encoding,1.0,0.9,0,0.0,42,task,0.00019999999494757503
1.0,0.5,No reminder,Weak encoding,1.0,0.9,0,0.0,43,task,0.0006000000284984708
1.0,0.5,No reminder,Weak encoding,1.0,0.9,0,0.0,44,task,0.00019999999494757503
1.0,0.5,No reminder,Weak encoding,1.0,0.9,0,0.0,45,task,0.00019999999494757503
1.0,0.5,No reminder,Weak encoding,1.0,0.9,0,0.0,46,task,0.00039999998989515007
1.0,0.5,No reminder,Weak encoding,1.0,0.9,0,0.0,47,task,0.0006000000284984708
1.0,0.5,No reminder,Weak encoding,1.0,0.9,0,0.0,48,task,0.0
1.0,0.5,No reminder,Weak encoding,1.0,0.9,0,0.0,49,filler,0.00039999998989515007
1.0,0.5,No reminder,Weak encoding,1.0,0.9,0,0.0,50,filler,0.00039999998989515007
1.0,0.5,No reminder,Weak encoding,1.0,0.9,0,0.0,51,filler,0.00019999999494757503
1.0,0.5,No reminder,Weak encoding,1.0,0.9,0,0.0,52,filler,0.0007999999797903001
1.0,0.5,No reminder,Weak encoding,1.0,0.9,0,0.0,53,filler,0.0012000000569969416
1.0,0.5,No reminder,Weak encoding,1.0,0.9,0,0.0,54,filler,0.00139999995008111
1.0,0.5,No reminder,Weak encoding,1.0,0.9,0,0.0,55,filler,0.0026000000070780516
1.0,0.5,No reminder,Weak encoding,1.0,0.9,0,0.0,56,filler,0.00279999990016222
1.0,0.5,No reminder,Weak encoding,1.0,0.9,0,0.0,57,filler,0.004399999976158142
1.0,0.5,No reminder,Weak encoding,1.0,0.9,0,0.0,58,filler,0.006399999838322401
1.0,0.5,No reminder,Weak encoding,1.0,0.9,0,0.0,59,filler,0.00839999970048666
1.0,0.5,No reminder,Weak encoding,1.0,0.9,0,0.0,60,filler,0.01080000028014183
1.0,0.5,No reminder,Weak encoding,1.0,0.9,0,0.0,61,filler,0.012400000356137753
1.0,0.5,No reminder,Weak encoding,1.0,0.9,0,0.0,62,filler,0.022199999541044235
1.0,0.5,No reminder,Weak encoding,1.0,0.9,0,0.0,63,filler,0.027400000020861626
1.0,0.5,No reminder,Weak encoding,1.0,0.9,0,0.0,64,filler,0.03880000114440918
1.0,0.5,No reminder,Strong encoding,2.0,0.9,0,0.0,1,film,0.34380000829696655
1.0,0.5,No reminder,Strong encoding,2.0,0.9,0,0.0,2,film,0.3368000090122223
1.0,0.5,No reminder,Strong encoding,2.0,0.9,0,0.0,3,film,0.3614000082015991
1.0,0.5,No reminder,Strong encoding,2.0,0.9,0,0.0,4,film,0.38760000467300415
1.0,0.5,No reminder,Strong encoding,2.0,0.9,0,0.0,5,film,0.4052000045776367
1.0,0.5,No reminder,Strong encoding,2.0,0.9,0,0.0,6,film,0.4253999888896942
1.0,0.5,No reminder,Strong encoding,2.0,0.9,0,0.0,7,film,0.444599986076355
1.0,0.5,No reminder,Strong encoding,2.0,0.9,0,0.0,8,film,0.46619999408721924
1.0,0.5,No reminder,Strong encoding,2.0,0.9,0,0.0,9,film,0.4684000015258789
1.0,0.5,No reminder,Strong encoding,2.0,0.9,0,0.0,10,film,0.4684000015258789
1.0,0.5,No reminder,Strong encoding,2.0,0.9,0,0.0,11,film,0.46480000019073486
1.0,0.5,No reminder,Strong encoding,2.0,0.9,0,0.0,12,film,0.46880000829696655
1.0,0.5,No reminder,Strong encoding,2.0,0.9,0,0.0,13,film,0.44179999828338623
1.0,0.5,No reminder,Strong encoding,2.0,0.9,0,0.0,14,film,0.41659998893737793
1.0,0.5,No reminder,Strong encoding,2.0,0.9,0,0.0,15,film,0.3962000012397766
1.0,0.5,No reminder,Strong encoding,2.0,0.9,0,0.0,16,film,0.3601999878883362
1.0,0.5,No reminder,Strong encoding,2.0,0.9,0,0.0,17,break,0.1868000030517578
1.0,0.5,No reminder,Strong encoding,2.0,0.9,0,0.0,18,break,0.13740000128746033
1.0,0.5,No reminder,Strong encoding,2.0,0.9,0,0.0,19,break,0.10480000078678131
1.0,0.5,No reminder,Strong encoding,2.0,0.9,0,0.0,20,break,0.07419999688863754
1.0,0.5,No reminder,Strong encoding,2.0,0.9,0,0.0,21,break,0.05000000074505806
1.0,0.5,No reminder,Strong encoding,2.0,0.9,0,0.0,22,break,0.03539999946951866
1.0,0.5,No reminder,Strong encoding,2.0,0.9,0,0.0,23,break,0.025200000032782555
1.0,0.5,No reminder,Strong encoding,2.0,0.9,0,0.0,24,break,0.018200000748038292
1.0,0.5,No reminder,Strong encoding,2.0,0.9,0,0.0,25,break,0.014399999752640724
1.0,0.5,No reminder,Strong encoding,2.0,0.9,0,0.0,26,break,0.01119999960064888
1.0,0.5,No reminder,Strong encoding,2.0,0.9,0,0.0,27,break,0.009800000116229057
1.0,0.5,No reminder,Strong encoding,2.0,0.9,0,0.0,28,break,0.004399999976158142
1.0,0.5,No reminder,Strong encoding,2.0,0.9,0,0.0,29,break,0.005799999926239252
1.0,0.5,No reminder,Strong encoding,2.0,0.9,0,0.0,30,break,0.002400000113993883
1.0,0.5,No reminder,Strong encoding,2.0,0.9,0,0.0,31,break,0.002199999988079071
1.0,0.5,No reminder,Strong encoding,2.0,0.9,0,0.0,32,break,0.0012000000569969416
1.0,0.5,No reminder,Strong encoding,2.0,0.9,0,0.0,33,task,0.013399999588727951
1.0,0.5,No reminder,Strong encoding,2.0,0.9,0,0.0,34,task,0.01119999960064888
1.0,0.5,No reminder,Strong encoding,2.0,0.9,0,0.0,35,task,0.008999999612569809
1.0,0.5,No reminder,Strong encoding,2.0,0.9,0,0.0,36,task,0.006800000090152025
1.0,0.5,No reminder,Strong encoding,2.0,0.9,0,0.0,37,task,0.00559999980032444
1.0,0.5,No reminder,Strong encoding,2.0,0.9,0,0.0,38,task,0.00559999980032444
1.0,0.5,No reminder,Strong encoding,2.0,0.9,0,0.0,39,task,0.005400000140070915
1.0,0.5,No reminder,Strong encoding,2.0,0.9,0,0.0,40,task,0.004399999976158142
1.0,0.5,No reminder,Strong encoding,2.0,0.9,0,0.0,41,task,0.004600000102072954
1.0,0.5,No reminder,Strong encoding,2.0,0.9,0,0.0,42,task,0.004999999888241291
1.0,0.5,No reminder,Strong encoding,2.0,0.9,0,0.0,43,task,0.00279999990016222
1.0,0.5,No reminder,Strong encoding,2.0,0.9,0,0.0,44,task,0.005200000014156103
1.0,0.5,No reminder,Strong encoding,2.0,0.9,0,0.0,45,task,0.004600000102072954
1.0,0.5,No reminder,Strong encoding,2.0,0.9,0,0.0,46,task,0.004399999976158142
1.0,0.5,No reminder,Strong encoding,2.0,0.9,0,0.0,47,task,0.005400000140070915
1.0,0.5,No reminder,Strong encoding,2.0,0.9,0,0.0,48,task,0.006800000090152025
1.0,0.5,No reminder,Strong encoding,2.0,0.9,0,0.0,49,filler,0.0010000000474974513
1.0,0.5,No reminder,Strong encoding,2.0,0.9,0,0.0,50,filler,0.0010000000474974513
1.0,0.5,No reminder,Strong encoding,2.0,0.9,0,0.0,51,filler,0.0012000000569969416
1.0,0.5,No reminder,Strong encoding,2.0,0.9,0,0.0,52,filler,0.0017999999690800905
1.0,0.5,No reminder,Strong encoding,2.0,0.9,0,0.0,53,filler,0.0017999999690800905
1.0,0.5,No reminder,Strong encoding,2.0,0.9,0,0.0,54,filler,0.002199999988079071
1.0,0.5,No reminder,Strong encoding,2.0,0.9,0,0.0,55,filler,0.0026000000070780516
1.0,0.5,No reminder,Strong encoding,2.0,0.9,0,0.0,56,filler,0.004600000102072954
1.0,0.5,No reminder,Strong encoding,2.0,0.9,0,0.0,57,filler,0.004399999976158142
1.0,0.5,No reminder,Strong encoding,2.0,0.9,0,0.0,58,filler,0.005799999926239252
1.0,0.5,No reminder,Strong encoding,2.0,0.9,0,0.0,59,filler,0.006599999964237213
1.0,0.5,No reminder,Strong encoding,2.0,0.9,0,0.0,60,filler,0.01140000019222498
1.0,0.5,No reminder,Strong encoding,2.0,0.9,0,0.0,61,filler,0.013799999840557575
1.0,0.5,No reminder,Strong encoding,2.0,0.9,0,0.0,62,filler,0.01979999989271164
1.0,0.5,No reminder,Strong encoding,2.0,0.9,0,0.0,63,filler,0.031199999153614044
1.0,0.5,No reminder,Strong encoding,2.0,0.9,0,0.0,64,filler,0.03400000184774399
1.0,0.5,With reminder,Weak encoding,1.0,0.9,0,0.0,1,film,0.3131999969482422
1.0,0.5,With reminder,Weak encoding,1.0,0.9,0,0.0,2,film,0.3176000118255615
1.0,0.5,With reminder,Weak encoding,1.0,0.9,0,0.0,3,film,0.337799996137619
1.0,0.5,With reminder,Weak encoding,1.0,0.9,0,0.0,4,film,0.37380000948905945
1.0,0.5,With reminder,Weak encoding,1.0,0.9,0,0.0,5,film,0.37459999322891235
1.0,0.5,With reminder,Weak encoding,1.0,0.9,0,0.0,6,film,0.39419999718666077
1.0,0.5,With reminder,Weak encoding,1.0,0.9,0,0.0,7,film,0.4198000133037567
1.0,0.5,With reminder,Weak encoding,1.0,0.9,0,0.0,8,film,0.41260001063346863
1.0,0.5,With reminder,Weak encoding,1.0,0.9,0,0.0,9,film,0.4185999929904938
1.0,0.5,With reminder,Weak encoding,1.0,0.9,0,0.0,10,film,0.4246000051498413
1.0,0.5,With reminder,Weak encoding,1.0,0.9,0,0.0,11,film,0.42579999566078186
1.0,0.5,With reminder,Weak encoding,1.0,0.9,0,0.0,12,film,0.415800005197525
1.0,0.5,With reminder,Weak encoding,1.0,0.9,0,0.0,13,film,0.40560001134872437
1.0,0.5,With reminder,Weak encoding,1.0,0.9,0,0.0,14,film,0.39419999718666077
1.0,0.5,With reminder,Weak encoding,1.0,0.9,0,0.0,15,film,0.3614000082015991
1.0,0.5,With reminder,Weak encoding,1.0,0.9,0,0.0,16,film,0.3343999981880188
1.0,0.5,With reminder,Weak encoding,1.0,0.9,0,0.0,17,break,0.1679999977350235
1.0,0.5,With reminder,Weak encoding,1.0,0.9,0,0.0,18,break,0.11699999868869781
1.0,0.5,With reminder,Weak encoding,1.0,0.9,0,0.0,19,break,0.08540000021457672
1.0,0.5,With reminder,Weak encoding,1.0,0.9,0,0.0,20,break,0.05900000035762787
1.0,0.5,With reminder,Weak encoding,1.0,0.9,0,0.0,21,break,0.041600000113248825
1.0,0.5,With reminder,Weak encoding,1.0,0.9,0,0.0,22,break,0.03440000116825104
1.0,0.5,With reminder,Weak encoding,1.0,0.9,0,0.0,23,break,0.02459999918937683
1.0,0.5,With reminder,Weak encoding,1.0,0.9,0,0.0,24,break,0.017000000923871994
1.0,0.5,With reminder,Weak encoding,1.0,0.9,0,0.0,25,break,0.00800000037997961
1.0,0.5,With reminder,Weak encoding,1.0,0.9,0,0.0,26,break,0.006399999838322401
1.0,0.5,With reminder,Weak encoding,1.0,0.9,0,0.0,27,break,0.005200000014156103
1.0,0.5,With reminder,Weak encoding,1.0,0.9,0,0.0,28,break,0.0026000000070780516
1.0,0.5,With reminder,Weak encoding,1.0,0.9,0,0.0,29,break,0.0031999999191612005
1.0,0.5,With reminder,Weak encoding,1.0,0.9,0,0.0,30,break,0.002199999988079071
1.0,0.5,With reminder,Weak encoding,1.0,0.9,0,0.0,31,break,0.0017999999690800905
1.0,0.5,With reminder,Weak encoding,1.0,0.9,0,0.0,32,break,0.0012000000569969416
1.0,0.5,With reminder,Weak encoding,1.0,0.9,0,0.0,33,task,0.22100000083446503
1.0,0.5,With reminder,Weak encoding,1.0,0.9,0,0.0,34,task,0.17260000109672546
1.0,0.5,With reminder,Weak encoding,1.0,0.9,0,0.0,35,task,0.11840000003576279
1.0,0.5,With reminder,Weak encoding,1.0,0.9,0,0.0,36,task,0.0868000015616417
1.0,0.5,With reminder,Weak encoding,1.0,0.9,0,0.0,37,task,0.055799998342990875
1.0,0.5,With reminder,Weak encoding,1.0,0.9,0,0.0,38,task,0.04399999976158142
1.0,0.5,With reminder,Weak encoding,1.0,0.9,0,0.0,39,task,0.03480000048875809
1.0,0.5,With reminder,Weak encoding,1.0,0.9,0,0.0,40,task,0.027400000020861626
1.0,0.5,With reminder,Weak encoding,1.0,0.9,0,0.0,41,task,0.016599999740719795
1.0,0.5,With reminder,Weak encoding,1.0,0.9,0,0.0,42,task,0.010999999940395355
1.0,0.5,With reminder,Weak encoding,1.0,0.9,0,0.0,43,task,0.008799999952316284
1.0,0.5,With reminder,Weak encoding,1.0,0.9,0,0.0,44,task,0.007199999876320362
1.0,0.5,With reminder,Weak encoding,1.0,0.9,0,0.0,45,task,0.004999999888241291
1.0,0.5,With reminder,Weak encoding,1.0,0.9,0,0.0,46,task,0.004600000102072954
1.0,0.5,With reminder,Weak encoding,1.0,0.9,0,0.0,47,task,0.002199999988079071
1.0,0.5,With reminder,Weak encoding,1.0,0.9,0,0.0,48,task,0.004000000189989805
1.0,0.5,With reminder,Weak encoding,1.0,0.9,0,0.0,49,filler,0.0010000000474974513
1.0,0.5,With reminder,Weak encoding,1.0,0.9,0,0.0,50,filler,0.002199999988079071
1.0,0.5,With reminder,Weak encoding,1.0,0.9,0,0.0,51,filler,0.0020000000949949026
1.0,0.5,With reminder,Weak encoding,1.0,0.9,0,0.0,52,filler,0.0015999999595806003
1.0,0.5,With reminder,Weak encoding,1.0,0.9,0,0.0,53,filler,0.00279999990016222
1.0,0.5,With reminder,Weak encoding,1.0,0.9,0,0.0,54,filler,0.0015999999595806003
1.0,0.5,With reminder,Weak encoding,1.0,0.9,0,0.0,55,filler,0.004800000227987766
1.0,0.5,With reminder,Weak encoding,1.0,0.9,0,0.0,56,filler,0.004800000227987766
1.0,0.5,With reminder,Weak encoding,1.0,0.9,0,0.0,57,filler,0.004399999976158142
1.0,0.5,With reminder,Weak encoding,1.0,0.9,0,0.0,58,filler,0.007400000002235174
1.0,0.5,With reminder,Weak encoding,1.0,0.9,0,0.0,59,filler,0.01140000019222498
1.0,0.5,With reminder,Weak encoding,1.0,0.9,0,0.0,60,filler,0.010999999940395355
1.0,0.5,With reminder,Weak encoding,1.0,0.9,0,0.0,61,filler,0.016200000420212746
1.0,0.5,With reminder,Weak encoding,1.0,0.9,0,0.0,62,filler,0.023399999365210533
1.0,0.5,With reminder,Weak encoding,1.0,0.9,0,0.0,63,filler,0.029600000008940697
1.0,0.5,With reminder,Weak encoding,1.0,0.9,0,0.0,64,filler,0.03539999946951866
1.0,0.5,With reminder,Strong encoding,2.0,0.9,0,0.0,1,film,0.20499999821186066
1.0,0.5,With reminder,Strong encoding,2.0,0.9,0,0.0,2,film,0.20000000298023224
1.0,0.5,With reminder,Strong encoding,2.0,0.9,0,0.0,3,film,0.1979999989271164
1.0,0.5,With reminder,Strong encoding,2.0,0.9,0,0.0,4,film,0.20559999346733093
1.0,0.5,With reminder,Strong encoding,2.0,0.9,0,0.0,5,film,0.20399999618530273
1.0,0.5,With reminder,Strong encoding,2.0,0.9,0,0.0,6,film,0.22020000219345093
1.0,0.5,With reminder,Strong encoding,2.0,0.9,0,0.0,7,film,0.2085999995470047
1.0,0.5,With reminder,Strong encoding,2.0,0.9,0,0.0,8,film,0.20579999685287476
1.0,0.5,With reminder,Strong encoding,2.0,0.9,0,0.0,9,film,0.1995999962091446
1.0,0.5,With reminder,Strong encoding,2.0,0.9,0,0.0,10,film,0.19380000233650208
1.0,0.5,With reminder,Strong encoding,2.0,0.9,0,0.0,11,film,0.17759999632835388
1.0,0.5,With reminder,Strong encoding,2.0,0.9,0,0.0,12,film,0.1656000018119812
1.0,0.5,With reminder,Strong encoding,2.0,0.9,0,0.0,13,film,0.1599999964237213
1.0,0.5,With reminder,Strong encoding,2.0,0.9,0,0.0,14,film,0.147599995136261
1.0,0.5,With reminder,Strong encoding,2.0,0.9,0,0.0,15,film,0.14100000262260437
1.0,0.5,With reminder,Strong encoding,2.0,0.9,0,0.0,16,film,0.12839999794960022
1.0,0.5,With reminder,Strong encoding,2.0,0.9,0,0.0,17,break,0.0551999993622303
1.0,0.5,With reminder,Strong encoding,2.0,0.9,0,0.0,18,break,0.039799999445676804
1.0,0.5,With reminder,Strong encoding,2.0,0.9,0,0.0,19,break,0.026799999177455902
1.0,0.5,With reminder,Strong encoding,2.0,0.9,0,0.0,20,break,0.018400000408291817
1.0,0.5,With reminder,Strong encoding,2.0,0.9,0,0.0,21,break,0.012799999676644802
1.0,0.5,With reminder,Strong encoding,2.0,0.9,0,0.0,22,break,0.008200000040233135
1.0,0.5,With reminder,Strong encoding,2.0,0.9,0,0.0,23,break,0.00559999980032444
1.0,0.5,With reminder,Strong encoding,2.0,0.9,0,0.0,24,break,0.00419999985024333
1.0,0.5,With reminder,Strong encoding,2.0,0.9,0,0.0,25,break,0.003000000026077032
1.0,0.5,With reminder,Strong encoding,2.0,0.9,0,0.0,26,break,0.00139999995008111
1.0,0.5,With reminder,Strong encoding,2.0,0.9,0,0.0,27,break,0.00139999995008111
1.0,0.5,With reminder,Strong encoding,2.0,0.9,0,0.0,28,break,0.0020000000949949026
1.0,0.5,With reminder,Strong encoding,2.0,0.9,0,0.0,29,break,0.0010000000474974513
1.0,0.5,With reminder,Strong encoding,2.0,0.9,0,0.0,30,break,0.00139999995008111
1.0,0.5,With reminder,Strong encoding,2.0,0.9,0,0.0,31,break,0.00039999998989515007
1.0,0.5,With reminder,Strong encoding,2.0,0.9,0,0.0,32,break,0.0007999999797903001
1.0,0.5,With reminder,Strong encoding,2.0,0.9,0,0.0,33,task,0.6110000014305115
1.0,0.5,With reminder,Strong encoding,2.0,0.9,0,0.0,34,task,0.573199987411499
1.0,0.5,With reminder,Strong encoding,2.0,0.9,0,0.0,35,task,0.5135999917984009
1.0,0.5,With reminder,Strong encoding,2.0,0.9,0,0.0,36,task,0.4551999866962433
1.0,0.5,With reminder,Strong encoding,2.0,0.9,0,0.0,37,task,0.4068000018596649
1.0,0.5,With reminder,Strong encoding,2.0,0.9,0,0.0,38,task,0.3386000096797943
1.0,0.5,With reminder,Strong encoding,2.0,0.9,0,0.0,39,task,0.28540000319480896
1.0,0.5,With reminder,Strong encoding,2.0,0.9,0,0.0,40,task,0.23399999737739563
1.0,0.5,With reminder,Strong encoding,2.0,0.9,0,0.0,41,task,0.20980000495910645
1.0,0.5,With reminder,Strong encoding,2.0,0.9,0,0.0,42,task,0.17339999973773956
1.0,0.5,With reminder,Strong encoding,2.0,0.9,0,0.0,43,task,0.15219999849796295
1.0,0.5,With reminder,Strong encoding,2.0,0.9,0,0.0,44,task,0.12099999934434891
1.0,0.5,With reminder,Strong encoding,2.0,0.9,0,0.0,45,task,0.10400000214576721
1.0,0.5,With reminder,Strong encoding,2.0,0.9,0,0.0,46,task,0.0851999968290329
1.0,0.5,With reminder,Strong encoding,2.0,0.9,0,0.0,47,task,0.061000000685453415
1.0,0.5,With reminder,Strong encoding,2.0,0.9,0,0.0,48,task,0.05620000138878822
1.0,0.5,With reminder,Strong encoding,2.0,0.9,0,0.0,49,filler,0.004800000227987766
1.0,0.5,With reminder,Strong encoding,2.0,0.9,0,0.0,50,filler,0.0034000000450760126
1.0,0.5,With reminder,Strong encoding,2.0,0.9,0,0.0,51,filler,0.0034000000450760126
1.0,0.5,With reminder,Strong encoding,2.0,0.9,0,0.0,52,filler,0.002400000113993883
1.0,0.5,With reminder,Strong encoding,2.0,0.9,0,0.0,53,filler,0.0034000000450760126
1.0,0.5,With reminder,Strong encoding,2.0,0.9,0,0.0,54,filler,0.003599999938160181
1.0,0.5,With reminder,Strong encoding,2.0,0.9,0,0.0,55,filler,0.003000000026077032
1.0,0.5,With reminder,Strong encoding,2.0,0.9,0,0.0,56,filler,0.005200000014156103
1.0,0.5,With reminder,Strong encoding,2.0,0.9,0,0.0,57,filler,0.005400000140070915
1.0,0.5,With reminder,Strong encoding,2.0,0.9,0,0.0,58,filler,0.004800000227987766
1.0,0.5,With reminder,Strong encoding,2.0,0.9,0,0.0,59,filler,0.00419999985024333
1.0,0.5,With reminder,Strong encoding,2.0,0.9,0,0.0,60,filler,0.007199999876320362
1.0,0.5,With reminder,Strong encoding,2.0,0.9,0,0.0,61,filler,0.009800000116229057
1.0,0.5,With reminder,Strong encoding,2.0,0.9,0,0.0,62,filler,0.014399999752640724
1.0,0.5,With reminder,Strong encoding,2.0,0.9,0,0.0,63,filler,0.019999999552965164
1.0,0.5,With reminder,Strong encoding,2.0,0.9,0,0.0,64,filler,0.02759999968111515
1.0,0.25,No reminder,Weak encoding,1.0,0.9,0,0.0,1,film,0.34779998660087585
1.0,0.25,No reminder,Weak encoding,1.0,0.9,0,0.0,2,film,0.3537999987602234
1.0,0.25,No reminder,Weak encoding,1.0,0.9,0,0.0,3,film,0.365200012922287
1.0,0.25,No reminder,Weak encoding,1.0,0.9,0,0.0,4,film,0.40540000796318054
1.0,0.25,No reminder,Weak encoding,1.0,0.9,0,0.0,5,film,0.4357999861240387
1.0,0.25,No reminder,Weak encoding,1.0,0.9,0,0.0,6,film,0.42879998683929443
1.0,0.25,No reminder,Weak encoding,1.0,0.9,0,0.0,7,film,0.44760000705718994
1.0,0.25,No reminder,Weak encoding,1.0,0.9,0,0.0,8,film,0.4713999927043915
1.0,0.25,No reminder,Weak encoding,1.0,0.9,0,0.0,9,film,0.4691999852657318
1.0,0.25,No reminder,Weak encoding,1.0,0.9,0,0.0,10,film,0.47540000081062317
1.0,0.25,No reminder,Weak encoding,1.0,0.9,0,0.0,11,film,0.4715999960899353
1.0,0.25,No reminder,Weak encoding,1.0,0.9,0,0.0,12,film,0.4747999906539917
1.0,0.25,No reminder,Weak encoding,1.0,0.9,0,0.0,13,film,0.4611999988555908
1.0,0.25,No reminder,Weak encoding,1.0,0.9,0,0.0,14,film,0.4339999854564667
1.0,0.25,No reminder,Weak encoding,1.0,0.9,0,0.0,15,film,0.4106000065803528
1.0,0.25,No reminder,Weak encoding,1.0,0.9,0,0.0,16,film,0.376800000667572
1.0,0.25,No reminder,Weak encoding,1.0,0.9,0,0.0,17,break,0.19820000231266022
1.0,0.25,No reminder,Weak encoding,1.0,0.9,0,0.0,18,break,0.14419999718666077
1.0,0.25,No reminder,Weak encoding,1.0,0.9,0,0.0,19,break,0.09539999812841415
1.0,0.25,No reminder,Weak encoding,1.0,0.9,0,0.0,20,break,0.06859999895095825
1.0,0.25,No reminder,Weak encoding,1.0,0.9,0,0.0,21,break,0.04800000041723251
1.0,0.25,No reminder,Weak encoding,1.0,0.9,0,0.0,22,break,0.03240000084042549
1.0,0.25,No reminder,Weak encoding,1.0,0.9,0,0.0,23,break,0.02800000086426735
1.0,0.25,No reminder,Weak encoding,1.0,0.9,0,0.0,24,break,0.015200000256299973
1.0,0.25,No reminder,Weak encoding,1.0,0.9,0,0.0,25,break,0.009999999776482582
1.0,0.25,No reminder,Weak encoding,1.0,0.9,0,0.0,26,break,0.00800000037997961
1.0,0.25,No reminder,Weak encoding,1.0,0.9,0,0.0,27,break,0.005799999926239252
1.0,0.25,No reminder,Weak encoding,1.0,0.9,0,0.0,28,break,0.003599999938160181
1.0,0.25,No reminder,Weak encoding,1.0,0.9,0,0.0,29,break,0.002400000113993883
1.0,0.25,No reminder,Weak encoding,1.0,0.9,0,0.0,30,break,0.002199999988079071
1.0,0.25,No reminder,Weak encoding,1.0,0.9,0,0.0,31,break,0.00019999999494757503
1.0,0.25,No reminder,Weak encoding,1.0,0.9,0,0.0,32,break,0.0006000000284984708
1.0,0.25,No reminder,Weak encoding,1.0,0.9,0,0.0,33,task,0.0012000000569969416
1.0,0.25,No reminder,Weak encoding,1.0,0.9,0,0.0,34,task,0.0
1.0,0.25,No reminder,Weak encoding,1.0,0.9,0,0.0,35,task,0.00019999999494757503
1.0,0.25,No reminder,Weak encoding,1.0,0.9,0,0.0,36,task,0.0
1.0,0.25,No reminder,Weak encoding,1.0,0.9,0,0.0,37,task,0.00019999999494757503
1.0,0.25,No reminder,Weak encoding,1.0,0.9,0,0.0,38,task,0.0
1.0,0.25,No reminder,Weak encoding,1.0,0.9,0,0.0,39,task,0.00019999999494757503
1.0,0.25,No reminder,Weak encoding,1.0,0.9,0,0.0,40,task,0.00019999999494757503
1.0,0.25,No reminder,Weak encoding,1.0,0.9,0,0.0,41,task,0.0
1.0,0.25,No reminder,Weak encoding,1.0,0.9,0,0.0,42,task,0.0
1.0,0.25,No reminder,Weak encoding,1.0,0.9,0,0.0,43,task,0.0
1.0,0.25,No reminder,Weak encoding,1.0,0.9,0,0.0,44,task,0.0
1.0,0.25,No reminder,Weak encoding,1.0,0.9,0,0.0,45,task,0.00019999999494757503
1.0,0.25,No reminder,Weak encoding,1.0,0.9,0,0.0,46,task,0.00019999999494757503
1.0,0.25,No reminder,Weak encoding,1.0,0.9,0,0.0,47,task,0.0
1.0,0.25,No reminder,Weak encoding,1.0,0.9,0,0.0,48,task,0.00019999999494757503
1.0,0.25,No reminder,Weak encoding,1.0,0.9,0,0.0,49,filler,0.00019999999494757503
1.0,0.25,No reminder,Weak encoding,1.0,0.9,0,0.0,50,filler,0.0007999999797903001
1.0,0.25,No reminder,Weak encoding,1.0,0.9,0,0.0,51,filler,0.00019999999494757503
1.0,0.25,No reminder,Weak encoding,1.0,0.9,0,0.0,52,filler,0.0007999999797903001
1.0,0.25,No reminder,Weak encoding,1.0,0.9,0,0.0,53,filler,0.00039999998989515007
1.0,0.25,No reminder,Weak encoding,1.0,0.9,0,0.0,54,filler,0.0012000000569969416
1.0,0.25,No reminder,Weak encoding,1.0,0.9,0,0.0,55,filler,0.0017999999690800905
1.0,0.25,No reminder,Weak encoding,1.0,0.9,0,0.0,56,filler,0.0020000000949949026
1.0,0.25,No reminder,Weak encoding,1.0,0.9,0,0.0,57,filler,0.0020000000949949026
1.0,0.25,No reminder,Weak encoding,1.0,0.9,0,0.0,58,filler,0.006200000178068876
1.0,0.25,No reminder,Weak encoding,1.0,0.9,0,0.0,59,filler,0.006000000052154064
1.0,0.25,No reminder,Weak encoding,1.0,0.9,0,0.0,60,filler,0.006800000090152025
1.0,0.25,No reminder,Weak encoding,1.0,0.9,0,0.0,61,filler,0.014800000004470348
1.0,0.25,No reminder,Weak encoding,1.0,0.9,0,0.0,62,filler,0.01759999990463257
1.0,0.25,No reminder,Weak encoding,1.0,0.9,0,0.0,63,filler,0.027799999341368675
1.0,0.25,No reminder,Weak encoding,1.0,0.9,0,0.0,64,filler,0.03400000184774399
1.0,0.25,No reminder,Strong encoding,2.0,0.9,0,0.0,1,film,0.34220001101493835
1.0,0.25,No reminder,Strong encoding,2.0,0.9,0,0.0,2,film,0.3418000042438507
1.0,0.25,No reminder,Strong encoding,2.0,0.9,0,0.0,3,film,0.37720000743865967
1.0,0.25,No reminder,Strong encoding,2.0,0.9,0,0.0,4,film,0.39959999918937683
1.0,0.25,No reminder,Strong encoding,2.0,0.9,0,0.0,5,film,0.4334000051021576
1.0,0.25,No reminder,Strong encoding,2.0,0.9,0,0.0,6,film,0.45419999957084656
1.0,0.25,No reminder,Strong encoding,2.0,0.9,0,0.0,7,film,0.45719999074935913
1.0,0.25,No reminder,Strong encoding,2.0,0.9,0,0.0,8,film,0.48820000886917114
1.0,0.25,No reminder,Strong encoding,2.0,0.9,0,0.0,9,film,0.4819999933242798
1.0,0.25,No reminder,Strong encoding,2.0,0.9,0,0.0,10,film,0.4657999873161316
1.0,0.25,No reminder,Strong encoding,2.0,0.9,0,0.0,11,film,0.4742000102996826
1.0,0.25,No reminder,Strong encoding,2.0,0.9,0,0.0,12,film,0.4611999988555908
1.0,0.25,No reminder,Strong encoding,2.0,0.9,0,0.0,13,film,0.4422000050544739
1.0,0.25,No reminder,Strong encoding,2.0,0.9,0,0.0,14,film,0.42640000581741333
1.0,0.25,No reminder,Strong encoding,2.0,0.9,0,0.0,15,film,0.40959998965263367
1.0,0.25,No reminder,Strong encoding,2.0,0.9,0,0.0,16,film,0.38260000944137573
1.0,0.25,No reminder,Strong encoding,2.0,0.9,0,0.0,17,break,0.19840000569820404
1.0,0.25,No reminder,Strong encoding,2.0,0.9,0,0.0,18,break,0.13899999856948853
1.0,0.25,No reminder,Strong encoding,2.0,0.9,0,0.0,19,break,0.0997999981045723
1.0,0.25,No reminder,Strong encoding,2.0,0.9,0,0.0,20,break,0.0689999982714653
1.0,0.25,No reminder,Strong encoding,2.0,0.9,0,0.0,21,break,0.053599998354911804
1.0,0.25,No reminder,Strong encoding,2.0,0.9,0,0.0,22,break,0.03819999843835831
1.0,0.25,No reminder,Strong encoding,2.0,0.9,0,0.0,23,break,0.022600000724196434
1.0,0.25,No reminder,Strong encoding,2.0,0.9,0,0.0,24,break,0.014399999752640724
1.0,0.25,No reminder,Strong encoding,2.0,0.9,0,0.0,25,break,0.010200000368058681
1.0,0.25,No reminder,Strong encoding,2.0,0.9,0,0.0,26,break,0.008999999612569809
1.0,0.25,No reminder,Strong encoding,2.0,0.9,0,0.0,27,break,0.00559999980032444
1.0,0.25,No reminder,Strong encoding,2.0,0.9,0,0.0,28,break,0.0031999999191612005
1.0,0.25,No reminder,Strong encoding,2.0,0.9,0,0.0,29,break,0.002199999988079071
1.0,0.25,No reminder,Strong encoding,2.0,0.9,0,0.0,30,break,0.002199999988079071
1.0,0.25,No reminder,Strong encoding,2.0,0.9,0,0.0,31,break,0.0012000000569969416
1.0,0.25,No reminder,Strong encoding,2.0,0.9,0,0.0,32,break,0.00039999998989515007
1.0,0.25,No reminder,Strong encoding,2.0,0.9,0,0.0,33,task,0.006399999838322401
1.0,0.25,No reminder,Strong encoding,2.0,0.9,0,0.0,34,task,0.00559999980032444
1.0,0.25,No reminder,Strong encoding,2.0,0.9,0,0.0,35,task,0.004399999976158142
1.0,0.25,No reminder,Strong encoding,2.0,0.9,0,0.0,36,task,0.005200000014156103
1.0,0.25,No reminder,Strong encoding,2.0,0.9,0,0.0,37,task,0.00279999990016222
1.0,0.25,No reminder,Strong encoding,2.0,0.9,0,0.0,38,task,0.0020000000949949026
1.0,0.25,No reminder,Strong encoding,2.0,0.9,0,0.0,39,task,0.0015999999595806003
1.0,0.25,No reminder,Strong encoding,2.0,0.9,0,0.0,40,task,0.002199999988079071
1.0,0.25,No reminder,Strong encoding,2.0,0.9,0,0.0,41,task,0.0015999999595806003
1.0,0.25,No reminder,Strong encoding,2.0,0.9,0,0.0,42,task,0.0012000000569969416
1.0,0.25,No reminder,Strong encoding,2.0,0.9,0,0.0,43,task,0.002199999988079071
1.0,0.25,No reminder,Strong encoding,2.0,0.9,0,0.0,44,task,0.0020000000949949026
1.0,0.25,No reminder,Strong encoding,2.0,0.9,0,0.0,45,task,0.0015999999595806003
1.0,0.25,No reminder,Strong encoding,2.0,0.9,0,0.0,46,task,0.00139999995008111
1.0,0.25,No reminder,Strong encoding,2.0,0.9,0,0.0,47,task,0.00279999990016222
1.0,0.25,No reminder,Strong encoding,2.0,0.9,0,0.0,48,task,0.0026000000070780516
1.0,0.25,No reminder,Strong encoding,2.0,0.9,0,0.0,49,filler,0.00019999999494757503
1.0,0.25,No reminder,Strong encoding,2.0,0.9,0,0.0,50,filler,0.00019999999494757503
1.0,0.25,No reminder,Strong encoding,2.0,0.9,0,0.0,51,filler,0.00019999999494757503
1.0,0.25,No reminder,Strong encoding,2.0,0.9,0,0.0,52,filler,0.0007999999797903001
1.0,0.25,No reminder,Strong encoding,2.0,0.9,0,0.0,53,filler,0.0010000000474974513
1.0,0.25,No reminder,Strong encoding,2.0,0.9,0,0.0,54,filler,0.00279999990016222
1.0,0.25,No reminder,Strong encoding,2.0,0.9,0,0.0,55,filler,0.0015999999595806003
1.0,0.25,No reminder,Strong encoding,2.0,0.9,0,0.0,56,filler,0.0020000000949949026
1.0,0.25,No reminder,Strong encoding,2.0,0.9,0,0.0,57,filler,0.0031999999191612005
1.0,0.25,No reminder,Strong encoding,2.0,0.9,0,0.0,58,filler,0.00419999985024333
1.0,0.25,No reminder,Strong encoding,2.0,0.9,0,0.0,59,filler,0.007000000216066837
1.0,0.25,No reminder,Strong encoding,2.0,0.9,0,0.0,60,filler,0.007600000128149986
1.0,0.25,No reminder,Strong encoding,2.0,0.9,0,0.0,61,filler,0.01119999960064888
1.0,0.25,No reminder,Strong encoding,2.0,0.9,0,0.0,62,filler,0.016599999740719795
1.0,0.25,No reminder,Strong encoding,2.0,0.9,0,0.0,63,filler,0.02500000037252903
1.0,0.25,No reminder,Strong encoding,2.0,0.9,0,0.0,64,filler,0.02979999966919422
1.0,0.25,With reminder,Weak encoding,1.0,0.9,0,0.0,1,film,0.3278000056743622
1.0,0.25,With reminder,Weak encoding,1.0,0.9,0,0.0,2,film,0.3147999942302704
1.0,0.25,With reminder,Weak encoding,1.0,0.9,0,0.0,3,film,0.3418000042438507
1.0,0.25,With reminder,Weak encoding,1.0,0.9,0,0.0,4,film,0.36480000615119934
1.0,0.25,With reminder,Weak encoding,1.0,0.9,0,0.0,5,film,0.38420000672340393
1.0,0.25,With reminder,Weak encoding,1.0,0.9,0,0.0,6,film,0.4023999869823456
1.0,0.25,With reminder,Weak encoding,1.0,0.9,0,0.0,7,film,0.4090000092983246
1.0,0.25,With reminder,Weak encoding,1.0,0.9,0,0.0,8,film,0.426800012588501
1.0,0.25,With reminder,Weak encoding,1.0,0.9,0,0.0,9,film,0.42260000109672546
1.0,0.25,With reminder,Weak encoding,1.0,0.9,0,0.0,10,film,0.4311999976634979
1.0,0.25,With reminder,Weak encoding,1.0,0.9,0,0.0,11,film,0.4334000051021576
1.0,0.25,With reminder,Weak encoding,1.0,0.9,0,0.0,12,film,0.4142000079154968
1.0,0.25,With reminder,Weak encoding,1.0,0.9,0,0.0,13,film,0.4156000018119812
1.0,0.25,With reminder,Weak encoding,1.0,0.9,0,0.0,14,film,0.3840000033378601
1.0,0.25,With reminder,Weak encoding,1.0,0.9,0,0.0,15,film,0.3707999885082245
1.0,0.25,With reminder,Weak encoding,1.0,0.9,0,0.0,16,film,0.32839998602867126
1.0,0.25,With reminder,Weak encoding,1.0,0.9,0,0.0,17,break,0.16519999504089355
1.0,0.25,With reminder,Weak encoding,1.0,0.9,0,0.0,18,break,0.11779999732971191
1.0,0.25,With reminder,Weak encoding,1.0,0.9,0,0.0,19,break,0.07720000296831131
1.0,0.25,With reminder,Weak encoding,1.0,0.9,0,0.0,20,break,0.051600001752376556
1.0,0.25,With reminder,Weak encoding,1.0,0.9,0,0.0,21,break,0.03799999877810478
1.0,0.25,With reminder,Weak encoding,1.0,0.9,0,0.0,22,break,0.024399999529123306
1.0,0.25,With reminder,Weak encoding,1.0,0.9,0,0.0,23,break,0.015599999576807022
1.0,0.25,With reminder,Weak encoding,1.0,0.9,0,0.0,24,break,0.0142000000923872
1.0,0.25,With reminder,Weak encoding,1.0,0.9,0,0.0,25,break,0.010400000028312206
1.0,0.25,With reminder,Weak encoding,1.0,0.9,0,0.0,26,break,0.006200000178068876
1.0,0.25,With reminder,Weak encoding,1.0,0.9,0,0.0,27,break,0.004399999976158142
1.0,0.25,With reminder,Weak encoding,1.0,0.9,0,0.0,28,break,0.003800000064074993
1.0,0.25,With reminder,Weak encoding,1.0,0.9,0,0.0,29,break,0.002199999988079071
1.0,0.25,With reminder,Weak encoding,1.0,0.9,0,0.0,30,break,0.0010000000474974513
1.0,0.25,With reminder,Weak encoding,1.0,0.9,0,0.0,31,break,0.0012000000569969416
1.0,0.25,With reminder,Weak encoding,1.0,0.9,0,0.0,32,break,0.0012000000569969416
1.0,0.25,With reminder,Weak encoding,1.0,0.9,0,0.0,33,task,0.21899999678134918
1.0,0.25,With reminder,Weak encoding,1.0,0.9,0,0.0,34,task,0.15960000455379486
1.0,0.25,With reminder,Weak encoding,1.0,0.9,0,0.0,35,task,0.1088000014424324
1.0,0.25,With reminder,Weak encoding,1.0,0.9,0,0.0,36,task,0.07360000163316727
1.0,0.25,With reminder,Weak encoding,1.0,0.9,0,0.0,37,task,0.0568000003695488
1.0,0.25,With reminder,Weak encoding,1.0,0.9,0,0.0,38,task,0.035599999129772186
1.0,0.25,With reminder,Weak encoding,1.0,0.9,0,0.0,39,task,0.029200000688433647
1.0,0.25,With reminder,Weak encoding,1.0,0.9,0,0.0,40,task,0.020999999716877937
1.0,0.25,With reminder,Weak encoding,1.0,0.9,0,0.0,41,task,0.014399999752640724
1.0,0.25,With reminder,Weak encoding,1.0,0.9,0,0.0,42,task,0.00839999970048666
1.0,0.25,With reminder,Weak encoding,1.0,0.9,0,0.0,43,task,0.007799999788403511
1.0,0.25,With reminder,Weak encoding,1.0,0.9,0,0.0,44,task,0.004800000227987766
1.0,0.25,With reminder,Weak encoding,1.0,0.9,0,0.0,45,task,0.004600000102072954
1.0,0.25,With reminder,Weak encoding,1.0,0.9,0,0.0,46,task,0.0034000000450760126
1.0,0.25,With reminder,Weak encoding,1.0,0.9,0,0.0,47,task,0.0031999999191612005
1.0,0.25,With reminder,Weak encoding,1.0,0.9,0,0.0,48,task,0.0017999999690800905
1.0,0.25,With reminder,Weak encoding,1.0,0.9,0,0.0,49,filler,0.0026000000070780516
1.0,0.25,With reminder,Weak encoding,1.0,0.9,0,0.0,50,filler,0.004000000189989805
1.0,0.25,With reminder,Weak encoding,1.0,0.9,0,0.0,51,filler,0.00279999990016222
1.0,0.25,With reminder,Weak encoding,1.0,0.9,0,0.0,52,filler,0.002199999988079071
1.0,0.25,With reminder,Weak encoding,1.0,0.9,0,0.0,53,filler,0.002199999988079071
1.0,0.25,With reminder,Weak encoding,1.0,0.9,0,0.0,54,filler,0.0020000000949949026
1.0,0.25,With reminder,Weak encoding,1.0,0.9,0,0.0,55,filler,0.00279999990016222
1.0,0.25,With reminder,Weak encoding,1.0,0.9,0,0.0,56,filler,0.003800000064074993
1.0,0.25,With reminder,Weak encoding,1.0,0.9,0,0.0,57,filler,0.005200000014156103
1.0,0.25,With reminder,Weak encoding,1.0,0.9,0,0.0,58,filler,0.005799999926239252
1.0,0.25,With reminder,Weak encoding,1.0,0.9,0,0.0,59,filler,0.00800000037997961
1.0,0.25,With reminder,Weak encoding,1.0,0.9,0,0.0,60,filler,0.011599999852478504
1.0,0.25,With reminder,Weak encoding,1.0,0.9,0,0.0,61,filler,0.014999999664723873
1.0,0.25,With reminder,Weak encoding,1.0,0.9,0,0.0,62,filler,0.01720000058412552
1.0,0.25,With reminder,Weak encoding,1.0,0.9,0,0.0,63,filler,0.02539999969303608
1.0,0.25,With reminder,Weak encoding,1.0,0.9,0,0.0,64,filler,0.03460000082850456
1.0,0.25,With reminder,Strong encoding,2.0,0.9,0,0.0,1,film,0.241799995303154
1.0,0.25,With reminder,Strong encoding,2.0,0.9,0,0.0,2,film,0.22599999606609344
1.0,0.25,With reminder,Strong encoding,2.0,0.9,0,0.0,3,film,0.227400004863739
1.0,0.25,With reminder,Strong encoding,2.0,0.9,0,0.0,4,film,0.24459999799728394
1.0,0.25,With reminder,Strong encoding,2.0,0.9,0,0.0,5,film,0.2531999945640564
1.0,0.25,With reminder,Strong encoding,2.0,0.9,0,0.0,6,film,0.2667999863624573
1.0,0.25,With reminder,Strong encoding,2.0,0.9,0,0.0,7,film,0.26739999651908875
1.0,0.25,With reminder,Strong encoding,2.0,0.9,0,0.0,8,film,0.2637999951839447
1.0,0.25,With reminder,Strong encoding,2.0,0.9,0,0.0,9,film,0.25459998846054077
1.0,0.25,With reminder,Strong encoding,2.0,0.9,0,0.0,10,film,0.2433999925851822
1.0,0.25,With reminder,Strong encoding,2.0,0.9,0,0.0,11,film,0.2305999994277954
1.0,0.25,With reminder,Strong encoding,2.0,0.9,0,0.0,12,film,0.22679999470710754
1.0,0.25,With reminder,Strong encoding,2.0,0.9,0,0.0,13,film,0.20759999752044678
1.0,0.25,With reminder,Strong encoding,2.0,0.9,0,0.0,14,film,0.19660000503063202
1.0,0.25,With reminder,Strong encoding,2.0,0.9,0,0.0,15,film,0.18379999697208405
1.0,0.25,With reminder,Strong encoding,2.0,0.9,0,0.0,16,film,0.15360000729560852
1.0,0.25,With reminder,Strong encoding,2.0,0.9,0,0.0,17,break,0.06400000303983688
1.0,0.25,With reminder,Strong encoding,2.0,0.9,0,0.0,18,break,0.04740000143647194
1.0,0.25,With reminder,Strong encoding,2.0,0.9,0,0.0,19,break,0.03099999949336052
1.0,0.25,With reminder,Strong encoding,2.0,0.9,0,0.0,20,break,0.02319999970495701
1.0,0.25,With reminder,Strong encoding,2.0,0.9,0,0.0,21,break,0.016200000420212746
1.0,0.25,With reminder,Strong encoding,2.0,0.9,0,0.0,22,break,0.010400000028312206
1.0,0.25,With reminder,Strong encoding,2.0,0.9,0,0.0,23,break,0.007799999788403511
1.0,0.25,With reminder,Strong encoding,2.0,0.9,0,0.0,24,break,0.006200000178068876
1.0,0.25,With reminder,Strong encoding,2.0,0.9,0,0.0,25,break,0.0034000000450760126
1.0,0.25,With reminder,Strong encoding,2.0,0.9,0,0.0,26,break,0.002199999988079071
1.0,0.25,With reminder,Strong encoding,2.0,0.9,0,0.0,27,break,0.0010000000474974513
1.0,0.25,With reminder,Strong encoding,2.0,0.9,0,0.0,28,break,0.0007999999797903001
1.0,0.25,With reminder,Strong encoding,2.0,0.9,0,0.0,29,break,0.0010000000474974513
1.0,0.25,With reminder,Strong encoding,2.0,0.9,0,0.0,30,break,0.00019999999494757503
1.0,0.25,With reminder,Strong encoding,2.0,0.9,0,0.0,31,break,0.0006000000284984708
1.0,0.25,With reminder,Strong encoding,2.0,0.9,0,0.0,32,break,0.0006000000284984708
1.0,0.25,With reminder,Strong encoding,2.0,0.9,0,0.0,33,task,0.6722000241279602
1.0,0.25,With reminder,Strong encoding,2.0,0.9,0,0.0,34,task,0.5789999961853027
1.0,0.25,With reminder,Strong encoding,2.0,0.9,0,0.0,35,task,0.4867999851703644
1.0,0.25,With reminder,Strong encoding,2.0,0.9,0,0.0,36,task,0.40779998898506165
1.0,0.25,With reminder,Strong encoding,2.0,0.9,0,0.0,37,task,0.3357999920845032
1.0,0.25,With reminder,Strong encoding,2.0,0.9,0,0.0,38,task,0.2680000066757202
1.0,0.25,With reminder,Strong encoding,2.0,0.9,0,0.0,39,task,0.2078000009059906
1.0,0.25,With reminder,Strong encoding,2.0,0.9,0,0.0,40,task,0.1656000018119812
1.0,0.25,With reminder,Strong encoding,2.0,0.9,0,0.0,41,task,0.12939999997615814
1.0,0.25,With reminder,Strong encoding,2.0,0.9,0,0.0,42,task,0.09719999879598618
1.0,0.25,With reminder,Strong encoding,2.0,0.9,0,0.0,43,task,0.0803999975323677
1.0,0.25,With reminder,Strong encoding,2.0,0.9,0,0.0,44,task,0.05939999967813492
1.0,0.25,With reminder,Strong encoding,2.0,0.9,0,0.0,45,task,0.050599999725818634
1.0,0.25,With reminder,Strong encoding,2.0,0.9,0,0.0,46,task,0.0430000014603138
1.0,0.25,With reminder,Strong encoding,2.0,0.9,0,0.0,47,task,0.03240000084042549
1.0,0.25,With reminder,Strong encoding,2.0,0.9,0,0.0,48,task,0.027400000020861626
1.0,0.25,With reminder,Strong encoding,2.0,0.9,0,0.0,49,filler,0.0026000000070780516
1.0,0.25,With reminder,Strong encoding,2.0,0.9,0,0.0,50,filler,0.0006000000284984708
1.0,0.25,With reminder,Strong encoding,2.0,0.9,0,0.0,51,filler,0.002199999988079071
1.0,0.25,With reminder,Strong encoding,2.0,0.9,0,0.0,52,filler,0.002400000113993883
1.0,0.25,With reminder,Strong encoding,2.0,0.9,0,0.0,53,filler,0.00139999995008111
1.0,0.25,With reminder,Strong encoding,2.0,0.9,0,0.0,54,filler,0.0026000000070780516
1.0,0.25,With reminder,Strong encoding,2.0,0.9,0,0.0,55,filler,0.002400000113993883
1.0,0.25,With reminder,Strong encoding,2.0,0.9,0,0.0,56,filler,0.0026000000070780516
1.0,0.25,With reminder,Strong encoding,2.0,0.9,0,0.0,57,filler,0.0034000000450760126
1.0,0.25,With reminder,Strong encoding,2.0,0.9,0,0.0,58,filler,0.006599999964237213
1.0,0.25,With reminder,Strong encoding,2.0,0.9,0,0.0,59,filler,0.006200000178068876
1.0,0.25,With reminder,Strong encoding,2.0,0.9,0,0.0,60,filler,0.007000000216066837
1.0,0.25,With reminder,Strong encoding,2.0,0.9,0,0.0,61,filler,0.010599999688565731
1.0,0.25,With reminder,Strong encoding,2.0,0.9,0,0.0,62,filler,0.012199999764561653
1.0,0.25,With reminder,Strong encoding,2.0,0.9,0,0.0,63,filler,0.024399999529123306
1.0,0.25,With reminder,Strong encoding,2.0,0.9,0,0.0,64,filler,0.03020000085234642
1.0,0.0,No reminder,Weak encoding,1.0,0.9,0,0.0,1,film,0.34360000491142273
1.0,0.0,No reminder,Weak encoding,1.0,0.9,0,0.0,2,film,0.35839998722076416
1.0,0.0,No reminder,Weak encoding,1.0,0.9,0,0.0,3,film,0.37880000472068787
1.0,0.0,No reminder,Weak encoding,1.0,0.9,0,0.0,4,film,0.40220001339912415
1.0,0.0,No reminder,Weak encoding,1.0,0.9,0,0.0,5,film,0.4284000098705292
1.0,0.0,No reminder,Weak encoding,1.0,0.9,0,0.0,6,film,0.45159998536109924
1.0,0.0,No reminder,Weak encoding,1.0,0.9,0,0.0,7,film,0.4650000035762787
1.0,0.0,No reminder,Weak encoding,1.0,0.9,0,0.0,8,film,0.4851999878883362
1.0,0.0,No reminder,Weak encoding,1.0,0.9,0,0.0,9,film,0.48539999127388
1.0,0.0,No reminder,Weak encoding,1.0,0.9,0,0.0,10,film,0.4952000081539154
1.0,0.0,No reminder,Weak encoding,1.0,0.9,0,0.0,11,film,0.48339998722076416
1.0,0.0,No reminder,Weak encoding,1.0,0.9,0,0.0,12,film,0.4846000075340271
1.0,0.0,No reminder,Weak encoding,1.0,0.9,0,0.0,13,film,0.46480000019073486
1.0,0.0,No reminder,Weak encoding,1.0,0.9,0,0.0,14,film,0.43459999561309814
1.0,0.0,No reminder,Weak encoding,1.0,0.9,0,0.0,15,film,0.4196000099182129
1.0,0.0,No reminder,Weak encoding,1.0,0.9,0,0.0,16,film,0.3813999891281128
1.0,0.0,No reminder,Weak encoding,1.0,0.9,0,0.0,17,break,0.2046000063419342
1.0,0.0,No reminder,Weak encoding,1.0,0.9,0,0.0,18,break,0.13860000669956207
1.0,0.0,No reminder,Weak encoding,1.0,0.9,0,0.0,19,break,0.0843999981880188
1.0,0.0,No reminder,Weak encoding,1.0,0.9,0,0.0,20,break,0.0568000003695488
1.0,0.0,No reminder,Weak encoding,1.0,0.9,0,0.0,21,break,0.047200001776218414
1.0,0.0,No reminder,Weak encoding,1.0,0.9,0,0.0,22,break,0.027400000020861626
1.0,0.0,No reminder,Weak encoding,1.0,0.9,0,0.0,23,break,0.024800000712275505
1.0,0.0,No reminder,Weak encoding,1.0,0.9,0,0.0,24,break,0.01360000018030405
1.0,0.0,No reminder,Weak encoding,1.0,0.9,0,0.0,25,break,0.009200000204145908
1.0,0.0,No reminder,Weak encoding,1.0,0.9,0,0.0,26,break,0.007600000128149986
1.0,0.0,No reminder,Weak encoding,1.0,0.9,0,0.0,27,break,0.0031999999191612005
1.0,0.0,No reminder,Weak encoding,1.0,0.9,0,0.0,28,break,0.0020000000949949026
1.0,0.0,No reminder,Weak encoding,1.0,0.9,0,0.0,29,break,0.00279999990016222
1.0,0.0,No reminder,Weak encoding,1.0,0.9,0,0.0,30,break,0.00019999999494757503
1.0,0.0,No reminder,Weak encoding,1.0,0.9,0,0.0,31,break,0.0010000000474974513
1.0,0.0,No reminder,Weak encoding,1.0,0.9,0,0.0,32,break,0.0006000000284984708
1.0,0.0,No reminder,Weak encoding,1.0,0.9,0,0.0,33,task,0.00019999999494757503
1.0,0.0,No reminder,Weak encoding,1.0,0.9,0,0.0,34,task,0.00019999999494757503
1.0,0.0,No reminder,Weak encoding,1.0,0.9,0,0.0,35,task,0.00019999999494757503
1.0,0.0,No reminder,Weak encoding,1.0,0.9,0,0.0,36,task,0.0
1.0,0.0,No reminder,Weak encoding,1.0,0.9,0,0.0,37,task,0.00039999998989515007
1.0,0.0,No reminder,Weak encoding,1.0,0.9,0,0.0,38,task,0.0
1.0,0.0,No reminder,Weak encoding,1.0,0.9,0,0.0,39,task,0.00019999999494757503
1.0,0.0,No reminder,Weak encoding,1.0,0.9,0,0.0,40,task,0.0
1.0,0.0,No reminder,Weak encoding,1.0,0.9,0,0.0,41,task,0.0006000000284984708
1.0,0.0,No reminder,Weak encoding,1.0,0.9,0,0.0,42,task,0.0
1.0,0.0,No reminder,Weak encoding,1.0,0.9,0,0.0,43,task,0.0
1.0,0.0,No reminder,Weak encoding,1.0,0.9,0,0.0,44,task,0.00019999999494757503
1.0,0.0,No reminder,Weak encoding,1.0,0.9,0,0.0,45,task,0.0
1.0,0.0,No reminder,Weak encoding,1.0,0.9,0,0.0,46,task,0.00019999999494757503
1.0,0.0,No reminder,Weak encoding,1.0,0.9,0,0.0,47,task,0.0007999999797903001
1.0,0.0,No reminder,Weak encoding,1.0,0.9,0,0.0,48,task,0.00019999999494757503
1.0,0.0,No reminder,Weak encoding,1.0,0.9,0,0.0,49,filler,0.00019999999494757503
1.0,0.0,No reminder,Weak encoding,1.0,0.9,0,0.0,50,filler,0.00039999998989515007
1.0,0.0,No reminder,Weak encoding,1.0,0.9,0,0.0,51,filler,0.0006000000284984708
1.0,0.0,No reminder,Weak encoding,1.0,0.9,0,0.0,52,filler,0.0006000000284984708
1.0,0.0,No reminder,Weak encoding,1.0,0.9,0,0.0,53,filler,0.0007999999797903001
1.0,0.0,No reminder,Weak encoding,1.0,0.9,0,0.0,54,filler,0.0010000000474974513
1.0,0.0,No reminder,Weak encoding,1.0,0.9,0,0.0,55,filler,0.0012000000569969416
1.0,0.0,No reminder,Weak encoding,1.0,0.9,0,0.0,56,filler,0.0020000000949949026
1.0,0.0,No reminder,Weak encoding,1.0,0.9,0,0.0,57,filler,0.0026000000070780516
1.0,0.0,No reminder,Weak encoding,1.0,0.9,0,0.0,58,filler,0.002199999988079071
1.0,0.0,No reminder,Weak encoding,1.0,0.9,0,0.0,59,filler,0.007000000216066837
1.0,0.0,No reminder,Weak encoding,1.0,0.9,0,0.0,60,filler,0.00800000037997961
1.0,0.0,No reminder,Weak encoding,1.0,0.9,0,0.0,61,filler,0.013000000268220901
1.0,0.0,No reminder,Weak encoding,1.0,0.9,0,0.0,62,filler,0.015200000256299973
1.0,0.0,No reminder,Weak encoding,1.0,0.9,0,0.0,63,filler,0.02160000056028366
1.0,0.0,No reminder,Weak encoding,1.0,0.9,0,0.0,64,filler,0.029400000348687172
1.0,0.0,No reminder,Strong encoding,2.0,0.9,0,0.0,1,film,0.335999995470047
1.0,0.0,No reminder,Strong encoding,2.0,0.9,0,0.0,2,film,0.3483999967575073
1.0,0.0,No reminder,Strong encoding,2.0,0.9,0,0.0,3,film,0.3662000000476837
1.0,0.0,No reminder,Strong encoding,2.0,0.9,0,0.0,4,film,0.39160001277923584
1.0,0.0,No reminder,Strong encoding,2.0,0.9,0,0.0,5,film,0.42100000381469727
1.0,0.0,No reminder,Strong encoding,2.0,0.9,0,0.0,6,film,0.44519999623298645
1.0,0.0,No reminder,Strong encoding,2.0,0.9,0,0.0,7,film,0.45840001106262207
1.0,0.0,No reminder,Strong encoding,2.0,0.9,0,0.0,8,film,0.4821999967098236
1.0,0.0,No reminder,Strong encoding,2.0,0.9,0,0.0,9,film,0.48579999804496765
1.0,0.0,No reminder,Strong encoding,2.0,0.9,0,0.0,10,film,0.48100000619888306
1.0,0.0,No reminder,Strong encoding,2.0,0.9,0,0.0,11,film,0.4726000130176544
1.0,0.0,No reminder,Strong encoding,2.0,0.9,0,0.0,12,film,0.4625999927520752
1.0,0.0,No reminder,Strong encoding,2.0,0.9,0,0.0,13,film,0.46700000762939453
1.0,0.0,No reminder,Strong encoding,2.0,0.9,0,0.0,14,film,0.42160001397132874
1.0,0.0,No reminder,Strong encoding,2.0,0.9,0,0.0,15,film,0.39480000734329224
1.0,0.0,No reminder,Strong encoding,2.0,0.9,0,0.0,16,film,0.3702000081539154
1.0,0.0,No reminder,Strong encoding,2.0,0.9,0,0.0,17,break,0.19020000100135803
1.0,0.0,No reminder,Strong encoding,2.0,0.9,0,0.0,18,break,0.13259999454021454
1.0,0.0,No reminder,Strong encoding,2.0,0.9,0,0.0,19,break,0.09040000289678574
1.0,0.0,No reminder,Strong encoding,2.0,0.9,0,0.0,20,break,0.05739999935030937
1.0,0.0,No reminder,Strong encoding,2.0,0.9,0,0.0,21,break,0.041200000792741776
1.0,0.0,No reminder,Strong encoding,2.0,0.9,0,0.0,22,break,0.026799999177455902
1.0,0.0,No reminder,Strong encoding,2.0,0.9,0,0.0,23,break,0.018799999728798866
1.0,0.0,No reminder,Strong encoding,2.0,0.9,0,0.0,24,break,0.012600000016391277
1.0,0.0,No reminder,Strong encoding,2.0,0.9,0,0.0,25,break,0.01080000028014183
1.0,0.0,No reminder,Strong encoding,2.0,0.9,0,0.0,26,break,0.003599999938160181
1.0,0.0,No reminder,Strong encoding,2.0,0.9,0,0.0,27,break,0.005400000140070915
1.0,0.0,No reminder,Strong encoding,2.0,0.9,0,0.0,28,break,0.0031999999191612005
1.0,0.0,No reminder,Strong encoding,2.0,0.9,0,0.0,29,break,0.0017999999690800905
1.0,0.0,No reminder,Strong encoding,2.0,0.9,0,0.0,30,break,0.0010000000474974513
1.0,0.0,No reminder,Strong encoding,2.0,0.9,0,0.0,31,break,0.0012000000569969416
1.0,0.0,No reminder,Strong encoding,2.0,0.9,0,0.0,32,break,0.0006000000284984708
1.0,0.0,No reminder,Strong encoding,2.0,0.9,0,0.0,33,task,0.008200000040233135
1.0,0.0,No reminder,Strong encoding,2.0,0.9,0,0.0,34,task,0.004999999888241291
1.0,0.0,No reminder,Strong encoding,2.0,0.9,0,0.0,35,task,0.0017999999690800905
1.0,0.0,No reminder,Strong encoding,2.0,0.9,0,0.0,36,task,0.0017999999690800905
1.0,0.0,No reminder,Strong encoding,2.0,0.9,0,0.0,37,task,0.00139999995008111
1.0,0.0,No reminder,Strong encoding,2.0,0.9,0,0.0,38,task,0.0017999999690800905
1.0,0.0,No reminder,Strong encoding,2.0,0.9,0,0.0,39,task,0.00019999999494757503
1.0,0.0,No reminder,Strong encoding,2.0,0.9,0,0.0,40,task,0.0012000000569969416
1.0,0.0,No reminder,Strong encoding,2.0,0.9,0,0.0,41,task,0.0012000000569969416
1.0,0.0,No reminder,Strong encoding,2.0,0.9,0,0.0,42,task,0.00139999995008111
1.0,0.0,No reminder,Strong encoding,2.0,0.9,0,0.0,43,task,0.0006000000284984708
1.0,0.0,No reminder,Strong encoding,2.0,0.9,0,0.0,44,task,0.0012000000569969416
1.0,0.0,No reminder,Strong encoding,2.0,0.9,0,0.0,45,task,0.0017999999690800905
1.0,0.0,No reminder,Strong encoding,2.0,0.9,0,0.0,46,task,0.0020000000949949026
1.0,0.0,No reminder,Strong encoding,2.0,0.9,0,0.0,47,task,0.00139999995008111
1.0,0.0,No reminder,Strong encoding,2.0,0.9,0,0.0,48,task,0.0020000000949949026
1.0,0.0,No reminder,Strong encoding,2.0,0.9,0,0.0,49,filler,0.0
1.0,0.0,No reminder,Strong encoding,2.0,0.9,0,0.0,50,filler,0.0
1.0,0.0,No reminder,Strong encoding,2.0,0.9,0,0.0,51,filler,0.0006000000284984708
1.0,0.0,No reminder,Strong encoding,2.0,0.9,0,0.0,52,filler,0.0020000000949949026
1.0,0.0,No reminder,Strong encoding,2.0,0.9,0,0.0,53,filler,0.00019999999494757503
1.0,0.0,No reminder,Strong encoding,2.0,0.9,0,0.0,54,filler,0.0015999999595806003
1.0,0.0,No reminder,Strong encoding,2.0,0.9,0,0.0,55,filler,0.0012000000569969416
1.0,0.0,No reminder,Strong encoding,2.0,0.9,0,0.0,56,filler,0.0015999999595806003
1.0,0.0,No reminder,Strong encoding,2.0,0.9,0,0.0,57,filler,0.003800000064074993
1.0,0.0,No reminder,Strong encoding,2.0,0.9,0,0.0,58,filler,0.003599999938160181
1.0,0.0,No reminder,Strong encoding,2.0,0.9,0,0.0,59,filler,0.005400000140070915
1.0,0.0,No reminder,Strong encoding,2.0,0.9,0,0.0,60,filler,0.006800000090152025
1.0,0.0,No reminder,Strong encoding,2.0,0.9,0,0.0,61,filler,0.011800000444054604
1.0,0.0,No reminder,Strong encoding,2.0,0.9,0,0.0,62,filler,0.01720000058412552
1.0,0.0,No reminder,Strong encoding,2.0,0.9,0,0.0,63,filler,0.02239999920129776
1.0,0.0,No reminder,Strong encoding,2.0,0.9,0,0.0,64,filler,0.029200000688433647
1.0,0.0,With reminder,Weak encoding,1.0,0.9,0,0.0,1,film,0.3246000111103058
1.0,0.0,With reminder,Weak encoding,1.0,0.9,0,0.0,2,film,0.32679998874664307
1.0,0.0,With reminder,Weak encoding,1.0,0.9,0,0.0,3,film,0.3467999994754791
1.0,0.0,With reminder,Weak encoding,1.0,0.9,0,0.0,4,film,0.38179999589920044
1.0,0.0,With reminder,Weak encoding,1.0,0.9,0,0.0,5,film,0.399399995803833
1.0,0.0,With reminder,Weak encoding,1.0,0.9,0,0.0,6,film,0.4156000018119812
1.0,0.0,With reminder,Weak encoding,1.0,0.9,0,0.0,7,film,0.42559999227523804
1.0,0.0,With reminder,Weak encoding,1.0,0.9,0,0.0,8,film,0.45080000162124634
1.0,0.0,With reminder,Weak encoding,1.0,0.9,0,0.0,9,film,0.4449999928474426
1.0,0.0,With reminder,Weak encoding,1.0,0.9,0,0.0,10,film,0.4431999921798706
1.0,0.0,With reminder,Weak encoding,1.0,0.9,0,0.0,11,film,0.4352000057697296
1.0,0.0,With reminder,Weak encoding,1.0,0.9,0,0.0,12,film,0.4291999936103821
1.0,0.0,With reminder,Weak encoding,1.0,0.9,0,0.0,13,film,0.4156000018119812
1.0,0.0,With reminder,Weak encoding,1.0,0.9,0,0.0,14,film,0.3903999924659729
1.0,0.0,With reminder,Weak encoding,1.0,0.9,0,0.0,15,film,0.36559998989105225
1.0,0.0,With reminder,Weak encoding,1.0,0.9,0,0.0,16,film,0.3361999988555908
1.0,0.0,With reminder,Weak encoding,1.0,0.9,0,0.0,17,break,0.17880000174045563
1.0,0.0,With reminder,Weak encoding,1.0,0.9,0,0.0,18,break,0.11800000071525574
1.0,0.0,With reminder,Weak encoding,1.0,0.9,0,0.0,19,break,0.07320000231266022
1.0,0.0,With reminder,Weak encoding,1.0,0.9,0,0.0,20,break,0.05260000005364418
1.0,0.0,With reminder,Weak encoding,1.0,0.9,0,0.0,21,break,0.032999999821186066
1.0,0.0,With reminder,Weak encoding,1.0,0.9,0,0.0,22,break,0.02280000038444996
1.0,0.0,With reminder,Weak encoding,1.0,0.9,0,0.0,23,break,0.017400000244379044
1.0,0.0,With reminder,Weak encoding,1.0,0.9,0,0.0,24,break,0.012199999764561653
1.0,0.0,With reminder,Weak encoding,1.0,0.9,0,0.0,25,break,0.007400000002235174
1.0,0.0,With reminder,Weak encoding,1.0,0.9,0,0.0,26,break,0.007000000216066837
1.0,0.0,With reminder,Weak encoding,1.0,0.9,0,0.0,27,break,0.0034000000450760126
1.0,0.0,With reminder,Weak encoding,1.0,0.9,0,0.0,28,break,0.0031999999191612005
1.0,0.0,With reminder,Weak encoding,1.0,0.9,0,0.0,29,break,0.00139999995008111
1.0,0.0,With reminder,Weak encoding,1.0,0.9,0,0.0,30,break,0.0017999999690800905
1.0,0.0,With reminder,Weak encoding,1.0,0.9,0,0.0,31,break,0.0006000000284984708
1.0,0.0,With reminder,Weak encoding,1.0,0.9,0,0.0,32,break,0.00039999998989515007
1.0,0.0,With reminder,Weak encoding,1.0,0.9,0,0.0,33,task,0.19580000638961792
1.0,0.0,With reminder,Weak encoding,1.0,0.9,0,0.0,34,task,0.14640000462532043
1.0,0.0,With reminder,Weak encoding,1.0,0.9,0,0.0,35,task,0.09860000014305115
1.0,0.0,With reminder,Weak encoding,1.0,0.9,0,0.0,36,task,0.06560000032186508
1.0,0.0,With reminder,Weak encoding,1.0,0.9,0,0.0,37,task,0.04580000042915344
1.0,0.0,With reminder,Weak encoding,1.0,0.9,0,0.0,38,task,0.03280000016093254
1.0,0.0,With reminder,Weak encoding,1.0,0.9,0,0.0,39,task,0.02319999970495701
1.0,0.0,With reminder,Weak encoding,1.0,0.9,0,0.0,40,task,0.018400000408291817
1.0,0.0,With reminder,Weak encoding,1.0,0.9,0,0.0,41,task,0.012600000016391277
1.0,0.0,With reminder,Weak encoding,1.0,0.9,0,0.0,42,task,0.00860000029206276
1.0,0.0,With reminder,Weak encoding,1.0,0.9,0,0.0,43,task,0.005799999926239252
1.0,0.0,With reminder,Weak encoding,1.0,0.9,0,0.0,44,task,0.003800000064074993
1.0,0.0,With reminder,Weak encoding,1.0,0.9,0,0.0,45,task,0.004000000189989805
1.0,0.0,With reminder,Weak encoding,1.0,0.9,0,0.0,46,task,0.0031999999191612005
1.0,0.0,With reminder,Weak encoding,1.0,0.9,0,0.0,47,task,0.0015999999595806003
1.0,0.0,With reminder,Weak encoding,1.0,0.9,0,0.0,48,task,0.0012000000569969416
1.0,0.0,With reminder,Weak encoding,1.0,0.9,0,0.0,49,filler,0.00019999999494757503
1.0,0.0,With reminder,Weak encoding,1.0,0.9,0,0.0,50,filler,0.0020000000949949026
1.0,0.0,With reminder,Weak encoding,1.0,0.9,0,0.0,51,filler,0.002199999988079071
1.0,0.0,With reminder,Weak encoding,1.0,0.9,0,0.0,52,filler,0.002199999988079071
1.0,0.0,With reminder,Weak encoding,1.0,0.9,0,0.0,53,filler,0.0010000000474974513
1.0,0.0,With reminder,Weak encoding,1.0,0.9,0,0.0,54,filler,0.0017999999690800905
1.0,0.0,With reminder,Weak encoding,1.0,0.9,0,0.0,55,filler,0.0020000000949949026
1.0,0.0,With reminder,Weak encoding,1.0,0.9,0,0.0,56,filler,0.003800000064074993
1.0,0.0,With reminder,Weak encoding,1.0,0.9,0,0.0,57,filler,0.00279999990016222
1.0,0.0,With reminder,Weak encoding,1.0,0.9,0,0.0,58,filler,0.004600000102072954
1.0,0.0,With reminder,Weak encoding,1.0,0.9,0,0.0,59,filler,0.00839999970048666
1.0,0.0,With reminder,Weak encoding,1.0,0.9,0,0.0,60,filler,0.00860000029206276
1.0,0.0,With reminder,Weak encoding,1.0,0.9,0,0.0,61,filler,0.01140000019222498
1.0,0.0,With reminder,Weak encoding,1.0,0.9,0,0.0,62,filler,0.01679999940097332
1.0,0.0,With reminder,Weak encoding,1.0,0.9,0,0.0,63,filler,0.02280000038444996
1.0,0.0,With reminder,Weak encoding,1.0,0.9,0,0.0,64,filler,0.02879999950528145
1.0,0.0,With reminder,Strong encoding,2.0,0.9,0,0.0,1,film,0.27959999442100525
1.0,0.0,With reminder,Strong encoding,2.0,0.9,0,0.0,2,film,0.27000001072883606
1.0,0.0,With reminder,Strong encoding,2.0,0.9,0,0.0,3,film,0.28299999237060547
1.0,0.0,With reminder,Strong encoding,2.0,0.9,0,0.0,4,film,0.2919999957084656
1.0,0.0,With reminder,Strong encoding,2.0,0.9,0,0.0,5,film,0.2946000099182129
1.0,0.0,With reminder,Strong encoding,2.0,0.9,0,0.0,6,film,0.3197999894618988
1.0,0.0,With reminder,Strong encoding,2.0,0.9,0,0.0,7,film,0.3188000023365021
1.0,0.0,With reminder,Strong encoding,2.0,0.9,0,0.0,8,film,0.3176000118255615
1.0,0.0,With reminder,Strong encoding,2.0,0.9,0,0.0,9,film,0.3050000071525574
1.0,0.0,With reminder,Strong encoding,2.0,0.9,0,0.0,10,film,0.30239999294281006
1.0,0.0,With reminder,Strong encoding,2.0,0.9,0,0.0,11,film,0.3052000105381012
1.0,0.0,With reminder,Strong encoding,2.0,0.9,0,0.0,12,film,0.28200000524520874
1.0,0.0,With reminder,Strong encoding,2.0,0.9,0,0.0,13,film,0.25440001487731934
1.0,0.0,With reminder,Strong encoding,2.0,0.9,0,0.0,14,film,0.23160000145435333
1.0,0.0,With reminder,Strong encoding,2.0,0.9,0,0.0,15,film,0.20520000159740448
1.0,0.0,With reminder,Strong encoding,2.0,0.9,0,0.0,16,film,0.18199999630451202
1.0,0.0,With reminder,Strong encoding,2.0,0.9,0,0.0,17,break,0.07880000025033951
1.0,0.0,With reminder,Strong encoding,2.0,0.9,0,0.0,18,break,0.05640000104904175
1.0,0.0,With reminder,Strong encoding,2.0,0.9,0,0.0,19,break,0.03440000116825104
1.0,0.0,With reminder,Strong encoding,2.0,0.9,0,0.0,20,break,0.01979999989271164
1.0,0.0,With reminder,Strong encoding,2.0,0.9,0,0.0,21,break,0.01600000075995922
1.0,0.0,With reminder,Strong encoding,2.0,0.9,0,0.0,22,break,0.010999999940395355
1.0,0.0,With reminder,Strong encoding,2.0,0.9,0,0.0,23,break,0.006200000178068876
1.0,0.0,With reminder,Strong encoding,2.0,0.9,0,0.0,24,break,0.0034000000450760126
1.0,0.0,With reminder,Strong encoding,2.0,0.9,0,0.0,25,break,0.0017999999690800905
1.0,0.0,With reminder,Strong encoding,2.0,0.9,0,0.0,26,break,0.00279999990016222
1.0,0.0,With reminder,Strong encoding,2.0,0.9,0,0.0,27,break,0.0020000000949949026
1.0,0.0,With reminder,Strong encoding,2.0,0.9,0,0.0,28,break,0.00039999998989515007
1.0,0.0,With reminder,Strong encoding,2.0,0.9,0,0.0,29,break,0.0007999999797903001
1.0,0.0,With reminder,Strong encoding,2.0,0.9,0,0.0,30,break,0.00039999998989515007
1.0,0.0,With reminder,Strong encoding,2.0,0.9,0,0.0,31,break,0.00019999999494757503
1.0,0.0,With reminder,Strong encoding,2.0,0.9,0,0.0,32,break,0.0
1.0,0.0,With reminder,Strong encoding,2.0,0.9,0,0.0,33,task,0.6705999970436096
1.0,0.0,With reminder,Strong encoding,2.0,0.9,0,0.0,34,task,0.5608000159263611
1.0,0.0,With reminder,Strong encoding,2.0,0.9,0,0.0,35,task,0.4426000118255615
1.0,0.0,With reminder,Strong encoding,2.0,0.9,0,0.0,36,task,0.3140000104904175
1.0,0.0,With reminder,Strong encoding,2.0,0.9,0,0.0,37,task,0.2298000007867813
1.0,0.0,With reminder,Strong encoding,2.0,0.9,0,0.0,38,task,0.1738000065088272
1.0,0.0,With reminder,Strong encoding,2.0,0.9,0,0.0,39,task,0.12780000269412994
1.0,0.0,With reminder,Strong encoding,2.0,0.9,0,0.0,40,task,0.08560000360012054
1.0,0.0,With reminder,Strong encoding,2.0,0.9,0,0.0,41,task,0.0706000030040741
1.0,0.0,With reminder,Strong encoding,2.0,0.9,0,0.0,42,task,0.050599999725818634
1.0,0.0,With reminder,Strong encoding,2.0,0.9,0,0.0,43,task,0.03799999877810478
1.0,0.0,With reminder,Strong encoding,2.0,0.9,0,0.0,44,task,0.03200000151991844
1.0,0.0,With reminder,Strong encoding,2.0,0.9,0,0.0,45,task,0.022600000724196434
1.0,0.0,With reminder,Strong encoding,2.0,0.9,0,0.0,46,task,0.01600000075995922
1.0,0.0,With reminder,Strong encoding,2.0,0.9,0,0.0,47,task,0.01720000058412552
1.0,0.0,With reminder,Strong encoding,2.0,0.9,0,0.0,48,task,0.015799999237060547
1.0,0.0,With reminder,Strong encoding,2.0,0.9,0,0.0,49,filler,0.00139999995008111
1.0,0.0,With reminder,Strong encoding,2.0,0.9,0,0.0,50,filler,0.0006000000284984708
1.0,0.0,With reminder,Strong encoding,2.0,0.9,0,0.0,51,filler,0.00279999990016222
1.0,0.0,With reminder,Strong encoding,2.0,0.9,0,0.0,52,filler,0.0010000000474974513
1.0,0.0,With reminder,Strong encoding,2.0,0.9,0,0.0,53,filler,0.0015999999595806003
1.0,0.0,With reminder,Strong encoding,2.0,0.9,0,0.0,54,filler,0.0026000000070780516
1.0,0.0,With reminder,Strong encoding,2.0,0.9,0,0.0,55,filler,0.00139999995008111
1.0,0.0,With reminder,Strong encoding,2.0,0.9,0,0.0,56,filler,0.003000000026077032
1.0,0.0,With reminder,Strong encoding,2.0,0.9,0,0.0,57,filler,0.0034000000450760126
1.0,0.0,With reminder,Strong encoding,2.0,0.9,0,0.0,58,filler,0.0031999999191612005
1.0,0.0,With reminder,Strong encoding,2.0,0.9,0,0.0,59,filler,0.006000000052154064
1.0,0.0,With reminder,Strong encoding,2.0,0.9,0,0.0,60,filler,0.007400000002235174
1.0,0.0,With reminder,Strong encoding,2.0,0.9,0,0.0,61,filler,0.012799999676644802
1.0,0.0,With reminder,Strong encoding,2.0,0.9,0,0.0,62,filler,0.013399999588727951
1.0,0.0,With reminder,Strong encoding,2.0,0.9,0,0.0,63,filler,0.01860000006854534
1.0,0.0,With reminder,Strong encoding,2.0,0.9,0,0.0,64,filler,0.031599998474121094
1.5,1.0,No reminder,Weak encoding,1.0,0.9,0,0.0,1,film,0.38440001010894775
1.5,1.0,No reminder,Weak encoding,1.0,0.9,0,0.0,2,film,0.3790000081062317
1.5,1.0,No reminder,Weak encoding,1.0,0.9,0,0.0,3,film,0.3815999925136566
1.5,1.0,No reminder,Weak encoding,1.0,0.9,0,0.0,4,film,0.4052000045776367
1.5,1.0,No reminder,Weak encoding,1.0,0.9,0,0.0,5,film,0.41620001196861267
1.5,1.0,No reminder,Weak encoding,1.0,0.9,0,0.0,6,film,0.43459999561309814
1.5,1.0,No reminder,Weak encoding,1.0,0.9,0,0.0,7,film,0.4480000138282776
1.5,1.0,No reminder,Weak encoding,1.0,0.9,0,0.0,8,film,0.45159998536109924
1.5,1.0,No reminder,Weak encoding,1.0,0.9,0,0.0,9,film,0.4666000008583069
1.5,1.0,No reminder,Weak encoding,1.0,0.9,0,0.0,10,film,0.4535999894142151
1.5,1.0,No reminder,Weak encoding,1.0,0.9,0,0.0,11,film,0.4415999948978424
1.5,1.0,No reminder,Weak encoding,1.0,0.9,0,0.0,12,film,0.4438000023365021
1.5,1.0,No reminder,Weak encoding,1.0,0.9,0,0.0,13,film,0.42579999566078186
1.5,1.0,No reminder,Weak encoding,1.0,0.9,0,0.0,14,film,0.4115999937057495
1.5,1.0,No reminder,Weak encoding,1.0,0.9,0,0.0,15,film,0.38659998774528503
1.5,1.0,No reminder,Weak encoding,1.0,0.9,0,0.0,16,film,0.3531999886035919
1.5,1.0,No reminder,Weak encoding,1.0,0.9,0,0.0,17,break,0.19179999828338623
1.5,1.0,No reminder,Weak encoding,1.0,0.9,0,0.0,18,break,0.1477999985218048
1.5,1.0,No reminder,Weak encoding,1.0,0.9,0,0.0,19,break,0.12280000001192093
1.5,1.0,No reminder,Weak encoding,1.0,0.9,0,0.0,20,break,0.10000000149011612
1.5,1.0,No reminder,Weak encoding,1.0,0.9,0,0.0,21,break,0.08320000022649765
1.5,1.0,No reminder,Weak encoding,1.0,0.9,0,0.0,22,break,0.061400000005960464
1.5,1.0,No reminder,Weak encoding,1.0,0.9,0,0.0,23,break,0.047200001776218414
1.5,1.0,No reminder,Weak encoding,1.0,0.9,0,0.0,24,break,0.04179999977350235
1.5,1.0,No reminder,Weak encoding,1.0,0.9,0,0.0,25,break,0.03420000150799751
1.5,1.0,No reminder,Weak encoding,1.0,0.9,0,0.0,26,break,0.027000000700354576
1.5,1.0,No reminder,Weak encoding,1.0,0.9,0,0.0,27,break,0.020600000396370888
1.5,1.0,No reminder,Weak encoding,1.0,0.9,0,0.0,28,break,0.014399999752640724
1.5,1.0,No reminder,Weak encoding,1.0,0.9,0,0.0,29,break,0.013199999928474426
1.5,1.0,No reminder,Weak encoding,1.0,0.9,0,0.0,30,break,0.009399999864399433
1.5,1.0,No reminder,Weak encoding,1.0,0.9,0,0.0,31,break,0.00839999970048666
1.5,1.0,No reminder,Weak encoding,1.0,0.9,0,0.0,32,break,0.008799999952316284
1.5,1.0,No reminder,Weak encoding,1.0,0.9,0,0.0,33,task,0.0034000000450760126
1.5,1.0,No reminder,Weak encoding,1.0,0.9,0,0.0,34,task,0.004000000189989805
1.5,1.0,No reminder,Weak encoding,1.0,0.9,0,0.0,35,task,0.003800000064074993
1.5,1.0,No reminder,Weak encoding,1.0,0.9,0,0.0,36,task,0.0020000000949949026
1.5,1.0,No reminder,Weak encoding,1.0,0.9,0,0.0,37,task,0.0026000000070780516
1.5,1.0,No reminder,Weak encoding,1.0,0.9,0,0.0,38,task,0.0017999999690800905
1.5,1.0,No reminder,Weak encoding,1.0,0.9,0,0.0,39,task,0.00139999995008111
1.5,1.0,No reminder,Weak encoding,1.0,0.9,0,0.0,40,task,0.00039999998989515007
1.5,1.0,No reminder,Weak encoding,1.0,0.9,0,0.0,41,task,0.0007999999797903001
1.5,1.0,No reminder,Weak encoding,1.0,0.9,0,0.0,42,task,0.00019999999494757503
1.5,1.0,No reminder,Weak encoding,1.0,0.9,0,0.0,43,task,0.00039999998989515007
1.5,1.0,No reminder,Weak encoding,1.0,0.9,0,0.0,44,task,0.0007999999797903001
1.5,1.0,No reminder,Weak encoding,1.0,0.9,0,0.0,45,task,0.00019999999494757503
1.5,1.0,No reminder,Weak encoding,1.0,0.9,0,0.0,46,task,0.00039999998989515007
1.5,1.0,No reminder,Weak encoding,1.0,0.9,0,0.0,47,task,0.00019999999494757503
1.5,1.0,No reminder,Weak encoding,1.0,0.9,0,0.0,48,task,0.0006000000284984708
1.5,1.0,No reminder,Weak encoding,1.0,0.9,0,0.0,49,filler,0.00019999999494757503
1.5,1.0,No reminder,Weak encoding,1.0,0.9,0,0.0,50,filler,0.0
1.5,1.0,No reminder,Weak encoding,1.0,0.9,0,0.0,51,filler,0.0
1.5,1.0,No reminder,Weak encoding,1.0,0.9,0,0.0,52,filler,0.0
1.5,1.0,No reminder,Weak encoding,1.0,0.9,0,0.0,53,filler,0.0
1.5,1.0,No reminder,Weak encoding,1.0,0.9,0,0.0,54,filler,0.00019999999494757503
1.5,1.0,No reminder,Weak encoding,1.0,0.9,0,0.0,55,filler,0.0
1.5,1.0,No reminder,Weak encoding,1.0,0.9,0,0.0,56,filler,0.0
1.5,1.0,No reminder,Weak encoding,1.0,0.9,0,0.0,57,filler,0.0
1.5,1.0,No reminder,Weak encoding,1.0,0.9,0,0.0,58,filler,0.0
1.5,1.0,No reminder,Weak encoding,1.0,0.9,0,0.0,59,filler,0.0
1.5,1.0,No reminder,Weak encoding,1.0,0.9,0,0.0,60,filler,0.0
1.5,1.0,No reminder,Weak encoding,1.0,0.9,0,0.0,61,filler,0.00019999999494757503
1.5,1.0,No reminder,Weak encoding,1.0,0.9,0,0.0,62,filler,0.00019999999494757503
1.5,1.0,No reminder,Weak encoding,1.0,0.9,0,0.0,63,filler,0.0
1.5,1.0,No reminder,Weak encoding,1.0,0.9,0,0.0,64,filler,0.0
1.5,1.0,No reminder,Strong encoding,2.0,0.9,0,0.0,1,film,0.3747999966144562
1.5,1.0,No reminder,Strong encoding,2.0,0.9,0,0.0,2,film,0.36419999599456787
1.5,1.0,No reminder,Strong encoding,2.0,0.9,0,0.0,3,film,0.37220001220703125
1.5,1.0,No reminder,Strong encoding,2.0,0.9,0,0.0,4,film,0.3905999958515167
1.5,1.0,No reminder,Strong encoding,2.0,0.9,0,0.0,5,film,0.4083999991416931
1.5,1.0,No reminder,Strong encoding,2.0,0.9,0,0.0,6,film,0.4185999929904938
1.5,1.0,No reminder,Strong encoding,2.0,0.9,0,0.0,7,film,0.43720000982284546
1.5,1.0,No reminder,Strong encoding,2.0,0.9,0,0.0,8,film,0.4406000077724457
1.5,1.0,No reminder,Strong encoding,2.0,0.9,0,0.0,9,film,0.45260000228881836
1.5,1.0,No reminder,Strong encoding,2.0,0.9,0,0.0,10,film,0.44940000772476196
1.5,1.0,No reminder,Strong encoding,2.0,0.9,0,0.0,11,film,0.4408000111579895
1.5,1.0,No reminder,Strong encoding,2.0,0.9,0,0.0,12,film,0.4327999949455261
1.5,1.0,No reminder,Strong encoding,2.0,0.9,0,0.0,13,film,0.421999990940094
1.5,1.0,No reminder,Strong encoding,2.0,0.9,0,0.0,14,film,0.40700000524520874
1.5,1.0,No reminder,Strong encoding,2.0,0.9,0,0.0,15,film,0.37439998984336853
1.5,1.0,No reminder,Strong encoding,2.0,0.9,0,0.0,16,film,0.3434000015258789
1.5,1.0,No reminder,Strong encoding,2.0,0.9,0,0.0,17,break,0.18119999766349792
1.5,1.0,No reminder,Strong encoding,2.0,0.9,0,0.0,18,break,0.14079999923706055
1.5,1.0,No reminder,Strong encoding,2.0,0.9,0,0.0,19,break,0.1120000034570694
1.5,1.0,No reminder,Strong encoding,2.0,0.9,0,0.0,20,break,0.09300000220537186
1.5,1.0,No reminder,Strong encoding,2.0,0.9,0,0.0,21,break,0.06920000165700912
1.5,1.0,No reminder,Strong encoding,2.0,0.9,0,0.0,22,break,0.05180000141263008
1.5,1.0,No reminder,Strong encoding,2.0,0.9,0,0.0,23,break,0.04520000144839287
1.5,1.0,No reminder,Strong encoding,2.0,0.9,0,0.0,24,break,0.03180000185966492
1.5,1.0,No reminder,Strong encoding,2.0,0.9,0,0.0,25,break,0.02539999969303608
1.5,1.0,No reminder,Strong encoding,2.0,0.9,0,0.0,26,break,0.01860000006854534
1.5,1.0,No reminder,Strong encoding,2.0,0.9,0,0.0,27,break,0.014999999664723873
1.5,1.0,No reminder,Strong encoding,2.0,0.9,0,0.0,28,break,0.011599999852478504
1.5,1.0,No reminder,Strong encoding,2.0,0.9,0,0.0,29,break,0.009399999864399433
1.5,1.0,No reminder,Strong encoding,2.0,0.9,0,0.0,30,break,0.004800000227987766
1.5,1.0,No reminder,Strong encoding,2.0,0.9,0,0.0,31,break,0.004999999888241291
1.5,1.0,No reminder,Strong encoding,2.0,0.9,0,0.0,32,break,0.003599999938160181
1.5,1.0,No reminder,Strong encoding,2.0,0.9,0,0.0,33,task,0.03240000084042549
1.5,1.0,No reminder,Strong encoding,2.0,0.9,0,0.0,34,task,0.029400000348687172
1.5,1.0,No reminder,Strong encoding,2.0,0.9,0,0.0,35,task,0.025800000876188278
1.5,1.0,No reminder,Strong encoding,2.0,0.9,0,0.0,36,task,0.020400000736117363
1.5,1.0,No reminder,Strong encoding,2.0,0.9,0,0.0,37,task,0.020600000396370888
1.5,1.0,No reminder,Strong encoding,2.0,0.9,0,0.0,38,task,0.018799999728798866
1.5,1.0,No reminder,Strong encoding,2.0,0.9,0,0.0,39,task,0.015799999237060547
1.5,1.0,No reminder,Strong encoding,2.0,0.9,0,0.0,40,task,0.015200000256299973
1.5,1.0,No reminder,Strong encoding,2.0,0.9,0,0.0,41,task,0.009399999864399433
1.5,1.0,No reminder,Strong encoding,2.0,0.9,0,0.0,42,task,0.010200000368058681
1.5,1.0,No reminder,Strong encoding,2.0,0.9,0,0.0,43,task,0.009399999864399433
1.5,1.0,No reminder,Strong encoding,2.0,0.9,0,0.0,44,task,0.006399999838322401
1.5,1.0,No reminder,Strong encoding,2.0,0.9,0,0.0,45,task,0.006800000090152025
1.5,1.0,No reminder,Strong encoding,2.0,0.9,0,0.0,46,task,0.005200000014156103
1.5,1.0,No reminder,Strong encoding,2.0,0.9,0,0.0,47,task,0.0034000000450760126
1.5,1.0,No reminder,Strong encoding,2.0,0.9,0,0.0,48,task,0.0026000000070780516
1.5,1.0,No reminder,Strong encoding,2.0,0.9,0,0.0,49,filler,0.0006000000284984708
1.5,1.0,No reminder,Strong encoding,2.0,0.9,0,0.0,50,filler,0.0
1.5,1.0,No reminder,Strong encoding,2.0,0.9,0,0.0,51,filler,0.00019999999494757503
1.5,1.0,No reminder,Strong encoding,2.0,0.9,0,0.0,52,filler,0.00019999999494757503
1.5,1.0,No reminder,Strong encoding,2.0,0.9,0,0.0,53,filler,0.0
1.5,1.0,No reminder,Strong encoding,2.0,0.9,0,0.0,54,filler,0.0
1.5,1.0,No reminder,Strong encoding,2.0,0.9,0,0.0,55,filler,0.00039999998989515007
1.5,1.0,No reminder,Strong encoding,2.0,0.9,0,0.0,56,filler,0.0
1.5,1.0,No reminder,Strong encoding,2.0,0.9,0,0.0,57,filler,0.0
1.5,1.0,No reminder,Strong encoding,2.0,0.9,0,0.0,58,filler,0.0
1.5,1.0,No reminder,Strong encoding,2.0,0.9,0,0.0,59,filler,0.0
1.5,1.0,No reminder,Strong encoding,2.0,0.9,0,0.0,60,filler,0.0
1.5,1.0,No reminder,Strong encoding,2.0,0.9,0,0.0,61,filler,0.00019999999494757503
1.5,1.0,No reminder,Strong encoding,2.0,0.9,0,0.0,62,filler,0.0
1.5,1.0,No reminder,Strong encoding,2.0,0.9,0,0.0,63,filler,0.0
1.5,1.0,No reminder,Strong encoding,2.0,0.9,0,0.0,64,filler,0.0
1.5,1.0,With reminder,Weak encoding,1.0,0.9,0,0.0,1,film,0.35040000081062317
1.5,1.0,With reminder,Weak encoding,1.0,0.9,0,0.0,2,film,0.3465999960899353
1.5,1.0,With reminder,Weak encoding,1.0,0.9,0,0.0,3,film,0.3458000123500824
1.5,1.0,With reminder,Weak encoding,1.0,0.9,0,0.0,4,film,0.3643999993801117
1.5,1.0,With reminder,Weak encoding,1.0,0.9,0,0.0,5,film,0.39419999718666077
1.5,1.0,With reminder,Weak encoding,1.0,0.9,0,0.0,6,film,0.3935999870300293
1.5,1.0,With reminder,Weak encoding,1.0,0.9,0,0.0,7,film,0.4075999855995178
1.5,1.0,With reminder,Weak encoding,1.0,0.9,0,0.0,8,film,0.4058000147342682
1.5,1.0,With reminder,Weak encoding,1.0,0.9,0,0.0,9,film,0.4142000079154968
1.5,1.0,With reminder,Weak encoding,1.0,0.9,0,0.0,10,film,0.38760000467300415
1.5,1.0,With reminder,Weak encoding,1.0,0.9,0,0.0,11,film,0.3882000148296356
1.5,1.0,With reminder,Weak encoding,1.0,0.9,0,0.0,12,film,0.3862000107765198
1.5,1.0,With reminder,Weak encoding,1.0,0.9,0,0.0,13,film,0.3659999966621399
1.5,1.0,With reminder,Weak encoding,1.0,0.9,0,0.0,14,film,0.3400000035762787
1.5,1.0,With reminder,Weak encoding,1.0,0.9,0,0.0,15,film,0.3224000036716461
1.5,1.0,With reminder,Weak encoding,1.0,0.9,0,0.0,16,film,0.2962000072002411
1.5,1.0,With reminder,Weak encoding,1.0,0.9,0,0.0,17,break,0.16220000386238098
1.5,1.0,With reminder,Weak encoding,1.0,0.9,0,0.0,18,break,0.12960000336170197
1.5,1.0,With reminder,Weak encoding,1.0,0.9,0,0.0,19,break,0.10140000283718109
1.5,1.0,With reminder,Weak encoding,1.0,0.9,0,0.0,20,break,0.0697999969124794
1.5,1.0,With reminder,Weak encoding,1.0,0.9,0,0.0,21,break,0.05900000035762787
1.5,1.0,With reminder,Weak encoding,1.0,0.9,0,0.0,22,break,0.05000000074505806
1.5,1.0,With reminder,Weak encoding,1.0,0.9,0,0.0,23,break,0.041999999433755875
1.5,1.0,With reminder,Weak encoding,1.0,0.9,0,0.0,24,break,0.03440000116825104
1.5,1.0,With reminder,Weak encoding,1.0,0.9,0,0.0,25,break,0.02800000086426735
1.5,1.0,With reminder,Weak encoding,1.0,0.9,0,0.0,26,break,0.01899999938905239
1.5,1.0,With reminder,Weak encoding,1.0,0.9,0,0.0,27,break,0.015599999576807022
1.5,1.0,With reminder,Weak encoding,1.0,0.9,0,0.0,28,break,0.011599999852478504
1.5,1.0,With reminder,Weak encoding,1.0,0.9,0,0.0,29,break,0.009999999776482582
1.5,1.0,With reminder,Weak encoding,1.0,0.9,0,0.0,30,break,0.007799999788403511
1.5,1.0,With reminder,Weak encoding,1.0,0.9,0,0.0,31,break,0.004999999888241291
1.5,1.0,With reminder,Weak encoding,1.0,0.9,0,0.0,32,break,0.004999999888241291
1.5,1.0,With reminder,Weak encoding,1.0,0.9,0,0.0,33,task,0.2101999968290329
1.5,1.0,With reminder,Weak encoding,1.0,0.9,0,0.0,34,task,0.1648000031709671
1.5,1.0,With reminder,Weak encoding,1.0,0.9,0,0.0,35,task,0.13179999589920044
1.5,1.0,With reminder,Weak encoding,1.0,0.9,0,0.0,36,task,0.10360000282526016
1.5,1.0,With reminder,Weak encoding,1.0,0.9,0,0.0,37,task,0.07660000026226044
1.5,1.0,With reminder,Weak encoding,1.0,0.9,0,0.0,38,task,0.060600001364946365
1.5,1.0,With reminder,Weak encoding,1.0,0.9,0,0.0,39,task,0.052799999713897705
1.5,1.0,With reminder,Weak encoding,1.0,0.9,0,0.0,40,task,0.03739999979734421
1.5,1.0,With reminder,Weak encoding,1.0,0.9,0,0.0,41,task,0.02879999950528145
1.5,1.0,With reminder,Weak encoding,1.0,0.9,0,0.0,42,task,0.017999999225139618
1.5,1.0,With reminder,Weak encoding,1.0,0.9,0,0.0,43,task,0.019200000911951065
1.5,1.0,With reminder,Weak encoding,1.0,0.9,0,0.0,44,task,0.016200000420212746
1.5,1.0,With reminder,Weak encoding,1.0,0.9,0,0.0,45,task,0.013000000268220901
1.5,1.0,With reminder,Weak encoding,1.0,0.9,0,0.0,46,task,0.009999999776482582
1.5,1.0,With reminder,Weak encoding,1.0,0.9,0,0.0,47,task,0.007000000216066837
1.5,1.0,With reminder,Weak encoding,1.0,0.9,0,0.0,48,task,0.004000000189989805
1.5,1.0,With reminder,Weak encoding,1.0,0.9,0,0.0,49,filler,0.004600000102072954
1.5,1.0,With reminder,Weak encoding,1.0,0.9,0,0.0,50,filler,0.002199999988079071
1.5,1.0,With reminder,Weak encoding,1.0,0.9,0,0.0,51,filler,0.0020000000949949026
1.5,1.0,With reminder,Weak encoding,1.0,0.9,0,0.0,52,filler,0.002400000113993883
1.5,1.0,With reminder,Weak encoding,1.0,0.9,0,0.0,53,filler,0.0010000000474974513
1.5,1.0,With reminder,Weak encoding,1.0,0.9,0,0.0,54,filler,0.0015999999595806003
1.5,1.0,With reminder,Weak encoding,1.0,0.9,0,0.0,55,filler,0.0006000000284984708
1.5,1.0,With reminder,Weak encoding,1.0,0.9,0,0.0,56,filler,0.0006000000284984708
1.5,1.0,With reminder,Weak encoding,1.0,0.9,0,0.0,57,filler,0.00039999998989515007
1.5,1.0,With reminder,Weak encoding,1.0,0.9,0,0.0,58,filler,0.0
1.5,1.0,With reminder,Weak encoding,1.0,0.9,0,0.0,59,filler,0.0
1.5,1.0,With reminder,Weak encoding,1.0,0.9,0,0.0,60,filler,0.0
1.5,1.0,With reminder,Weak encoding,1.0,0.9,0,0.0,61,filler,0.00019999999494757503
1.5,1.0,With reminder,Weak encoding,1.0,0.9,0,0.0,62,filler,0.00019999999494757503
1.5,1.0,With reminder,Weak encoding,1.0,0.9,0,0.0,63,filler,0.0
1.5,1.0,With reminder,Weak encoding,1.0,0.9,0,0.0,64,filler,0.00019999999494757503
1.5,1.0,With reminder,Strong encoding,2.0,0.9,0,0.0,1,film,0.2313999980688095
1.5,1.0,With reminder,Strong encoding,2.0,0.9,0,0.0,2,film,0.20160000026226044
1.5,1.0,With reminder,Strong encoding,2.0,0.9,0,0.0,3,film,0.18979999423027039
1.5,1.0,With reminder,Strong encoding,2.0,0.9,0,0.0,4,film,0.19840000569820404
1.5,1.0,With reminder,Strong encoding,2.0,0.9,0,0.0,5,film,0.1876000016927719
1.5,1.0,With reminder,Strong encoding,2.0,0.9,0,0.0,6,film,0.18400000035762787
1.5,1.0,With reminder,Strong encoding,2.0,0.9,0,0.0,7,film,0.1738000065088272
1.5,1.0,With reminder,Strong encoding,2.0,0.9,0,0.0,8,film,0.16019999980926514
1.5,1.0,With reminder,Strong encoding,2.0,0.9,0,0.0,9,film,0.1656000018119812
1.5,1.0,With reminder,Strong encoding,2.0,0.9,0,0.0,10,film,0.14499999582767487
1.5,1.0,With reminder,Strong encoding,2.0,0.9,0,0.0,11,film,0.13940000534057617
1.5,1.0,With reminder,Strong encoding,2.0,0.9,0,0.0,12,film,0.11760000139474869
1.5,1.0,With reminder,Strong encoding,2.0,0.9,0,0.0,13,film,0.11180000007152557
1.5,1.0,With reminder,Strong encoding,2.0,0.9,0,0.0,14,film,0.10119999945163727
1.5,1.0,With reminder,Strong encoding,2.0,0.9,0,0.0,15,film,0.0949999988079071
1.5,1.0,With reminder,Strong encoding,2.0,0.9,0,0.0,16,film,0.0820000022649765
1.5,1.0,With reminder,Strong encoding,2.0,0.9,0,0.0,17,break,0.03999999910593033
1.5,1.0,With reminder,Strong encoding,2.0,0.9,0,0.0,18,break,0.024800000712275505
1.5,1.0,With reminder,Strong encoding,2.0,0.9,0,0.0,19,break,0.020999999716877937
1.5,1.0,With reminder,Strong encoding,2.0,0.9,0,0.0,20,break,0.014399999752640724
1.5,1.0,With reminder,Strong encoding,2.0,0.9,0,0.0,21,break,0.009999999776482582
1.5,1.0,With reminder,Strong encoding,2.0,0.9,0,0.0,22,break,0.007799999788403511
1.5,1.0,With reminder,Strong encoding,2.0,0.9,0,0.0,23,break,0.005200000014156103
1.5,1.0,With reminder,Strong encoding,2.0,0.9,0,0.0,24,break,0.004000000189989805
1.5,1.0,With reminder,Strong encoding,2.0,0.9,0,0.0,25,break,0.00279999990016222
1.5,1.0,With reminder,Strong encoding,2.0,0.9,0,0.0,26,break,0.0012000000569969416
1.5,1.0,With reminder,Strong encoding,2.0,0.9,0,0.0,27,break,0.0015999999595806003
1.5,1.0,With reminder,Strong encoding,2.0,0.9,0,0.0,28,break,0.00039999998989515007
1.5,1.0,With reminder,Strong encoding,2.0,0.9,0,0.0,29,break,0.0010000000474974513
1.5,1.0,With reminder,Strong encoding,2.0,0.9,0,0.0,30,break,0.00019999999494757503
1.5,1.0,With reminder,Strong encoding,2.0,0.9,0,0.0,31,break,0.00019999999494757503
1.5,1.0,With reminder,Strong encoding,2.0,0.9,0,0.0,32,break,0.00039999998989515007
1.5,1.0,With reminder,Strong encoding,2.0,0.9,0,0.0,33,task,0.527400016784668
1.5,1.0,With reminder,Strong encoding,2.0,0.9,0,0.0,34,task,0.5044000148773193
1.5,1.0,With reminder,Strong encoding,2.0,0.9,0,0.0,35,task,0.4832000136375427
1.5,1.0,With reminder,Strong encoding,2.0,0.9,0,0.0,36,task,0.45080000162124634
1.5,1.0,With reminder,Strong encoding,2.0,0.9,0,0.0,37,task,0.4291999936103821
1.5,1.0,With reminder,Strong encoding,2.0,0.9,0,0.0,38,task,0.38760000467300415
1.5,1.0,With reminder,Strong encoding,2.0,0.9,0,0.0,39,task,0.35580000281333923
1.5,1.0,With reminder,Strong encoding,2.0,0.9,0,0.0,40,task,0.3269999921321869
1.5,1.0,With reminder,Strong encoding,2.0,0.9,0,0.0,41,task,0.2955999970436096
1.5,1.0,With reminder,Strong encoding,2.0,0.9,0,0.0,42,task,0.25380000472068787
1.5,1.0,With reminder,Strong encoding,2.0,0.9,0,0.0,43,task,0.2272000014781952
1.5,1.0,With reminder,Strong encoding,2.0,0.9,0,0.0,44,task,0.19499999284744263
1.5,1.0,With reminder,Strong encoding,2.0,0.9,0,0.0,45,task,0.17820000648498535
1.5,1.0,With reminder,Strong encoding,2.0,0.9,0,0.0,46,task,0.15080000460147858
1.5,1.0,With reminder,Strong encoding,2.0,0.9,0,0.0,47,task,0.12399999797344208
1.5,1.0,With reminder,Strong encoding,2.0,0.9,0,0.0,48,task,0.10899999737739563
1.5,1.0,With reminder,Strong encoding,2.0,0.9,0,0.0,49,filler,0.009600000455975533
1.5,1.0,With reminder,Strong encoding,2.0,0.9,0,0.0,50,filler,0.00800000037997961
1.5,1.0,With reminder,Strong encoding,2.0,0.9,0,0.0,51,filler,0.00559999980032444
1.5,1.0,With reminder,Strong encoding,2.0,0.9,0,0.0,52,filler,0.0020000000949949026
1.5,1.0,With reminder,Strong encoding,2.0,0.9,0,0.0,53,filler,0.002199999988079071
1.5,1.0,With reminder,Strong encoding,2.0,0.9,0,0.0,54,filler,0.003000000026077032
1.5,1.0,With reminder,Strong encoding,2.0,0.9,0,0.0,55,filler,0.0006000000284984708
1.5,1.0,With reminder,Strong encoding,2.0,0.9,0,0.0,56,filler,0.0017999999690800905
1.5,1.0,With reminder,Strong encoding,2.0,0.9,0,0.0,57,filler,0.0006000000284984708
1.5,1.0,With reminder,Strong encoding,2.0,0.9,0,0.0,58,filler,0.0007999999797903001
1.5,1.0,With reminder,Strong encoding,2.0,0.9,0,0.0,59,filler,0.0007999999797903001
1.5,1.0,With reminder,Strong encoding,2.0,0.9,0,0.0,60,filler,0.00139999995008111
1.5,1.0,With reminder,Strong encoding,2.0,0.9,0,0.0,61,filler,0.0
1.5,1.0,With reminder,Strong encoding,2.0,0.9,0,0.0,62,filler,0.00039999998989515007
1.5,1.0,With reminder,Strong encoding,2.0,0.9,0,0.0,63,filler,0.0
1.5,1.0,With reminder,Strong encoding,2.0,0.9,0,0.0,64,filler,0.00039999998989515007
1.5,0.75,No reminder,Weak encoding,1.0,0.9,0,0.0,1,film,0.3917999863624573
1.5,0.75,No reminder,Weak encoding,1.0,0.9,0,0.0,2,film,0.37279999256134033
1.5,0.75,No reminder,Weak encoding,1.0,0.9,0,0.0,3,film,0.3880000114440918
1.5,0.75,No reminder,Weak encoding,1.0,0.9,0,0.0,4,film,0.41100001335144043
1.5,0.75,No reminder,Weak encoding,1.0,0.9,0,0.0,5,film,0.4339999854564667
1.5,0.75,No reminder,Weak encoding,1.0,0.9,0,0.0,6,film,0.4564000070095062
1.5,0.75,No reminder,Weak encoding,1.0,0.9,0,0.0,7,film,0.4636000096797943
1.5,0.75,No reminder,Weak encoding,1.0,0.9,0,0.0,8,film,0.46540001034736633
1.5,0.75,No reminder,Weak encoding,1.0,0.9,0,0.0,9,film,0.4708000123500824
1.5,0.75,No reminder,Weak encoding,1.0,0.9,0,0.0,10,film,0.4742000102996826
1.5,0.75,No reminder,Weak encoding,1.0,0.9,0,0.0,11,film,0.4691999852657318
1.5,0.75,No reminder,Weak encoding,1.0,0.9,0,0.0,12,film,0.4733999967575073
1.5,0.75,No reminder,Weak encoding,1.0,0.9,0,0.0,13,film,0.44699999690055847
1.5,0.75,No reminder,Weak encoding,1.0,0.9,0,0.0,14,film,0.4275999963283539
1.5,0.75,No reminder,Weak encoding,1.0,0.9,0,0.0,15,film,0.4052000045776367
1.5,0.75,No reminder,Weak encoding,1.0,0.9,0,0.0,16,film,0.36399999260902405
1.5,0.75,No reminder,Weak encoding,1.0,0.9,0,0.0,17,break,0.19840000569820404
1.5,0.75,No reminder,Weak encoding,1.0,0.9,0,0.0,18,break,0.1565999984741211
1.5,0.75,No reminder,Weak encoding,1.0,0.9,0,0.0,19,break,0.11379999667406082
1.5,0.75,No reminder,Weak encoding,1.0,0.9,0,0.0,20,break,0.09160000085830688
1.5,0.75,No reminder,Weak encoding,1.0,0.9,0,0.0,21,break,0.06340000033378601
1.5,0.75,No reminder,Weak encoding,1.0,0.9,0,0.0,22,break,0.050200000405311584
1.5,0.75,No reminder,Weak encoding,1.0,0.9,0,0.0,23,break,0.03620000183582306
1.5,0.75,No reminder,Weak encoding,1.0,0.9,0,0.0,24,break,0.02539999969303608
1.5,0.75,No reminder,Weak encoding,1.0,0.9,0,0.0,25,break,0.01759999990463257
1.5,0.75,No reminder,Weak encoding,1.0,0.9,0,0.0,26,break,0.014999999664723873
1.5,0.75,No reminder,Weak encoding,1.0,0.9,0,0.0,27,break,0.00839999970048666
1.5,0.75,No reminder,Weak encoding,1.0,0.9,0,0.0,28,break,0.00839999970048666
1.5,0.75,No reminder,Weak encoding,1.0,0.9,0,0.0,29,break,0.004600000102072954
1.5,0.75,No reminder,Weak encoding,1.0,0.9,0,0.0,30,break,0.004800000227987766
1.5,0.75,No reminder,Weak encoding,1.0,0.9,0,0.0,31,break,0.003800000064074993
1.5,0.75,No reminder,Weak encoding,1.0,0.9,0,0.0,32,break,0.0015999999595806003
1.5,0.75,No reminder,Weak encoding,1.0,0.9,0,0.0,33,task,0.0015999999595806003
1.5,0.75,No reminder,Weak encoding,1.0,0.9,0,0.0,34,task,0.0012000000569969416
1.5,0.75,No reminder,Weak encoding,1.0,0.9,0,0.0,35,task,0.00039999998989515007
1.5,0.75,No reminder,Weak encoding,1.0,0.9,0,0.0,36,task,0.0006000000284984708
1.5,0.75,No reminder,Weak encoding,1.0,0.9,0,0.0,37,task,0.0006000000284984708
1.5,0.75,No reminder,Weak encoding,1.0,0.9,0,0.0,38,task,0.0
1.5,0.75,No reminder,Weak encoding,1.0,0.9,0,0.0,39,task,0.0006000000284984708
1.5,0.75,No reminder,Weak encoding,1.0,0.9,0,0.0,40,task,0.00019999999494757503
1.5,0.75,No reminder,Weak encoding,1.0,0.9,0,0.0,41,task,0.00039999998989515007
1.5,0.75,No reminder,Weak encoding,1.0,0.9,0,0.0,42,task,0.0
1.5,0.75,No reminder,Weak encoding,1.0,0.9,0,0.0,43,task,0.0
1.5,0.75,No reminder,Weak encoding,1.0,0.9,0,0.0,44,task,0.0
1.5,0.75,No reminder,Weak encoding,1.0,0.9,0,0.0,45,task,0.00019999999494757503
1.5,0.75,No reminder,Weak encoding,1.0,0.9,0,0.0,46,task,0.00019999999494757503
1.5,0.75,No reminder,Weak encoding,1.0,0.9,0,0.0,47,task,0.0
1.5,0.75,No reminder,Weak encoding,1.0,0.9,0,0.0,48,task,0.0
1.5,0.75,No reminder,Weak encoding,1.0,0.9,0,0.0,49,filler,0.0
1.5,0.75,No reminder,Weak encoding,1.0,0.9,0,0.0,50,filler,0.0
1.5,0.75,No reminder,Weak encoding,1.0,0.9,0,0.0,51,filler,0.0
1.5,0.75,No reminder,Weak encoding,1.0,0.9,0,0.0,52,filler,0.0
1.5,0.75,No reminder,Weak encoding,1.0,0.9,0,0.0,53,filler,0.0
1.5,0.75,No reminder,Weak encoding,1.0,0.9,0,0.0,54,filler,0.0
1.5,0.75,No reminder,Weak encoding,1.0,0.9,0,0.0,55,filler,0.0
1.5,0.75,No reminder,Weak encoding,1.0,0.9,0,0.0,56,filler,0.0
1.5,0.75,No reminder,Weak encoding,1.0,0.9,0,0.0,57,filler,0.0
1.5,0.75,No reminder,Weak encoding,1.0,0.9,0,0.0,58,filler,0.0
1.5,0.75,No reminder,Weak encoding,1.0,0.9,0,0.0,59,filler,0.0
1.5,0.75,No reminder,Weak encoding,1.0,0.9,0,0.0,60,filler,0.0
1.5,0.75,No reminder,Weak encoding,1.0,0.9,0,0.0,61,filler,0.0
1.5,0.75,No reminder,Weak encoding,1.0,0.9,0,0.0,62,filler,0.0
1.5,0.75,No reminder,Weak encoding,1.0,0.9,0,0.0,63,filler,0.0
1.5,0.75,No reminder,Weak encoding,1.0,0.9,0,0.0,64,filler,0.0
1.5,0.75,No reminder,Strong encoding,2.0,0.9,0,0.0,1,film,0.37400001287460327
1.5,0.75,No reminder,Strong encoding,2.0,0.9,0,0.0,2,film,0.3741999864578247
1.5,0.75,No reminder,Strong encoding,2.0,0.9,0,0.0,3,film,0.3856000006198883
1.5,0.75,No reminder,Strong encoding,2.0,0.9,0,0.0,4,film,0.39640000462532043
1.5,0.75,No reminder,Strong encoding,2.0,0.9,0,0.0,5,film,0.43059998750686646
1.5,0.75,No reminder,Strong encoding,2.0,0.9,0,0.0,6,film,0.4453999996185303
1.5,0.75,No reminder,Strong encoding,2.0,0.9,0,0.0,7,film,0.45260000228881836
1.5,0.75,No reminder,Strong encoding,2.0,0.9,0,0.0,8,film,0.4519999921321869
1.5,0.75,No reminder,Strong encoding,2.0,0.9,0,0.0,9,film,0.4713999927043915
1.5,0.75,No reminder,Strong encoding,2.0,0.9,0,0.0,10,film,0.4717999994754791
1.5,0.75,No reminder,Strong encoding,2.0,0.9,0,0.0,11,film,0.4603999853134155
1.5,0.75,No reminder,Strong encoding,2.0,0.9,0,0.0,12,film,0.4519999921321869
1.5,0.75,No reminder,Strong encoding,2.0,0.9,0,0.0,13,film,0.4426000118255615
1.5,0.75,No reminder,Strong encoding,2.0,0.9,0,0.0,14,film,0.4156000018119812
1.5,0.75,No reminder,Strong encoding,2.0,0.9,0,0.0,15,film,0.39500001072883606
1.5,0.75,No reminder,Strong encoding,2.0,0.9,0,0.0,16,film,0.3587999939918518
1.5,0.75,No reminder,Strong encoding,2.0,0.9,0,0.0,17,break,0.19359999895095825
1.5,0.75,No reminder,Strong encoding,2.0,0.9,0,0.0,18,break,0.1467999964952469
1.5,0.75,No reminder,Strong encoding,2.0,0.9,0,0.0,19,break,0.11219999939203262
1.5,0.75,No reminder,Strong encoding,2.0,0.9,0,0.0,20,break,0.07900000363588333
1.5,0.75,No reminder,Strong encoding,2.0,0.9,0,0.0,21,break,0.0560000017285347
1.5,0.75,No reminder,Strong encoding,2.0,0.9,0,0.0,22,break,0.04659999907016754
1.5,0.75,No reminder,Strong encoding,2.0,0.9,0,0.0,23,break,0.03400000184774399
1.5,0.75,No reminder,Strong encoding,2.0,0.9,0,0.0,24,break,0.023399999365210533
1.5,0.75,No reminder,Strong encoding,2.0,0.9,0,0.0,25,break,0.01899999938905239
1.5,0.75,No reminder,Strong encoding,2.0,0.9,0,0.0,26,break,0.013399999588727951
1.5,0.75,No reminder,Strong encoding,2.0,0.9,0,0.0,27,break,0.01080000028014183
1.5,0.75,No reminder,Strong encoding,2.0,0.9,0,0.0,28,break,0.007400000002235174
1.5,0.75,No reminder,Strong encoding,2.0,0.9,0,0.0,29,break,0.003800000064074993
1.5,0.75,No reminder,Strong encoding,2.0,0.9,0,0.0,30,break,0.002400000113993883
1.5,0.75,No reminder,Strong encoding,2.0,0.9,0,0.0,31,break,0.002199999988079071
1.5,0.75,No reminder,Strong encoding,2.0,0.9,0,0.0,32,break,0.0015999999595806003
1.5,0.75,No reminder,Strong encoding,2.0,0.9,0,0.0,33,task,0.014999999664723873
1.5,0.75,No reminder,Strong encoding,2.0,0.9,0,0.0,34,task,0.01140000019222498
1.5,0.75,No reminder,Strong encoding,2.0,0.9,0,0.0,35,task,0.014600000344216824
1.5,0.75,No reminder,Strong encoding,2.0,0.9,0,0.0,36,task,0.010999999940395355
1.5,0.75,No reminder,Strong encoding,2.0,0.9,0,0.0,37,task,0.009399999864399433
1.5,0.75,No reminder,Strong encoding,2.0,0.9,0,0.0,38,task,0.006000000052154064
1.5,0.75,No reminder,Strong encoding,2.0,0.9,0,0.0,39,task,0.007400000002235174
1.5,0.75,No reminder,Strong encoding,2.0,0.9,0,0.0,40,task,0.006800000090152025
1.5,0.75,No reminder,Strong encoding,2.0,0.9,0,0.0,41,task,0.004600000102072954
1.5,0.75,No reminder,Strong encoding,2.0,0.9,0,0.0,42,task,0.0034000000450760126
1.5,0.75,No reminder,Strong encoding,2.0,0.9,0,0.0,43,task,0.004000000189989805
1.5,0.75,No reminder,Strong encoding,2.0,0.9,0,0.0,44,task,0.0020000000949949026
1.5,0.75,No reminder,Strong encoding,2.0,0.9,0,0.0,45,task,0.0020000000949949026
1.5,0.75,No reminder,Strong encoding,2.0,0.9,0,0.0,46,task,0.00139999995008111
1.5,0.75,No reminder,Strong encoding,2.0,0.9,0,0.0,47,task,0.0010000000474974513
1.5,0.75,No reminder,Strong encoding,2.0,0.9,0,0.0,48,task,0.0012000000569969416
1.5,0.75,No reminder,Strong encoding,2.0,0.9,0,0.0,49,filler,0.0
1.5,0.75,No reminder,Strong encoding,2.0,0.9,0,0.0,50,filler,0.0
1.5,0.75,No reminder,Strong encoding,2.0,0.9,0,0.0,51,filler,0.0
1.5,0.75,No reminder,Strong encoding,2.0,0.9,0,0.0,52,filler,0.00019999999494757503
1.5,0.75,No reminder,Strong encoding,2.0,0.9,0,0.0,53,filler,0.0
1.5,0.75,No reminder,Strong encoding,2.0,0.9,0,0.0,54,filler,0.0
1.5,0.75,No reminder,Strong encoding,2.0,0.9,0,0.0,55,filler,0.0
1.5,0.75,No reminder,Strong encoding,2.0,0.9,0,0.0,56,filler,0.00019999999494757503
1.5,0.75,No reminder,Strong encoding,2.0,0.9,0,0.0,57,filler,0.0
1.5,0.75,No reminder,Strong encoding,2.0,0.9,0,0.0,58,filler,0.0
1.5,0.75,No reminder,Strong encoding,2.0,0.9,0,0.0,59,filler,0.0
1.5,0.75,No reminder,Strong encoding,2.0,0.9,0,0.0,60,filler,0.0
1.5,0.75,No reminder,Strong encoding,2.0,0.9,0,0.0,61,filler,0.0
1.5,0.75,No reminder,Strong encoding,2.0,0.9,0,0.0,62,filler,0.0
1.5,0.75,No reminder,Strong encoding,2.0,0.9,0,0.0,63,filler,0.0
1.5,0.75,No reminder,Strong encoding,2.0,0.9,0,0.0,64,filler,0.0
1.5,0.75,With reminder,Weak encoding,1.0,0.9,0,0.0,1,film,0.3709999918937683
1.5,0.75,With reminder,Weak encoding,1.0,0.9,0,0.0,2,film,0.35440000891685486
1.5,0.75,With reminder,Weak encoding,1.0,0.9,0,0.0,3,film,0.367000013589859
1.5,0.75,With reminder,Weak encoding,1.0,0.9,0,0.0,4,film,0.3813999891281128
1.5,0.75,With reminder,Weak encoding,1.0,0.9,0,0.0,5,film,0.39500001072883606
1.5,0.75,With reminder,Weak encoding,1.0,0.9,0,0.0,6,film,0.4059999883174896
1.5,0.75,With reminder,Weak encoding,1.0,0.9,0,0.0,7,film,0.41620001196861267
1.5,0.75,With reminder,Weak encoding,1.0,0.9,0,0.0,8,film,0.4185999929904938
1.5,0.75,With reminder,Weak encoding,1.0,0.9,0,0.0,9,film,0.423799991607666
1.5,0.75,With reminder,Weak encoding,1.0,0.9,0,0.0,10,film,0.41999998688697815
1.5,0.75,With reminder,Weak encoding,1.0,0.9,0,0.0,11,film,0.41519999504089355
1.5,0.75,With reminder,Weak encoding,1.0,0.9,0,0.0,12,film,0.39640000462532043
1.5,0.75,With reminder,Weak encoding,1.0,0.9,0,0.0,13,film,0.40059998631477356
1.5,0.75,With reminder,Weak encoding,1.0,0.9,0,0.0,14,film,0.3856000006198883
1.5,0.75,With reminder,Weak encoding,1.0,0.9,0,0.0,15,film,0.34599998593330383
1.5,0.75,With reminder,Weak encoding,1.0,0.9,0,0.0,16,film,0.32179999351501465
1.5,0.75,With reminder,Weak encoding,1.0,0.9,0,0.0,17,break,0.1615999937057495
1.5,0.75,With reminder,Weak encoding,1.0,0.9,0,0.0,18,break,0.12540000677108765
1.5,0.75,With reminder,Weak encoding,1.0,0.9,0,0.0,19,break,0.09380000084638596
1.5,0.75,With reminder,Weak encoding,1.0,0.9,0,0.0,20,break,0.06599999964237213
1.5,0.75,With reminder,Weak encoding,1.0,0.9,0,0.0,21,break,0.04919999837875366
1.5,0.75,With reminder,Weak encoding,1.0,0.9,0,0.0,22,break,0.04259999841451645
1.5,0.75,With reminder,Weak encoding,1.0,0.9,0,0.0,23,break,0.026200000196695328
1.5,0.75,With reminder,Weak encoding,1.0,0.9,0,0.0,24,break,0.01899999938905239
1.5,0.75,With reminder,Weak encoding,1.0,0.9,0,0.0,25,break,0.014999999664723873
1.5,0.75,With reminder,Weak encoding,1.0,0.9,0,0.0,26,break,0.011800000444054604
1.5,0.75,With reminder,Weak encoding,1.0,0.9,0,0.0,27,break,0.008200000040233135
1.5,0.75,With reminder,Weak encoding,1.0,0.9,0,0.0,28,break,0.005400000140070915
1.5,0.75,With reminder,Weak encoding,1.0,0.9,0,0.0,29,break,0.004000000189989805
1.5,0.75,With reminder,Weak encoding,1.0,0.9,0,0.0,30,break,0.003000000026077032
1.5,0.75,With reminder,Weak encoding,1.0,0.9,0,0.0,31,break,0.0015999999595806003
1.5,0.75,With reminder,Weak encoding,1.0,0.9,0,0.0,32,break,0.00279999990016222
1.5,0.75,With reminder,Weak encoding,1.0,0.9,0,0.0,33,task,0.21979999542236328
1.5,0.75,With reminder,Weak encoding,1.0,0.9,0,0.0,34,task,0.1599999964237213
1.5,0.75,With reminder,Weak encoding,1.0,0.9,0,0.0,35,task,0.12399999797344208
1.5,0.75,With reminder,Weak encoding,1.0,0.9,0,0.0,36,task,0.0868000015616417
1.5,0.75,With reminder,Weak encoding,1.0,0.9,0,0.0,37,task,0.07240000367164612
1.5,0.75,With reminder,Weak encoding,1.0,0.9,0,0.0,38,task,0.04659999907016754
1.5,0.75,With reminder,Weak encoding,1.0,0.9,0,0.0,39,task,0.03579999879002571
1.5,0.75,With reminder,Weak encoding,1.0,0.9,0,0.0,40,task,0.02419999986886978
1.5,0.75,With reminder,Weak encoding,1.0,0.9,0,0.0,41,task,0.017999999225139618
1.5,0.75,With reminder,Weak encoding,1.0,0.9,0,0.0,42,task,0.014000000432133675
1.5,0.75,With reminder,Weak encoding,1.0,0.9,0,0.0,43,task,0.012199999764561653
1.5,0.75,With reminder,Weak encoding,1.0,0.9,0,0.0,44,task,0.005799999926239252
1.5,0.75,With reminder,Weak encoding,1.0,0.9,0,0.0,45,task,0.005400000140070915
1.5,0.75,With reminder,Weak encoding,1.0,0.9,0,0.0,46,task,0.0034000000450760126
1.5,0.75,With reminder,Weak encoding,1.0,0.9,0,0.0,47,task,0.004000000189989805
1.5,0.75,With reminder,Weak encoding,1.0,0.9,0,0.0,48,task,0.003000000026077032
1.5,0.75,With reminder,Weak encoding,1.0,0.9,0,0.0,49,filler,0.0017999999690800905
1.5,0.75,With reminder,Weak encoding,1.0,0.9,0,0.0,50,filler,0.0012000000569969416
1.5,0.75,With reminder,Weak encoding,1.0,0.9,0,0.0,51,filler,0.0010000000474974513
1.5,0.75,With reminder,Weak encoding,1.0,0.9,0,0.0,52,filler,0.0007999999797903001
1.5,0.75,With reminder,Weak encoding,1.0,0.9,0,0.0,53,filler,0.0007999999797903001
1.5,0.75,With reminder,Weak encoding,1.0,0.9,0,0.0,54,filler,0.00019999999494757503
1.5,0.75,With reminder,Weak encoding,1.0,0.9,0,0.0,55,filler,0.0006000000284984708
1.5,0.75,With reminder,Weak encoding,1.0,0.9,0,0.0,56,filler,0.00039999998989515007
1.5,0.75,With reminder,Weak encoding,1.0,0.9,0,0.0,57,filler,0.0
1.5,0.75,With reminder,Weak encoding,1.0,0.9,0,0.0,58,filler,0.0
1.5,0.75,With reminder,Weak encoding,1.0,0.9,0,0.0,59,filler,0.00019999999494757503
1.5,0.75,With reminder,Weak encoding,1.0,0.9,0,0.0,60,filler,0.0
1.5,0.75,With reminder,Weak encoding,1.0,0.9,0,0.0,61,filler,0.0
1.5,0.75,With reminder,Weak encoding,1.0,0.9,0,0.0,62,filler,0.0
1.5,0.75,With reminder,Weak encoding,1.0,0.9,0,0.0,63,filler,0.0
1.5,0.75,With reminder,Weak encoding,1.0,0.9,0,0.0,64,filler,0.00019999999494757503
1.5,0.75,With reminder,Strong encoding,2.0,0.9,0,0.0,1,film,0.25099998712539673
1.5,0.75,With reminder,Strong encoding,2.0,0.9,0,0.0,2,film,0.21140000224113464
1.5,0.75,With reminder,Strong encoding,2.0,0.9,0,0.0,3,film,0.2176000028848648
1.5,0.75,With reminder,Strong encoding,2.0,0.9,0,0.0,4,film,0.22220000624656677
1.5,0.75,With reminder,Strong encoding,2.0,0.9,0,0.0,5,film,0.21279999613761902
1.5,0.75,With reminder,Strong encoding,2.0,0.9,0,0.0,6,film,0.20919999480247498
1.5,0.75,With reminder,Strong encoding,2.0,0.9,0,0.0,7,film,0.2085999995470047
1.5,0.75,With reminder,Strong encoding,2.0,0.9,0,0.0,8,film,0.19120000302791595
1.5,0.75,With reminder,Strong encoding,2.0,0.9,0,0.0,9,film,0.1889999955892563
1.5,0.75,With reminder,Strong encoding,2.0,0.9,0,0.0,10,film,0.18060000240802765
1.5,0.75,With reminder,Strong encoding,2.0,0.9,0,0.0,11,film,0.16140000522136688
1.5,0.75,With reminder,Strong encoding,2.0,0.9,0,0.0,12,film,0.1581999957561493
1.5,0.75,With reminder,Strong encoding,2.0,0.9,0,0.0,13,film,0.1428000032901764
1.5,0.75,With reminder,Strong encoding,2.0,0.9,0,0.0,14,film,0.13359999656677246
1.5,0.75,With reminder,Strong encoding,2.0,0.9,0,0.0,15,film,0.11900000274181366
1.5,0.75,With reminder,Strong encoding,2.0,0.9,0,0.0,16,film,0.10540000349283218
1.5,0.75,With reminder,Strong encoding,2.0,0.9,0,0.0,17,break,0.04859999939799309
1.5,0.75,With reminder,Strong encoding,2.0,0.9,0,0.0,18,break,0.03060000017285347
1.5,0.75,With reminder,Strong encoding,2.0,0.9,0,0.0,19,break,0.01759999990463257
1.5,0.75,With reminder,Strong encoding,2.0,0.9,0,0.0,20,break,0.019999999552965164
1.5,0.75,With reminder,Strong encoding,2.0,0.9,0,0.0,21,break,0.012400000356137753
1.5,0.75,With reminder,Strong encoding,2.0,0.9,0,0.0,22,break,0.006599999964237213
1.5,0.75,With reminder,Strong encoding,2.0,0.9,0,0.0,23,break,0.005799999926239252
1.5,0.75,With reminder,Strong encoding,2.0,0.9,0,0.0,24,break,0.004600000102072954
1.5,0.75,With reminder,Strong encoding,2.0,0.9,0,0.0,25,break,0.0031999999191612005
1.5,0.75,With reminder,Strong encoding,2.0,0.9,0,0.0,26,break,0.0012000000569969416
1.5,0.75,With reminder,Strong encoding,2.0,0.9,0,0.0,27,break,0.00139999995008111
1.5,0.75,With reminder,Strong encoding,2.0,0.9,0,0.0,28,break,0.0012000000569969416
1.5,0.75,With reminder,Strong encoding,2.0,0.9,0,0.0,29,break,0.0006000000284984708
1.5,0.75,With reminder,Strong encoding,2.0,0.9,0,0.0,30,break,0.00039999998989515007
1.5,0.75,With reminder,Strong encoding,2.0,0.9,0,0.0,31,break,0.00019999999494757503
1.5,0.75,With reminder,Strong encoding,2.0,0.9,0,0.0,32,break,0.00019999999494757503
1.5,0.75,With reminder,Strong encoding,2.0,0.9,0,0.0,33,task,0.578000009059906
1.5,0.75,With reminder,Strong encoding,2.0,0.9,0,0.0,34,task,0.5383999943733215
1.5,0.75,With reminder,Strong encoding,2.0,0.9,0,0.0,35,task,0.4936000108718872
1.5,0.75,With reminder,Strong encoding,2.0,0.9,0,0.0,36,task,0.446399986743927
1.5,0.75,With reminder,Strong encoding,2.0,0.9,0,0.0,37,task,0.41760000586509705
1.5,0.75,With reminder,Strong encoding,2.0,0.9,0,0.0,38,task,0.3571999967098236
1.5,0.75,With reminder,Strong encoding,2.0,0.9,0,0.0,39,task,0.32339999079704285
1.5,0.75,With reminder,Strong encoding,2.0,0.9,0,0.0,40,task,0.28380000591278076
1.5,0.75,With reminder,Strong encoding,2.0,0.9,0,0.0,41,task,0.24480000138282776
1.5,0.75,With reminder,Strong encoding,2.0,0.9,0,0.0,42,task,0.20720000565052032
1.5,0.75,With reminder,Strong encoding,2.0,0.9,0,0.0,43,task,0.17759999632835388
1.5,0.75,With reminder,Strong encoding,2.0,0.9,0,0.0,44,task,0.1446000039577484
1.5,0.75,With reminder,Strong encoding,2.0,0.9,0,0.0,45,task,0.11400000005960464
1.5,0.75,With reminder,Strong encoding,2.0,0.9,0,0.0,46,task,0.08940000087022781
1.5,0.75,With reminder,Strong encoding,2.0,0.9,0,0.0,47,task,0.07620000094175339
1.5,0.75,With reminder,Strong encoding,2.0,0.9,0,0.0,48,task,0.05959999933838844
1.5,0.75,With reminder,Strong encoding,2.0,0.9,0,0.0,49,filler,0.00419999985024333
1.5,0.75,With reminder,Strong encoding,2.0,0.9,0,0.0,50,filler,0.003000000026077032
1.5,0.75,With reminder,Strong encoding,2.0,0.9,0,0.0,51,filler,0.0031999999191612005
1.5,0.75,With reminder,Strong encoding,2.0,0.9,0,0.0,52,filler,0.0010000000474974513
1.5,0.75,With reminder,Strong encoding,2.0,0.9,0,0.0,53,filler,0.0010000000474974513
1.5,0.75,With reminder,Strong encoding,2.0,0.9,0,0.0,54,filler,0.0015999999595806003
1.5,0.75,With reminder,Strong encoding,2.0,0.9,0,0.0,55,filler,0.00039999998989515007
1.5,0.75,With reminder,Strong encoding,2.0,0.9,0,0.0,56,filler,0.0
1.5,0.75,With reminder,Strong encoding,2.0,0.9,0,0.0,57,filler,0.00019999999494757503
1.5,0.75,With reminder,Strong encoding,2.0,0.9,0,0.0,58,filler,0.00019999999494757503
1.5,0.75,With reminder,Strong encoding,2.0,0.9,0,0.0,59,filler,0.0
1.5,0.75,With reminder,Strong encoding,2.0,0.9,0,0.0,60,filler,0.00039999998989515007
1.5,0.75,With reminder,Strong encoding,2.0,0.9,0,0.0,61,filler,0.0
1.5,0.75,With reminder,Strong encoding,2.0,0.9,0,0.0,62,filler,0.0
1.5,0.75,With reminder,Strong encoding,2.0,0.9,0,0.0,63,filler,0.00019999999494757503
1.5,0.75,With reminder,Strong encoding,2.0,0.9,0,0.0,64,filler,0.00019999999494757503
1.5,0.5,No reminder,Weak encoding,1.0,0.9,0,0.0,1,film,0.39640000462532043
1.5,0.5,No reminder,Weak encoding,1.0,0.9,0,0.0,2,film,0.3779999911785126
1.5,0.5,No reminder,Weak encoding,1.0,0.9,0,0.0,3,film,0.39640000462532043
1.5,0.5,No reminder,Weak encoding,1.0,0.9,0,0.0,4,film,0.41119998693466187
1.5,0.5,No reminder,Weak encoding,1.0,0.9,0,0.0,5,film,0.44999998807907104
1.5,0.5,No reminder,Weak encoding,1.0,0.9,0,0.0,6,film,0.4636000096797943
1.5,0.5,No reminder,Weak encoding,1.0,0.9,0,0.0,7,film,0.47099998593330383
1.5,0.5,No reminder,Weak encoding,1.0,0.9,0,0.0,8,film,0.4819999933242798
1.5,0.5,No reminder,Weak encoding,1.0,0.9,0,0.0,9,film,0.48579999804496765
1.5,0.5,No reminder,Weak encoding,1.0,0.9,0,0.0,10,film,0.48420000076293945
1.5,0.5,No reminder,Weak encoding,1.0,0.9,0,0.0,11,film,0.4805999994277954
1.5,0.5,No reminder,Weak encoding,1.0,0.9,0,0.0,12,film,0.46860000491142273
1.5,0.5,No reminder,Weak encoding,1.0,0.9,0,0.0,13,film,0.45579999685287476
1.5,0.5,No reminder,Weak encoding,1.0,0.9,0,0.0,14,film,0.4399999976158142
1.5,0.5,No reminder,Weak encoding,1.0,0.9,0,0.0,15,film,0.40860000252723694
1.5,0.5,No reminder,Weak encoding,1.0,0.9,0,0.0,16,film,0.37220001220703125
1.5,0.5,No reminder,Weak encoding,1.0,0.9,0,0.0,17,break,0.19020000100135803
1.5,0.5,No reminder,Weak encoding,1.0,0.9,0,0.0,18,break,0.14480000734329224
1.5,0.5,No reminder,Weak encoding,1.0,0.9,0,0.0,19,break,0.0989999994635582
1.5,0.5,No reminder,Weak encoding,1.0,0.9,0,0.0,20,break,0.07880000025033951
1.5,0.5,No reminder,Weak encoding,1.0,0.9,0,0.0,21,break,0.05220000073313713
1.5,0.5,No reminder,Weak encoding,1.0,0.9,0,0.0,22,break,0.038600001484155655
1.5,0.5,No reminder,Weak encoding,1.0,0.9,0,0.0,23,break,0.024000000208616257
1.5,0.5,No reminder,Weak encoding,1.0,0.9,0,0.0,24,break,0.01720000058412552
1.5,0.5,No reminder,Weak encoding,1.0,0.9,0,0.0,25,break,0.013399999588727951
1.5,0.5,No reminder,Weak encoding,1.0,0.9,0,0.0,26,break,0.00839999970048666
1.5,0.5,No reminder,Weak encoding,1.0,0.9,0,0.0,27,break,0.006399999838322401
1.5,0.5,No reminder,Weak encoding,1.0,0.9,0,0.0,28,break,0.004999999888241291
1.5,0.5,No reminder,Weak encoding,1.0,0.9,0,0.0,29,break,0.0017999999690800905
1.5,0.5,No reminder,Weak encoding,1.0,0.9,0,0.0,30,break,0.0031999999191612005
1.5,0.5,No reminder,Weak encoding,1.0,0.9,0,0.0,31,break,0.0007999999797903001
1.5,0.5,No reminder,Weak encoding,1.0,0.9,0,0.0,32,break,0.002199999988079071
1.5,0.5,No reminder,Weak encoding,1.0,0.9,0,0.0,33,task,0.0020000000949949026
1.5,0.5,No reminder,Weak encoding,1.0,0.9,0,0.0,34,task,0.00019999999494757503
1.5,0.5,No reminder,Weak encoding,1.0,0.9,0,0.0,35,task,0.00019999999494757503
1.5,0.5,No reminder,Weak encoding,1.0,0.9,0,0.0,36,task,0.00019999999494757503
1.5,0.5,No reminder,Weak encoding,1.0,0.9,0,0.0,37,task,0.0
1.5,0.5,No reminder,Weak encoding,1.0,0.9,0,0.0,38,task,0.0
1.5,0.5,No reminder,Weak encoding,1.0,0.9,0,0.0,39,task,0.0
1.5,0.5,No reminder,Weak encoding,1.0,0.9,0,0.0,40,task,0.0
1.5,0.5,No reminder,Weak encoding,1.0,0.9,0,0.0,41,task,0.0
1.5,0.5,No reminder,Weak encoding,1.0,0.9,0,0.0,42,task,0.0
1.5,0.5,No reminder,Weak encoding,1.0,0.9,0,0.0,43,task,0.00019999999494757503
1.5,0.5,No reminder,Weak encoding,1.0,0.9,0,0.0,44,task,0.0
1.5,0.5,No reminder,Weak encoding,1.0,0.9,0,0.0,45,task,0.0
1.5,0.5,No reminder,Weak encoding,1.0,0.9,0,0.0,46,task,0.0
1.5,0.5,No reminder,Weak encoding,1.0,0.9,0,0.0,47,task,0.0
1.5,0.5,No reminder,Weak encoding,1.0,0.9,0,0.0,48,task,0.0
1.5,0.5,No reminder,Weak encoding,1.0,0.9,0,0.0,49,filler,0.0
1.5,0.5,No reminder,Weak encoding,1.0,0.9,0,0.0,50,filler,0.0
1.5,0.5,No reminder,Weak encoding,1.0,0.9,0,0.0,51,filler,0.0
1.5,0.5,No reminder,Weak encoding,1.0,0.9,0,0.0,52,filler,0.0
1.5,0.5,No reminder,Weak encoding,1.0,0.9,0,0.0,53,filler,0.0
1.5,0.5,No reminder,Weak encoding,1.0,0.9,0,0.0,54,filler,0.0
1.5,0.5,No reminder,Weak encoding,1.0,0.9,0,0.0,55,filler,0.0
1.5,0.5,No reminder,Weak encoding,1.0,0.9,0,0.0,56,filler,0.0
1.5,0.5,No reminder,Weak encoding,1.0,0.9,0,0.0,57,filler,0.0
1.5,0.5,No reminder,Weak encoding,1.0,0.9,0,0.0,58,filler,0.0
1.5,0.5,No reminder,Weak encoding,1.0,0.9,0,0.0,59,filler,0.0
1.5,0.5,No reminder,Weak encoding,1.0,0.9,0,0.0,60,filler,0.0
1.5,0.5,No reminder,Weak encoding,1.0,0.9,0,0.0,61,filler,0.0
1.5,0.5,No reminder,Weak encoding,1.0,0.9,0,0.0,62,filler,0.0
1.5,0.5,No reminder,Weak encoding,1.0,0.9,0,0.0,63,filler,0.0
1.5,0.5,No reminder,Weak encoding,1.0,0.9,0,0.0,64,filler,0.0
1.5,0.5,No reminder,Strong encoding,2.0,0.9,0,0.0,1,film,0.39160001277923584
1.5,0.5,No reminder,Strong encoding,2.0,0.9,0,0.0,2,film,0.37540000677108765
1.5,0.5,No reminder,Strong encoding,2.0,0.9,0,0.0,3,film,0.38839998841285706
1.5,0.5,No reminder,Strong encoding,2.0,0.9,0,0.0,4,film,0.41100001335144043
1.5,0.5,No reminder,Strong encoding,2.0,0.9,0,0.0,5,film,0.43939998745918274
1.5,0.5,No reminder,Strong encoding,2.0,0.9,0,0.0,6,film,0.45579999685287476
1.5,0.5,No reminder,Strong encoding,2.0,0.9,0,0.0,7,film,0.46399998664855957
1.5,0.5,No reminder,Strong encoding,2.0,0.9,0,0.0,8,film,0.47200000286102295
1.5,0.5,No reminder,Strong encoding,2.0,0.9,0,0.0,9,film,0.47780001163482666
1.5,0.5,No reminder,Strong encoding,2.0,0.9,0,0.0,10,film,0.4684000015258789
1.5,0.5,No reminder,Strong encoding,2.0,0.9,0,0.0,11,film,0.483599990606308
1.5,0.5,No reminder,Strong encoding,2.0,0.9,0,0.0,12,film,0.4607999920845032
1.5,0.5,No reminder,Strong encoding,2.0,0.9,0,0.0,13,film,0.4465999901294708
1.5,0.5,No reminder,Strong encoding,2.0,0.9,0,0.0,14,film,0.4307999908924103
1.5,0.5,No reminder,Strong encoding,2.0,0.9,0,0.0,15,film,0.41200000047683716
1.5,0.5,No reminder,Strong encoding,2.0,0.9,0,0.0,16,film,0.36719998717308044
1.5,0.5,No reminder,Strong encoding,2.0,0.9,0,0.0,17,break,0.19099999964237213
1.5,0.5,No reminder,Strong encoding,2.0,0.9,0,0.0,18,break,0.14259999990463257
1.5,0.5,No reminder,Strong encoding,2.0,0.9,0,0.0,19,break,0.09960000216960907
1.5,0.5,No reminder,Strong encoding,2.0,0.9,0,0.0,20,break,0.07240000367164612
1.5,0.5,No reminder,Strong encoding,2.0,0.9,0,0.0,21,break,0.053599998354911804
1.5,0.5,No reminder,Strong encoding,2.0,0.9,0,0.0,22,break,0.03579999879002571
1.5,0.5,No reminder,Strong encoding,2.0,0.9,0,0.0,23,break,0.028599999845027924
1.5,0.5,No reminder,Strong encoding,2.0,0.9,0,0.0,24,break,0.01679999940097332
1.5,0.5,No reminder,Strong encoding,2.0,0.9,0,0.0,25,break,0.014999999664723873
1.5,0.5,No reminder,Strong encoding,2.0,0.9,0,0.0,26,break,0.011599999852478504
1.5,0.5,No reminder,Strong encoding,2.0,0.9,0,0.0,27,break,0.006200000178068876
1.5,0.5,No reminder,Strong encoding,2.0,0.9,0,0.0,28,break,0.00419999985024333
1.5,0.5,No reminder,Strong encoding,2.0,0.9,0,0.0,29,break,0.00279999990016222
1.5,0.5,No reminder,Strong encoding,2.0,0.9,0,0.0,30,break,0.003000000026077032
1.5,0.5,No reminder,Strong encoding,2.0,0.9,0,0.0,31,break,0.00039999998989515007
1.5,0.5,No reminder,Strong encoding,2.0,0.9,0,0.0,32,break,0.0012000000569969416
1.5,0.5,No reminder,Strong encoding,2.0,0.9,0,0.0,33,task,0.007400000002235174
1.5,0.5,No reminder,Strong encoding,2.0,0.9,0,0.0,34,task,0.006000000052154064
1.5,0.5,No reminder,Strong encoding,2.0,0.9,0,0.0,35,task,0.006000000052154064
1.5,0.5,No reminder,Strong encoding,2.0,0.9,0,0.0,36,task,0.004999999888241291
1.5,0.5,No reminder,Strong encoding,2.0,0.9,0,0.0,37,task,0.003000000026077032
1.5,0.5,No reminder,Strong encoding,2.0,0.9,0,0.0,38,task,0.002400000113993883
1.5,0.5,No reminder,Strong encoding,2.0,0.9,0,0.0,39,task,0.0017999999690800905
1.5,0.5,No reminder,Strong encoding,2.0,0.9,0,0.0,40,task,0.0015999999595806003
1.5,0.5,No reminder,Strong encoding,2.0,0.9,0,0.0,41,task,0.0015999999595806003
1.5,0.5,No reminder,Strong encoding,2.0,0.9,0,0.0,42,task,0.0007999999797903001
1.5,0.5,No reminder,Strong encoding,2.0,0.9,0,0.0,43,task,0.0
1.5,0.5,No reminder,Strong encoding,2.0,0.9,0,0.0,44,task,0.0010000000474974513
1.5,0.5,No reminder,Strong encoding,2.0,0.9,0,0.0,45,task,0.0010000000474974513
1.5,0.5,No reminder,Strong encoding,2.0,0.9,0,0.0,46,task,0.0006000000284984708
1.5,0.5,No reminder,Strong encoding,2.0,0.9,0,0.0,47,task,0.00019999999494757503
1.5,0.5,No reminder,Strong encoding,2.0,0.9,0,0.0,48,task,0.00039999998989515007
1.5,0.5,No reminder,Strong encoding,2.0,0.9,0,0.0,49,filler,0.0
1.5,0.5,No reminder,Strong encoding,2.0,0.9,0,0.0,50,filler,0.0
1.5,0.5,No reminder,Strong encoding,2.0,0.9,0,0.0,51,filler,0.0
1.5,0.5,No reminder,Strong encoding,2.0,0.9,0,0.0,52,filler,0.0
1.5,0.5,No reminder,Strong encoding,2.0,0.9,0,0.0,53,filler,0.0
1.5,0.5,No reminder,Strong encoding,2.0,0.9,0,0.0,54,filler,0.0
1.5,0.5,No reminder,Strong encoding,2.0,0.9,0,0.0,55,filler,0.0
1.5,0.5,No reminder,Strong encoding,2.0,0.9,0,0.0,56,filler,0.0
1.5,0.5,No reminder,Strong encoding,2.0,0.9,0,0.0,57,filler,0.0
1.5,0.5,No reminder,Strong encoding,2.0,0.9,0,0.0,58,filler,0.0
1.5,0.5,No reminder,Strong encoding,2.0,0.9,0,0.0,59,filler,0.0
1.5,0.5,No reminder,Strong encoding,2.0,0.9,0,0.0,60,filler,0.0
1.5,0.5,No reminder,Strong encoding,2.0,0.9,0,0.0,61,filler,0.0
1.5,0.5,No reminder,Strong encoding,2.0,0.9,0,0.0,62,filler,0.0
1.5,0.5,No reminder,Strong encoding,2.0,0.9,0,0.0,63,filler,0.0
1.5,0.5,No reminder,Strong encoding,2.0,0.9,0,0.0,64,filler,0.0
1.5,0.5,With reminder,Weak encoding,1.0,0.9,0,0.0,1,film,0.3677999973297119
1.5,0.5,With reminder,Weak encoding,1.0,0.9,0,0.0,2,film,0.3635999858379364
1.5,0.5,With reminder,Weak encoding,1.0,0.9,0,0.0,3,film,0.36579999327659607
1.5,0.5,With reminder,Weak encoding,1.0,0.9,0,0.0,4,film,0.3831999897956848
1.5,0.5,With reminder,Weak encoding,1.0,0.9,0,0.0,5,film,0.4147999882698059
1.5,0.5,With reminder,Weak encoding,1.0,0.9,0,0.0,6,film,0.42320001125335693
1.5,0.5,With reminder,Weak encoding,1.0,0.9,0,0.0,7,film,0.42800000309944153
1.5,0.5,With reminder,Weak encoding,1.0,0.9,0,0.0,8,film,0.43639999628067017
1.5,0.5,With reminder,Weak encoding,1.0,0.9,0,0.0,9,film,0.43540000915527344
1.5,0.5,With reminder,Weak encoding,1.0,0.9,0,0.0,10,film,0.4424000084400177
1.5,0.5,With reminder,Weak encoding,1.0,0.9,0,0.0,11,film,0.42820000648498535
1.5,0.5,With reminder,Weak encoding,1.0,0.9,0,0.0,12,film,0.42179998755455017
1.5,0.5,With reminder,Weak encoding,1.0,0.9,0,0.0,13,film,0.4009999930858612
1.5,0.5,With reminder,Weak encoding,1.0,0.9,0,0.0,14,film,0.37380000948905945
1.5,0.5,With reminder,Weak encoding,1.0,0.9,0,0.0,15,film,0.35760000348091125
1.5,0.5,With reminder,Weak encoding,1.0,0.9,0,0.0,16,film,0.3224000036716461
1.5,0.5,With reminder,Weak encoding,1.0,0.9,0,0.0,17,break,0.16500000655651093
1.5,0.5,With reminder,Weak encoding,1.0,0.9,0,0.0,18,break,0.11100000143051147
1.5,0.5,With reminder,Weak encoding,1.0,0.9,0,0.0,19,break,0.08699999749660492
1.5,0.5,With reminder,Weak encoding,1.0,0.9,0,0.0,20,break,0.05480000004172325
1.5,0.5,With reminder,Weak encoding,1.0,0.9,0,0.0,21,break,0.038600001484155655
1.5,0.5,With reminder,Weak encoding,1.0,0.9,0,0.0,22,break,0.029400000348687172
1.5,0.5,With reminder,Weak encoding,1.0,0.9,0,0.0,23,break,0.021800000220537186
1.5,0.5,With reminder,Weak encoding,1.0,0.9,0,0.0,24,break,0.014000000432133675
1.5,0.5,With reminder,Weak encoding,1.0,0.9,0,0.0,25,break,0.009800000116229057
1.5,0.5,With reminder,Weak encoding,1.0,0.9,0,0.0,26,break,0.007799999788403511
1.5,0.5,With reminder,Weak encoding,1.0,0.9,0,0.0,27,break,0.004399999976158142
1.5,0.5,With reminder,Weak encoding,1.0,0.9,0,0.0,28,break,0.003599999938160181
1.5,0.5,With reminder,Weak encoding,1.0,0.9,0,0.0,29,break,0.0012000000569969416
1.5,0.5,With reminder,Weak encoding,1.0,0.9,0,0.0,30,break,0.002400000113993883
1.5,0.5,With reminder,Weak encoding,1.0,0.9,0,0.0,31,break,0.00139999995008111
1.5,0.5,With reminder,Weak encoding,1.0,0.9,0,0.0,32,break,0.0010000000474974513
1.5,0.5,With reminder,Weak encoding,1.0,0.9,0,0.0,33,task,0.20720000565052032
1.5,0.5,With reminder,Weak encoding,1.0,0.9,0,0.0,34,task,0.1565999984741211
1.5,0.5,With reminder,Weak encoding,1.0,0.9,0,0.0,35,task,0.11299999803304672
1.5,0.5,With reminder,Weak encoding,1.0,0.9,0,0.0,36,task,0.07739999890327454
1.5,0.5,With reminder,Weak encoding,1.0,0.9,0,0.0,37,task,0.06019999831914902
1.5,0.5,With reminder,Weak encoding,1.0,0.9,0,0.0,38,task,0.038600001484155655
1.5,0.5,With reminder,Weak encoding,1.0,0.9,0,0.0,39,task,0.027799999341368675
1.5,0.5,With reminder,Weak encoding,1.0,0.9,0,0.0,40,task,0.020800000056624413
1.5,0.5,With reminder,Weak encoding,1.0,0.9,0,0.0,41,task,0.013399999588727951
1.5,0.5,With reminder,Weak encoding,1.0,0.9,0,0.0,42,task,0.012199999764561653
1.5,0.5,With reminder,Weak encoding,1.0,0.9,0,0.0,43,task,0.006800000090152025
1.5,0.5,With reminder,Weak encoding,1.0,0.9,0,0.0,44,task,0.006800000090152025
1.5,0.5,With reminder,Weak encoding,1.0,0.9,0,0.0,45,task,0.0034000000450760126
1.5,0.5,With reminder,Weak encoding,1.0,0.9,0,0.0,46,task,0.00279999990016222
1.5,0.5,With reminder,Weak encoding,1.0,0.9,0,0.0,47,task,0.0020000000949949026
1.5,0.5,With reminder,Weak encoding,1.0,0.9,0,0.0,48,task,0.0012000000569969416
1.5,0.5,With reminder,Weak encoding,1.0,0.9,0,0.0,49,filler,0.0010000000474974513
1.5,0.5,With reminder,Weak encoding,1.0,0.9,0,0.0,50,filler,0.0
1.5,0.5,With reminder,Weak encoding,1.0,0.9,0,0.0,51,filler,0.00039999998989515007
1.5,0.5,With reminder,Weak encoding,1.0,0.9,0,0.0,52,filler,0.00019999999494757503
1.5,0.5,With reminder,Weak encoding,1.0,0.9,0,0.0,53,filler,0.00019999999494757503
1.5,0.5,With reminder,Weak encoding,1.0,0.9,0,0.0,54,filler,0.0
1.5,0.5,With reminder,Weak encoding,1.0,0.9,0,0.0,55,filler,0.00019999999494757503
1.5,0.5,With reminder,Weak encoding,1.0,0.9,0,0.0,56,filler,0.00019999999494757503
1.5,0.5,With reminder,Weak encoding,1.0,0.9,0,0.0,57,filler,0.00019999999494757503
1.5,0.5,With reminder,Weak encoding,1.0,0.9,0,0.0,58,filler,0.00019999999494757503
1.5,0.5,With reminder,Weak encoding,1.0,0.9,0,0.0,59,filler,0.00039999998989515007
1.5,0.5,With reminder,Weak encoding,1.0,0.9,0,0.0,60,filler,0.0
1.5,0.5,With reminder,Weak encoding,1.0,0.9,0,0.0,61,filler,0.0
1.5,0.5,With reminder,Weak encoding,1.0,0.9,0,0.0,62,filler,0.0
1.5,0.5,With reminder,Weak encoding,1.0,0.9,0,0.0,63,filler,0.0
1.5,0.5,With reminder,Weak encoding,1.0,0.9,0,0.0,64,filler,0.0
1.5,0.5,With reminder,Strong encoding,2.0,0.9,0,0.0,1,film,0.27160000801086426
1.5,0.5,With reminder,Strong encoding,2.0,0.9,0,0.0,2,film,0.2393999993801117
1.5,0.5,With reminder,Strong encoding,2.0,0.9,0,0.0,3,film,0.24400000274181366
1.5,0.5,With reminder,Strong encoding,2.0,0.9,0,0.0,4,film,0.25040000677108765
1.5,0.5,With reminder,Strong encoding,2.0,0.9,0,0.0,5,film,0.24480000138282776
1.5,0.5,With reminder,Strong encoding,2.0,0.9,0,0.0,6,film,0.25
1.5,0.5,With reminder,Strong encoding,2.0,0.9,0,0.0,7,film,0.24420000612735748
1.5,0.5,With reminder,Strong encoding,2.0,0.9,0,0.0,8,film,0.24199999868869781
1.5,0.5,With reminder,Strong encoding,2.0,0.9,0,0.0,9,film,0.23479999601840973
1.5,0.5,With reminder,Strong encoding,2.0,0.9,0,0.0,10,film,0.2305999994277954
1.5,0.5,With reminder,Strong encoding,2.0,0.9,0,0.0,11,film,0.2152000069618225
1.5,0.5,With reminder,Strong encoding,2.0,0.9,0,0.0,12,film,0.19699999690055847
1.5,0.5,With reminder,Strong encoding,2.0,0.9,0,0.0,13,film,0.18960000574588776
1.5,0.5,With reminder,Strong encoding,2.0,0.9,0,0.0,14,film,0.17080000042915344
1.5,0.5,With reminder,Strong encoding,2.0,0.9,0,0.0,15,film,0.1462000012397766
1.5,0.5,With reminder,Strong encoding,2.0,0.9,0,0.0,16,film,0.13680000603199005
1.5,0.5,With reminder,Strong encoding,2.0,0.9,0,0.0,17,break,0.05339999869465828
1.5,0.5,With reminder,Strong encoding,2.0,0.9,0,0.0,18,break,0.03840000182390213
1.5,0.5,With reminder,Strong encoding,2.0,0.9,0,0.0,19,break,0.028999999165534973
1.5,0.5,With reminder,Strong encoding,2.0,0.9,0,0.0,20,break,0.019600000232458115
1.5,0.5,With reminder,Strong encoding,2.0,0.9,0,0.0,21,break,0.012000000104308128
1.5,0.5,With reminder,Strong encoding,2.0,0.9,0,0.0,22,break,0.009200000204145908
1.5,0.5,With reminder,Strong encoding,2.0,0.9,0,0.0,23,break,0.007000000216066837
1.5,0.5,With reminder,Strong encoding,2.0,0.9,0,0.0,24,break,0.00419999985024333
1.5,0.5,With reminder,Strong encoding,2.0,0.9,0,0.0,25,break,0.002400000113993883
1.5,0.5,With reminder,Strong encoding,2.0,0.9,0,0.0,26,break,0.0026000000070780516
1.5,0.5,With reminder,Strong encoding,2.0,0.9,0,0.0,27,break,0.00139999995008111
1.5,0.5,With reminder,Strong encoding,2.0,0.9,0,0.0,28,break,0.0012000000569969416
1.5,0.5,With reminder,Strong encoding,2.0,0.9,0,0.0,29,break,0.0010000000474974513
1.5,0.5,With reminder,Strong encoding,2.0,0.9,0,0.0,30,break,0.0007999999797903001
1.5,0.5,With reminder,Strong encoding,2.0,0.9,0,0.0,31,break,0.0006000000284984708
1.5,0.5,With reminder,Strong encoding,2.0,0.9,0,0.0,32,break,0.0006000000284984708
1.5,0.5,With reminder,Strong encoding,2.0,0.9,0,0.0,33,task,0.6331999897956848
1.5,0.5,With reminder,Strong encoding,2.0,0.9,0,0.0,34,task,0.5748000144958496
1.5,0.5,With reminder,Strong encoding,2.0,0.9,0,0.0,35,task,0.5034000277519226
1.5,0.5,With reminder,Strong encoding,2.0,0.9,0,0.0,36,task,0.421999990940094
1.5,0.5,With reminder,Strong encoding,2.0,0.9,0,0.0,37,task,0.36640000343322754
1.5,0.5,With reminder,Strong encoding,2.0,0.9,0,0.0,38,task,0.328000009059906
1.5,0.5,With reminder,Strong encoding,2.0,0.9,0,0.0,39,task,0.2720000147819519
1.5,0.5,With reminder,Strong encoding,2.0,0.9,0,0.0,40,task,0.21080000698566437
1.5,0.5,With reminder,Strong encoding,2.0,0.9,0,0.0,41,task,0.16580000519752502
1.5,0.5,With reminder,Strong encoding,2.0,0.9,0,0.0,42,task,0.13860000669956207
1.5,0.5,With reminder,Strong encoding,2.0,0.9,0,0.0,43,task,0.10360000282526016
1.5,0.5,With reminder,Strong encoding,2.0,0.9,0,0.0,44,task,0.08720000088214874
1.5,0.5,With reminder,Strong encoding,2.0,0.9,0,0.0,45,task,0.06120000034570694
1.5,0.5,With reminder,Strong encoding,2.0,0.9,0,0.0,46,task,0.05139999836683273
1.5,0.5,With reminder,Strong encoding,2.0,0.9,0,0.0,47,task,0.03319999948143959
1.5,0.5,With reminder,Strong encoding,2.0,0.9,0,0.0,48,task,0.029200000688433647
1.5,0.5,With reminder,Strong encoding,2.0,0.9,0,0.0,49,filler,0.0020000000949949026
1.5,0.5,With reminder,Strong encoding,2.0,0.9,0,0.0,50,filler,0.0017999999690800905
1.5,0.5,With reminder,Strong encoding,2.0,0.9,0,0.0,51,filler,0.0007999999797903001
1.5,0.5,With reminder,Strong encoding,2.0,0.9,0,0.0,52,filler,0.0
1.5,0.5,With reminder,Strong encoding,2.0,0.9,0,0.0,53,filler,0.00039999998989515007
1.5,0.5,With reminder,Strong encoding,2.0,0.9,0,0.0,54,filler,0.00039999998989515007
1.5,0.5,With reminder,Strong encoding,2.0,0.9,0,0.0,55,filler,0.0
1.5,0.5,With reminder,Strong encoding,2.0,0.9,0,0.0,56,filler,0.0
1.5,0.5,With reminder,Strong encoding,2.0,0.9,0,0.0,57,filler,0.0
1.5,0.5,With reminder,Strong encoding,2.0,0.9,0,0.0,58,filler,0.0
1.5,0.5,With reminder,Strong encoding,2.0,0.9,0,0.0,59,filler,0.00019999999494757503
1.5,0.5,With reminder,Strong encoding,2.0,0.9,0,0.0,60,filler,0.0
1.5,0.5,With reminder,Strong encoding,2.0,0.9,0,0.0,61,filler,0.0
1.5,0.5,With reminder,Strong encoding,2.0,0.9,0,0.0,62,filler,0.0
1.5,0.5,With reminder,Strong encoding,2.0,0.9,0,0.0,63,filler,0.0
1.5,0.5,With reminder,Strong encoding,2.0,0.9,0,0.0,64,filler,0.0
1.5,0.25,No reminder,Weak encoding,1.0,0.9,0,0.0,1,film,0.39340001344680786
1.5,0.25,No reminder,Weak encoding,1.0,0.9,0,0.0,2,film,0.37720000743865967
1.5,0.25,No reminder,Weak encoding,1.0,0.9,0,0.0,3,film,0.39899998903274536
1.5,0.25,No reminder,Weak encoding,1.0,0.9,0,0.0,4,film,0.42320001125335693
1.5,0.25,No reminder,Weak encoding,1.0,0.9,0,0.0,5,film,0.4498000144958496
1.5,0.25,No reminder,Weak encoding,1.0,0.9,0,0.0,6,film,0.4503999948501587
1.5,0.25,No reminder,Weak encoding,1.0,0.9,0,0.0,7,film,0.4742000102996826
1.5,0.25,No reminder,Weak encoding,1.0,0.9,0,0.0,8,film,0.4765999913215637
1.5,0.25,No reminder,Weak encoding,1.0,0.9,0,0.0,9,film,0.4830000102519989
1.5,0.25,No reminder,Weak encoding,1.0,0.9,0,0.0,10,film,0.49219998717308044
1.5,0.25,No reminder,Weak encoding,1.0,0.9,0,0.0,11,film,0.4747999906539917
1.5,0.25,No reminder,Weak encoding,1.0,0.9,0,0.0,12,film,0.4551999866962433
1.5,0.25,No reminder,Weak encoding,1.0,0.9,0,0.0,13,film,0.44179999828338623
1.5,0.25,No reminder,Weak encoding,1.0,0.9,0,0.0,14,film,0.42080000042915344
1.5,0.25,No reminder,Weak encoding,1.0,0.9,0,0.0,15,film,0.40459999442100525
1.5,0.25,No reminder,Weak encoding,1.0,0.9,0,0.0,16,film,0.3619999885559082
1.5,0.25,No reminder,Weak encoding,1.0,0.9,0,0.0,17,break,0.19499999284744263
1.5,0.25,No reminder,Weak encoding,1.0,0.9,0,0.0,18,break,0.13660000264644623
1.5,0.25,No reminder,Weak encoding,1.0,0.9,0,0.0,19,break,0.09480000287294388
1.5,0.25,No reminder,Weak encoding,1.0,0.9,0,0.0,20,break,0.06800000369548798
1.5,0.25,No reminder,Weak encoding,1.0,0.9,0,0.0,21,break,0.04399999976158142
1.5,0.25,No reminder,Weak encoding,1.0,0.9,0,0.0,22,break,0.035599999129772186
1.5,0.25,No reminder,Weak encoding,1.0,0.9,0,0.0,23,break,0.023000000044703484
1.5,0.25,No reminder,Weak encoding,1.0,0.9,0,0.0,24,break,0.015399999916553497
1.5,0.25,No reminder,Weak encoding,1.0,0.9,0,0.0,25,break,0.009200000204145908
1.5,0.25,No reminder,Weak encoding,1.0,0.9,0,0.0,26,break,0.007199999876320362
1.5,0.25,No reminder,Weak encoding,1.0,0.9,0,0.0,27,break,0.004800000227987766
1.5,0.25,No reminder,Weak encoding,1.0,0.9,0,0.0,28,break,0.003800000064074993
1.5,0.25,No reminder,Weak encoding,1.0,0.9,0,0.0,29,break,0.0026000000070780516
1.5,0.25,No reminder,Weak encoding,1.0,0.9,0,0.0,30,break,0.0012000000569969416
1.5,0.25,No reminder,Weak encoding,1.0,0.9,0,0.0,31,break,0.0007999999797903001
1.5,0.25,No reminder,Weak encoding,1.0,0.9,0,0.0,32,break,0.0006000000284984708
1.5,0.25,No reminder,Weak encoding,1.0,0.9,0,0.0,33,task,0.00019999999494757503
1.5,0.25,No reminder,Weak encoding,1.0,0.9,0,0.0,34,task,0.00019999999494757503
1.5,0.25,No reminder,Weak encoding,1.0,0.9,0,0.0,35,task,0.00039999998989515007
1.5,0.25,No reminder,Weak encoding,1.0,0.9,0,0.0,36,task,0.0
1.5,0.25,No reminder,Weak encoding,1.0,0.9,0,0.0,37,task,0.0
1.5,0.25,No reminder,Weak encoding,1.0,0.9,0,0.0,38,task,0.0
1.5,0.25,No reminder,Weak encoding,1.0,0.9,0,0.0,39,task,0.0
1.5,0.25,No reminder,Weak encoding,1.0,0.9,0,0.0,40,task,0.00019999999494757503
1.5,0.25,No reminder,Weak encoding,1.0,0.9,0,0.0,41,task,0.0
1.5,0.25,No reminder,Weak encoding,1.0,0.9,0,0.0,42,task,0.0
1.5,0.25,No reminder,Weak encoding,1.0,0.9,0,0.0,43,task,0.0
1.5,0.25,No reminder,Weak encoding,1.0,0.9,0,0.0,44,task,0.0
1.5,0.25,No reminder,Weak encoding,1.0,0.9,0,0.0,45,task,0.0
1.5,0.25,No reminder,Weak encoding,1.0,0.9,0,0.0,46,task,0.0
1.5,0.25,No reminder,Weak encoding,1.0,0.9,0,0.0,47,task,0.0
1.5,0.25,No reminder,Weak encoding,1.0,0.9,0,0.0,48,task,0.0
1.5,0.25,No reminder,Weak encoding,1.0,0.9,0,0.0,49,filler,0.0
1.5,0.25,No reminder,Weak encoding,1.0,0.9,0,0.0,50,filler,0.0
1.5,0.25,No reminder,Weak encoding,1.0,0.9,0,0.0,51,filler,0.0
1.5,0.25,No reminder,Weak encoding,1.0,0.9,0,0.0,52,filler,0.0
1.5,0.25,No reminder,Weak encoding,1.0,0.9,0,0.0,53,filler,0.0
1.5,0.25,No reminder,Weak encoding,1.0,0.9,0,0.0,54,filler,0.0
1.5,0.25,No reminder,Weak encoding,1.0,0.9,0,0.0,55,filler,0.0
1.5,0.25,No reminder,Weak encoding,1.0,0.9,0,0.0,56,filler,0.0
1.5,0.25,No reminder,Weak encoding,1.0,0.9,0,0.0,57,filler,0.0
1.5,0.25,No reminder,Weak encoding,1.0,0.9,0,0.0,58,filler,0.0
1.5,0.25,No reminder,Weak encoding,1.0,0.9,0,0.0,59,filler,0.0
1.5,0.25,No reminder,Weak encoding,1.0,0.9,0,0.0,60,filler,0.0
1.5,0.25,No reminder,Weak encoding,1.0,0.9,0,0.0,61,filler,0.0
1.5,0.25,No reminder,Weak encoding,1.0,0.9,0,0.0,62,filler,0.0
1.5,0.25,No reminder,Weak encoding,1.0,0.9,0,0.0,63,filler,0.0
1.5,0.25,No reminder,Weak encoding,1.0,0.9,0,0.0,64,filler,0.0
1.5,0.25,No reminder,Strong encoding,2.0,0.9,0,0.0,1,film,0.39340001344680786
1.5,0.25,No reminder,Strong encoding,2.0,0.9,0,0.0,2,film,0.3637999892234802
1.5,0.25,No reminder,Strong encoding,2.0,0.9,0,0.0,3,film,0.3952000141143799
1.5,0.25,No reminder,Strong encoding,2.0,0.9,0,0.0,4,film,0.41780000925064087
1.5,0.25,No reminder,Strong encoding,2.0,0.9,0,0.0,5,film,0.4449999928474426
1.5,0.25,No reminder,Strong encoding,2.0,0.9,0,0.0,6,film,0.4745999872684479
1.5,0.25,No reminder,Strong encoding,2.0,0.9,0,0.0,7,film,0.4812000095844269
1.5,0.25,No reminder,Strong encoding,2.0,0.9,0,0.0,8,film,0.48660001158714294
1.5,0.25,No reminder,Strong encoding,2.0,0.9,0,0.0,9,film,0.483599990606308
1.5,0.25,No reminder,Strong encoding,2.0,0.9,0,0.0,10,film,0.48339998722076416
1.5,0.25,No reminder,Strong encoding,2.0,0.9,0,0.0,11,film,0.4927999973297119
1.5,0.25,No reminder,Strong encoding,2.0,0.9,0,0.0,12,film,0.46480000019073486
1.5,0.25,No reminder,Strong encoding,2.0,0.9,0,0.0,13,film,0.45080000162124634
1.5,0.25,No reminder,Strong encoding,2.0,0.9,0,0.0,14,film,0.43619999289512634
1.5,0.25,No reminder,Strong encoding,2.0,0.9,0,0.0,15,film,0.4097999930381775
1.5,0.25,No reminder,Strong encoding,2.0,0.9,0,0.0,16,film,0.36899998784065247
1.5,0.25,No reminder,Strong encoding,2.0,0.9,0,0.0,17,break,0.18619999289512634
1.5,0.25,No reminder,Strong encoding,2.0,0.9,0,0.0,18,break,0.1340000033378601
1.5,0.25,No reminder,Strong encoding,2.0,0.9,0,0.0,19,break,0.09619999676942825
1.5,0.25,No reminder,Strong encoding,2.0,0.9,0,0.0,20,break,0.0697999969124794
1.5,0.25,No reminder,Strong encoding,2.0,0.9,0,0.0,21,break,0.039799999445676804
1.5,0.25,No reminder,Strong encoding,2.0,0.9,0,0.0,22,break,0.028599999845027924
1.5,0.25,No reminder,Strong encoding,2.0,0.9,0,0.0,23,break,0.021199999377131462
1.5,0.25,No reminder,Strong encoding,2.0,0.9,0,0.0,24,break,0.015200000256299973
1.5,0.25,No reminder,Strong encoding,2.0,0.9,0,0.0,25,break,0.008200000040233135
1.5,0.25,No reminder,Strong encoding,2.0,0.9,0,0.0,26,break,0.006800000090152025
1.5,0.25,No reminder,Strong encoding,2.0,0.9,0,0.0,27,break,0.003800000064074993
1.5,0.25,No reminder,Strong encoding,2.0,0.9,0,0.0,28,break,0.0017999999690800905
1.5,0.25,No reminder,Strong encoding,2.0,0.9,0,0.0,29,break,0.002199999988079071
1.5,0.25,No reminder,Strong encoding,2.0,0.9,0,0.0,30,break,0.0010000000474974513
1.5,0.25,No reminder,Strong encoding,2.0,0.9,0,0.0,31,break,0.0017999999690800905
1.5,0.25,No reminder,Strong encoding,2.0,0.9,0,0.0,32,break,0.0006000000284984708
1.5,0.25,No reminder,Strong encoding,2.0,0.9,0,0.0,33,task,0.004800000227987766
1.5,0.25,No reminder,Strong encoding,2.0,0.9,0,0.0,34,task,0.005200000014156103
1.5,0.25,No reminder,Strong encoding,2.0,0.9,0,0.0,35,task,0.002400000113993883
1.5,0.25,No reminder,Strong encoding,2.0,0.9,0,0.0,36,task,0.003000000026077032
1.5,0.25,No reminder,Strong encoding,2.0,0.9,0,0.0,37,task,0.00139999995008111
1.5,0.25,No reminder,Strong encoding,2.0,0.9,0,0.0,38,task,0.0007999999797903001
1.5,0.25,No reminder,Strong encoding,2.0,0.9,0,0.0,39,task,0.00039999998989515007
1.5,0.25,No reminder,Strong encoding,2.0,0.9,0,0.0,40,task,0.00039999998989515007
1.5,0.25,No reminder,Strong encoding,2.0,0.9,0,0.0,41,task,0.0006000000284984708
1.5,0.25,No reminder,Strong encoding,2.0,0.9,0,0.0,42,task,0.00039999998989515007
1.5,0.25,No reminder,Strong encoding,2.0,0.9,0,0.0,43,task,0.00019999999494757503
1.5,0.25,No reminder,Strong encoding,2.0,0.9,0,0.0,44,task,0.0
1.5,0.25,No reminder,Strong encoding,2.0,0.9,0,0.0,45,task,0.0
1.5,0.25,No reminder,Strong encoding,2.0,0.9,0,0.0,46,task,0.0
1.5,0.25,No reminder,Strong encoding,2.0,0.9,0,0.0,47,task,0.0
1.5,0.25,No reminder,Strong encoding,2.0,0.9,0,0.0,48,task,0.0
1.5,0.25,No reminder,Strong encoding,2.0,0.9,0,0.0,49,filler,0.0
1.5,0.25,No reminder,Strong encoding,2.0,0.9,0,0.0,50,filler,0.0
1.5,0.25,No reminder,Strong encoding,2.0,0.9,0,0.0,51,filler,0.0
1.5,0.25,No reminder,Strong encoding,2.0,0.9,0,0.0,52,filler,0.0
1.5,0.25,No reminder,Strong encoding,2.0,0.9,0,0.0,53,filler,0.0
1.5,0.25,No reminder,Strong encoding,2.0,0.9,0,0.0,54,filler,0.0
1.5,0.25,No reminder,Strong encoding,2.0,0.9,0,0.0,55,filler,0.0
1.5,0.25,No reminder,Strong encoding,2.0,0.9,0,0.0,56,filler,0.0
1.5,0.25,No reminder,Strong encoding,2.0,0.9,0,0.0,57,filler,0.0
1.5,0.25,No reminder,Strong encoding,2.0,0.9,0,0.0,58,filler,0.0
1.5,0.25,No reminder,Strong encoding,2.0,0.9,0,0.0,59,filler,0.0
1.5,0.25,No reminder,Strong encoding,2.0,0.9,0,0.0,60,filler,0.0
1.5,0.25,No reminder,Strong encoding,2.0,0.9,0,0.0,61,filler,0.0
1.5,0.25,No reminder,Strong encoding,2.0,0.9,0,0.0,62,filler,0.0
1.5,0.25,No reminder,Strong encoding,2.0,0.9,0,0.0,63,filler,0.0
1.5,0.25,No reminder,Strong encoding,2.0,0.9,0,0.0,64,filler,0.0
1.5,0.25,With reminder,Weak encoding,1.0,0.9,0,0.0,1,film,0.36559998989105225
1.5,0.25,With reminder,Weak encoding,1.0,0.9,0,0.0,2,film,0.3569999933242798
1.5,0.25,With reminder,Weak encoding,1.0,0.9,0,0.0,3,film,0.3741999864578247
1.5,0.25,With reminder,Weak encoding,1.0,0.9,0,0.0,4,film,0.3984000086784363
1.5,0.25,With reminder,Weak encoding,1.0,0.9,0,0.0,5,film,0.4131999909877777
1.5,0.25,With reminder,Weak encoding,1.0,0.9,0,0.0,6,film,0.4368000030517578
1.5,0.25,With reminder,Weak encoding,1.0,0.9,0,0.0,7,film,0.4334000051021576
1.5,0.25,With reminder,Weak encoding,1.0,0.9,0,0.0,8,film,0.44119998812675476
1.5,0.25,With reminder,Weak encoding,1.0,0.9,0,0.0,9,film,0.43880000710487366
1.5,0.25,With reminder,Weak encoding,1.0,0.9,0,0.0,10,film,0.44859999418258667
1.5,0.25,With reminder,Weak encoding,1.0,0.9,0,0.0,11,film,0.4185999929904938
1.5,0.25,With reminder,Weak encoding,1.0,0.9,0,0.0,12,film,0.4052000045776367
1.5,0.25,With reminder,Weak encoding,1.0,0.9,0,0.0,13,film,0.414000004529953
1.5,0.25,With reminder,Weak encoding,1.0,0.9,0,0.0,14,film,0.3889999985694885
1.5,0.25,With reminder,Weak encoding,1.0,0.9,0,0.0,15,film,0.3571999967098236
1.5,0.25,With reminder,Weak encoding,1.0,0.9,0,0.0,16,film,0.3264000117778778
1.5,0.25,With reminder,Weak encoding,1.0,0.9,0,0.0,17,break,0.15240000188350677
1.5,0.25,With reminder,Weak encoding,1.0,0.9,0,0.0,18,break,0.11159999668598175
1.5,0.25,With reminder,Weak encoding,1.0,0.9,0,0.0,19,break,0.07479999959468842
1.5,0.25,With reminder,Weak encoding,1.0,0.9,0,0.0,20,break,0.049800001084804535
1.5,0.25,With reminder,Weak encoding,1.0,0.9,0,0.0,21,break,0.03359999880194664
1.5,0.25,With reminder,Weak encoding,1.0,0.9,0,0.0,22,break,0.02800000086426735
1.5,0.25,With reminder,Weak encoding,1.0,0.9,0,0.0,23,break,0.016200000420212746
1.5,0.25,With reminder,Weak encoding,1.0,0.9,0,0.0,24,break,0.013000000268220901
1.5,0.25,With reminder,Weak encoding,1.0,0.9,0,0.0,25,break,0.009399999864399433
1.5,0.25,With reminder,Weak encoding,1.0,0.9,0,0.0,26,break,0.005200000014156103
1.5,0.25,With reminder,Weak encoding,1.0,0.9,0,0.0,27,break,0.0034000000450760126
1.5,0.25,With reminder,Weak encoding,1.0,0.9,0,0.0,28,break,0.0020000000949949026
1.5,0.25,With reminder,Weak encoding,1.0,0.9,0,0.0,29,break,0.00279999990016222
1.5,0.25,With reminder,Weak encoding,1.0,0.9,0,0.0,30,break,0.0017999999690800905
1.5,0.25,With reminder,Weak encoding,1.0,0.9,0,0.0,31,break,0.0010000000474974513
1.5,0.25,With reminder,Weak encoding,1.0,0.9,0,0.0,32,break,0.0006000000284984708
1.5,0.25,With reminder,Weak encoding,1.0,0.9,0,0.0,33,task,0.20520000159740448
1.5,0.25,With reminder,Weak encoding,1.0,0.9,0,0.0,34,task,0.15279999375343323
1.5,0.25,With reminder,Weak encoding,1.0,0.9,0,0.0,35,task,0.09560000151395798
1.5,0.25,With reminder,Weak encoding,1.0,0.9,0,0.0,36,task,0.06599999964237213
1.5,0.25,With reminder,Weak encoding,1.0,0.9,0,0.0,37,task,0.04839999973773956
1.5,0.25,With reminder,Weak encoding,1.0,0.9,0,0.0,38,task,0.03680000081658363
1.5,0.25,With reminder,Weak encoding,1.0,0.9,0,0.0,39,task,0.023399999365210533
1.5,0.25,With reminder,Weak encoding,1.0,0.9,0,0.0,40,task,0.01720000058412552
1.5,0.25,With reminder,Weak encoding,1.0,0.9,0,0.0,41,task,0.010200000368058681
1.5,0.25,With reminder,Weak encoding,1.0,0.9,0,0.0,42,task,0.006599999964237213
1.5,0.25,With reminder,Weak encoding,1.0,0.9,0,0.0,43,task,0.004000000189989805
1.5,0.25,With reminder,Weak encoding,1.0,0.9,0,0.0,44,task,0.00419999985024333
1.5,0.25,With reminder,Weak encoding,1.0,0.9,0,0.0,45,task,0.0020000000949949026
1.5,0.25,With reminder,Weak encoding,1.0,0.9,0,0.0,46,task,0.00279999990016222
1.5,0.25,With reminder,Weak encoding,1.0,0.9,0,0.0,47,task,0.0015999999595806003
1.5,0.25,With reminder,Weak encoding,1.0,0.9,0,0.0,48,task,0.0010000000474974513
1.5,0.25,With reminder,Weak encoding,1.0,0.9,0,0.0,49,filler,0.0010000000474974513
1.5,0.25,With reminder,Weak encoding,1.0,0.9,0,0.0,50,filler,0.00019999999494757503
1.5,0.25,With reminder,Weak encoding,1.0,0.9,0,0.0,51,filler,0.0
1.5,0.25,With reminder,Weak encoding,1.0,0.9,0,0.0,52,filler,0.0
1.5,0.25,With reminder,Weak encoding,1.0,0.9,0,0.0,53,filler,0.0
1.5,0.25,With reminder,Weak encoding,1.0,0.9,0,0.0,54,filler,0.00019999999494757503
1.5,0.25,With reminder,Weak encoding,1.0,0.9,0,0.0,55,filler,0.0
1.5,0.25,With reminder,Weak encoding,1.0,0.9,0,0.0,56,filler,0.0
1.5,0.25,With reminder,Weak encoding,1.0,0.9,0,0.0,57,filler,0.0
1.5,0.25,With reminder,Weak encoding,1.0,0.9,0,0.0,58,filler,0.0
1.5,0.25,With reminder,Weak encoding,1.0,0.9,0,0.0,59,filler,0.0
1.5,0.25,With reminder,Weak encoding,1.0,0.9,0,0.0,60,filler,0.0
1.5,0.25,With reminder,Weak encoding,1.0,0.9,0,0.0,61,filler,0.0
1.5,0.25,With reminder,Weak encoding,1.0,0.9,0,0.0,62,filler,0.0
1.5,0.25,With reminder,Weak encoding,1.0,0.9,0,0.0,63,filler,0.0
1.5,0.25,With reminder,Weak encoding,1.0,0.9,0,0.0,64,filler,0.0
1.5,0.25,With reminder,Strong encoding,2.0,0.9,0,0.0,1,film,0.30059999227523804
1.5,0.25,With reminder,Strong encoding,2.0,0.9,0,0.0,2,film,0.2824000120162964
1.5,0.25,With reminder,Strong encoding,2.0,0.9,0,0.0,3,film,0.2770000100135803
1.5,0.25,With reminder,Strong encoding,2.0,0.9,0,0.0,4,film,0.2874000072479248
1.5,0.25,With reminder,Strong encoding,2.0,0.9,0,0.0,5,film,0.30379998683929443
1.5,0.25,With reminder,Strong encoding,2.0,0.9,0,0.0,6,film,0.29420000314712524
1.5,0.25,With reminder,Strong encoding,2.0,0.9,0,0.0,7,film,0.29420000314712524
1.5,0.25,With reminder,Strong encoding,2.0,0.9,0,0.0,8,film,0.28679999709129333
1.5,0.25,With reminder,Strong encoding,2.0,0.9,0,0.0,9,film,0.2752000093460083
1.5,0.25,With reminder,Strong encoding,2.0,0.9,0,0.0,10,film,0.27140000462532043
1.5,0.25,With reminder,Strong encoding,2.0,0.9,0,0.0,11,film,0.25099998712539673
1.5,0.25,With reminder,Strong encoding,2.0,0.9,0,0.0,12,film,0.23960000276565552
1.5,0.25,With reminder,Strong encoding,2.0,0.9,0,0.0,13,film,0.22519999742507935
1.5,0.25,With reminder,Strong encoding,2.0,0.9,0,0.0,14,film,0.21580000221729279
1.5,0.25,With reminder,Strong encoding,2.0,0.9,0,0.0,15,film,0.19179999828338623
1.5,0.25,With reminder,Strong encoding,2.0,0.9,0,0.0,16,film,0.1624000072479248
1.5,0.25,With reminder,Strong encoding,2.0,0.9,0,0.0,17,break,0.0681999996304512
1.5,0.25,With reminder,Strong encoding,2.0,0.9,0,0.0,18,break,0.04479999840259552
1.5,0.25,With reminder,Strong encoding,2.0,0.9,0,0.0,19,break,0.03840000182390213
1.5,0.25,With reminder,Strong encoding,2.0,0.9,0,0.0,20,break,0.02160000056028366
1.5,0.25,With reminder,Strong encoding,2.0,0.9,0,0.0,21,break,0.01720000058412552
1.5,0.25,With reminder,Strong encoding,2.0,0.9,0,0.0,22,break,0.01080000028014183
1.5,0.25,With reminder,Strong encoding,2.0,0.9,0,0.0,23,break,0.006800000090152025
1.5,0.25,With reminder,Strong encoding,2.0,0.9,0,0.0,24,break,0.004800000227987766
1.5,0.25,With reminder,Strong encoding,2.0,0.9,0,0.0,25,break,0.003599999938160181
1.5,0.25,With reminder,Strong encoding,2.0,0.9,0,0.0,26,break,0.00279999990016222
1.5,0.25,With reminder,Strong encoding,2.0,0.9,0,0.0,27,break,0.0012000000569969416
1.5,0.25,With reminder,Strong encoding,2.0,0.9,0,0.0,28,break,0.0006000000284984708
1.5,0.25,With reminder,Strong encoding,2.0,0.9,0,0.0,29,break,0.0010000000474974513
1.5,0.25,With reminder,Strong encoding,2.0,0.9,0,0.0,30,break,0.00019999999494757503
1.5,0.25,With reminder,Strong encoding,2.0,0.9,0,0.0,31,break,0.00019999999494757503
1.5,0.25,With reminder,Strong encoding,2.0,0.9,0,0.0,32,break,0.0007999999797903001
1.5,0.25,With reminder,Strong encoding,2.0,0.9,0,0.0,33,task,0.6725999712944031
1.5,0.25,With reminder,Strong encoding,2.0,0.9,0,0.0,34,task,0.5608000159263611
1.5,0.25,With reminder,Strong encoding,2.0,0.9,0,0.0,35,task,0.4729999899864197
1.5,0.25,With reminder,Strong encoding,2.0,0.9,0,0.0,36,task,0.384799987077713
1.5,0.25,With reminder,Strong encoding,2.0,0.9,0,0.0,37,task,0.31380000710487366
1.5,0.25,With reminder,Strong encoding,2.0,0.9,0,0.0,38,task,0.2443999946117401
1.5,0.25,With reminder,Strong encoding,2.0,0.9,0,0.0,39,task,0.18780000507831573
1.5,0.25,With reminder,Strong encoding,2.0,0.9,0,0.0,40,task,0.14339999854564667
1.5,0.25,With reminder,Strong encoding,2.0,0.9,0,0.0,41,task,0.10620000213384628
1.5,0.25,With reminder,Strong encoding,2.0,0.9,0,0.0,42,task,0.07840000092983246
1.5,0.25,With reminder,Strong encoding,2.0,0.9,0,0.0,43,task,0.0575999990105629
1.5,0.25,With reminder,Strong encoding,2.0,0.9,0,0.0,44,task,0.03840000182390213
1.5,0.25,With reminder,Strong encoding,2.0,0.9,0,0.0,45,task,0.023800000548362732
1.5,0.25,With reminder,Strong encoding,2.0,0.9,0,0.0,46,task,0.020600000396370888
1.5,0.25,With reminder,Strong encoding,2.0,0.9,0,0.0,47,task,0.014000000432133675
1.5,0.25,With reminder,Strong encoding,2.0,0.9,0,0.0,48,task,0.008200000040233135
1.5,0.25,With reminder,Strong encoding,2.0,0.9,0,0.0,49,filler,0.0010000000474974513
1.5,0.25,With reminder,Strong encoding,2.0,0.9,0,0.0,50,filler,0.0012000000569969416
1.5,0.25,With reminder,Strong encoding,2.0,0.9,0,0.0,51,filler,0.0
1.5,0.25,With reminder,Strong encoding,2.0,0.9,0,0.0,52,filler,0.0
1.5,0.25,With reminder,Strong encoding,2.0,0.9,0,0.0,53,filler,0.0007999999797903001
1.5,0.25,With reminder,Strong encoding,2.0,0.9,0,0.0,54,filler,0.00019999999494757503
1.5,0.25,With reminder,Strong encoding,2.0,0.9,0,0.0,55,filler,0.0
1.5,0.25,With reminder,Strong encoding,2.0,0.9,0,0.0,56,filler,0.0
1.5,0.25,With reminder,Strong encoding,2.0,0.9,0,0.0,57,filler,0.0
1.5,0.25,With reminder,Strong encoding,2.0,0.9,0,0.0,58,filler,0.0
1.5,0.25,With reminder,Strong encoding,2.0,0.9,0,0.0,59,filler,0.0
1.5,0.25,With reminder,Strong encoding,2.0,0.9,0,0.0,60,filler,0.0
1.5,0.25,With reminder,Strong encoding,2.0,0.9,0,0.0,61,filler,0.0
1.5,0.25,With reminder,Strong encoding,2.0,0.9,0,0.0,62,filler,0.0
1.5,0.25,With reminder,Strong encoding,2.0,0.9,0,0.0,63,filler,0.0
1.5,0.25,With reminder,Strong encoding,2.0,0.9,0,0.0,64,filler,0.0
1.5,0.0,No reminder,Weak encoding,1.0,0.9,0,0.0,1,film,0.3898000121116638
1.5,0.0,No reminder,Weak encoding,1.0,0.9,0,0.0,2,film,0.3853999972343445
1.5,0.0,No reminder,Weak encoding,1.0,0.9,0,0.0,3,film,0.4041999876499176
1.5,0.0,No reminder,Weak encoding,1.0,0.9,0,0.0,4,film,0.428600013256073
1.5,0.0,No reminder,Weak encoding,1.0,0.9,0,0.0,5,film,0.45019999146461487
1.5,0.0,No reminder,Weak encoding,1.0,0.9,0,0.0,6,film,0.4575999975204468
1.5,0.0,No reminder,Weak encoding,1.0,0.9,0,0.0,7,film,0.47859999537467957
1.5,0.0,No reminder,Weak encoding,1.0,0.9,0,0.0,8,film,0.483599990606308
1.5,0.0,No reminder,Weak encoding,1.0,0.9,0,0.0,9,film,0.4851999878883362
1.5,0.0,No reminder,Weak encoding,1.0,0.9,0,0.0,10,film,0.47920000553131104
1.5,0.0,No reminder,Weak encoding,1.0,0.9,0,0.0,11,film,0.4867999851703644
1.5,0.0,No reminder,Weak encoding,1.0,0.9,0,0.0,12,film,0.4749999940395355
1.5,0.0,No reminder,Weak encoding,1.0,0.9,0,0.0,13,film,0.45419999957084656
1.5,0.0,No reminder,Weak encoding,1.0,0.9,0,0.0,14,film,0.41780000925064087
1.5,0.0,No reminder,Weak encoding,1.0,0.9,0,0.0,15,film,0.39559999108314514
1.5,0.0,No reminder,Weak encoding,1.0,0.9,0,0.0,16,film,0.3643999993801117
1.5,0.0,No reminder,Weak encoding,1.0,0.9,0,0.0,17,break,0.18359999358654022
1.5,0.0,No reminder,Weak encoding,1.0,0.9,0,0.0,18,break,0.12219999730587006
1.5,0.0,No reminder,Weak encoding,1.0,0.9,0,0.0,19,break,0.08420000225305557
1.5,0.0,No reminder,Weak encoding,1.0,0.9,0,0.0,20,break,0.05959999933838844
1.5,0.0,No reminder,Weak encoding,1.0,0.9,0,0.0,21,break,0.039000000804662704
1.5,0.0,No reminder,Weak encoding,1.0,0.9,0,0.0,22,break,0.026000000536441803
1.5,0.0,No reminder,Weak encoding,1.0,0.9,0,0.0,23,break,0.01640000008046627
1.5,0.0,No reminder,Weak encoding,1.0,0.9,0,0.0,24,break,0.013000000268220901
1.5,0.0,No reminder,Weak encoding,1.0,0.9,0,0.0,25,break,0.009399999864399433
1.5,0.0,No reminder,Weak encoding,1.0,0.9,0,0.0,26,break,0.006000000052154064
1.5,0.0,No reminder,Weak encoding,1.0,0.9,0,0.0,27,break,0.004000000189989805
1.5,0.0,No reminder,Weak encoding,1.0,0.9,0,0.0,28,break,0.0034000000450760126
1.5,0.0,No reminder,Weak encoding,1.0,0.9,0,0.0,29,break,0.003000000026077032
1.5,0.0,No reminder,Weak encoding,1.0,0.9,0,0.0,30,break,0.0007999999797903001
1.5,0.0,No reminder,Weak encoding,1.0,0.9,0,0.0,31,break,0.0007999999797903001
1.5,0.0,No reminder,Weak encoding,1.0,0.9,0,0.0,32,break,0.0010000000474974513
1.5,0.0,No reminder,Weak encoding,1.0,0.9,0,0.0,33,task,0.0007999999797903001
1.5,0.0,No reminder,Weak encoding,1.0,0.9,0,0.0,34,task,0.00039999998989515007
1.5,0.0,No reminder,Weak encoding,1.0,0.9,0,0.0,35,task,0.00019999999494757503
1.5,0.0,No reminder,Weak encoding,1.0,0.9,0,0.0,36,task,0.00019999999494757503
1.5,0.0,No reminder,Weak encoding,1.0,0.9,0,0.0,37,task,0.0
1.5,0.0,No reminder,Weak encoding,1.0,0.9,0,0.0,38,task,0.00019999999494757503
1.5,0.0,No reminder,Weak encoding,1.0,0.9,0,0.0,39,task,0.0
1.5,0.0,No reminder,Weak encoding,1.0,0.9,0,0.0,40,task,0.0
1.5,0.0,No reminder,Weak encoding,1.0,0.9,0,0.0,41,task,0.0
1.5,0.0,No reminder,Weak encoding,1.0,0.9,0,0.0,42,task,0.00019999999494757503
1.5,0.0,No reminder,Weak encoding,1.0,0.9,0,0.0,43,task,0.0
1.5,0.0,No reminder,Weak encoding,1.0,0.9,0,0.0,44,task,0.0
1.5,0.0,No reminder,Weak encoding,1.0,0.9,0,0.0,45,task,0.0
1.5,0.0,No reminder,Weak encoding,1.0,0.9,0,0.0,46,task,0.0
1.5,0.0,No reminder,Weak encoding,1.0,0.9,0,0.0,47,task,0.0
1.5,0.0,No reminder,Weak encoding,1.0,0.9,0,0.0,48,task,0.0
1.5,0.0,No reminder,Weak encoding,1.0,0.9,0,0.0,49,filler,0.0
1.5,0.0,No reminder,Weak encoding,1.0,0.9,0,0.0,50,filler,0.0
1.5,0.0,No reminder,Weak encoding,1.0,0.9,0,0.0,51,filler,0.0
1.5,0.0,No reminder,Weak encoding,1.0,0.9,0,0.0,52,filler,0.0
1.5,0.0,No reminder,Weak encoding,1.0,0.9,0,0.0,53,filler,0.0
1.5,0.0,No reminder,Weak encoding,1.0,0.9,0,0.0,54,filler,0.0
1.5,0.0,No reminder,Weak encoding,1.0,0.9,0,0.0,55,filler,0.0
1.5,0.0,No reminder,Weak encoding,1.0,0.9,0,0.0,56,filler,0.0
1.5,0.0,No reminder,Weak encoding,1.0,0.9,0,0.0,57,filler,0.0
1.5,0.0,No reminder,Weak encoding,1.0,0.9,0,0.0,58,filler,0.0
1.5,0.0,No reminder,Weak encoding,1.0,0.9,0,0.0,59,filler,0.0
1.5,0.0,No reminder,Weak encoding,1.0,0.9,0,0.0,60,filler,0.0
1.5,0.0,No reminder,Weak encoding,1.0,0.9,0,0.0,61,filler,0.0
1.5,0.0,No reminder,Weak encoding,1.0,0.9,0,0.0,62,filler,0.0
1.5,0.0,No reminder,Weak encoding,1.0,0.9,0,0.0,63,filler,0.0
1.5,0.0,No reminder,Weak encoding,1.0,0.9,0,0.0,64,filler,0.0
1.5,0.0,No reminder,Strong encoding,2.0,0.9,0,0.0,1,film,0.3889999985694885
1.5,0.0,No reminder,Strong encoding,2.0,0.9,0,0.0,2,film,0.3765999972820282
1.5,0.0,No reminder,Strong encoding,2.0,0.9,0,0.0,3,film,0.39559999108314514
1.5,0.0,No reminder,Strong encoding,2.0,0.9,0,0.0,4,film,0.426800012588501
1.5,0.0,No reminder,Strong encoding,2.0,0.9,0,0.0,5,film,0.45320001244544983
1.5,0.0,No reminder,Strong encoding,2.0,0.9,0,0.0,6,film,0.46959999203681946
1.5,0.0,No reminder,Strong encoding,2.0,0.9,0,0.0,7,film,0.4787999987602234
1.5,0.0,No reminder,Strong encoding,2.0,0.9,0,0.0,8,film,0.4844000041484833
1.5,0.0,No reminder,Strong encoding,2.0,0.9,0,0.0,9,film,0.49639999866485596
1.5,0.0,No reminder,Strong encoding,2.0,0.9,0,0.0,10,film,0.5008000135421753
1.5,0.0,No reminder,Strong encoding,2.0,0.9,0,0.0,11,film,0.48260000348091125
1.5,0.0,No reminder,Strong encoding,2.0,0.9,0,0.0,12,film,0.4675999879837036
1.5,0.0,No reminder,Strong encoding,2.0,0.9,0,0.0,13,film,0.44179999828338623
1.5,0.0,No reminder,Strong encoding,2.0,0.9,0,0.0,14,film,0.43560001254081726
1.5,0.0,No reminder,Strong encoding,2.0,0.9,0,0.0,15,film,0.4032000005245209
1.5,0.0,No reminder,Strong encoding,2.0,0.9,0,0.0,16,film,0.3529999852180481
1.5,0.0,No reminder,Strong encoding,2.0,0.9,0,0.0,17,break,0.1889999955892563
1.5,0.0,No reminder,Strong encoding,2.0,0.9,0,0.0,18,break,0.12720000743865967
1.5,0.0,No reminder,Strong encoding,2.0,0.9,0,0.0,19,break,0.08479999750852585
1.5,0.0,No reminder,Strong encoding,2.0,0.9,0,0.0,20,break,0.061000000685453415
1.5,0.0,No reminder,Strong encoding,2.0,0.9,0,0.0,21,break,0.039799999445676804
1.5,0.0,No reminder,Strong encoding,2.0,0.9,0,0.0,22,break,0.0284000001847744
1.5,0.0,No reminder,Strong encoding,2.0,0.9,0,0.0,23,break,0.021199999377131462
1.5,0.0,No reminder,Strong encoding,2.0,0.9,0,0.0,24,break,0.014399999752640724
1.5,0.0,No reminder,Strong encoding,2.0,0.9,0,0.0,25,break,0.009200000204145908
1.5,0.0,No reminder,Strong encoding,2.0,0.9,0,0.0,26,break,0.003800000064074993
1.5,0.0,No reminder,Strong encoding,2.0,0.9,0,0.0,27,break,0.002400000113993883
1.5,0.0,No reminder,Strong encoding,2.0,0.9,0,0.0,28,break,0.002400000113993883
1.5,0.0,No reminder,Strong encoding,2.0,0.9,0,0.0,29,break,0.0015999999595806003
1.5,0.0,No reminder,Strong encoding,2.0,0.9,0,0.0,30,break,0.0017999999690800905
1.5,0.0,No reminder,Strong encoding,2.0,0.9,0,0.0,31,break,0.0007999999797903001
1.5,0.0,No reminder,Strong encoding,2.0,0.9,0,0.0,32,break,0.0006000000284984708
1.5,0.0,No reminder,Strong encoding,2.0,0.9,0,0.0,33,task,0.004000000189989805
1.5,0.0,No reminder,Strong encoding,2.0,0.9,0,0.0,34,task,0.0026000000070780516
1.5,0.0,No reminder,Strong encoding,2.0,0.9,0,0.0,35,task,0.0020000000949949026
1.5,0.0,No reminder,Strong encoding,2.0,0.9,0,0.0,36,task,0.00139999995008111
1.5,0.0,No reminder,Strong encoding,2.0,0.9,0,0.0,37,task,0.0012000000569969416
1.5,0.0,No reminder,Strong encoding,2.0,0.9,0,0.0,38,task,0.0007999999797903001
1.5,0.0,No reminder,Strong encoding,2.0,0.9,0,0.0,39,task,0.0
1.5,0.0,No reminder,Strong encoding,2.0,0.9,0,0.0,40,task,0.0006000000284984708
1.5,0.0,No reminder,Strong encoding,2.0,0.9,0,0.0,41,task,0.00019999999494757503
1.5,0.0,No reminder,Strong encoding,2.0,0.9,0,0.0,42,task,0.0
1.5,0.0,No reminder,Strong encoding,2.0,0.9,0,0.0,43,task,0.0
1.5,0.0,No reminder,Strong encoding,2.0,0.9,0,0.0,44,task,0.0
1.5,0.0,No reminder,Strong encoding,2.0,0.9,0,0.0,45,task,0.0
1.5,0.0,No reminder,Strong encoding,2.0,0.9,0,0.0,46,task,0.0
1.5,0.0,No reminder,Strong encoding,2.0,0.9,0,0.0,47,task,0.0
1.5,0.0,No reminder,Strong encoding,2.0,0.9,0,0.0,48,task,0.0
1.5,0.0,No reminder,Strong encoding,2.0,0.9,0,0.0,49,filler,0.0
1.5,0.0,No reminder,Strong encoding,2.0,0.9,0,0.0,50,filler,0.0
1.5,0.0,No reminder,Strong encoding,2.0,0.9,0,0.0,51,filler,0.0
1.5,0.0,No reminder,Strong encoding,2.0,0.9,0,0.0,52,filler,0.0
1.5,0.0,No reminder,Strong encoding,2.0,0.9,0,0.0,53,filler,0.0
1.5,0.0,No reminder,Strong encoding,2.0,0.9,0,0.0,54,filler,0.0
1.5,0.0,No reminder,Strong encoding,2.0,0.9,0,0.0,55,filler,0.0
1.5,0.0,No reminder,Strong encoding,2.0,0.9,0,0.0,56,filler,0.0
1.5,0.0,No reminder,Strong encoding,2.0,0.9,0,0.0,57,filler,0.0
1.5,0.0,No reminder,Strong encoding,2.0,0.9,0,0.0,58,filler,0.0
1.5,0.0,No reminder,Strong encoding,2.0,0.9,0,0.0,59,filler,0.0
1.5,0.0,No reminder,Strong encoding,2.0,0.9,0,0.0,60,filler,0.0
1.5,0.0,No reminder,Strong encoding,2.0,0.9,0,0.0,61,filler,0.0
1.5,0.0,No reminder,Strong encoding,2.0,0.9,0,0.0,62,filler,0.0
1.5,0.0,No reminder,Strong encoding,2.0,0.9,0,0.0,63,filler,0.0
1.5,0.0,No reminder,Strong encoding,2.0,0.9,0,0.0,64,filler,0.0
1.5,0.0,With reminder,Weak encoding,1.0,0.9,0,0.0,1,film,0.3808000087738037
1.5,0.0,With reminder,Weak encoding,1.0,0.9,0,0.0,2,film,0.3646000027656555
1.5,0.0,With reminder,Weak encoding,1.0,0.9,0,0.0,3,film,0.37459999322891235
1.5,0.0,With reminder,Weak encoding,1.0,0.9,0,0.0,4,film,0.3970000147819519
1.5,0.0,With reminder,Weak encoding,1.0,0.9,0,0.0,5,film,0.4171999990940094
1.5,0.0,With reminder,Weak encoding,1.0,0.9,0,0.0,6,film,0.43160000443458557
1.5,0.0,With reminder,Weak encoding,1.0,0.9,0,0.0,7,film,0.454800009727478
1.5,0.0,With reminder,Weak encoding,1.0,0.9,0,0.0,8,film,0.444599986076355
1.5,0.0,With reminder,Weak encoding,1.0,0.9,0,0.0,9,film,0.45239999890327454
1.5,0.0,With reminder,Weak encoding,1.0,0.9,0,0.0,10,film,0.44920000433921814
1.5,0.0,With reminder,Weak encoding,1.0,0.9,0,0.0,11,film,0.4334000051021576
1.5,0.0,With reminder,Weak encoding,1.0,0.9,0,0.0,12,film,0.4318000078201294
1.5,0.0,With reminder,Weak encoding,1.0,0.9,0,0.0,13,film,0.4097999930381775
1.5,0.0,With reminder,Weak encoding,1.0,0.9,0,0.0,14,film,0.38600000739097595
1.5,0.0,With reminder,Weak encoding,1.0,0.9,0,0.0,15,film,0.3515999913215637
1.5,0.0,With reminder,Weak encoding,1.0,0.9,0,0.0,16,film,0.3172000050544739
1.5,0.0,With reminder,Weak encoding,1.0,0.9,0,0.0,17,break,0.15219999849796295
1.5,0.0,With reminder,Weak encoding,1.0,0.9,0,0.0,18,break,0.10599999874830246
1.5,0.0,With reminder,Weak encoding,1.0,0.9,0,0.0,19,break,0.07280000299215317
1.5,0.0,With reminder,Weak encoding,1.0,0.9,0,0.0,20,break,0.051600001752376556
1.5,0.0,With reminder,Weak encoding,1.0,0.9,0,0.0,21,break,0.03220000118017197
1.5,0.0,With reminder,Weak encoding,1.0,0.9,0,0.0,22,break,0.02500000037252903
1.5,0.0,With reminder,Weak encoding,1.0,0.9,0,0.0,23,break,0.014999999664723873
1.5,0.0,With reminder,Weak encoding,1.0,0.9,0,0.0,24,break,0.010200000368058681
1.5,0.0,With reminder,Weak encoding,1.0,0.9,0,0.0,25,break,0.006599999964237213
1.5,0.0,With reminder,Weak encoding,1.0,0.9,0,0.0,26,break,0.004000000189989805
1.5,0.0,With reminder,Weak encoding,1.0,0.9,0,0.0,27,break,0.00279999990016222
1.5,0.0,With reminder,Weak encoding,1.0,0.9,0,0.0,28,break,0.0017999999690800905
1.5,0.0,With reminder,Weak encoding,1.0,0.9,0,0.0,29,break,0.0020000000949949026
1.5,0.0,With reminder,Weak encoding,1.0,0.9,0,0.0,30,break,0.0010000000474974513
1.5,0.0,With reminder,Weak encoding,1.0,0.9,0,0.0,31,break,0.00019999999494757503
1.5,0.0,With reminder,Weak encoding,1.0,0.9,0,0.0,32,break,0.0006000000284984708
1.5,0.0,With reminder,Weak encoding,1.0,0.9,0,0.0,33,task,0.20980000495910645
1.5,0.0,With reminder,Weak encoding,1.0,0.9,0,0.0,34,task,0.15360000729560852
1.5,0.0,With reminder,Weak encoding,1.0,0.9,0,0.0,35,task,0.09700000286102295
1.5,0.0,With reminder,Weak encoding,1.0,0.9,0,0.0,36,task,0.062199998646974564
1.5,0.0,With reminder,Weak encoding,1.0,0.9,0,0.0,37,task,0.041600000113248825
1.5,0.0,With reminder,Weak encoding,1.0,0.9,0,0.0,38,task,0.029999999329447746
1.5,0.0,With reminder,Weak encoding,1.0,0.9,0,0.0,39,task,0.019200000911951065
1.5,0.0,With reminder,Weak encoding,1.0,0.9,0,0.0,40,task,0.012199999764561653
1.5,0.0,With reminder,Weak encoding,1.0,0.9,0,0.0,41,task,0.006800000090152025
1.5,0.0,With reminder,Weak encoding,1.0,0.9,0,0.0,42,task,0.008200000040233135
1.5,0.0,With reminder,Weak encoding,1.0,0.9,0,0.0,43,task,0.006599999964237213
1.5,0.0,With reminder,Weak encoding,1.0,0.9,0,0.0,44,task,0.0015999999595806003
1.5,0.0,With reminder,Weak encoding,1.0,0.9,0,0.0,45,task,0.0017999999690800905
1.5,0.0,With reminder,Weak encoding,1.0,0.9,0,0.0,46,task,0.00139999995008111
1.5,0.0,With reminder,Weak encoding,1.0,0.9,0,0.0,47,task,0.0
1.5,0.0,With reminder,Weak encoding,1.0,0.9,0,0.0,48,task,0.0007999999797903001
1.5,0.0,With reminder,Weak encoding,1.0,0.9,0,0.0,49,filler,0.0
1.5,0.0,With reminder,Weak encoding,1.0,0.9,0,0.0,50,filler,0.00019999999494757503
1.5,0.0,With reminder,Weak encoding,1.0,0.9,0,0.0,51,filler,0.0
1.5,0.0,With reminder,Weak encoding,1.0,0.9,0,0.0,52,filler,0.00019999999494757503
1.5,0.0,With reminder,Weak encoding,1.0,0.9,0,0.0,53,filler,0.0
1.5,0.0,With reminder,Weak encoding,1.0,0.9,0,0.0,54,filler,0.0
1.5,0.0,With reminder,Weak encoding,1.0,0.9,0,0.0,55,filler,0.0
1.5,0.0,With reminder,Weak encoding,1.0,0.9,0,0.0,56,filler,0.0
1.5,0.0,With reminder,Weak encoding,1.0,0.9,0,0.0,57,filler,0.0
1.5,0.0,With reminder,Weak encoding,1.0,0.9,0,0.0,58,filler,0.0
1.5,0.0,With reminder,Weak encoding,1.0,0.9,0,0.0,59,filler,0.00019999999494757503
1.5,0.0,With reminder,Weak encoding,1.0,0.9,0,0.0,60,filler,0.0
1.5,0.0,With reminder,Weak encoding,1.0,0.9,0,0.0,61,filler,0.0
1.5,0.0,With reminder,Weak encoding,1.0,0.9,0,0.0,62,filler,0.0
1.5,0.0,With reminder,Weak encoding,1.0,0.9,0,0.0,63,filler,0.0
1.5,0.0,With reminder,Weak encoding,1.0,0.9,0,0.0,64,filler,0.0
1.5,0.0,With reminder,Strong encoding,2.0,0.9,0,0.0,1,film,0.3301999866962433
1.5,0.0,With reminder,Strong encoding,2.0,0.9,0,0.0,2,film,0.3125999867916107
1.5,0.0,With reminder,Strong encoding,2.0,0.9,0,0.0,3,film,0.3312000036239624
1.5,0.0,With reminder,Strong encoding,2.0,0.9,0,0.0,4,film,0.3400000035762787
1.5,0.0,With reminder,Strong encoding,2.0,0.9,0,0.0,5,film,0.337799996137619
1.5,0.0,With reminder,Strong encoding,2.0,0.9,0,0.0,6,film,0.337799996137619
1.5,0.0,With reminder,Strong encoding,2.0,0.9,0,0.0,7,film,0.33899998664855957
1.5,0.0,With reminder,Strong encoding,2.0,0.9,0,0.0,8,film,0.32499998807907104
1.5,0.0,With reminder,Strong encoding,2.0,0.9,0,0.0,9,film,0.326200008392334
1.5,0.0,With reminder,Strong encoding,2.0,0.9,0,0.0,10,film,0.3124000132083893
1.5,0.0,With reminder,Strong encoding,2.0,0.9,0,0.0,11,film,0.3093999922275543
1.5,0.0,With reminder,Strong encoding,2.0,0.9,0,0.0,12,film,0.27399998903274536
1.5,0.0,With reminder,Strong encoding,2.0,0.9,0,0.0,13,film,0.2653999924659729
1.5,0.0,With reminder,Strong encoding,2.0,0.9,0,0.0,14,film,0.23360000550746918
1.5,0.0,With reminder,Strong encoding,2.0,0.9,0,0.0,15,film,0.21320000290870667
1.5,0.0,With reminder,Strong encoding,2.0,0.9,0,0.0,16,film,0.18880000710487366
1.5,0.0,With reminder,Strong encoding,2.0,0.9,0,0.0,17,break,0.07240000367164612
1.5,0.0,With reminder,Strong encoding,2.0,0.9,0,0.0,18,break,0.052000001072883606
1.5,0.0,With reminder,Strong encoding,2.0,0.9,0,0.0,19,break,0.033399999141693115
1.5,0.0,With reminder,Strong encoding,2.0,0.9,0,0.0,20,break,0.023399999365210533
1.5,0.0,With reminder,Strong encoding,2.0,0.9,0,0.0,21,break,0.014000000432133675
1.5,0.0,With reminder,Strong encoding,2.0,0.9,0,0.0,22,break,0.010999999940395355
1.5,0.0,With reminder,Strong encoding,2.0,0.9,0,0.0,23,break,0.0031999999191612005
1.5,0.0,With reminder,Strong encoding,2.0,0.9,0,0.0,24,break,0.006399999838322401
1.5,0.0,With reminder,Strong encoding,2.0,0.9,0,0.0,25,break,0.002400000113993883
1.5,0.0,With reminder,Strong encoding,2.0,0.9,0,0.0,26,break,0.0020000000949949026
1.5,0.0,With reminder,Strong encoding,2.0,0.9,0,0.0,27,break,0.0015999999595806003
1.5,0.0,With reminder,Strong encoding,2.0,0.9,0,0.0,28,break,0.0010000000474974513
1.5,0.0,With reminder,Strong encoding,2.0,0.9,0,0.0,29,break,0.00039999998989515007
1.5,0.0,With reminder,Strong encoding,2.0,0.9,0,0.0,30,break,0.00039999998989515007
1.5,0.0,With reminder,Strong encoding,2.0,0.9,0,0.0,31,break,0.00019999999494757503
1.5,0.0,With reminder,Strong encoding,2.0,0.9,0,0.0,32,break,0.00039999998989515007
1.5,0.0,With reminder,Strong encoding,2.0,0.9,0,0.0,33,task,0.6660000085830688
1.5,0.0,With reminder,Strong encoding,2.0,0.9,0,0.0,34,task,0.5350000262260437
1.5,0.0,With reminder,Strong encoding,2.0,0.9,0,0.0,35,task,0.42260000109672546
1.5,0.0,With reminder,Strong encoding,2.0,0.9,0,0.0,36,task,0.3118000030517578
1.5,0.0,With reminder,Strong encoding,2.0,0.9,0,0.0,37,task,0.2290000021457672
1.5,0.0,With reminder,Strong encoding,2.0,0.9,0,0.0,38,task,0.15600000321865082
1.5,0.0,With reminder,Strong encoding,2.0,0.9,0,0.0,39,task,0.11240000277757645
1.5,0.0,With reminder,Strong encoding,2.0,0.9,0,0.0,40,task,0.0697999969124794
1.5,0.0,With reminder,Strong encoding,2.0,0.9,0,0.0,41,task,0.044599998742341995
1.5,0.0,With reminder,Strong encoding,2.0,0.9,0,0.0,42,task,0.03819999843835831
1.5,0.0,With reminder,Strong encoding,2.0,0.9,0,0.0,43,task,0.025599999353289604
1.5,0.0,With reminder,Strong encoding,2.0,0.9,0,0.0,44,task,0.017000000923871994
1.5,0.0,With reminder,Strong encoding,2.0,0.9,0,0.0,45,task,0.008999999612569809
1.5,0.0,With reminder,Strong encoding,2.0,0.9,0,0.0,46,task,0.007000000216066837
1.5,0.0,With reminder,Strong encoding,2.0,0.9,0,0.0,47,task,0.004600000102072954
1.5,0.0,With reminder,Strong encoding,2.0,0.9,0,0.0,48,task,0.004800000227987766
1.5,0.0,With reminder,Strong encoding,2.0,0.9,0,0.0,49,filler,0.00039999998989515007
1.5,0.0,With reminder,Strong encoding,2.0,0.9,0,0.0,50,filler,0.00019999999494757503
1.5,0.0,With reminder,Strong encoding,2.0,0.9,0,0.0,51,filler,0.0
1.5,0.0,With reminder,Strong encoding,2.0,0.9,0,0.0,52,filler,0.0
1.5,0.0,With reminder,Strong encoding,2.0,0.9,0,0.0,53,filler,0.0
1.5,0.0,With reminder,Strong encoding,2.0,0.9,0,0.0,54,filler,0.0
1.5,0.0,With reminder,Strong encoding,2.0,0.9,0,0.0,55,filler,0.00019999999494757503
1.5,0.0,With reminder,Strong encoding,2.0,0.9,0,0.0,56,filler,0.0
1.5,0.0,With reminder,Strong encoding,2.0,0.9,0,0.0,57,filler,0.0
1.5,0.0,With reminder,Strong encoding,2.0,0.9,0,0.0,58,filler,0.0
1.5,0.0,With reminder,Strong encoding,2.0,0.9,0,0.0,59,filler,0.0
1.5,0.0,With reminder,Strong encoding,2.0,0.9,0,0.0,60,filler,0.0
1.5,0.0,With reminder,Strong encoding,2.0,0.9,0,0.0,61,filler,0.0
1.5,0.0,With reminder,Strong encoding,2.0,0.9,0,0.0,62,filler,0.0
1.5,0.0,With reminder,Strong encoding,2.0,0.9,0,0.0,63,filler,0.0
1.5,0.0,With reminder,Strong encoding,2.0,0.9,0,0.0,64,filler,0.0
2.0,1.0,No reminder,Weak encoding,1.0,0.9,0,0.0,1,film,0.36959999799728394
2.0,1.0,No reminder,Weak encoding,1.0,0.9,0,0.0,2,film,0.3617999851703644
2.0,1.0,No reminder,Weak encoding,1.0,0.9,0,0.0,3,film,0.3808000087738037
2.0,1.0,No reminder,Weak encoding,1.0,0.9,0,0.0,4,film,0.4032000005245209
2.0,1.0,No reminder,Weak encoding,1.0,0.9,0,0.0,5,film,0.41519999504089355
2.0,1.0,No reminder,Weak encoding,1.0,0.9,0,0.0,6,film,0.4431999921798706
2.0,1.0,No reminder,Weak encoding,1.0,0.9,0,0.0,7,film,0.4474000036716461
2.0,1.0,No reminder,Weak encoding,1.0,0.9,0,0.0,8,film,0.4519999921321869
2.0,1.0,No reminder,Weak encoding,1.0,0.9,0,0.0,9,film,0.45260000228881836
2.0,1.0,No reminder,Weak encoding,1.0,0.9,0,0.0,10,film,0.46160000562667847
2.0,1.0,No reminder,Weak encoding,1.0,0.9,0,0.0,11,film,0.4480000138282776
2.0,1.0,No reminder,Weak encoding,1.0,0.9,0,0.0,12,film,0.45559999346733093
2.0,1.0,No reminder,Weak encoding,1.0,0.9,0,0.0,13,film,0.4262000024318695
2.0,1.0,No reminder,Weak encoding,1.0,0.9,0,0.0,14,film,0.4041999876499176
2.0,1.0,No reminder,Weak encoding,1.0,0.9,0,0.0,15,film,0.3889999985694885
2.0,1.0,No reminder,Weak encoding,1.0,0.9,0,0.0,16,film,0.3643999993801117
2.0,1.0,No reminder,Weak encoding,1.0,0.9,0,0.0,17,break,0.19259999692440033
2.0,1.0,No reminder,Weak encoding,1.0,0.9,0,0.0,18,break,0.15240000188350677
2.0,1.0,No reminder,Weak encoding,1.0,0.9,0,0.0,19,break,0.12559999525547028
2.0,1.0,No reminder,Weak encoding,1.0,0.9,0,0.0,20,break,0.10140000283718109
2.0,1.0,No reminder,Weak encoding,1.0,0.9,0,0.0,21,break,0.08500000089406967
2.0,1.0,No reminder,Weak encoding,1.0,0.9,0,0.0,22,break,0.06159999966621399
2.0,1.0,No reminder,Weak encoding,1.0,0.9,0,0.0,23,break,0.05000000074505806
2.0,1.0,No reminder,Weak encoding,1.0,0.9,0,0.0,24,break,0.0430000014603138
2.0,1.0,No reminder,Weak encoding,1.0,0.9,0,0.0,25,break,0.033799998462200165
2.0,1.0,No reminder,Weak encoding,1.0,0.9,0,0.0,26,break,0.028999999165534973
2.0,1.0,No reminder,Weak encoding,1.0,0.9,0,0.0,27,break,0.020999999716877937
2.0,1.0,No reminder,Weak encoding,1.0,0.9,0,0.0,28,break,0.015599999576807022
2.0,1.0,No reminder,Weak encoding,1.0,0.9,0,0.0,29,break,0.015399999916553497
2.0,1.0,No reminder,Weak encoding,1.0,0.9,0,0.0,30,break,0.010400000028312206
2.0,1.0,No reminder,Weak encoding,1.0,0.9,0,0.0,31,break,0.00860000029206276
2.0,1.0,No reminder,Weak encoding,1.0,0.9,0,0.0,32,break,0.006800000090152025
2.0,1.0,No reminder,Weak encoding,1.0,0.9,0,0.0,33,task,0.003599999938160181
2.0,1.0,No reminder,Weak encoding,1.0,0.9,0,0.0,34,task,0.004600000102072954
2.0,1.0,No reminder,Weak encoding,1.0,0.9,0,0.0,35,task,0.00419999985024333
2.0,1.0,No reminder,Weak encoding,1.0,0.9,0,0.0,36,task,0.002199999988079071
2.0,1.0,No reminder,Weak encoding,1.0,0.9,0,0.0,37,task,0.0012000000569969416
2.0,1.0,No reminder,Weak encoding,1.0,0.9,0,0.0,38,task,0.0010000000474974513
2.0,1.0,No reminder,Weak encoding,1.0,0.9,0,0.0,39,task,0.00139999995008111
2.0,1.0,No reminder,Weak encoding,1.0,0.9,0,0.0,40,task,0.0010000000474974513
2.0,1.0,No reminder,Weak encoding,1.0,0.9,0,0.0,41,task,0.00019999999494757503
2.0,1.0,No reminder,Weak encoding,1.0,0.9,0,0.0,42,task,0.0006000000284984708
2.0,1.0,No reminder,Weak encoding,1.0,0.9,0,0.0,43,task,0.00039999998989515007
2.0,1.0,No reminder,Weak encoding,1.0,0.9,0,0.0,44,task,0.00039999998989515007
2.0,1.0,No reminder,Weak encoding,1.0,0.9,0,0.0,45,task,0.00019999999494757503
2.0,1.0,No reminder,Weak encoding,1.0,0.9,0,0.0,46,task,0.00039999998989515007
2.0,1.0,No reminder,Weak encoding,1.0,0.9,0,0.0,47,task,0.00019999999494757503
2.0,1.0,No reminder,Weak encoding,1.0,0.9,0,0.0,48,task,0.00019999999494757503
2.0,1.0,No reminder,Weak encoding,1.0,0.9,0,0.0,49,filler,0.0
2.0,1.0,No reminder,Weak encoding,1.0,0.9,0,0.0,50,filler,0.0
2.0,1.0,No reminder,Weak encoding,1.0,0.9,0,0.0,51,filler,0.0
2.0,1.0,No reminder,Weak encoding,1.0,0.9,0,0.0,52,filler,0.0
2.0,1.0,No reminder,Weak encoding,1.0,0.9,0,0.0,53,filler,0.0
2.0,1.0,No reminder,Weak encoding,1.0,0.9,0,0.0,54,filler,0.0
2.0,1.0,No reminder,Weak encoding,1.0,0.9,0,0.0,55,filler,0.0
2.0,1.0,No reminder,Weak encoding,1.0,0.9,0,0.0,56,filler,0.00039999998989515007
2.0,1.0,No reminder,Weak encoding,1.0,0.9,0,0.0,57,filler,0.0
2.0,1.0,No reminder,Weak encoding,1.0,0.9,0,0.0,58,filler,0.0
2.0,1.0,No reminder,Weak encoding,1.0,0.9,0,0.0,59,filler,0.0
2.0,1.0,No reminder,Weak encoding,1.0,0.9,0,0.0,60,filler,0.0
2.0,1.0,No reminder,Weak encoding,1.0,0.9,0,0.0,61,filler,0.0
2.0,1.0,No reminder,Weak encoding,1.0,0.9,0,0.0,62,filler,0.0
2.0,1.0,No reminder,Weak encoding,1.0,0.9,0,0.0,63,filler,0.0
2.0,1.0,No reminder,Weak encoding,1.0,0.9,0,0.0,64,filler,0.0
2.0,1.0,No reminder,Strong encoding,2.0,0.9,0,0.0,1,film,0.37299999594688416
2.0,1.0,No reminder,Strong encoding,2.0,0.9,0,0.0,2,film,0.34360000491142273
2.0,1.0,No reminder,Strong encoding,2.0,0.9,0,0.0,3,film,0.3856000006198883
2.0,1.0,No reminder,Strong encoding,2.0,0.9,0,0.0,4,film,0.39579999446868896
2.0,1.0,No reminder,Strong encoding,2.0,0.9,0,0.0,5,film,0.41839998960494995
2.0,1.0,No reminder,Strong encoding,2.0,0.9,0,0.0,6,film,0.4307999908924103
2.0,1.0,No reminder,Strong encoding,2.0,0.9,0,0.0,7,film,0.45820000767707825
2.0,1.0,No reminder,Strong encoding,2.0,0.9,0,0.0,8,film,0.45680001378059387
2.0,1.0,No reminder,Strong encoding,2.0,0.9,0,0.0,9,film,0.45019999146461487
2.0,1.0,No reminder,Strong encoding,2.0,0.9,0,0.0,10,film,0.45419999957084656
2.0,1.0,No reminder,Strong encoding,2.0,0.9,0,0.0,11,film,0.43700000643730164
2.0,1.0,No reminder,Strong encoding,2.0,0.9,0,0.0,12,film,0.43720000982284546
2.0,1.0,No reminder,Strong encoding,2.0,0.9,0,0.0,13,film,0.4180000126361847
2.0,1.0,No reminder,Strong encoding,2.0,0.9,0,0.0,14,film,0.4020000100135803
2.0,1.0,No reminder,Strong encoding,2.0,0.9,0,0.0,15,film,0.3571999967098236
2.0,1.0,No reminder,Strong encoding,2.0,0.9,0,0.0,16,film,0.34860000014305115
2.0,1.0,No reminder,Strong encoding,2.0,0.9,0,0.0,17,break,0.18520000576972961
2.0,1.0,No reminder,Strong encoding,2.0,0.9,0,0.0,18,break,0.14920000731945038
2.0,1.0,No reminder,Strong encoding,2.0,0.9,0,0.0,19,break,0.11079999804496765
2.0,1.0,No reminder,Strong encoding,2.0,0.9,0,0.0,20,break,0.08820000290870667
2.0,1.0,No reminder,Strong encoding,2.0,0.9,0,0.0,21,break,0.07419999688863754
2.0,1.0,No reminder,Strong encoding,2.0,0.9,0,0.0,22,break,0.05480000004172325
2.0,1.0,No reminder,Strong encoding,2.0,0.9,0,0.0,23,break,0.047200001776218414
2.0,1.0,No reminder,Strong encoding,2.0,0.9,0,0.0,24,break,0.032600000500679016
2.0,1.0,No reminder,Strong encoding,2.0,0.9,0,0.0,25,break,0.02500000037252903
2.0,1.0,No reminder,Strong encoding,2.0,0.9,0,0.0,26,break,0.01899999938905239
2.0,1.0,No reminder,Strong encoding,2.0,0.9,0,0.0,27,break,0.01360000018030405
2.0,1.0,No reminder,Strong encoding,2.0,0.9,0,0.0,28,break,0.009999999776482582
2.0,1.0,No reminder,Strong encoding,2.0,0.9,0,0.0,29,break,0.008999999612569809
2.0,1.0,No reminder,Strong encoding,2.0,0.9,0,0.0,30,break,0.006800000090152025
2.0,1.0,No reminder,Strong encoding,2.0,0.9,0,0.0,31,break,0.004999999888241291
2.0,1.0,No reminder,Strong encoding,2.0,0.9,0,0.0,32,break,0.003000000026077032
2.0,1.0,No reminder,Strong encoding,2.0,0.9,0,0.0,33,task,0.03099999949336052
2.0,1.0,No reminder,Strong encoding,2.0,0.9,0,0.0,34,task,0.025599999353289604
2.0,1.0,No reminder,Strong encoding,2.0,0.9,0,0.0,35,task,0.028599999845027924
2.0,1.0,No reminder,Strong encoding,2.0,0.9,0,0.0,36,task,0.022600000724196434
2.0,1.0,No reminder,Strong encoding,2.0,0.9,0,0.0,37,task,0.017000000923871994
2.0,1.0,No reminder,Strong encoding,2.0,0.9,0,0.0,38,task,0.015799999237060547
2.0,1.0,No reminder,Strong encoding,2.0,0.9,0,0.0,39,task,0.011599999852478504
2.0,1.0,No reminder,Strong encoding,2.0,0.9,0,0.0,40,task,0.013000000268220901
2.0,1.0,No reminder,Strong encoding,2.0,0.9,0,0.0,41,task,0.014000000432133675
2.0,1.0,No reminder,Strong encoding,2.0,0.9,0,0.0,42,task,0.01140000019222498
2.0,1.0,No reminder,Strong encoding,2.0,0.9,0,0.0,43,task,0.008999999612569809
2.0,1.0,No reminder,Strong encoding,2.0,0.9,0,0.0,44,task,0.009200000204145908
2.0,1.0,No reminder,Strong encoding,2.0,0.9,0,0.0,45,task,0.00559999980032444
2.0,1.0,No reminder,Strong encoding,2.0,0.9,0,0.0,46,task,0.005200000014156103
2.0,1.0,No reminder,Strong encoding,2.0,0.9,0,0.0,47,task,0.0034000000450760126
2.0,1.0,No reminder,Strong encoding,2.0,0.9,0,0.0,48,task,0.003000000026077032
2.0,1.0,No reminder,Strong encoding,2.0,0.9,0,0.0,49,filler,0.0006000000284984708
2.0,1.0,No reminder,Strong encoding,2.0,0.9,0,0.0,50,filler,0.0006000000284984708
2.0,1.0,No reminder,Strong encoding,2.0,0.9,0,0.0,51,filler,0.00019999999494757503
2.0,1.0,No reminder,Strong encoding,2.0,0.9,0,0.0,52,filler,0.0
2.0,1.0,No reminder,Strong encoding,2.0,0.9,0,0.0,53,filler,0.0
2.0,1.0,No reminder,Strong encoding,2.0,0.9,0,0.0,54,filler,0.00019999999494757503
2.0,1.0,No reminder,Strong encoding,2.0,0.9,0,0.0,55,filler,0.0
2.0,1.0,No reminder,Strong encoding,2.0,0.9,0,0.0,56,filler,0.0
2.0,1.0,No reminder,Strong encoding,2.0,0.9,0,0.0,57,filler,0.0
2.0,1.0,No reminder,Strong encoding,2.0,0.9,0,0.0,58,filler,0.0
2.0,1.0,No reminder,Strong encoding,2.0,0.9,0,0.0,59,filler,0.0
2.0,1.0,No reminder,Strong encoding,2.0,0.9,0,0.0,60,filler,0.0
2.0,1.0,No reminder,Strong encoding,2.0,0.9,0,0.0,61,filler,0.0
2.0,1.0,No reminder,Strong encoding,2.0,0.9,0,0.0,62,filler,0.0
2.0,1.0,No reminder,Strong encoding,2.0,0.9,0,0.0,63,filler,0.00039999998989515007
2.0,1.0,No reminder,Strong encoding,2.0,0.9,0,0.0,64,filler,0.0
2.0,1.0,With reminder,Weak encoding,1.0,0.9,0,0.0,1,film,0.3578000068664551
2.0,1.0,With reminder,Weak encoding,1.0,0.9,0,0.0,2,film,0.3319999873638153
2.0,1.0,With reminder,Weak encoding,1.0,0.9,0,0.0,3,film,0.33899998664855957
2.0,1.0,With reminder,Weak encoding,1.0,0.9,0,0.0,4,film,0.37119999527931213
2.0,1.0,With reminder,Weak encoding,1.0,0.9,0,0.0,5,film,0.3806000053882599
2.0,1.0,With reminder,Weak encoding,1.0,0.9,0,0.0,6,film,0.3887999951839447
2.0,1.0,With reminder,Weak encoding,1.0,0.9,0,0.0,7,film,0.3970000147819519
2.0,1.0,With reminder,Weak encoding,1.0,0.9,0,0.0,8,film,0.4058000147342682
2.0,1.0,With reminder,Weak encoding,1.0,0.9,0,0.0,9,film,0.40939998626708984
2.0,1.0,With reminder,Weak encoding,1.0,0.9,0,0.0,10,film,0.39259999990463257
2.0,1.0,With reminder,Weak encoding,1.0,0.9,0,0.0,11,film,0.39660000801086426
2.0,1.0,With reminder,Weak encoding,1.0,0.9,0,0.0,12,film,0.37860000133514404
2.0,1.0,With reminder,Weak encoding,1.0,0.9,0,0.0,13,film,0.3628000020980835
2.0,1.0,With reminder,Weak encoding,1.0,0.9,0,0.0,14,film,0.352400004863739
2.0,1.0,With reminder,Weak encoding,1.0,0.9,0,0.0,15,film,0.33219999074935913
2.0,1.0,With reminder,Weak encoding,1.0,0.9,0,0.0,16,film,0.3093999922275543
2.0,1.0,With reminder,Weak encoding,1.0,0.9,0,0.0,17,break,0.16920000314712524
2.0,1.0,With reminder,Weak encoding,1.0,0.9,0,0.0,18,break,0.12600000202655792
2.0,1.0,With reminder,Weak encoding,1.0,0.9,0,0.0,19,break,0.09719999879598618
2.0,1.0,With reminder,Weak encoding,1.0,0.9,0,0.0,20,break,0.07559999823570251
2.0,1.0,With reminder,Weak encoding,1.0,0.9,0,0.0,21,break,0.066600002348423
2.0,1.0,With reminder,Weak encoding,1.0,0.9,0,0.0,22,break,0.04899999871850014
2.0,1.0,With reminder,Weak encoding,1.0,0.9,0,0.0,23,break,0.03519999980926514
2.0,1.0,With reminder,Weak encoding,1.0,0.9,0,0.0,24,break,0.02879999950528145
2.0,1.0,With reminder,Weak encoding,1.0,0.9,0,0.0,25,break,0.02419999986886978
2.0,1.0,With reminder,Weak encoding,1.0,0.9,0,0.0,26,break,0.017999999225139618
2.0,1.0,With reminder,Weak encoding,1.0,0.9,0,0.0,27,break,0.0142000000923872
2.0,1.0,With reminder,Weak encoding,1.0,0.9,0,0.0,28,break,0.012400000356137753
2.0,1.0,With reminder,Weak encoding,1.0,0.9,0,0.0,29,break,0.01080000028014183
2.0,1.0,With reminder,Weak encoding,1.0,0.9,0,0.0,30,break,0.004800000227987766
2.0,1.0,With reminder,Weak encoding,1.0,0.9,0,0.0,31,break,0.005799999926239252
2.0,1.0,With reminder,Weak encoding,1.0,0.9,0,0.0,32,break,0.004399999976158142
2.0,1.0,With reminder,Weak encoding,1.0,0.9,0,0.0,33,task,0.21480000019073486
2.0,1.0,With reminder,Weak encoding,1.0,0.9,0,0.0,34,task,0.17299999296665192
2.0,1.0,With reminder,Weak encoding,1.0,0.9,0,0.0,35,task,0.1371999979019165
2.0,1.0,With reminder,Weak encoding,1.0,0.9,0,0.0,36,task,0.09759999811649323
2.0,1.0,With reminder,Weak encoding,1.0,0.9,0,0.0,37,task,0.07980000227689743
2.0,1.0,With reminder,Weak encoding,1.0,0.9,0,0.0,38,task,0.06719999760389328
2.0,1.0,With reminder,Weak encoding,1.0,0.9,0,0.0,39,task,0.050200000405311584
2.0,1.0,With reminder,Weak encoding,1.0,0.9,0,0.0,40,task,0.038600001484155655
2.0,1.0,With reminder,Weak encoding,1.0,0.9,0,0.0,41,task,0.03280000016093254
2.0,1.0,With reminder,Weak encoding,1.0,0.9,0,0.0,42,task,0.02419999986886978
2.0,1.0,With reminder,Weak encoding,1.0,0.9,0,0.0,43,task,0.016599999740719795
2.0,1.0,With reminder,Weak encoding,1.0,0.9,0,0.0,44,task,0.013799999840557575
2.0,1.0,With reminder,Weak encoding,1.0,0.9,0,0.0,45,task,0.010599999688565731
2.0,1.0,With reminder,Weak encoding,1.0,0.9,0,0.0,46,task,0.00839999970048666
2.0,1.0,With reminder,Weak encoding,1.0,0.9,0,0.0,47,task,0.007199999876320362
2.0,1.0,With reminder,Weak encoding,1.0,0.9,0,0.0,48,task,0.005400000140070915
2.0,1.0,With reminder,Weak encoding,1.0,0.9,0,0.0,49,filler,0.004600000102072954
2.0,1.0,With reminder,Weak encoding,1.0,0.9,0,0.0,50,filler,0.0034000000450760126
2.0,1.0,With reminder,Weak encoding,1.0,0.9,0,0.0,51,filler,0.0034000000450760126
2.0,1.0,With reminder,Weak encoding,1.0,0.9,0,0.0,52,filler,0.0015999999595806003
2.0,1.0,With reminder,Weak encoding,1.0,0.9,0,0.0,53,filler,0.002199999988079071
2.0,1.0,With reminder,Weak encoding,1.0,0.9,0,0.0,54,filler,0.0006000000284984708
2.0,1.0,With reminder,Weak encoding,1.0,0.9,0,0.0,55,filler,0.0007999999797903001
2.0,1.0,With reminder,Weak encoding,1.0,0.9,0,0.0,56,filler,0.0006000000284984708
2.0,1.0,With reminder,Weak encoding,1.0,0.9,0,0.0,57,filler,0.00139999995008111
2.0,1.0,With reminder,Weak encoding,1.0,0.9,0,0.0,58,filler,0.0006000000284984708
2.0,1.0,With reminder,Weak encoding,1.0,0.9,0,0.0,59,filler,0.00019999999494757503
2.0,1.0,With reminder,Weak encoding,1.0,0.9,0,0.0,60,filler,0.0
2.0,1.0,With reminder,Weak encoding,1.0,0.9,0,0.0,61,filler,0.0006000000284984708
2.0,1.0,With reminder,Weak encoding,1.0,0.9,0,0.0,62,filler,0.00139999995008111
2.0,1.0,With reminder,Weak encoding,1.0,0.9,0,0.0,63,filler,0.0006000000284984708
2.0,1.0,With reminder,Weak encoding,1.0,0.9,0,0.0,64,filler,0.0
2.0,1.0,With reminder,Strong encoding,2.0,0.9,0,0.0,1,film,0.2295999974012375
2.0,1.0,With reminder,Strong encoding,2.0,0.9,0,0.0,2,film,0.1987999975681305
2.0,1.0,With reminder,Strong encoding,2.0,0.9,0,0.0,3,film,0.19020000100135803
2.0,1.0,With reminder,Strong encoding,2.0,0.9,0,0.0,4,film,0.20419999957084656
2.0,1.0,With reminder,Strong encoding,2.0,0.9,0,0.0,5,film,0.19679999351501465
2.0,1.0,With reminder,Strong encoding,2.0,0.9,0,0.0,6,film,0.18479999899864197
2.0,1.0,With reminder,Strong encoding,2.0,0.9,0,0.0,7,film,0.1809999942779541
2.0,1.0,With reminder,Strong encoding,2.0,0.9,0,0.0,8,film,0.16899999976158142
2.0,1.0,With reminder,Strong encoding,2.0,0.9,0,0.0,9,film,0.15399999916553497
2.0,1.0,With reminder,Strong encoding,2.0,0.9,0,0.0,10,film,0.14079999923706055
2.0,1.0,With reminder,Strong encoding,2.0,0.9,0,0.0,11,film,0.12939999997615814
2.0,1.0,With reminder,Strong encoding,2.0,0.9,0,0.0,12,film,0.12620000541210175
2.0,1.0,With reminder,Strong encoding,2.0,0.9,0,0.0,13,film,0.10920000076293945
2.0,1.0,With reminder,Strong encoding,2.0,0.9,0,0.0,14,film,0.10239999741315842
2.0,1.0,With reminder,Strong encoding,2.0,0.9,0,0.0,15,film,0.09239999949932098
2.0,1.0,With reminder,Strong encoding,2.0,0.9,0,0.0,16,film,0.0812000036239624
2.0,1.0,With reminder,Strong encoding,2.0,0.9,0,0.0,17,break,0.038600001484155655
2.0,1.0,With reminder,Strong encoding,2.0,0.9,0,0.0,18,break,0.026599999517202377
2.0,1.0,With reminder,Strong encoding,2.0,0.9,0,0.0,19,break,0.017000000923871994
2.0,1.0,With reminder,Strong encoding,2.0,0.9,0,0.0,20,break,0.012199999764561653
2.0,1.0,With reminder,Strong encoding,2.0,0.9,0,0.0,21,break,0.007199999876320362
2.0,1.0,With reminder,Strong encoding,2.0,0.9,0,0.0,22,break,0.00800000037997961
2.0,1.0,With reminder,Strong encoding,2.0,0.9,0,0.0,23,break,0.005400000140070915
2.0,1.0,With reminder,Strong encoding,2.0,0.9,0,0.0,24,break,0.0026000000070780516
2.0,1.0,With reminder,Strong encoding,2.0,0.9,0,0.0,25,break,0.00279999990016222
2.0,1.0,With reminder,Strong encoding,2.0,0.9,0,0.0,26,break,0.0026000000070780516
2.0,1.0,With reminder,Strong encoding,2.0,0.9,0,0.0,27,break,0.0012000000569969416
2.0,1.0,With reminder,Strong encoding,2.0,0.9,0,0.0,28,break,0.00139999995008111
2.0,1.0,With reminder,Strong encoding,2.0,0.9,0,0.0,29,break,0.00139999995008111
2.0,1.0,With reminder,Strong encoding,2.0,0.9,0,0.0,30,break,0.0015999999595806003
2.0,1.0,With reminder,Strong encoding,2.0,0.9,0,0.0,31,break,0.00139999995008111
2.0,1.0,With reminder,Strong encoding,2.0,0.9,0,0.0,32,break,0.0006000000284984708
2.0,1.0,With reminder,Strong encoding,2.0,0.9,0,0.0,33,task,0.5253999829292297
2.0,1.0,With reminder,Strong encoding,2.0,0.9,0,0.0,34,task,0.4966000020503998
2.0,1.0,With reminder,Strong encoding,2.0,0.9,0,0.0,35,task,0.4729999899864197
2.0,1.0,With reminder,Strong encoding,2.0,0.9,0,0.0,36,task,0.4514000117778778
2.0,1.0,With reminder,Strong encoding,2.0,0.9,0,0.0,37,task,0.4235999882221222
2.0,1.0,With reminder,Strong encoding,2.0,0.9,0,0.0,38,task,0.3912000060081482
2.0,1.0,With reminder,Strong encoding,2.0,0.9,0,0.0,39,task,0.3635999858379364
2.0,1.0,With reminder,Strong encoding,2.0,0.9,0,0.0,40,task,0.3301999866962433
2.0,1.0,With reminder,Strong encoding,2.0,0.9,0,0.0,41,task,0.28859999775886536
2.0,1.0,With reminder,Strong encoding,2.0,0.9,0,0.0,42,task,0.2671999931335449
2.0,1.0,With reminder,Strong encoding,2.0,0.9,0,0.0,43,task,0.23600000143051147
2.0,1.0,With reminder,Strong encoding,2.0,0.9,0,0.0,44,task,0.2085999995470047
2.0,1.0,With reminder,Strong encoding,2.0,0.9,0,0.0,45,task,0.17319999635219574
2.0,1.0,With reminder,Strong encoding,2.0,0.9,0,0.0,46,task,0.15219999849796295
2.0,1.0,With reminder,Strong encoding,2.0,0.9,0,0.0,47,task,0.13019999861717224
2.0,1.0,With reminder,Strong encoding,2.0,0.9,0,0.0,48,task,0.10840000212192535
2.0,1.0,With reminder,Strong encoding,2.0,0.9,0,0.0,49,filler,0.007600000128149986
2.0,1.0,With reminder,Strong encoding,2.0,0.9,0,0.0,50,filler,0.007199999876320362
2.0,1.0,With reminder,Strong encoding,2.0,0.9,0,0.0,51,filler,0.00559999980032444
2.0,1.0,With reminder,Strong encoding,2.0,0.9,0,0.0,52,filler,0.004399999976158142
2.0,1.0,With reminder,Strong encoding,2.0,0.9,0,0.0,53,filler,0.002199999988079071
2.0,1.0,With reminder,Strong encoding,2.0,0.9,0,0.0,54,filler,0.0015999999595806003
2.0,1.0,With reminder,Strong encoding,2.0,0.9,0,0.0,55,filler,0.0012000000569969416
2.0,1.0,With reminder,Strong encoding,2.0,0.9,0,0.0,56,filler,0.0012000000569969416
2.0,1.0,With reminder,Strong encoding,2.0,0.9,0,0.0,57,filler,0.0010000000474974513
2.0,1.0,With reminder,Strong encoding,2.0,0.9,0,0.0,58,filler,0.0006000000284984708
2.0,1.0,With reminder,Strong encoding,2.0,0.9,0,0.0,59,filler,0.00039999998989515007
2.0,1.0,With reminder,Strong encoding,2.0,0.9,0,0.0,60,filler,0.0
2.0,1.0,With reminder,Strong encoding,2.0,0.9,0,0.0,61,filler,0.00019999999494757503
2.0,1.0,With reminder,Strong encoding,2.0,0.9,0,0.0,62,filler,0.00019999999494757503
2.0,1.0,With reminder,Strong encoding,2.0,0.9,0,0.0,63,filler,0.0
2.0,1.0,With reminder,Strong encoding,2.0,0.9,0,0.0,64,filler,0.00039999998989515007
2.0,0.75,No reminder,Weak encoding,1.0,0.9,0,0.0,1,film,0.38179999589920044
2.0,0.75,No reminder,Weak encoding,1.0,0.9,0,0.0,2,film,0.3709999918937683
2.0,0.75,No reminder,Weak encoding,1.0,0.9,0,0.0,3,film,0.3871999979019165
2.0,0.75,No reminder,Weak encoding,1.0,0.9,0,0.0,4,film,0.40779998898506165
2.0,0.75,No reminder,Weak encoding,1.0,0.9,0,0.0,5,film,0.4244000017642975
2.0,0.75,No reminder,Weak encoding,1.0,0.9,0,0.0,6,film,0.4440000057220459
2.0,0.75,No reminder,Weak encoding,1.0,0.9,0,0.0,7,film,0.4505999982357025
2.0,0.75,No reminder,Weak encoding,1.0,0.9,0,0.0,8,film,0.46639999747276306
2.0,0.75,No reminder,Weak encoding,1.0,0.9,0,0.0,9,film,0.4745999872684479
2.0,0.75,No reminder,Weak encoding,1.0,0.9,0,0.0,10,film,0.4681999981403351
2.0,0.75,No reminder,Weak encoding,1.0,0.9,0,0.0,11,film,0.46959999203681946
2.0,0.75,No reminder,Weak encoding,1.0,0.9,0,0.0,12,film,0.4668000042438507
2.0,0.75,No reminder,Weak encoding,1.0,0.9,0,0.0,13,film,0.4496000111103058
2.0,0.75,No reminder,Weak encoding,1.0,0.9,0,0.0,14,film,0.42719998955726624
2.0,0.75,No reminder,Weak encoding,1.0,0.9,0,0.0,15,film,0.3991999924182892
2.0,0.75,No reminder,Weak encoding,1.0,0.9,0,0.0,16,film,0.3790000081062317
2.0,0.75,No reminder,Weak encoding,1.0,0.9,0,0.0,17,break,0.19059999287128448
2.0,0.75,No reminder,Weak encoding,1.0,0.9,0,0.0,18,break,0.1509999930858612
2.0,0.75,No reminder,Weak encoding,1.0,0.9,0,0.0,19,break,0.11840000003576279
2.0,0.75,No reminder,Weak encoding,1.0,0.9,0,0.0,20,break,0.09160000085830688
2.0,0.75,No reminder,Weak encoding,1.0,0.9,0,0.0,21,break,0.06759999692440033
2.0,0.75,No reminder,Weak encoding,1.0,0.9,0,0.0,22,break,0.049400001764297485
2.0,0.75,No reminder,Weak encoding,1.0,0.9,0,0.0,23,break,0.039799999445676804
2.0,0.75,No reminder,Weak encoding,1.0,0.9,0,0.0,24,break,0.03020000085234642
2.0,0.75,No reminder,Weak encoding,1.0,0.9,0,0.0,25,break,0.017999999225139618
2.0,0.75,No reminder,Weak encoding,1.0,0.9,0,0.0,26,break,0.016200000420212746
2.0,0.75,No reminder,Weak encoding,1.0,0.9,0,0.0,27,break,0.011599999852478504
2.0,0.75,No reminder,Weak encoding,1.0,0.9,0,0.0,28,break,0.007199999876320362
2.0,0.75,No reminder,Weak encoding,1.0,0.9,0,0.0,29,break,0.00839999970048666
2.0,0.75,No reminder,Weak encoding,1.0,0.9,0,0.0,30,break,0.003000000026077032
2.0,0.75,No reminder,Weak encoding,1.0,0.9,0,0.0,31,break,0.00419999985024333
2.0,0.75,No reminder,Weak encoding,1.0,0.9,0,0.0,32,break,0.00139999995008111
2.0,0.75,No reminder,Weak encoding,1.0,0.9,0,0.0,33,task,0.002400000113993883
2.0,0.75,No reminder,Weak encoding,1.0,0.9,0,0.0,34,task,0.00139999995008111
2.0,0.75,No reminder,Weak encoding,1.0,0.9,0,0.0,35,task,0.0015999999595806003
2.0,0.75,No reminder,Weak encoding,1.0,0.9,0,0.0,36,task,0.00039999998989515007
2.0,0.75,No reminder,Weak encoding,1.0,0.9,0,0.0,37,task,0.00019999999494757503
2.0,0.75,No reminder,Weak encoding,1.0,0.9,0,0.0,38,task,0.0010000000474974513
2.0,0.75,No reminder,Weak encoding,1.0,0.9,0,0.0,39,task,0.00039999998989515007
2.0,0.75,No reminder,Weak encoding,1.0,0.9,0,0.0,40,task,0.00019999999494757503
2.0,0.75,No reminder,Weak encoding,1.0,0.9,0,0.0,41,task,0.0
2.0,0.75,No reminder,Weak encoding,1.0,0.9,0,0.0,42,task,0.00019999999494757503
2.0,0.75,No reminder,Weak encoding,1.0,0.9,0,0.0,43,task,0.00039999998989515007
2.0,0.75,No reminder,Weak encoding,1.0,0.9,0,0.0,44,task,0.0
2.0,0.75,No reminder,Weak encoding,1.0,0.9,0,0.0,45,task,0.00019999999494757503
2.0,0.75,No reminder,Weak encoding,1.0,0.9,0,0.0,46,task,0.0
2.0,0.75,No reminder,Weak encoding,1.0,0.9,0,0.0,47,task,0.0
2.0,0.75,No reminder,Weak encoding,1.0,0.9,0,0.0,48,task,0.0
2.0,0.75,No reminder,Weak encoding,1.0,0.9,0,0.0,49,filler,0.0
2.0,0.75,No reminder,Weak encoding,1.0,0.9,0,0.0,50,filler,0.0
2.0,0.75,No reminder,Weak encoding,1.0,0.9,0,0.0,51,filler,0.0
2.0,0.75,No reminder,Weak encoding,1.0,0.9,0,0.0,52,filler,0.0
2.0,0.75,No reminder,Weak encoding,1.0,0.9,0,0.0,53,filler,0.0
2.0,0.75,No reminder,Weak encoding,1.0,0.9,0,0.0,54,filler,0.0
2.0,0.75,No reminder,Weak encoding,1.0,0.9,0,0.0,55,filler,0.0
2.0,0.75,No reminder,Weak encoding,1.0,0.9,0,0.0,56,filler,0.0
2.0,0.75,No reminder,Weak encoding,1.0,0.9,0,0.0,57,filler,0.0
2.0,0.75,No reminder,Weak encoding,1.0,0.9,0,0.0,58,filler,0.0
2.0,0.75,No reminder,Weak encoding,1.0,0.9,0,0.0,59,filler,0.0
2.0,0.75,No reminder,Weak encoding,1.0,0.9,0,0.0,60,filler,0.0
2.0,0.75,No reminder,Weak encoding,1.0,0.9,0,0.0,61,filler,0.0
2.0,0.75,No reminder,Weak encoding,1.0,0.9,0,0.0,62,filler,0.0
2.0,0.75,No reminder,Weak encoding,1.0,0.9,0,0.0,63,filler,0.0
2.0,0.75,No reminder,Weak encoding,1.0,0.9,0,0.0,64,filler,0.0
2.0,0.75,No reminder,Strong encoding,2.0,0.9,0,0.0,1,film,0.3752000033855438
2.0,0.75,No reminder,Strong encoding,2.0,0.9,0,0.0,2,film,0.376800000667572
2.0,0.75,No reminder,Strong encoding,2.0,0.9,0,0.0,3,film,0.39320001006126404
2.0,0.75,No reminder,Strong encoding,2.0,0.9,0,0.0,4,film,0.4004000127315521
2.0,0.75,No reminder,Strong encoding,2.0,0.9,0,0.0,5,film,0.42100000381469727
2.0,0.75,No reminder,Strong encoding,2.0,0.9,0,0.0,6,film,0.4352000057697296
2.0,0.75,No reminder,Strong encoding,2.0,0.9,0,0.0,7,film,0.45399999618530273
2.0,0.75,No reminder,Strong encoding,2.0,0.9,0,0.0,8,film,0.45739999413490295
2.0,0.75,No reminder,Strong encoding,2.0,0.9,0,0.0,9,film,0.4684000015258789
2.0,0.75,No reminder,Strong encoding,2.0,0.9,0,0.0,10,film,0.4620000123977661
2.0,0.75,No reminder,Strong encoding,2.0,0.9,0,0.0,11,film,0.46639999747276306
2.0,0.75,No reminder,Strong encoding,2.0,0.9,0,0.0,12,film,0.4586000144481659
2.0,0.75,No reminder,Strong encoding,2.0,0.9,0,0.0,13,film,0.43220001459121704
2.0,0.75,No reminder,Strong encoding,2.0,0.9,0,0.0,14,film,0.40639999508857727
2.0,0.75,No reminder,Strong encoding,2.0,0.9,0,0.0,15,film,0.39079999923706055
2.0,0.75,No reminder,Strong encoding,2.0,0.9,0,0.0,16,film,0.3723999857902527
2.0,0.75,No reminder,Strong encoding,2.0,0.9,0,0.0,17,break,0.19099999964237213
2.0,0.75,No reminder,Strong encoding,2.0,0.9,0,0.0,18,break,0.14059999585151672
2.0,0.75,No reminder,Strong encoding,2.0,0.9,0,0.0,19,break,0.10819999873638153
2.0,0.75,No reminder,Strong encoding,2.0,0.9,0,0.0,20,break,0.07680000364780426
2.0,0.75,No reminder,Strong encoding,2.0,0.9,0,0.0,21,break,0.06120000034570694
2.0,0.75,No reminder,Strong encoding,2.0,0.9,0,0.0,22,break,0.04439999908208847
2.0,0.75,No reminder,Strong encoding,2.0,0.9,0,0.0,23,break,0.03280000016093254
2.0,0.75,No reminder,Strong encoding,2.0,0.9,0,0.0,24,break,0.027799999341368675
2.0,0.75,No reminder,Strong encoding,2.0,0.9,0,0.0,25,break,0.016599999740719795
2.0,0.75,No reminder,Strong encoding,2.0,0.9,0,0.0,26,break,0.015200000256299973
2.0,0.75,No reminder,Strong encoding,2.0,0.9,0,0.0,27,break,0.009399999864399433
2.0,0.75,No reminder,Strong encoding,2.0,0.9,0,0.0,28,break,0.007000000216066837
2.0,0.75,No reminder,Strong encoding,2.0,0.9,0,0.0,29,break,0.004399999976158142
2.0,0.75,No reminder,Strong encoding,2.0,0.9,0,0.0,30,break,0.003000000026077032
2.0,0.75,No reminder,Strong encoding,2.0,0.9,0,0.0,31,break,0.0015999999595806003
2.0,0.75,No reminder,Strong encoding,2.0,0.9,0,0.0,32,break,0.0020000000949949026
2.0,0.75,No reminder,Strong encoding,2.0,0.9,0,0.0,33,task,0.017400000244379044
2.0,0.75,No reminder,Strong encoding,2.0,0.9,0,0.0,34,task,0.013399999588727951
2.0,0.75,No reminder,Strong encoding,2.0,0.9,0,0.0,35,task,0.013000000268220901
2.0,0.75,No reminder,Strong encoding,2.0,0.9,0,0.0,36,task,0.009999999776482582
2.0,0.75,No reminder,Strong encoding,2.0,0.9,0,0.0,37,task,0.009800000116229057
2.0,0.75,No reminder,Strong encoding,2.0,0.9,0,0.0,38,task,0.00839999970048666
2.0,0.75,No reminder,Strong encoding,2.0,0.9,0,0.0,39,task,0.006800000090152025
2.0,0.75,No reminder,Strong encoding,2.0,0.9,0,0.0,40,task,0.006000000052154064
2.0,0.75,No reminder,Strong encoding,2.0,0.9,0,0.0,41,task,0.004999999888241291
2.0,0.75,No reminder,Strong encoding,2.0,0.9,0,0.0,42,task,0.0031999999191612005
2.0,0.75,No reminder,Strong encoding,2.0,0.9,0,0.0,43,task,0.0026000000070780516
2.0,0.75,No reminder,Strong encoding,2.0,0.9,0,0.0,44,task,0.0012000000569969416
2.0,0.75,No reminder,Strong encoding,2.0,0.9,0,0.0,45,task,0.00139999995008111
2.0,0.75,No reminder,Strong encoding,2.0,0.9,0,0.0,46,task,0.0012000000569969416
2.0,0.75,No reminder,Strong encoding,2.0,0.9,0,0.0,47,task,0.0015999999595806003
2.0,0.75,No reminder,Strong encoding,2.0,0.9,0,0.0,48,task,0.0015999999595806003
2.0,0.75,No reminder,Strong encoding,2.0,0.9,0,0.0,49,filler,0.0
2.0,0.75,No reminder,Strong encoding,2.0,0.9,0,0.0,50,filler,0.00019999999494757503
2.0,0.75,No reminder,Strong encoding,2.0,0.9,0,0.0,51,filler,0.0
2.0,0.75,No reminder,Strong encoding,2.0,0.9,0,0.0,52,filler,0.0
2.0,0.75,No reminder,Strong encoding,2.0,0.9,0,0.0,53,filler,0.0
2.0,0.75,No reminder,Strong encoding,2.0,0.9,0,0.0,54,filler,0.0
2.0,0.75,No reminder,Strong encoding,2.0,0.9,0,0.0,55,filler,0.0
2.0,0.75,No reminder,Strong encoding,2.0,0.9,0,0.0,56,filler,0.0
2.0,0.75,No reminder,Strong encoding,2.0,0.9,0,0.0,57,filler,0.0
2.0,0.75,No reminder,Strong encoding,2.0,0.9,0,0.0,58,filler,0.0
2.0,0.75,No reminder,Strong encoding,2.0,0.9,0,0.0,59,filler,0.0
2.0,0.75,No reminder,Strong encoding,2.0,0.9,0,0.0,60,filler,0.0
2.0,0.75,No reminder,Strong encoding,2.0,0.9,0,0.0,61,filler,0.0
2.0,0.75,No reminder,Strong encoding,2.0,0.9,0,0.0,62,filler,0.0
2.0,0.75,No reminder,Strong encoding,2.0,0.9,0,0.0,63,filler,0.0
2.0,0.75,No reminder,Strong encoding,2.0,0.9,0,0.0,64,filler,0.0
2.0,0.75,With reminder,Weak encoding,1.0,0.9,0,0.0,1,film,0.350600004196167
2.0,0.75,With reminder,Weak encoding,1.0,0.9,0,0.0,2,film,0.3508000075817108
2.0,0.75,With reminder,Weak encoding,1.0,0.9,0,0.0,3,film,0.3598000109195709
2.0,0.75,With reminder,Weak encoding,1.0,0.9,0,0.0,4,film,0.37439998984336853
2.0,0.75,With reminder,Weak encoding,1.0,0.9,0,0.0,5,film,0.3946000039577484
2.0,0.75,With reminder,Weak encoding,1.0,0.9,0,0.0,6,film,0.4092000126838684
2.0,0.75,With reminder,Weak encoding,1.0,0.9,0,0.0,7,film,0.41920000314712524
2.0,0.75,With reminder,Weak encoding,1.0,0.9,0,0.0,8,film,0.4300000071525574
2.0,0.75,With reminder,Weak encoding,1.0,0.9,0,0.0,9,film,0.42899999022483826
2.0,0.75,With reminder,Weak encoding,1.0,0.9,0,0.0,10,film,0.43700000643730164
2.0,0.75,With reminder,Weak encoding,1.0,0.9,0,0.0,11,film,0.412200003862381
2.0,0.75,With reminder,Weak encoding,1.0,0.9,0,0.0,12,film,0.40059998631477356
2.0,0.75,With reminder,Weak encoding,1.0,0.9,0,0.0,13,film,0.39399999380111694
2.0,0.75,With reminder,Weak encoding,1.0,0.9,0,0.0,14,film,0.37400001287460327
2.0,0.75,With reminder,Weak encoding,1.0,0.9,0,0.0,15,film,0.3546000123023987
2.0,0.75,With reminder,Weak encoding,1.0,0.9,0,0.0,16,film,0.3287999927997589
2.0,0.75,With reminder,Weak encoding,1.0,0.9,0,0.0,17,break,0.16200000047683716
2.0,0.75,With reminder,Weak encoding,1.0,0.9,0,0.0,18,break,0.11659999936819077
2.0,0.75,With reminder,Weak encoding,1.0,0.9,0,0.0,19,break,0.09380000084638596
2.0,0.75,With reminder,Weak encoding,1.0,0.9,0,0.0,20,break,0.06859999895095825
2.0,0.75,With reminder,Weak encoding,1.0,0.9,0,0.0,21,break,0.04879999905824661
2.0,0.75,With reminder,Weak encoding,1.0,0.9,0,0.0,22,break,0.03840000182390213
2.0,0.75,With reminder,Weak encoding,1.0,0.9,0,0.0,23,break,0.024399999529123306
2.0,0.75,With reminder,Weak encoding,1.0,0.9,0,0.0,24,break,0.021199999377131462
2.0,0.75,With reminder,Weak encoding,1.0,0.9,0,0.0,25,break,0.011599999852478504
2.0,0.75,With reminder,Weak encoding,1.0,0.9,0,0.0,26,break,0.011800000444054604
2.0,0.75,With reminder,Weak encoding,1.0,0.9,0,0.0,27,break,0.00860000029206276
2.0,0.75,With reminder,Weak encoding,1.0,0.9,0,0.0,28,break,0.005200000014156103
2.0,0.75,With reminder,Weak encoding,1.0,0.9,0,0.0,29,break,0.004600000102072954
2.0,0.75,With reminder,Weak encoding,1.0,0.9,0,0.0,30,break,0.0031999999191612005
2.0,0.75,With reminder,Weak encoding,1.0,0.9,0,0.0,31,break,0.0010000000474974513
2.0,0.75,With reminder,Weak encoding,1.0,0.9,0,0.0,32,break,0.00139999995008111
2.0,0.75,With reminder,Weak encoding,1.0,0.9,0,0.0,33,task,0.21580000221729279
2.0,0.75,With reminder,Weak encoding,1.0,0.9,0,0.0,34,task,0.15160000324249268
2.0,0.75,With reminder,Weak encoding,1.0,0.9,0,0.0,35,task,0.11919999867677689
2.0,0.75,With reminder,Weak encoding,1.0,0.9,0,0.0,36,task,0.09480000287294388
2.0,0.75,With reminder,Weak encoding,1.0,0.9,0,0.0,37,task,0.06300000101327896
2.0,0.75,With reminder,Weak encoding,1.0,0.9,0,0.0,38,task,0.04280000180006027
2.0,0.75,With reminder,Weak encoding,1.0,0.9,0,0.0,39,task,0.035599999129772186
2.0,0.75,With reminder,Weak encoding,1.0,0.9,0,0.0,40,task,0.023800000548362732
2.0,0.75,With reminder,Weak encoding,1.0,0.9,0,0.0,41,task,0.020400000736117363
2.0,0.75,With reminder,Weak encoding,1.0,0.9,0,0.0,42,task,0.014000000432133675
2.0,0.75,With reminder,Weak encoding,1.0,0.9,0,0.0,43,task,0.01080000028014183
2.0,0.75,With reminder,Weak encoding,1.0,0.9,0,0.0,44,task,0.00860000029206276
2.0,0.75,With reminder,Weak encoding,1.0,0.9,0,0.0,45,task,0.005400000140070915
2.0,0.75,With reminder,Weak encoding,1.0,0.9,0,0.0,46,task,0.004800000227987766
2.0,0.75,With reminder,Weak encoding,1.0,0.9,0,0.0,47,task,0.0026000000070780516
2.0,0.75,With reminder,Weak encoding,1.0,0.9,0,0.0,48,task,0.0026000000070780516
2.0,0.75,With reminder,Weak encoding,1.0,0.9,0,0.0,49,filler,0.002199999988079071
2.0,0.75,With reminder,Weak encoding,1.0,0.9,0,0.0,50,filler,0.0017999999690800905
2.0,0.75,With reminder,Weak encoding,1.0,0.9,0,0.0,51,filler,0.0007999999797903001
2.0,0.75,With reminder,Weak encoding,1.0,0.9,0,0.0,52,filler,0.0007999999797903001
2.0,0.75,With reminder,Weak encoding,1.0,0.9,0,0.0,53,filler,0.0006000000284984708
2.0,0.75,With reminder,Weak encoding,1.0,0.9,0,0.0,54,filler,0.00019999999494757503
2.0,0.75,With reminder,Weak encoding,1.0,0.9,0,0.0,55,filler,0.00039999998989515007
2.0,0.75,With reminder,Weak encoding,1.0,0.9,0,0.0,56,filler,0.00039999998989515007
2.0,0.75,With reminder,Weak encoding,1.0,0.9,0,0.0,57,filler,0.00039999998989515007
2.0,0.75,With reminder,Weak encoding,1.0,0.9,0,0.0,58,filler,0.00019999999494757503
2.0,0.75,With reminder,Weak encoding,1.0,0.9,0,0.0,59,filler,0.0
2.0,0.75,With reminder,Weak encoding,1.0,0.9,0,0.0,60,filler,0.0
2.0,0.75,With reminder,Weak encoding,1.0,0.9,0,0.0,61,filler,0.0
2.0,0.75,With reminder,Weak encoding,1.0,0.9,0,0.0,62,filler,0.0
2.0,0.75,With reminder,Weak encoding,1.0,0.9,0,0.0,63,filler,0.0
2.0,0.75,With reminder,Weak encoding,1.0,0.9,0,0.0,64,filler,0.00019999999494757503
2.0,0.75,With reminder,Strong encoding,2.0,0.9,0,0.0,1,film,0.2354000061750412
2.0,0.75,With reminder,Strong encoding,2.0,0.9,0,0.0,2,film,0.20980000495910645
2.0,0.75,With reminder,Strong encoding,2.0,0.9,0,0.0,3,film,0.21459999680519104
2.0,0.75,With reminder,Strong encoding,2.0,0.9,0,0.0,4,film,0.2134000062942505
2.0,0.75,With reminder,Strong encoding,2.0,0.9,0,0.0,5,film,0.20919999480247498
2.0,0.75,With reminder,Strong encoding,2.0,0.9,0,0.0,6,film,0.20520000159740448
2.0,0.75,With reminder,Strong encoding,2.0,0.9,0,0.0,7,film,0.19519999623298645
2.0,0.75,With reminder,Strong encoding,2.0,0.9,0,0.0,8,film,0.18880000710487366
2.0,0.75,With reminder,Strong encoding,2.0,0.9,0,0.0,9,film,0.18539999425411224
2.0,0.75,With reminder,Strong encoding,2.0,0.9,0,0.0,10,film,0.1746000051498413
2.0,0.75,With reminder,Strong encoding,2.0,0.9,0,0.0,11,film,0.16380000114440918
2.0,0.75,With reminder,Strong encoding,2.0,0.9,0,0.0,12,film,0.15680000185966492
2.0,0.75,With reminder,Strong encoding,2.0,0.9,0,0.0,13,film,0.14380000531673431
2.0,0.75,With reminder,Strong encoding,2.0,0.9,0,0.0,14,film,0.13379999995231628
2.0,0.75,With reminder,Strong encoding,2.0,0.9,0,0.0,15,film,0.12139999866485596
2.0,0.75,With reminder,Strong encoding,2.0,0.9,0,0.0,16,film,0.10660000145435333
2.0,0.75,With reminder,Strong encoding,2.0,0.9,0,0.0,17,break,0.04360000044107437
2.0,0.75,With reminder,Strong encoding,2.0,0.9,0,0.0,18,break,0.03099999949336052
2.0,0.75,With reminder,Strong encoding,2.0,0.9,0,0.0,19,break,0.020600000396370888
2.0,0.75,With reminder,Strong encoding,2.0,0.9,0,0.0,20,break,0.01860000006854534
2.0,0.75,With reminder,Strong encoding,2.0,0.9,0,0.0,21,break,0.012600000016391277
2.0,0.75,With reminder,Strong encoding,2.0,0.9,0,0.0,22,break,0.007799999788403511
2.0,0.75,With reminder,Strong encoding,2.0,0.9,0,0.0,23,break,0.00559999980032444
2.0,0.75,With reminder,Strong encoding,2.0,0.9,0,0.0,24,break,0.003000000026077032
2.0,0.75,With reminder,Strong encoding,2.0,0.9,0,0.0,25,break,0.0031999999191612005
2.0,0.75,With reminder,Strong encoding,2.0,0.9,0,0.0,26,break,0.002400000113993883
2.0,0.75,With reminder,Strong encoding,2.0,0.9,0,0.0,27,break,0.0015999999595806003
2.0,0.75,With reminder,Strong encoding,2.0,0.9,0,0.0,28,break,0.0020000000949949026
2.0,0.75,With reminder,Strong encoding,2.0,0.9,0,0.0,29,break,0.0010000000474974513
2.0,0.75,With reminder,Strong encoding,2.0,0.9,0,0.0,30,break,0.0010000000474974513
2.0,0.75,With reminder,Strong encoding,2.0,0.9,0,0.0,31,break,0.00039999998989515007
2.0,0.75,With reminder,Strong encoding,2.0,0.9,0,0.0,32,break,0.0006000000284984708
2.0,0.75,With reminder,Strong encoding,2.0,0.9,0,0.0,33,task,0.5884000062942505
2.0,0.75,With reminder,Strong encoding,2.0,0.9,0,0.0,34,task,0.5514000058174133
2.0,0.75,With reminder,Strong encoding,2.0,0.9,0,0.0,35,task,0.5099999904632568
2.0,0.75,With reminder,Strong encoding,2.0,0.9,0,0.0,36,task,0.46560001373291016
2.0,0.75,With reminder,Strong encoding,2.0,0.9,0,0.0,37,task,0.41019999980926514
2.0,0.75,With reminder,Strong encoding,2.0,0.9,0,0.0,38,task,0.3686000108718872
2.0,0.75,With reminder,Strong encoding,2.0,0.9,0,0.0,39,task,0.33000001311302185
2.0,0.75,With reminder,Strong encoding,2.0,0.9,0,0.0,40,task,0.28439998626708984
2.0,0.75,With reminder,Strong encoding,2.0,0.9,0,0.0,41,task,0.23600000143051147
2.0,0.75,With reminder,Strong encoding,2.0,0.9,0,0.0,42,task,0.20579999685287476
2.0,0.75,With reminder,Strong encoding,2.0,0.9,0,0.0,43,task,0.1736000031232834
2.0,0.75,With reminder,Strong encoding,2.0,0.9,0,0.0,44,task,0.13940000534057617
2.0,0.75,With reminder,Strong encoding,2.0,0.9,0,0.0,45,task,0.11739999800920486
2.0,0.75,With reminder,Strong encoding,2.0,0.9,0,0.0,46,task,0.09300000220537186
2.0,0.75,With reminder,Strong encoding,2.0,0.9,0,0.0,47,task,0.07779999822378159
2.0,0.75,With reminder,Strong encoding,2.0,0.9,0,0.0,48,task,0.060600001364946365
2.0,0.75,With reminder,Strong encoding,2.0,0.9,0,0.0,49,filler,0.005200000014156103
2.0,0.75,With reminder,Strong encoding,2.0,0.9,0,0.0,50,filler,0.003000000026077032
2.0,0.75,With reminder,Strong encoding,2.0,0.9,0,0.0,51,filler,0.0012000000569969416
2.0,0.75,With reminder,Strong encoding,2.0,0.9,0,0.0,52,filler,0.002199999988079071
2.0,0.75,With reminder,Strong encoding,2.0,0.9,0,0.0,53,filler,0.0026000000070780516
2.0,0.75,With reminder,Strong encoding,2.0,0.9,0,0.0,54,filler,0.0012000000569969416
2.0,0.75,With reminder,Strong encoding,2.0,0.9,0,0.0,55,filler,0.0012000000569969416
2.0,0.75,With reminder,Strong encoding,2.0,0.9,0,0.0,56,filler,0.0006000000284984708
2.0,0.75,With reminder,Strong encoding,2.0,0.9,0,0.0,57,filler,0.0006000000284984708
2.0,0.75,With reminder,Strong encoding,2.0,0.9,0,0.0,58,filler,0.00039999998989515007
2.0,0.75,With reminder,Strong encoding,2.0,0.9,0,0.0,59,filler,0.0006000000284984708
2.0,0.75,With reminder,Strong encoding,2.0,0.9,0,0.0,60,filler,0.0
2.0,0.75,With reminder,Strong encoding,2.0,0.9,0,0.0,61,filler,0.00039999998989515007
2.0,0.75,With reminder,Strong encoding,2.0,0.9,0,0.0,62,filler,0.0
2.0,0.75,With reminder,Strong encoding,2.0,0.9,0,0.0,63,filler,0.0
2.0,0.75,With reminder,Strong encoding,2.0,0.9,0,0.0,64,filler,0.0
2.0,0.5,No reminder,Weak encoding,1.0,0.9,0,0.0,1,film,0.3862000107765198
2.0,0.5,No reminder,Weak encoding,1.0,0.9,0,0.0,2,film,0.37439998984336853
2.0,0.5,No reminder,Weak encoding,1.0,0.9,0,0.0,3,film,0.3885999917984009
2.0,0.5,No reminder,Weak encoding,1.0,0.9,0,0.0,4,film,0.41519999504089355
2.0,0.5,No reminder,Weak encoding,1.0,0.9,0,0.0,5,film,0.4447999894618988
2.0,0.5,No reminder,Weak encoding,1.0,0.9,0,0.0,6,film,0.4553999900817871
2.0,0.5,No reminder,Weak encoding,1.0,0.9,0,0.0,7,film,0.4666000008583069
2.0,0.5,No reminder,Weak encoding,1.0,0.9,0,0.0,8,film,0.47780001163482666
2.0,0.5,No reminder,Weak encoding,1.0,0.9,0,0.0,9,film,0.4803999960422516
2.0,0.5,No reminder,Weak encoding,1.0,0.9,0,0.0,10,film,0.4690000116825104
2.0,0.5,No reminder,Weak encoding,1.0,0.9,0,0.0,11,film,0.45899999141693115
2.0,0.5,No reminder,Weak encoding,1.0,0.9,0,0.0,12,film,0.46720001101493835
2.0,0.5,No reminder,Weak encoding,1.0,0.9,0,0.0,13,film,0.4456000030040741
2.0,0.5,No reminder,Weak encoding,1.0,0.9,0,0.0,14,film,0.42640000581741333
2.0,0.5,No reminder,Weak encoding,1.0,0.9,0,0.0,15,film,0.39579999446868896
2.0,0.5,No reminder,Weak encoding,1.0,0.9,0,0.0,16,film,0.38199999928474426
2.0,0.5,No reminder,Weak encoding,1.0,0.9,0,0.0,17,break,0.20180000364780426
2.0,0.5,No reminder,Weak encoding,1.0,0.9,0,0.0,18,break,0.14020000398159027
2.0,0.5,No reminder,Weak encoding,1.0,0.9,0,0.0,19,break,0.10440000146627426
2.0,0.5,No reminder,Weak encoding,1.0,0.9,0,0.0,20,break,0.0697999969124794
2.0,0.5,No reminder,Weak encoding,1.0,0.9,0,0.0,21,break,0.050599999725818634
2.0,0.5,No reminder,Weak encoding,1.0,0.9,0,0.0,22,break,0.03660000115633011
2.0,0.5,No reminder,Weak encoding,1.0,0.9,0,0.0,23,break,0.02160000056028366
2.0,0.5,No reminder,Weak encoding,1.0,0.9,0,0.0,24,break,0.016200000420212746
2.0,0.5,No reminder,Weak encoding,1.0,0.9,0,0.0,25,break,0.017400000244379044
2.0,0.5,No reminder,Weak encoding,1.0,0.9,0,0.0,26,break,0.010200000368058681
2.0,0.5,No reminder,Weak encoding,1.0,0.9,0,0.0,27,break,0.004999999888241291
2.0,0.5,No reminder,Weak encoding,1.0,0.9,0,0.0,28,break,0.004399999976158142
2.0,0.5,No reminder,Weak encoding,1.0,0.9,0,0.0,29,break,0.002199999988079071
2.0,0.5,No reminder,Weak encoding,1.0,0.9,0,0.0,30,break,0.0026000000070780516
2.0,0.5,No reminder,Weak encoding,1.0,0.9,0,0.0,31,break,0.0012000000569969416
2.0,0.5,No reminder,Weak encoding,1.0,0.9,0,0.0,32,break,0.00139999995008111
2.0,0.5,No reminder,Weak encoding,1.0,0.9,0,0.0,33,task,0.0007999999797903001
2.0,0.5,No reminder,Weak encoding,1.0,0.9,0,0.0,34,task,0.0007999999797903001
2.0,0.5,No reminder,Weak encoding,1.0,0.9,0,0.0,35,task,0.00039999998989515007
2.0,0.5,No reminder,Weak encoding,1.0,0.9,0,0.0,36,task,0.00039999998989515007
2.0,0.5,No reminder,Weak encoding,1.0,0.9,0,0.0,37,task,0.0
2.0,0.5,No reminder,Weak encoding,1.0,0.9,0,0.0,38,task,0.0
2.0,0.5,No reminder,Weak encoding,1.0,0.9,0,0.0,39,task,0.0006000000284984708
2.0,0.5,No reminder,Weak encoding,1.0,0.9,0,0.0,40,task,0.0
2.0,0.5,No reminder,Weak encoding,1.0,0.9,0,0.0,41,task,0.0
2.0,0.5,No reminder,Weak encoding,1.0,0.9,0,0.0,42,task,0.0
2.0,0.5,No reminder,Weak encoding,1.0,0.9,0,0.0,43,task,0.00019999999494757503
2.0,0.5,No reminder,Weak encoding,1.0,0.9,0,0.0,44,task,0.0
2.0,0.5,No reminder,Weak encoding,1.0,0.9,0,0.0,45,task,0.0
2.0,0.5,No reminder,Weak encoding,1.0,0.9,0,0.0,46,task,0.0
2.0,0.5,No reminder,Weak encoding,1.0,0.9,0,0.0,47,task,0.0
2.0,0.5,No reminder,Weak encoding,1.0,0.9,0,0.0,48,task,0.0
2.0,0.5,No reminder,Weak encoding,1.0,0.9,0,0.0,49,filler,0.0
2.0,0.5,No reminder,Weak encoding,1.0,0.9,0,0.0,50,filler,0.0
2.0,0.5,No reminder,Weak encoding,1.0,0.9,0,0.0,51,filler,0.0
2.0,0.5,No reminder,Weak encoding,1.0,0.9,0,0.0,52,filler,0.0
2.0,0.5,No reminder,Weak encoding,1.0,0.9,0,0.0,53,filler,0.0
2.0,0.5,No reminder,Weak encoding,1.0,0.9,0,0.0,54,filler,0.0
2.0,0.5,No reminder,Weak encoding,1.0,0.9,0,0.0,55,filler,0.0
2.0,0.5,No reminder,Weak encoding,1.0,0.9,0,0.0,56,filler,0.0
2.0,0.5,No reminder,Weak encoding,1.0,0.9,0,0.0,57,filler,0.0
2.0,0.5,No reminder,Weak encoding,1.0,0.9,0,0.0,58,filler,0.0
2.0,0.5,No reminder,Weak encoding,1.0,0.9,0,0.0,59,filler,0.0
2.0,0.5,No reminder,Weak encoding,1.0,0.9,0,0.0,60,filler,0.0
2.0,0.5,No reminder,Weak encoding,1.0,0.9,0,0.0,61,filler,0.0
2.0,0.5,No reminder,Weak encoding,1.0,0.9,0,0.0,62,filler,0.0
2.0,0.5,No reminder,Weak encoding,1.0,0.9,0,0.0,63,filler,0.0
2.0,0.5,No reminder,Weak encoding,1.0,0.9,0,0.0,64,filler,0.0
2.0,0.5,No reminder,Strong encoding,2.0,0.9,0,0.0,1,film,0.384799987077713
2.0,0.5,No reminder,Strong encoding,2.0,0.9,0,0.0,2,film,0.36880001425743103
2.0,0.5,No reminder,Strong encoding,2.0,0.9,0,0.0,3,film,0.39340001344680786
2.0,0.5,No reminder,Strong encoding,2.0,0.9,0,0.0,4,film,0.4174000024795532
2.0,0.5,No reminder,Strong encoding,2.0,0.9,0,0.0,5,film,0.4334000051021576
2.0,0.5,No reminder,Strong encoding,2.0,0.9,0,0.0,6,film,0.44440001249313354
2.0,0.5,No reminder,Strong encoding,2.0,0.9,0,0.0,7,film,0.4607999920845032
2.0,0.5,No reminder,Strong encoding,2.0,0.9,0,0.0,8,film,0.47699999809265137
2.0,0.5,No reminder,Strong encoding,2.0,0.9,0,0.0,9,film,0.47699999809265137
2.0,0.5,No reminder,Strong encoding,2.0,0.9,0,0.0,10,film,0.4912000000476837
2.0,0.5,No reminder,Strong encoding,2.0,0.9,0,0.0,11,film,0.47099998593330383
2.0,0.5,No reminder,Strong encoding,2.0,0.9,0,0.0,12,film,0.4607999920845032
2.0,0.5,No reminder,Strong encoding,2.0,0.9,0,0.0,13,film,0.43299999833106995
2.0,0.5,No reminder,Strong encoding,2.0,0.9,0,0.0,14,film,0.4259999990463257
2.0,0.5,No reminder,Strong encoding,2.0,0.9,0,0.0,15,film,0.39660000801086426
2.0,0.5,No reminder,Strong encoding,2.0,0.9,0,0.0,16,film,0.3614000082015991
2.0,0.5,No reminder,Strong encoding,2.0,0.9,0,0.0,17,break,0.19220000505447388
2.0,0.5,No reminder,Strong encoding,2.0,0.9,0,0.0,18,break,0.13339999318122864
2.0,0.5,No reminder,Strong encoding,2.0,0.9,0,0.0,19,break,0.09600000083446503
2.0,0.5,No reminder,Strong encoding,2.0,0.9,0,0.0,20,break,0.06859999895095825
2.0,0.5,No reminder,Strong encoding,2.0,0.9,0,0.0,21,break,0.04780000075697899
2.0,0.5,No reminder,Strong encoding,2.0,0.9,0,0.0,22,break,0.035999998450279236
2.0,0.5,No reminder,Strong encoding,2.0,0.9,0,0.0,23,break,0.022600000724196434
2.0,0.5,No reminder,Strong encoding,2.0,0.9,0,0.0,24,break,0.017400000244379044
2.0,0.5,No reminder,Strong encoding,2.0,0.9,0,0.0,25,break,0.011599999852478504
2.0,0.5,No reminder,Strong encoding,2.0,0.9,0,0.0,26,break,0.009800000116229057
2.0,0.5,No reminder,Strong encoding,2.0,0.9,0,0.0,27,break,0.008999999612569809
2.0,0.5,No reminder,Strong encoding,2.0,0.9,0,0.0,28,break,0.005799999926239252
2.0,0.5,No reminder,Strong encoding,2.0,0.9,0,0.0,29,break,0.002199999988079071
2.0,0.5,No reminder,Strong encoding,2.0,0.9,0,0.0,30,break,0.0010000000474974513
2.0,0.5,No reminder,Strong encoding,2.0,0.9,0,0.0,31,break,0.0020000000949949026
2.0,0.5,No reminder,Strong encoding,2.0,0.9,0,0.0,32,break,0.00139999995008111
2.0,0.5,No reminder,Strong encoding,2.0,0.9,0,0.0,33,task,0.008999999612569809
2.0,0.5,No reminder,Strong encoding,2.0,0.9,0,0.0,34,task,0.008799999952316284
2.0,0.5,No reminder,Strong encoding,2.0,0.9,0,0.0,35,task,0.005400000140070915
2.0,0.5,No reminder,Strong encoding,2.0,0.9,0,0.0,36,task,0.004000000189989805
2.0,0.5,No reminder,Strong encoding,2.0,0.9,0,0.0,37,task,0.003000000026077032
2.0,0.5,No reminder,Strong encoding,2.0,0.9,0,0.0,38,task,0.0031999999191612005
2.0,0.5,No reminder,Strong encoding,2.0,0.9,0,0.0,39,task,0.0015999999595806003
2.0,0.5,No reminder,Strong encoding,2.0,0.9,0,0.0,40,task,0.0020000000949949026
2.0,0.5,No reminder,Strong encoding,2.0,0.9,0,0.0,41,task,0.0007999999797903001
2.0,0.5,No reminder,Strong encoding,2.0,0.9,0,0.0,42,task,0.0012000000569969416
2.0,0.5,No reminder,Strong encoding,2.0,0.9,0,0.0,43,task,0.00139999995008111
2.0,0.5,No reminder,Strong encoding,2.0,0.9,0,0.0,44,task,0.0012000000569969416
2.0,0.5,No reminder,Strong encoding,2.0,0.9,0,0.0,45,task,0.0006000000284984708
2.0,0.5,No reminder,Strong encoding,2.0,0.9,0,0.0,46,task,0.00039999998989515007
2.0,0.5,No reminder,Strong encoding,2.0,0.9,0,0.0,47,task,0.0
2.0,0.5,No reminder,Strong encoding,2.0,0.9,0,0.0,48,task,0.00039999998989515007
2.0,0.5,No reminder,Strong encoding,2.0,0.9,0,0.0,49,filler,0.0
2.0,0.5,No reminder,Strong encoding,2.0,0.9,0,0.0,50,filler,0.0
2.0,0.5,No reminder,Strong encoding,2.0,0.9,0,0.0,51,filler,0.0
2.0,0.5,No reminder,Strong encoding,2.0,0.9,0,0.0,52,filler,0.0
2.0,0.5,No reminder,Strong encoding,2.0,0.9,0,0.0,53,filler,0.0
2.0,0.5,No reminder,Strong encoding,2.0,0.9,0,0.0,54,filler,0.0
2.0,0.5,No reminder,Strong encoding,2.0,0.9,0,0.0,55,filler,0.0
2.0,0.5,No reminder,Strong encoding,2.0,0.9,0,0.0,56,filler,0.0
2.0,0.5,No reminder,Strong encoding,2.0,0.9,0,0.0,57,filler,0.0
2.0,0.5,No reminder,Strong encoding,2.0,0.9,0,0.0,58,filler,0.0
2.0,0.5,No reminder,Strong encoding,2.0,0.9,0,0.0,59,filler,0.0
2.0,0.5,No reminder,Strong encoding,2.0,0.9,0,0.0,60,filler,0.0
2.0,0.5,No reminder,Strong encoding,2.0,0.9,0,0.0,61,filler,0.0
2.0,0.5,No reminder,Strong encoding,2.0,0.9,0,0.0,62,filler,0.0
2.0,0.5,No reminder,Strong encoding,2.0,0.9,0,0.0,63,filler,0.0
2.0,0.5,No reminder,Strong encoding,2.0,0.9,0,0.0,64,filler,0.0
2.0,0.5,With reminder,Weak encoding,1.0,0.9,0,0.0,1,film,0.36399999260902405
2.0,0.5,With reminder,Weak encoding,1.0,0.9,0,0.0,2,film,0.35740000009536743
2.0,0.5,With reminder,Weak encoding,1.0,0.9,0,0.0,3,film,0.3659999966621399
2.0,0.5,With reminder,Weak encoding,1.0,0.9,0,0.0,4,film,0.3871999979019165
2.0,0.5,With reminder,Weak encoding,1.0,0.9,0,0.0,5,film,0.40639999508857727
2.0,0.5,With reminder,Weak encoding,1.0,0.9,0,0.0,6,film,0.43299999833106995
2.0,0.5,With reminder,Weak encoding,1.0,0.9,0,0.0,7,film,0.430400013923645
2.0,0.5,With reminder,Weak encoding,1.0,0.9,0,0.0,8,film,0.44699999690055847
2.0,0.5,With reminder,Weak encoding,1.0,0.9,0,0.0,9,film,0.4406000077724457
2.0,0.5,With reminder,Weak encoding,1.0,0.9,0,0.0,10,film,0.43160000443458557
2.0,0.5,With reminder,Weak encoding,1.0,0.9,0,0.0,11,film,0.4108000099658966
2.0,0.5,With reminder,Weak encoding,1.0,0.9,0,0.0,12,film,0.41499999165534973
2.0,0.5,With reminder,Weak encoding,1.0,0.9,0,0.0,13,film,0.39719998836517334
2.0,0.5,With reminder,Weak encoding,1.0,0.9,0,0.0,14,film,0.38179999589920044
2.0,0.5,With reminder,Weak encoding,1.0,0.9,0,0.0,15,film,0.3490000069141388
2.0,0.5,With reminder,Weak encoding,1.0,0.9,0,0.0,16,film,0.32499998807907104
2.0,0.5,With reminder,Weak encoding,1.0,0.9,0,0.0,17,break,0.15479999780654907
2.0,0.5,With reminder,Weak encoding,1.0,0.9,0,0.0,18,break,0.11919999867677689
2.0,0.5,With reminder,Weak encoding,1.0,0.9,0,0.0,19,break,0.08020000159740448
2.0,0.5,With reminder,Weak encoding,1.0,0.9,0,0.0,20,break,0.05719999969005585
2.0,0.5,With reminder,Weak encoding,1.0,0.9,0,0.0,21,break,0.038600001484155655
2.0,0.5,With reminder,Weak encoding,1.0,0.9,0,0.0,22,break,0.03200000151991844
2.0,0.5,With reminder,Weak encoding,1.0,0.9,0,0.0,23,break,0.020400000736117363
2.0,0.5,With reminder,Weak encoding,1.0,0.9,0,0.0,24,break,0.015200000256299973
2.0,0.5,With reminder,Weak encoding,1.0,0.9,0,0.0,25,break,0.012199999764561653
2.0,0.5,With reminder,Weak encoding,1.0,0.9,0,0.0,26,break,0.008799999952316284
2.0,0.5,With reminder,Weak encoding,1.0,0.9,0,0.0,27,break,0.00419999985024333
2.0,0.5,With reminder,Weak encoding,1.0,0.9,0,0.0,28,break,0.004000000189989805
2.0,0.5,With reminder,Weak encoding,1.0,0.9,0,0.0,29,break,0.002199999988079071
2.0,0.5,With reminder,Weak encoding,1.0,0.9,0,0.0,30,break,0.0020000000949949026
2.0,0.5,With reminder,Weak encoding,1.0,0.9,0,0.0,31,break,0.0012000000569969416
2.0,0.5,With reminder,Weak encoding,1.0,0.9,0,0.0,32,break,0.002199999988079071
2.0,0.5,With reminder,Weak encoding,1.0,0.9,0,0.0,33,task,0.20440000295639038
2.0,0.5,With reminder,Weak encoding,1.0,0.9,0,0.0,34,task,0.15780000388622284
2.0,0.5,With reminder,Weak encoding,1.0,0.9,0,0.0,35,task,0.10400000214576721
2.0,0.5,With reminder,Weak encoding,1.0,0.9,0,0.0,36,task,0.07660000026226044
2.0,0.5,With reminder,Weak encoding,1.0,0.9,0,0.0,37,task,0.05480000004172325
2.0,0.5,With reminder,Weak encoding,1.0,0.9,0,0.0,38,task,0.039400000125169754
2.0,0.5,With reminder,Weak encoding,1.0,0.9,0,0.0,39,task,0.0272000003606081
2.0,0.5,With reminder,Weak encoding,1.0,0.9,0,0.0,40,task,0.01979999989271164
2.0,0.5,With reminder,Weak encoding,1.0,0.9,0,0.0,41,task,0.011599999852478504
2.0,0.5,With reminder,Weak encoding,1.0,0.9,0,0.0,42,task,0.009200000204145908
2.0,0.5,With reminder,Weak encoding,1.0,0.9,0,0.0,43,task,0.006599999964237213
2.0,0.5,With reminder,Weak encoding,1.0,0.9,0,0.0,44,task,0.007000000216066837
2.0,0.5,With reminder,Weak encoding,1.0,0.9,0,0.0,45,task,0.004999999888241291
2.0,0.5,With reminder,Weak encoding,1.0,0.9,0,0.0,46,task,0.0010000000474974513
2.0,0.5,With reminder,Weak encoding,1.0,0.9,0,0.0,47,task,0.0012000000569969416
2.0,0.5,With reminder,Weak encoding,1.0,0.9,0,0.0,48,task,0.00039999998989515007
2.0,0.5,With reminder,Weak encoding,1.0,0.9,0,0.0,49,filler,0.0012000000569969416
2.0,0.5,With reminder,Weak encoding,1.0,0.9,0,0.0,50,filler,0.00039999998989515007
2.0,0.5,With reminder,Weak encoding,1.0,0.9,0,0.0,51,filler,0.0006000000284984708
2.0,0.5,With reminder,Weak encoding,1.0,0.9,0,0.0,52,filler,0.00019999999494757503
2.0,0.5,With reminder,Weak encoding,1.0,0.9,0,0.0,53,filler,0.0
2.0,0.5,With reminder,Weak encoding,1.0,0.9,0,0.0,54,filler,0.00019999999494757503
2.0,0.5,With reminder,Weak encoding,1.0,0.9,0,0.0,55,filler,0.00019999999494757503
2.0,0.5,With reminder,Weak encoding,1.0,0.9,0,0.0,56,filler,0.00019999999494757503
2.0,0.5,With reminder,Weak encoding,1.0,0.9,0,0.0,57,filler,0.0
2.0,0.5,With reminder,Weak encoding,1.0,0.9,0,0.0,58,filler,0.0
2.0,0.5,With reminder,Weak encoding,1.0,0.9,0,0.0,59,filler,0.00019999999494757503
2.0,0.5,With reminder,Weak encoding,1.0,0.9,0,0.0,60,filler,0.0
2.0,0.5,With reminder,Weak encoding,1.0,0.9,0,0.0,61,filler,0.0
2.0,0.5,With reminder,Weak encoding,1.0,0.9,0,0.0,62,filler,0.0
2.0,0.5,With reminder,Weak encoding,1.0,0.9,0,0.0,63,filler,0.0
2.0,0.5,With reminder,Weak encoding,1.0,0.9,0,0.0,64,filler,0.0
2.0,0.5,With reminder,Strong encoding,2.0,0.9,0,0.0,1,film,0.25380000472068787
2.0,0.5,With reminder,Strong encoding,2.0,0.9,0,0.0,2,film,0.24079999327659607
2.0,0.5,With reminder,Strong encoding,2.0,0.9,0,0.0,3,film,0.24279999732971191
2.0,0.5,With reminder,Strong encoding,2.0,0.9,0,0.0,4,film,0.2484000027179718
2.0,0.5,With reminder,Strong encoding,2.0,0.9,0,0.0,5,film,0.24819999933242798
2.0,0.5,With reminder,Strong encoding,2.0,0.9,0,0.0,6,film,0.24420000612735748
2.0,0.5,With reminder,Strong encoding,2.0,0.9,0,0.0,7,film,0.24639999866485596
2.0,0.5,With reminder,Strong encoding,2.0,0.9,0,0.0,8,film,0.23240000009536743
2.0,0.5,With reminder,Strong encoding,2.0,0.9,0,0.0,9,film,0.22579999268054962
2.0,0.5,With reminder,Strong encoding,2.0,0.9,0,0.0,10,film,0.21799999475479126
2.0,0.5,With reminder,Strong encoding,2.0,0.9,0,0.0,11,film,0.1964000016450882
2.0,0.5,With reminder,Strong encoding,2.0,0.9,0,0.0,12,film,0.1891999989748001
2.0,0.5,With reminder,Strong encoding,2.0,0.9,0,0.0,13,film,0.17499999701976776
2.0,0.5,With reminder,Strong encoding,2.0,0.9,0,0.0,14,film,0.16539999842643738
2.0,0.5,With reminder,Strong encoding,2.0,0.9,0,0.0,15,film,0.15039999783039093
2.0,0.5,With reminder,Strong encoding,2.0,0.9,0,0.0,16,film,0.13779999315738678
2.0,0.5,With reminder,Strong encoding,2.0,0.9,0,0.0,17,break,0.061400000005960464
2.0,0.5,With reminder,Strong encoding,2.0,0.9,0,0.0,18,break,0.040800001472234726
2.0,0.5,With reminder,Strong encoding,2.0,0.9,0,0.0,19,break,0.026000000536441803
2.0,0.5,With reminder,Strong encoding,2.0,0.9,0,0.0,20,break,0.020600000396370888
2.0,0.5,With reminder,Strong encoding,2.0,0.9,0,0.0,21,break,0.012000000104308128
2.0,0.5,With reminder,Strong encoding,2.0,0.9,0,0.0,22,break,0.007400000002235174
2.0,0.5,With reminder,Strong encoding,2.0,0.9,0,0.0,23,break,0.007199999876320362
2.0,0.5,With reminder,Strong encoding,2.0,0.9,0,0.0,24,break,0.005200000014156103
2.0,0.5,With reminder,Strong encoding,2.0,0.9,0,0.0,25,break,0.0026000000070780516
2.0,0.5,With reminder,Strong encoding,2.0,0.9,0,0.0,26,break,0.0012000000569969416
2.0,0.5,With reminder,Strong encoding,2.0,0.9,0,0.0,27,break,0.0017999999690800905
2.0,0.5,With reminder,Strong encoding,2.0,0.9,0,0.0,28,break,0.0017999999690800905
2.0,0.5,With reminder,Strong encoding,2.0,0.9,0,0.0,29,break,0.0007999999797903001
2.0,0.5,With reminder,Strong encoding,2.0,0.9,0,0.0,30,break,0.00039999998989515007
2.0,0.5,With reminder,Strong encoding,2.0,0.9,0,0.0,31,break,0.00019999999494757503
2.0,0.5,With reminder,Strong encoding,2.0,0.9,0,0.0,32,break,0.00019999999494757503
2.0,0.5,With reminder,Strong encoding,2.0,0.9,0,0.0,33,task,0.633400022983551
2.0,0.5,With reminder,Strong encoding,2.0,0.9,0,0.0,34,task,0.5612000226974487
2.0,0.5,With reminder,Strong encoding,2.0,0.9,0,0.0,35,task,0.506600022315979
2.0,0.5,With reminder,Strong encoding,2.0,0.9,0,0.0,36,task,0.438400000333786
2.0,0.5,With reminder,Strong encoding,2.0,0.9,0,0.0,37,task,0.3831999897956848
2.0,0.5,With reminder,Strong encoding,2.0,0.9,0,0.0,38,task,0.31859999895095825
2.0,0.5,With reminder,Strong encoding,2.0,0.9,0,0.0,39,task,0.2669999897480011
2.0,0.5,With reminder,Strong encoding,2.0,0.9,0,0.0,40,task,0.21639999747276306
2.0,0.5,With reminder,Strong encoding,2.0,0.9,0,0.0,41,task,0.17900000512599945
2.0,0.5,With reminder,Strong encoding,2.0,0.9,0,0.0,42,task,0.14180000126361847
2.0,0.5,With reminder,Strong encoding,2.0,0.9,0,0.0,43,task,0.10899999737739563
2.0,0.5,With reminder,Strong encoding,2.0,0.9,0,0.0,44,task,0.07840000092983246
2.0,0.5,With reminder,Strong encoding,2.0,0.9,0,0.0,45,task,0.0658000037074089
2.0,0.5,With reminder,Strong encoding,2.0,0.9,0,0.0,46,task,0.04600000008940697
2.0,0.5,With reminder,Strong encoding,2.0,0.9,0,0.0,47,task,0.03799999877810478
2.0,0.5,With reminder,Strong encoding,2.0,0.9,0,0.0,48,task,0.028599999845027924
2.0,0.5,With reminder,Strong encoding,2.0,0.9,0,0.0,49,filler,0.0026000000070780516
2.0,0.5,With reminder,Strong encoding,2.0,0.9,0,0.0,50,filler,0.0010000000474974513
2.0,0.5,With reminder,Strong encoding,2.0,0.9,0,0.0,51,filler,0.0010000000474974513
2.0,0.5,With reminder,Strong encoding,2.0,0.9,0,0.0,52,filler,0.00039999998989515007
2.0,0.5,With reminder,Strong encoding,2.0,0.9,0,0.0,53,filler,0.0006000000284984708
2.0,0.5,With reminder,Strong encoding,2.0,0.9,0,0.0,54,filler,0.00039999998989515007
2.0,0.5,With reminder,Strong encoding,2.0,0.9,0,0.0,55,filler,0.0
2.0,0.5,With reminder,Strong encoding,2.0,0.9,0,0.0,56,filler,0.0006000000284984708
2.0,0.5,With reminder,Strong encoding,2.0,0.9,0,0.0,57,filler,0.00039999998989515007
2.0,0.5,With reminder,Strong encoding,2.0,0.9,0,0.0,58,filler,0.0
2.0,0.5,With reminder,Strong encoding,2.0,0.9,0,0.0,59,filler,0.0
2.0,0.5,With reminder,Strong encoding,2.0,0.9,0,0.0,60,filler,0.0
2.0,0.5,With reminder,Strong encoding,2.0,0.9,0,0.0,61,filler,0.0
2.0,0.5,With reminder,Strong encoding,2.0,0.9,0,0.0,62,filler,0.0
2.0,0.5,With reminder,Strong encoding,2.0,0.9,0,0.0,63,filler,0.0
2.0,0.5,With reminder,Strong encoding,2.0,0.9,0,0.0,64,filler,0.0
2.0,0.25,No reminder,Weak encoding,1.0,0.9,0,0.0,1,film,0.39399999380111694
2.0,0.25,No reminder,Weak encoding,1.0,0.9,0,0.0,2,film,0.38580000400543213
2.0,0.25,No reminder,Weak encoding,1.0,0.9,0,0.0,3,film,0.4052000045776367
2.0,0.25,No reminder,Weak encoding,1.0,0.9,0,0.0,4,film,0.43220001459121704
2.0,0.25,No reminder,Weak encoding,1.0,0.9,0,0.0,5,film,0.4375999867916107
2.0,0.25,No reminder,Weak encoding,1.0,0.9,0,0.0,6,film,0.4666000008583069
2.0,0.25,No reminder,Weak encoding,1.0,0.9,0,0.0,7,film,0.46860000491142273
2.0,0.25,No reminder,Weak encoding,1.0,0.9,0,0.0,8,film,0.4864000082015991
2.0,0.25,No reminder,Weak encoding,1.0,0.9,0,0.0,9,film,0.48899999260902405
2.0,0.25,No reminder,Weak encoding,1.0,0.9,0,0.0,10,film,0.4869999885559082
2.0,0.25,No reminder,Weak encoding,1.0,0.9,0,0.0,11,film,0.4941999912261963
2.0,0.25,No reminder,Weak encoding,1.0,0.9,0,0.0,12,film,0.46459999680519104
2.0,0.25,No reminder,Weak encoding,1.0,0.9,0,0.0,13,film,0.46720001101493835
2.0,0.25,No reminder,Weak encoding,1.0,0.9,0,0.0,14,film,0.4275999963283539
2.0,0.25,No reminder,Weak encoding,1.0,0.9,0,0.0,15,film,0.40779998898506165
2.0,0.25,No reminder,Weak encoding,1.0,0.9,0,0.0,16,film,0.36719998717308044
2.0,0.25,No reminder,Weak encoding,1.0,0.9,0,0.0,17,break,0.19419999420642853
2.0,0.25,No reminder,Weak encoding,1.0,0.9,0,0.0,18,break,0.13120000064373016
2.0,0.25,No reminder,Weak encoding,1.0,0.9,0,0.0,19,break,0.1005999967455864
2.0,0.25,No reminder,Weak encoding,1.0,0.9,0,0.0,20,break,0.06859999895095825
2.0,0.25,No reminder,Weak encoding,1.0,0.9,0,0.0,21,break,0.04479999840259552
2.0,0.25,No reminder,Weak encoding,1.0,0.9,0,0.0,22,break,0.03579999879002571
2.0,0.25,No reminder,Weak encoding,1.0,0.9,0,0.0,23,break,0.020999999716877937
2.0,0.25,No reminder,Weak encoding,1.0,0.9,0,0.0,24,break,0.013399999588727951
2.0,0.25,No reminder,Weak encoding,1.0,0.9,0,0.0,25,break,0.012000000104308128
2.0,0.25,No reminder,Weak encoding,1.0,0.9,0,0.0,26,break,0.007799999788403511
2.0,0.25,No reminder,Weak encoding,1.0,0.9,0,0.0,27,break,0.004399999976158142
2.0,0.25,No reminder,Weak encoding,1.0,0.9,0,0.0,28,break,0.003599999938160181
2.0,0.25,No reminder,Weak encoding,1.0,0.9,0,0.0,29,break,0.0034000000450760126
2.0,0.25,No reminder,Weak encoding,1.0,0.9,0,0.0,30,break,0.003000000026077032
2.0,0.25,No reminder,Weak encoding,1.0,0.9,0,0.0,31,break,0.0010000000474974513
2.0,0.25,No reminder,Weak encoding,1.0,0.9,0,0.0,32,break,0.0006000000284984708
2.0,0.25,No reminder,Weak encoding,1.0,0.9,0,0.0,33,task,0.0
2.0,0.25,No reminder,Weak encoding,1.0,0.9,0,0.0,34,task,0.00039999998989515007
2.0,0.25,No reminder,Weak encoding,1.0,0.9,0,0.0,35,task,0.00019999999494757503
2.0,0.25,No reminder,Weak encoding,1.0,0.9,0,0.0,36,task,0.00019999999494757503
2.0,0.25,No reminder,Weak encoding,1.0,0.9,0,0.0,37,task,0.0
2.0,0.25,No reminder,Weak encoding,1.0,0.9,0,0.0,38,task,0.00039999998989515007
2.0,0.25,No reminder,Weak encoding,1.0,0.9,0,0.0,39,task,0.0
2.0,0.25,No reminder,Weak encoding,1.0,0.9,0,0.0,40,task,0.0
2.0,0.25,No reminder,Weak encoding,1.0,0.9,0,0.0,41,task,0.0
2.0,0.25,No reminder,Weak encoding,1.0,0.9,0,0.0,42,task,0.0
2.0,0.25,No reminder,Weak encoding,1.0,0.9,0,0.0,43,task,0.0
2.0,0.25,No reminder,Weak encoding,1.0,0.9,0,0.0,44,task,0.0
2.0,0.25,No reminder,Weak encoding,1.0,0.9,0,0.0,45,task,0.0
2.0,0.25,No reminder,Weak encoding,1.0,0.9,0,0.0,46,task,0.0
2.0,0.25,No reminder,Weak encoding,1.0,0.9,0,0.0,47,task,0.0
2.0,0.25,No reminder,Weak encoding,1.0,0.9,0,0.0,48,task,0.0
2.0,0.25,No reminder,Weak encoding,1.0,0.9,0,0.0,49,filler,0.0
2.0,0.25,No reminder,Weak encoding,1.0,0.9,0,0.0,50,filler,0.00019999999494757503
2.0,0.25,No reminder,Weak encoding,1.0,0.9,0,0.0,51,filler,0.0
2.0,0.25,No reminder,Weak encoding,1.0,0.9,0,0.0,52,filler,0.0
2.0,0.25,No reminder,Weak encoding,1.0,0.9,0,0.0,53,filler,0.0
2.0,0.25,No reminder,Weak encoding,1.0,0.9,0,0.0,54,filler,0.0
2.0,0.25,No reminder,Weak encoding,1.0,0.9,0,0.0,55,filler,0.0
2.0,0.25,No reminder,Weak encoding,1.0,0.9,0,0.0,56,filler,0.0
2.0,0.25,No reminder,Weak encoding,1.0,0.9,0,0.0,57,filler,0.0
2.0,0.25,No reminder,Weak encoding,1.0,0.9,0,0.0,58,filler,0.0
2.0,0.25,No reminder,Weak encoding,1.0,0.9,0,0.0,59,filler,0.0
2.0,0.25,No reminder,Weak encoding,1.0,0.9,0,0.0,60,filler,0.0
2.0,0.25,No reminder,Weak encoding,1.0,0.9,0,0.0,61,filler,0.0
2.0,0.25,No reminder,Weak encoding,1.0,0.9,0,0.0,62,filler,0.0
2.0,0.25,No reminder,Weak encoding,1.0,0.9,0,0.0,63,filler,0.0
2.0,0.25,No reminder,Weak encoding,1.0,0.9,0,0.0,64,filler,0.0
2.0,0.25,No reminder,Strong encoding,2.0,0.9,0,0.0,1,film,0.38940000534057617
2.0,0.25,No reminder,Strong encoding,2.0,0.9,0,0.0,2,film,0.3853999972343445
2.0,0.25,No reminder,Strong encoding,2.0,0.9,0,0.0,3,film,0.41119998693466187
2.0,0.25,No reminder,Strong encoding,2.0,0.9,0,0.0,4,film,0.4203999936580658
2.0,0.25,No reminder,Strong encoding,2.0,0.9,0,0.0,5,film,0.42820000648498535
2.0,0.25,No reminder,Strong encoding,2.0,0.9,0,0.0,6,film,0.4546000063419342
2.0,0.25,No reminder,Strong encoding,2.0,0.9,0,0.0,7,film,0.4580000042915344
2.0,0.25,No reminder,Strong encoding,2.0,0.9,0,0.0,8,film,0.47699999809265137
2.0,0.25,No reminder,Strong encoding,2.0,0.9,0,0.0,9,film,0.47620001435279846
2.0,0.25,No reminder,Strong encoding,2.0,0.9,0,0.0,10,film,0.47380000352859497
2.0,0.25,No reminder,Strong encoding,2.0,0.9,0,0.0,11,film,0.4722000062465668
2.0,0.25,No reminder,Strong encoding,2.0,0.9,0,0.0,12,film,0.46059998869895935
2.0,0.25,No reminder,Strong encoding,2.0,0.9,0,0.0,13,film,0.44339999556541443
2.0,0.25,No reminder,Strong encoding,2.0,0.9,0,0.0,14,film,0.41940000653266907
2.0,0.25,No reminder,Strong encoding,2.0,0.9,0,0.0,15,film,0.39239999651908875
2.0,0.25,No reminder,Strong encoding,2.0,0.9,0,0.0,16,film,0.3540000021457672
2.0,0.25,No reminder,Strong encoding,2.0,0.9,0,0.0,17,break,0.19439999759197235
2.0,0.25,No reminder,Strong encoding,2.0,0.9,0,0.0,18,break,0.12839999794960022
2.0,0.25,No reminder,Strong encoding,2.0,0.9,0,0.0,19,break,0.08919999748468399
2.0,0.25,No reminder,Strong encoding,2.0,0.9,0,0.0,20,break,0.06499999761581421
2.0,0.25,No reminder,Strong encoding,2.0,0.9,0,0.0,21,break,0.049400001764297485
2.0,0.25,No reminder,Strong encoding,2.0,0.9,0,0.0,22,break,0.030400000512599945
2.0,0.25,No reminder,Strong encoding,2.0,0.9,0,0.0,23,break,0.018799999728798866
2.0,0.25,No reminder,Strong encoding,2.0,0.9,0,0.0,24,break,0.014399999752640724
2.0,0.25,No reminder,Strong encoding,2.0,0.9,0,0.0,25,break,0.008999999612569809
2.0,0.25,No reminder,Strong encoding,2.0,0.9,0,0.0,26,break,0.006800000090152025
2.0,0.25,No reminder,Strong encoding,2.0,0.9,0,0.0,27,break,0.005400000140070915
2.0,0.25,No reminder,Strong encoding,2.0,0.9,0,0.0,28,break,0.003599999938160181
2.0,0.25,No reminder,Strong encoding,2.0,0.9,0,0.0,29,break,0.0015999999595806003
2.0,0.25,No reminder,Strong encoding,2.0,0.9,0,0.0,30,break,0.0017999999690800905
2.0,0.25,No reminder,Strong encoding,2.0,0.9,0,0.0,31,break,0.0006000000284984708
2.0,0.25,No reminder,Strong encoding,2.0,0.9,0,0.0,32,break,0.0
2.0,0.25,No reminder,Strong encoding,2.0,0.9,0,0.0,33,task,0.004600000102072954
2.0,0.25,No reminder,Strong encoding,2.0,0.9,0,0.0,34,task,0.004399999976158142
2.0,0.25,No reminder,Strong encoding,2.0,0.9,0,0.0,35,task,0.00279999990016222
2.0,0.25,No reminder,Strong encoding,2.0,0.9,0,0.0,36,task,0.002400000113993883
2.0,0.25,No reminder,Strong encoding,2.0,0.9,0,0.0,37,task,0.0010000000474974513
2.0,0.25,No reminder,Strong encoding,2.0,0.9,0,0.0,38,task,0.0006000000284984708
2.0,0.25,No reminder,Strong encoding,2.0,0.9,0,0.0,39,task,0.00039999998989515007
2.0,0.25,No reminder,Strong encoding,2.0,0.9,0,0.0,40,task,0.00019999999494757503
2.0,0.25,No reminder,Strong encoding,2.0,0.9,0,0.0,41,task,0.00019999999494757503
2.0,0.25,No reminder,Strong encoding,2.0,0.9,0,0.0,42,task,0.00019999999494757503
2.0,0.25,No reminder,Strong encoding,2.0,0.9,0,0.0,43,task,0.0
2.0,0.25,No reminder,Strong encoding,2.0,0.9,0,0.0,44,task,0.0
2.0,0.25,No reminder,Strong encoding,2.0,0.9,0,0.0,45,task,0.0
2.0,0.25,No reminder,Strong encoding,2.0,0.9,0,0.0,46,task,0.0
2.0,0.25,No reminder,Strong encoding,2.0,0.9,0,0.0,47,task,0.0
2.0,0.25,No reminder,Strong encoding,2.0,0.9,0,0.0,48,task,0.0
2.0,0.25,No reminder,Strong encoding,2.0,0.9,0,0.0,49,filler,0.0
2.0,0.25,No reminder,Strong encoding,2.0,0.9,0,0.0,50,filler,0.0
2.0,0.25,No reminder,Strong encoding,2.0,0.9,0,0.0,51,filler,0.0
2.0,0.25,No reminder,Strong encoding,2.0,0.9,0,0.0,52,filler,0.0
2.0,0.25,No reminder,Strong encoding,2.0,0.9,0,0.0,53,filler,0.0
2.0,0.25,No reminder,Strong encoding,2.0,0.9,0,0.0,54,filler,0.0
2.0,0.25,No reminder,Strong encoding,2.0,0.9,0,0.0,55,filler,0.0
2.0,0.25,No reminder,Strong encoding,2.0,0.9,0,0.0,56,filler,0.0
2.0,0.25,No reminder,Strong encoding,2.0,0.9,0,0.0,57,filler,0.0
2.0,0.25,No reminder,Strong encoding,2.0,0.9,0,0.0,58,filler,0.0
2.0,0.25,No reminder,Strong encoding,2.0,0.9,0,0.0,59,filler,0.0
2.0,0.25,No reminder,Strong encoding,2.0,0.9,0,0.0,60,filler,0.0
2.0,0.25,No reminder,Strong encoding,2.0,0.9,0,0.0,61,filler,0.0
2.0,0.25,No reminder,Strong encoding,2.0,0.9,0,0.0,62,filler,0.0
2.0,0.25,No reminder,Strong encoding,2.0,0.9,0,0.0,63,filler,0.0
2.0,0.25,No reminder,Strong encoding,2.0,0.9,0,0.0,64,filler,0.0
2.0,0.25,With reminder,Weak encoding,1.0,0.9,0,0.0,1,film,0.36880001425743103
2.0,0.25,With reminder,Weak encoding,1.0,0.9,0,0.0,2,film,0.3684000074863434
2.0,0.25,With reminder,Weak encoding,1.0,0.9,0,0.0,3,film,0.37139999866485596
2.0,0.25,With reminder,Weak encoding,1.0,0.9,0,0.0,4,film,0.39959999918937683
2.0,0.25,With reminder,Weak encoding,1.0,0.9,0,0.0,5,film,0.421999990940094
2.0,0.25,With reminder,Weak encoding,1.0,0.9,0,0.0,6,film,0.43479999899864197
2.0,0.25,With reminder,Weak encoding,1.0,0.9,0,0.0,7,film,0.43639999628067017
2.0,0.25,With reminder,Weak encoding,1.0,0.9,0,0.0,8,film,0.4426000118255615
2.0,0.25,With reminder,Weak encoding,1.0,0.9,0,0.0,9,film,0.43299999833106995
2.0,0.25,With reminder,Weak encoding,1.0,0.9,0,0.0,10,film,0.4350000023841858
2.0,0.25,With reminder,Weak encoding,1.0,0.9,0,0.0,11,film,0.43700000643730164
2.0,0.25,With reminder,Weak encoding,1.0,0.9,0,0.0,12,film,0.42800000309944153
2.0,0.25,With reminder,Weak encoding,1.0,0.9,0,0.0,13,film,0.39959999918937683
2.0,0.25,With reminder,Weak encoding,1.0,0.9,0,0.0,14,film,0.3797999918460846
2.0,0.25,With reminder,Weak encoding,1.0,0.9,0,0.0,15,film,0.3546000123023987
2.0,0.25,With reminder,Weak encoding,1.0,0.9,0,0.0,16,film,0.335999995470047
2.0,0.25,With reminder,Weak encoding,1.0,0.9,0,0.0,17,break,0.15919999778270721
2.0,0.25,With reminder,Weak encoding,1.0,0.9,0,0.0,18,break,0.11659999936819077
2.0,0.25,With reminder,Weak encoding,1.0,0.9,0,0.0,19,break,0.07800000160932541
2.0,0.25,With reminder,Weak encoding,1.0,0.9,0,0.0,20,break,0.05139999836683273
2.0,0.25,With reminder,Weak encoding,1.0,0.9,0,0.0,21,break,0.03660000115633011
2.0,0.25,With reminder,Weak encoding,1.0,0.9,0,0.0,22,break,0.022199999541044235
2.0,0.25,With reminder,Weak encoding,1.0,0.9,0,0.0,23,break,0.017400000244379044
2.0,0.25,With reminder,Weak encoding,1.0,0.9,0,0.0,24,break,0.011599999852478504
2.0,0.25,With reminder,Weak encoding,1.0,0.9,0,0.0,25,break,0.007799999788403511
2.0,0.25,With reminder,Weak encoding,1.0,0.9,0,0.0,26,break,0.005400000140070915
2.0,0.25,With reminder,Weak encoding,1.0,0.9,0,0.0,27,break,0.004399999976158142
2.0,0.25,With reminder,Weak encoding,1.0,0.9,0,0.0,28,break,0.00279999990016222
2.0,0.25,With reminder,Weak encoding,1.0,0.9,0,0.0,29,break,0.0017999999690800905
2.0,0.25,With reminder,Weak encoding,1.0,0.9,0,0.0,30,break,0.0010000000474974513
2.0,0.25,With reminder,Weak encoding,1.0,0.9,0,0.0,31,break,0.00039999998989515007
2.0,0.25,With reminder,Weak encoding,1.0,0.9,0,0.0,32,break,0.0007999999797903001
2.0,0.25,With reminder,Weak encoding,1.0,0.9,0,0.0,33,task,0.20759999752044678
2.0,0.25,With reminder,Weak encoding,1.0,0.9,0,0.0,34,task,0.13899999856948853
2.0,0.25,With reminder,Weak encoding,1.0,0.9,0,0.0,35,task,0.10440000146627426
2.0,0.25,With reminder,Weak encoding,1.0,0.9,0,0.0,36,task,0.07100000232458115
2.0,0.25,With reminder,Weak encoding,1.0,0.9,0,0.0,37,task,0.05000000074505806
2.0,0.25,With reminder,Weak encoding,1.0,0.9,0,0.0,38,task,0.035599999129772186
2.0,0.25,With reminder,Weak encoding,1.0,0.9,0,0.0,39,task,0.024000000208616257
2.0,0.25,With reminder,Weak encoding,1.0,0.9,0,0.0,40,task,0.01600000075995922
2.0,0.25,With reminder,Weak encoding,1.0,0.9,0,0.0,41,task,0.013000000268220901
2.0,0.25,With reminder,Weak encoding,1.0,0.9,0,0.0,42,task,0.006399999838322401
2.0,0.25,With reminder,Weak encoding,1.0,0.9,0,0.0,43,task,0.004600000102072954
2.0,0.25,With reminder,Weak encoding,1.0,0.9,0,0.0,44,task,0.0034000000450760126
2.0,0.25,With reminder,Weak encoding,1.0,0.9,0,0.0,45,task,0.0031999999191612005
2.0,0.25,With reminder,Weak encoding,1.0,0.9,0,0.0,46,task,0.0026000000070780516
2.0,0.25,With reminder,Weak encoding,1.0,0.9,0,0.0,47,task,0.0010000000474974513
2.0,0.25,With reminder,Weak encoding,1.0,0.9,0,0.0,48,task,0.0006000000284984708
2.0,0.25,With reminder,Weak encoding,1.0,0.9,0,0.0,49,filler,0.00019999999494757503
2.0,0.25,With reminder,Weak encoding,1.0,0.9,0,0.0,50,filler,0.00019999999494757503
2.0,0.25,With reminder,Weak encoding,1.0,0.9,0,0.0,51,filler,0.00019999999494757503
2.0,0.25,With reminder,Weak encoding,1.0,0.9,0,0.0,52,filler,0.0
2.0,0.25,With reminder,Weak encoding,1.0,0.9,0,0.0,53,filler,0.0
2.0,0.25,With reminder,Weak encoding,1.0,0.9,0,0.0,54,filler,0.00019999999494757503
2.0,0.25,With reminder,Weak encoding,1.0,0.9,0,0.0,55,filler,0.00019999999494757503
2.0,0.25,With reminder,Weak encoding,1.0,0.9,0,0.0,56,filler,0.0
2.0,0.25,With reminder,Weak encoding,1.0,0.9,0,0.0,57,filler,0.0
2.0,0.25,With reminder,Weak encoding,1.0,0.9,0,0.0,58,filler,0.0
2.0,0.25,With reminder,Weak encoding,1.0,0.9,0,0.0,59,filler,0.00019999999494757503
2.0,0.25,With reminder,Weak encoding,1.0,0.9,0,0.0,60,filler,0.0
2.0,0.25,With reminder,Weak encoding,1.0,0.9,0,0.0,61,filler,0.0
2.0,0.25,With reminder,Weak encoding,1.0,0.9,0,0.0,62,filler,0.0
2.0,0.25,With reminder,Weak encoding,1.0,0.9,0,0.0,63,filler,0.0
2.0,0.25,With reminder,Weak encoding,1.0,0.9,0,0.0,64,filler,0.0
2.0,0.25,With reminder,Strong encoding,2.0,0.9,0,0.0,1,film,0.3158000111579895
2.0,0.25,With reminder,Strong encoding,2.0,0.9,0,0.0,2,film,0.2757999897003174
2.0,0.25,With reminder,Strong encoding,2.0,0.9,0,0.0,3,film,0.29019999504089355
2.0,0.25,With reminder,Strong encoding,2.0,0.9,0,0.0,4,film,0.29420000314712524
2.0,0.25,With reminder,Strong encoding,2.0,0.9,0,0.0,5,film,0.28760001063346863
2.0,0.25,With reminder,Strong encoding,2.0,0.9,0,0.0,6,film,0.28540000319480896
2.0,0.25,With reminder,Strong encoding,2.0,0.9,0,0.0,7,film,0.29820001125335693
2.0,0.25,With reminder,Strong encoding,2.0,0.9,0,0.0,8,film,0.2782000005245209
2.0,0.25,With reminder,Strong encoding,2.0,0.9,0,0.0,9,film,0.2694000005722046
2.0,0.25,With reminder,Strong encoding,2.0,0.9,0,0.0,10,film,0.2768000066280365
2.0,0.25,With reminder,Strong encoding,2.0,0.9,0,0.0,11,film,0.2680000066757202
2.0,0.25,With reminder,Strong encoding,2.0,0.9,0,0.0,12,film,0.23199999332427979
2.0,0.25,With reminder,Strong encoding,2.0,0.9,0,0.0,13,film,0.2231999933719635
2.0,0.25,With reminder,Strong encoding,2.0,0.9,0,0.0,14,film,0.19619999825954437
2.0,0.25,With reminder,Strong encoding,2.0,0.9,0,0.0,15,film,0.18520000576972961
2.0,0.25,With reminder,Strong encoding,2.0,0.9,0,0.0,16,film,0.16500000655651093
2.0,0.25,With reminder,Strong encoding,2.0,0.9,0,0.0,17,break,0.07580000162124634
2.0,0.25,With reminder,Strong encoding,2.0,0.9,0,0.0,18,break,0.04639999940991402
2.0,0.25,With reminder,Strong encoding,2.0,0.9,0,0.0,19,break,0.029200000688433647
2.0,0.25,With reminder,Strong encoding,2.0,0.9,0,0.0,20,break,0.024000000208616257
2.0,0.25,With reminder,Strong encoding,2.0,0.9,0,0.0,21,break,0.016200000420212746
2.0,0.25,With reminder,Strong encoding,2.0,0.9,0,0.0,22,break,0.012600000016391277
2.0,0.25,With reminder,Strong encoding,2.0,0.9,0,0.0,23,break,0.007799999788403511
2.0,0.25,With reminder,Strong encoding,2.0,0.9,0,0.0,24,break,0.005799999926239252
2.0,0.25,With reminder,Strong encoding,2.0,0.9,0,0.0,25,break,0.003000000026077032
2.0,0.25,With reminder,Strong encoding,2.0,0.9,0,0.0,26,break,0.00279999990016222
2.0,0.25,With reminder,Strong encoding,2.0,0.9,0,0.0,27,break,0.0010000000474974513
2.0,0.25,With reminder,Strong encoding,2.0,0.9,0,0.0,28,break,0.0007999999797903001
2.0,0.25,With reminder,Strong encoding,2.0,0.9,0,0.0,29,break,0.00019999999494757503
2.0,0.25,With reminder,Strong encoding,2.0,0.9,0,0.0,30,break,0.0007999999797903001
2.0,0.25,With reminder,Strong encoding,2.0,0.9,0,0.0,31,break,0.00019999999494757503
2.0,0.25,With reminder,Strong encoding,2.0,0.9,0,0.0,32,break,0.00019999999494757503
2.0,0.25,With reminder,Strong encoding,2.0,0.9,0,0.0,33,task,0.652999997138977
2.0,0.25,With reminder,Strong encoding,2.0,0.9,0,0.0,34,task,0.5608000159263611
2.0,0.25,With reminder,Strong encoding,2.0,0.9,0,0.0,35,task,0.46540001034736633
2.0,0.25,With reminder,Strong encoding,2.0,0.9,0,0.0,36,task,0.38019999861717224
2.0,0.25,With reminder,Strong encoding,2.0,0.9,0,0.0,37,task,0.3009999990463257
2.0,0.25,With reminder,Strong encoding,2.0,0.9,0,0.0,38,task,0.23180000483989716
2.0,0.25,With reminder,Strong encoding,2.0,0.9,0,0.0,39,task,0.17399999499320984
2.0,0.25,With reminder,Strong encoding,2.0,0.9,0,0.0,40,task,0.12520000338554382
2.0,0.25,With reminder,Strong encoding,2.0,0.9,0,0.0,41,task,0.0997999981045723
2.0,0.25,With reminder,Strong encoding,2.0,0.9,0,0.0,42,task,0.07639999687671661
2.0,0.25,With reminder,Strong encoding,2.0,0.9,0,0.0,43,task,0.0551999993622303
2.0,0.25,With reminder,Strong encoding,2.0,0.9,0,0.0,44,task,0.038600001484155655
2.0,0.25,With reminder,Strong encoding,2.0,0.9,0,0.0,45,task,0.0272000003606081
2.0,0.25,With reminder,Strong encoding,2.0,0.9,0,0.0,46,task,0.018200000748038292
2.0,0.25,With reminder,Strong encoding,2.0,0.9,0,0.0,47,task,0.012400000356137753
2.0,0.25,With reminder,Strong encoding,2.0,0.9,0,0.0,48,task,0.007799999788403511
2.0,0.25,With reminder,Strong encoding,2.0,0.9,0,0.0,49,filler,0.0010000000474974513
2.0,0.25,With reminder,Strong encoding,2.0,0.9,0,0.0,50,filler,0.00039999998989515007
2.0,0.25,With reminder,Strong encoding,2.0,0.9,0,0.0,51,filler,0.0
2.0,0.25,With reminder,Strong encoding,2.0,0.9,0,0.0,52,filler,0.00039999998989515007
2.0,0.25,With reminder,Strong encoding,2.0,0.9,0,0.0,53,filler,0.0
2.0,0.25,With reminder,Strong encoding,2.0,0.9,0,0.0,54,filler,0.0
2.0,0.25,With reminder,Strong encoding,2.0,0.9,0,0.0,55,filler,0.0
2.0,0.25,With reminder,Strong encoding,2.0,0.9,0,0.0,56,filler,0.0
2.0,0.25,With reminder,Strong encoding,2.0,0.9,0,0.0,57,filler,0.00019999999494757503
2.0,0.25,With reminder,Strong encoding,2.0,0.9,0,0.0,58,filler,0.0
2.0,0.25,With reminder,Strong encoding,2.0,0.9,0,0.0,59,filler,0.0
2.0,0.25,With reminder,Strong encoding,2.0,0.9,0,0.0,60,filler,0.0
2.0,0.25,With reminder,Strong encoding,2.0,0.9,0,0.0,61,filler,0.0
2.0,0.25,With reminder,Strong encoding,2.0,0.9,0,0.0,62,filler,0.0
2.0,0.25,With reminder,Strong encoding,2.0,0.9,0,0.0,63,filler,0.0
2.0,0.25,With reminder,Strong encoding,2.0,0.9,0,0.0,64,filler,0.0
2.0,0.0,No reminder,Weak encoding,1.0,0.9,0,0.0,1,film,0.3919999897480011
2.0,0.0,No reminder,Weak encoding,1.0,0.9,0,0.0,2,film,0.3837999999523163
2.0,0.0,No reminder,Weak encoding,1.0,0.9,0,0.0,3,film,0.39579999446868896
2.0,0.0,No reminder,Weak encoding,1.0,0.9,0,0.0,4,film,0.4325999915599823
2.0,0.0,No reminder,Weak encoding,1.0,0.9,0,0.0,5,film,0.438400000333786
2.0,0.0,No reminder,Weak encoding,1.0,0.9,0,0.0,6,film,0.45159998536109924
2.0,0.0,No reminder,Weak encoding,1.0,0.9,0,0.0,7,film,0.4832000136375427
2.0,0.0,No reminder,Weak encoding,1.0,0.9,0,0.0,8,film,0.4837999939918518
2.0,0.0,No reminder,Weak encoding,1.0,0.9,0,0.0,9,film,0.4862000048160553
2.0,0.0,No reminder,Weak encoding,1.0,0.9,0,0.0,10,film,0.4814000129699707
2.0,0.0,No reminder,Weak encoding,1.0,0.9,0,0.0,11,film,0.4860000014305115
2.0,0.0,No reminder,Weak encoding,1.0,0.9,0,0.0,12,film,0.46880000829696655
2.0,0.0,No reminder,Weak encoding,1.0,0.9,0,0.0,13,film,0.4505999982357025
2.0,0.0,No reminder,Weak encoding,1.0,0.9,0,0.0,14,film,0.4453999996185303
2.0,0.0,No reminder,Weak encoding,1.0,0.9,0,0.0,15,film,0.41760000586509705
2.0,0.0,No reminder,Weak encoding,1.0,0.9,0,0.0,16,film,0.3736000061035156
2.0,0.0,No reminder,Weak encoding,1.0,0.9,0,0.0,17,break,0.19300000369548798
2.0,0.0,No reminder,Weak encoding,1.0,0.9,0,0.0,18,break,0.1289999932050705
2.0,0.0,No reminder,Weak encoding,1.0,0.9,0,0.0,19,break,0.09099999815225601
2.0,0.0,No reminder,Weak encoding,1.0,0.9,0,0.0,20,break,0.05660000070929527
2.0,0.0,No reminder,Weak encoding,1.0,0.9,0,0.0,21,break,0.03680000081658363
2.0,0.0,No reminder,Weak encoding,1.0,0.9,0,0.0,22,break,0.0284000001847744
2.0,0.0,No reminder,Weak encoding,1.0,0.9,0,0.0,23,break,0.021800000220537186
2.0,0.0,No reminder,Weak encoding,1.0,0.9,0,0.0,24,break,0.012400000356137753
2.0,0.0,No reminder,Weak encoding,1.0,0.9,0,0.0,25,break,0.006399999838322401
2.0,0.0,No reminder,Weak encoding,1.0,0.9,0,0.0,26,break,0.003599999938160181
2.0,0.0,No reminder,Weak encoding,1.0,0.9,0,0.0,27,break,0.003800000064074993
2.0,0.0,No reminder,Weak encoding,1.0,0.9,0,0.0,28,break,0.0017999999690800905
2.0,0.0,No reminder,Weak encoding,1.0,0.9,0,0.0,29,break,0.00279999990016222
2.0,0.0,No reminder,Weak encoding,1.0,0.9,0,0.0,30,break,0.0020000000949949026
2.0,0.0,No reminder,Weak encoding,1.0,0.9,0,0.0,31,break,0.0010000000474974513
2.0,0.0,No reminder,Weak encoding,1.0,0.9,0,0.0,32,break,0.0007999999797903001
2.0,0.0,No reminder,Weak encoding,1.0,0.9,0,0.0,33,task,0.0010000000474974513
2.0,0.0,No reminder,Weak encoding,1.0,0.9,0,0.0,34,task,0.0
2.0,0.0,No reminder,Weak encoding,1.0,0.9,0,0.0,35,task,0.00019999999494757503
2.0,0.0,No reminder,Weak encoding,1.0,0.9,0,0.0,36,task,0.0
2.0,0.0,No reminder,Weak encoding,1.0,0.9,0,0.0,37,task,0.00039999998989515007
2.0,0.0,No reminder,Weak encoding,1.0,0.9,0,0.0,38,task,0.00019999999494757503
2.0,0.0,No reminder,Weak encoding,1.0,0.9,0,0.0,39,task,0.0
2.0,0.0,No reminder,Weak encoding,1.0,0.9,0,0.0,40,task,0.0
2.0,0.0,No reminder,Weak encoding,1.0,0.9,0,0.0,41,task,0.00019999999494757503
2.0,0.0,No reminder,Weak encoding,1.0,0.9,0,0.0,42,task,0.0
2.0,0.0,No reminder,Weak encoding,1.0,0.9,0,0.0,43,task,0.0
2.0,0.0,No reminder,Weak encoding,1.0,0.9,0,0.0,44,task,0.0
2.0,0.0,No reminder,Weak encoding,1.0,0.9,0,0.0,45,task,0.0
2.0,0.0,No reminder,Weak encoding,1.0,0.9,0,0.0,46,task,0.0
2.0,0.0,No reminder,Weak encoding,1.0,0.9,0,0.0,47,task,0.0
2.0,0.0,No reminder,Weak encoding,1.0,0.9,0,0.0,48,task,0.0
2.0,0.0,No reminder,Weak encoding,1.0,0.9,0,0.0,49,filler,0.0
2.0,0.0,No reminder,Weak encoding,1.0,0.9,0,0.0,50,filler,0.0
2.0,0.0,No reminder,Weak encoding,1.0,0.9,0,0.0,51,filler,0.0
2.0,0.0,No reminder,Weak encoding,1.0,0.9,0,0.0,52,filler,0.0
2.0,0.0,No reminder,Weak encoding,1.0,0.9,0,0.0,53,filler,0.0
2.0,0.0,No reminder,Weak encoding,1.0,0.9,0,0.0,54,filler,0.0
2.0,0.0,No reminder,Weak encoding,1.0,0.9,0,0.0,55,filler,0.0
2.0,0.0,No reminder,Weak encoding,1.0,0.9,0,0.0,56,filler,0.0
2.0,0.0,No reminder,Weak encoding,1.0,0.9,0,0.0,57,filler,0.0
2.0,0.0,No reminder,Weak encoding,1.0,0.9,0,0.0,58,filler,0.0
2.0,0.0,No reminder,Weak encoding,1.0,0.9,0,0.0,59,filler,0.0
2.0,0.0,No reminder,Weak encoding,1.0,0.9,0,0.0,60,filler,0.0
2.0,0.0,No reminder,Weak encoding,1.0,0.9,0,0.0,61,filler,0.0
2.0,0.0,No reminder,Weak encoding,1.0,0.9,0,0.0,62,filler,0.0
2.0,0.0,No reminder,Weak encoding,1.0,0.9,0,0.0,63,filler,0.0
2.0,0.0,No reminder,Weak encoding,1.0,0.9,0,0.0,64,filler,0.0
2.0,0.0,No reminder,Strong encoding,2.0,0.9,0,0.0,1,film,0.39480000734329224
2.0,0.0,No reminder,Strong encoding,2.0,0.9,0,0.0,2,film,0.382999986410141
2.0,0.0,No reminder,Strong encoding,2.0,0.9,0,0.0,3,film,0.4000000059604645
2.0,0.0,No reminder,Strong encoding,2.0,0.9,0,0.0,4,film,0.4228000044822693
2.0,0.0,No reminder,Strong encoding,2.0,0.9,0,0.0,5,film,0.4415999948978424
2.0,0.0,No reminder,Strong encoding,2.0,0.9,0,0.0,6,film,0.45840001106262207
2.0,0.0,No reminder,Strong encoding,2.0,0.9,0,0.0,7,film,0.4745999872684479
2.0,0.0,No reminder,Strong encoding,2.0,0.9,0,0.0,8,film,0.48660001158714294
2.0,0.0,No reminder,Strong encoding,2.0,0.9,0,0.0,9,film,0.48660001158714294
2.0,0.0,No reminder,Strong encoding,2.0,0.9,0,0.0,10,film,0.4749999940395355
2.0,0.0,No reminder,Strong encoding,2.0,0.9,0,0.0,11,film,0.49300000071525574
2.0,0.0,No reminder,Strong encoding,2.0,0.9,0,0.0,12,film,0.45899999141693115
2.0,0.0,No reminder,Strong encoding,2.0,0.9,0,0.0,13,film,0.4472000002861023
2.0,0.0,No reminder,Strong encoding,2.0,0.9,0,0.0,14,film,0.4390000104904175
2.0,0.0,No reminder,Strong encoding,2.0,0.9,0,0.0,15,film,0.3991999924182892
2.0,0.0,No reminder,Strong encoding,2.0,0.9,0,0.0,16,film,0.362199991941452
2.0,0.0,No reminder,Strong encoding,2.0,0.9,0,0.0,17,break,0.18639999628067017
2.0,0.0,No reminder,Strong encoding,2.0,0.9,0,0.0,18,break,0.13379999995231628
2.0,0.0,No reminder,Strong encoding,2.0,0.9,0,0.0,19,break,0.08560000360012054
2.0,0.0,No reminder,Strong encoding,2.0,0.9,0,0.0,20,break,0.05620000138878822
2.0,0.0,No reminder,Strong encoding,2.0,0.9,0,0.0,21,break,0.041200000792741776
2.0,0.0,No reminder,Strong encoding,2.0,0.9,0,0.0,22,break,0.029200000688433647
2.0,0.0,No reminder,Strong encoding,2.0,0.9,0,0.0,23,break,0.015799999237060547
2.0,0.0,No reminder,Strong encoding,2.0,0.9,0,0.0,24,break,0.013399999588727951
2.0,0.0,No reminder,Strong encoding,2.0,0.9,0,0.0,25,break,0.007799999788403511
2.0,0.0,No reminder,Strong encoding,2.0,0.9,0,0.0,26,break,0.006800000090152025
2.0,0.0,No reminder,Strong encoding,2.0,0.9,0,0.0,27,break,0.004999999888241291
2.0,0.0,No reminder,Strong encoding,2.0,0.9,0,0.0,28,break,0.0015999999595806003
2.0,0.0,No reminder,Strong encoding,2.0,0.9,0,0.0,29,break,0.0015999999595806003
2.0,0.0,No reminder,Strong encoding,2.0,0.9,0,0.0,30,break,0.0015999999595806003
2.0,0.0,No reminder,Strong encoding,2.0,0.9,0,0.0,31,break,0.00039999998989515007
2.0,0.0,No reminder,Strong encoding,2.0,0.9,0,0.0,32,break,0.0012000000569969416
2.0,0.0,No reminder,Strong encoding,2.0,0.9,0,0.0,33,task,0.0031999999191612005
2.0,0.0,No reminder,Strong encoding,2.0,0.9,0,0.0,34,task,0.00279999990016222
2.0,0.0,No reminder,Strong encoding,2.0,0.9,0,0.0,35,task,0.002400000113993883
2.0,0.0,No reminder,Strong encoding,2.0,0.9,0,0.0,36,task,0.0026000000070780516
2.0,0.0,No reminder,Strong encoding,2.0,0.9,0,0.0,37,task,0.0010000000474974513
2.0,0.0,No reminder,Strong encoding,2.0,0.9,0,0.0,38,task,0.0007999999797903001
2.0,0.0,No reminder,Strong encoding,2.0,0.9,0,0.0,39,task,0.0006000000284984708
2.0,0.0,No reminder,Strong encoding,2.0,0.9,0,0.0,40,task,0.0006000000284984708
2.0,0.0,No reminder,Strong encoding,2.0,0.9,0,0.0,41,task,0.00039999998989515007
2.0,0.0,No reminder,Strong encoding,2.0,0.9,0,0.0,42,task,0.00039999998989515007
2.0,0.0,No reminder,Strong encoding,2.0,0.9,0,0.0,43,task,0.0
2.0,0.0,No reminder,Strong encoding,2.0,0.9,0,0.0,44,task,0.0
2.0,0.0,No reminder,Strong encoding,2.0,0.9,0,0.0,45,task,0.0
2.0,0.0,No reminder,Strong encoding,2.0,0.9,0,0.0,46,task,0.0
2.0,0.0,No reminder,Strong encoding,2.0,0.9,0,0.0,47,task,0.0
2.0,0.0,No reminder,Strong encoding,2.0,0.9,0,0.0,48,task,0.0
2.0,0.0,No reminder,Strong encoding,2.0,0.9,0,0.0,49,filler,0.0
2.0,0.0,No reminder,Strong encoding,2.0,0.9,0,0.0,50,filler,0.0
2.0,0.0,No reminder,Strong encoding,2.0,0.9,0,0.0,51,filler,0.0
2.0,0.0,No reminder,Strong encoding,2.0,0.9,0,0.0,52,filler,0.0
2.0,0.0,No reminder,Strong encoding,2.0,0.9,0,0.0,53,filler,0.0
2.0,0.0,No reminder,Strong encoding,2.0,0.9,0,0.0,54,filler,0.0
2.0,0.0,No reminder,Strong encoding,2.0,0.9,0,0.0,55,filler,0.0
2.0,0.0,No reminder,Strong encoding,2.0,0.9,0,0.0,56,filler,0.0
2.0,0.0,No reminder,Strong encoding,2.0,0.9,0,0.0,57,filler,0.0
2.0,0.0,No reminder,Strong encoding,2.0,0.9,0,0.0,58,filler,0.0
2.0,0.0,No reminder,Strong encoding,2.0,0.9,0,0.0,59,filler,0.0
2.0,0.0,No reminder,Strong encoding,2.0,0.9,0,0.0,60,filler,0.0
2.0,0.0,No reminder,Strong encoding,2.0,0.9,0,0.0,61,filler,0.0
2.0,0.0,No reminder,Strong encoding,2.0,0.9,0,0.0,62,filler,0.0
2.0,0.0,No reminder,Strong encoding,2.0,0.9,0,0.0,63,filler,0.0
2.0,0.0,No reminder,Strong encoding,2.0,0.9,0,0.0,64,filler,0.0
2.0,0.0,With reminder,Weak encoding,1.0,0.9,0,0.0,1,film,0.3840000033378601
2.0,0.0,With reminder,Weak encoding,1.0,0.9,0,0.0,2,film,0.37139999866485596
2.0,0.0,With reminder,Weak encoding,1.0,0.9,0,0.0,3,film,0.4000000059604645
2.0,0.0,With reminder,Weak encoding,1.0,0.9,0,0.0,4,film,0.4108000099658966
2.0,0.0,With reminder,Weak encoding,1.0,0.9,0,0.0,5,film,0.41040000319480896
2.0,0.0,With reminder,Weak encoding,1.0,0.9,0,0.0,6,film,0.4465999901294708
2.0,0.0,With reminder,Weak encoding,1.0,0.9,0,0.0,7,film,0.43779999017715454
2.0,0.0,With reminder,Weak encoding,1.0,0.9,0,0.0,8,film,0.45680001378059387
2.0,0.0,With reminder,Weak encoding,1.0,0.9,0,0.0,9,film,0.4514000117778778
2.0,0.0,With reminder,Weak encoding,1.0,0.9,0,0.0,10,film,0.459199994802475
2.0,0.0,With reminder,Weak encoding,1.0,0.9,0,0.0,11,film,0.44020000100135803
2.0,0.0,With reminder,Weak encoding,1.0,0.9,0,0.0,12,film,0.42399999499320984
2.0,0.0,With reminder,Weak encoding,1.0,0.9,0,0.0,13,film,0.40119999647140503
2.0,0.0,With reminder,Weak encoding,1.0,0.9,0,0.0,14,film,0.38199999928474426
2.0,0.0,With reminder,Weak encoding,1.0,0.9,0,0.0,15,film,0.3418000042438507
2.0,0.0,With reminder,Weak encoding,1.0,0.9,0,0.0,16,film,0.3149999976158142
2.0,0.0,With reminder,Weak encoding,1.0,0.9,0,0.0,17,break,0.15379999577999115
2.0,0.0,With reminder,Weak encoding,1.0,0.9,0,0.0,18,break,0.09619999676942825
2.0,0.0,With reminder,Weak encoding,1.0,0.9,0,0.0,19,break,0.06780000030994415
2.0,0.0,With reminder,Weak encoding,1.0,0.9,0,0.0,20,break,0.044599998742341995
2.0,0.0,With reminder,Weak encoding,1.0,0.9,0,0.0,21,break,0.02979999966919422
2.0,0.0,With reminder,Weak encoding,1.0,0.9,0,0.0,22,break,0.026200000196695328
2.0,0.0,With reminder,Weak encoding,1.0,0.9,0,0.0,23,break,0.015599999576807022
2.0,0.0,With reminder,Weak encoding,1.0,0.9,0,0.0,24,break,0.009600000455975533
2.0,0.0,With reminder,Weak encoding,1.0,0.9,0,0.0,25,break,0.00800000037997961
2.0,0.0,With reminder,Weak encoding,1.0,0.9,0,0.0,26,break,0.004999999888241291
2.0,0.0,With reminder,Weak encoding,1.0,0.9,0,0.0,27,break,0.003000000026077032
2.0,0.0,With reminder,Weak encoding,1.0,0.9,0,0.0,28,break,0.0020000000949949026
2.0,0.0,With reminder,Weak encoding,1.0,0.9,0,0.0,29,break,0.0020000000949949026
2.0,0.0,With reminder,Weak encoding,1.0,0.9,0,0.0,30,break,0.00039999998989515007
2.0,0.0,With reminder,Weak encoding,1.0,0.9,0,0.0,31,break,0.0012000000569969416
2.0,0.0,With reminder,Weak encoding,1.0,0.9,0,0.0,32,break,0.00039999998989515007
2.0,0.0,With reminder,Weak encoding,1.0,0.9,0,0.0,33,task,0.1979999989271164
2.0,0.0,With reminder,Weak encoding,1.0,0.9,0,0.0,34,task,0.14380000531673431
2.0,0.0,With reminder,Weak encoding,1.0,0.9,0,0.0,35,task,0.09120000153779984
2.0,0.0,With reminder,Weak encoding,1.0,0.9,0,0.0,36,task,0.06679999828338623
2.0,0.0,With reminder,Weak encoding,1.0,0.9,0,0.0,37,task,0.046799998730421066
2.0,0.0,With reminder,Weak encoding,1.0,0.9,0,0.0,38,task,0.02239999920129776
2.0,0.0,With reminder,Weak encoding,1.0,0.9,0,0.0,39,task,0.020400000736117363
2.0,0.0,With reminder,Weak encoding,1.0,0.9,0,0.0,40,task,0.014000000432133675
2.0,0.0,With reminder,Weak encoding,1.0,0.9,0,0.0,41,task,0.009600000455975533
2.0,0.0,With reminder,Weak encoding,1.0,0.9,0,0.0,42,task,0.003800000064074993
2.0,0.0,With reminder,Weak encoding,1.0,0.9,0,0.0,43,task,0.004800000227987766
2.0,0.0,With reminder,Weak encoding,1.0,0.9,0,0.0,44,task,0.003800000064074993
2.0,0.0,With reminder,Weak encoding,1.0,0.9,0,0.0,45,task,0.0020000000949949026
2.0,0.0,With reminder,Weak encoding,1.0,0.9,0,0.0,46,task,0.00139999995008111
2.0,0.0,With reminder,Weak encoding,1.0,0.9,0,0.0,47,task,0.0010000000474974513
2.0,0.0,With reminder,Weak encoding,1.0,0.9,0,0.0,48,task,0.0007999999797903001
2.0,0.0,With reminder,Weak encoding,1.0,0.9,0,0.0,49,filler,0.0012000000569969416
2.0,0.0,With reminder,Weak encoding,1.0,0.9,0,0.0,50,filler,0.0
2.0,0.0,With reminder,Weak encoding,1.0,0.9,0,0.0,51,filler,0.00019999999494757503
2.0,0.0,With reminder,Weak encoding,1.0,0.9,0,0.0,52,filler,0.0
2.0,0.0,With reminder,Weak encoding,1.0,0.9,0,0.0,53,filler,0.0
2.0,0.0,With reminder,Weak encoding,1.0,0.9,0,0.0,54,filler,0.0
2.0,0.0,With reminder,Weak encoding,1.0,0.9,0,0.0,55,filler,0.0
2.0,0.0,With reminder,Weak encoding,1.0,0.9,0,0.0,56,filler,0.0
2.0,0.0,With reminder,Weak encoding,1.0,0.9,0,0.0,57,filler,0.0
2.0,0.0,With reminder,Weak encoding,1.0,0.9,0,0.0,58,filler,0.0
2.0,0.0,With reminder,Weak encoding,1.0,0.9,0,0.0,59,filler,0.0
2.0,0.0,With reminder,Weak encoding,1.0,0.9,0,0.0,60,filler,0.0
2.0,0.0,With reminder,Weak encoding,1.0,0.9,0,0.0,61,filler,0.0
2.0,0.0,With reminder,Weak encoding,1.0,0.9,0,0.0,62,filler,0.0
2.0,0.0,With reminder,Weak encoding,1.0,0.9,0,0.0,63,filler,0.0
2.0,0.0,With reminder,Weak encoding,1.0,0.9,0,0.0,64,filler,0.00019999999494757503
2.0,0.0,With reminder,Strong encoding,2.0,0.9,0,0.0,1,film,0.337799996137619
2.0,0.0,With reminder,Strong encoding,2.0,0.9,0,0.0,2,film,0.31200000643730164
2.0,0.0,With reminder,Strong encoding,2.0,0.9,0,0.0,3,film,0.3147999942302704
2.0,0.0,With reminder,Strong encoding,2.0,0.9,0,0.0,4,film,0.32679998874664307
2.0,0.0,With reminder,Strong encoding,2.0,0.9,0,0.0,5,film,0.32280001044273376
2.0,0.0,With reminder,Strong encoding,2.0,0.9,0,0.0,6,film,0.33160001039505005
2.0,0.0,With reminder,Strong encoding,2.0,0.9,0,0.0,7,film,0.3271999955177307
2.0,0.0,With reminder,Strong encoding,2.0,0.9,0,0.0,8,film,0.3325999975204468
2.0,0.0,With reminder,Strong encoding,2.0,0.9,0,0.0,9,film,0.32519999146461487
2.0,0.0,With reminder,Strong encoding,2.0,0.9,0,0.0,10,film,0.30480000376701355
2.0,0.0,With reminder,Strong encoding,2.0,0.9,0,0.0,11,film,0.29679998755455017
2.0,0.0,With reminder,Strong encoding,2.0,0.9,0,0.0,12,film,0.27619999647140503
2.0,0.0,With reminder,Strong encoding,2.0,0.9,0,0.0,13,film,0.259799987077713
2.0,0.0,With reminder,Strong encoding,2.0,0.9,0,0.0,14,film,0.2409999966621399
2.0,0.0,With reminder,Strong encoding,2.0,0.9,0,0.0,15,film,0.20839999616146088
2.0,0.0,With reminder,Strong encoding,2.0,0.9,0,0.0,16,film,0.17919999361038208
2.0,0.0,With reminder,Strong encoding,2.0,0.9,0,0.0,17,break,0.07180000096559525
2.0,0.0,With reminder,Strong encoding,2.0,0.9,0,0.0,18,break,0.055399999022483826
2.0,0.0,With reminder,Strong encoding,2.0,0.9,0,0.0,19,break,0.03359999880194664
2.0,0.0,With reminder,Strong encoding,2.0,0.9,0,0.0,20,break,0.020600000396370888
2.0,0.0,With reminder,Strong encoding,2.0,0.9,0,0.0,21,break,0.01119999960064888
2.0,0.0,With reminder,Strong encoding,2.0,0.9,0,0.0,22,break,0.01080000028014183
2.0,0.0,With reminder,Strong encoding,2.0,0.9,0,0.0,23,break,0.006399999838322401
2.0,0.0,With reminder,Strong encoding,2.0,0.9,0,0.0,24,break,0.0034000000450760126
2.0,0.0,With reminder,Strong encoding,2.0,0.9,0,0.0,25,break,0.002400000113993883
2.0,0.0,With reminder,Strong encoding,2.0,0.9,0,0.0,26,break,0.00279999990016222
2.0,0.0,With reminder,Strong encoding,2.0,0.9,0,0.0,27,break,0.0010000000474974513
2.0,0.0,With reminder,Strong encoding,2.0,0.9,0,0.0,28,break,0.0015999999595806003
2.0,0.0,With reminder,Strong encoding,2.0,0.9,0,0.0,29,break,0.0006000000284984708
2.0,0.0,With reminder,Strong encoding,2.0,0.9,0,0.0,30,break,0.0
2.0,0.0,With reminder,Strong encoding,2.0,0.9,0,0.0,31,break,0.00019999999494757503
2.0,0.0,With reminder,Strong encoding,2.0,0.9,0,0.0,32,break,0.00039999998989515007
2.0,0.0,With reminder,Strong encoding,2.0,0.9,0,0.0,33,task,0.6611999869346619
2.0,0.0,With reminder,Strong encoding,2.0,0.9,0,0.0,34,task,0.5356000065803528
2.0,0.0,With reminder,Strong encoding,2.0,0.9,0,0.0,35,task,0.41280001401901245
2.0,0.0,With reminder,Strong encoding,2.0,0.9,0,0.0,36,task,0.31200000643730164
2.0,0.0,With reminder,Strong encoding,2.0,0.9,0,0.0,37,task,0.22599999606609344
2.0,0.0,With reminder,Strong encoding,2.0,0.9,0,0.0,38,task,0.15299999713897705
2.0,0.0,With reminder,Strong encoding,2.0,0.9,0,0.0,39,task,0.11020000278949738
2.0,0.0,With reminder,Strong encoding,2.0,0.9,0,0.0,40,task,0.07599999755620956
2.0,0.0,With reminder,Strong encoding,2.0,0.9,0,0.0,41,task,0.052000001072883606
2.0,0.0,With reminder,Strong encoding,2.0,0.9,0,0.0,42,task,0.035999998450279236
2.0,0.0,With reminder,Strong encoding,2.0,0.9,0,0.0,43,task,0.024800000712275505
2.0,0.0,With reminder,Strong encoding,2.0,0.9,0,0.0,44,task,0.014800000004470348
2.0,0.0,With reminder,Strong encoding,2.0,0.9,0,0.0,45,task,0.015399999916553497
2.0,0.0,With reminder,Strong encoding,2.0,0.9,0,0.0,46,task,0.006800000090152025
2.0,0.0,With reminder,Strong encoding,2.0,0.9,0,0.0,47,task,0.007000000216066837
2.0,0.0,With reminder,Strong encoding,2.0,0.9,0,0.0,48,task,0.004399999976158142
2.0,0.0,With reminder,Strong encoding,2.0,0.9,0,0.0,49,filler,0.00039999998989515007
2.0,0.0,With reminder,Strong encoding,2.0,0.9,0,0.0,50,filler,0.00019999999494757503
2.0,0.0,With reminder,Strong encoding,2.0,0.9,0,0.0,51,filler,0.0
2.0,0.0,With reminder,Strong encoding,2.0,0.9,0,0.0,52,filler,0.00019999999494757503
2.0,0.0,With reminder,Strong encoding,2.0,0.9,0,0.0,53,filler,0.00019999999494757503
2.0,0.0,With reminder,Strong encoding,2.0,0.9,0,0.0,54,filler,0.0
2.0,0.0,With reminder,Strong encoding,2.0,0.9,0,0.0,55,filler,0.0
2.0,0.0,With reminder,Strong encoding,2.0,0.9,0,0.0,56,filler,0.0
2.0,0.0,With reminder,Strong encoding,2.0,0.9,0,0.0,57,filler,0.0
2.0,0.0,With reminder,Strong encoding,2.0,0.9,0,0.0,58,filler,0.0
2.0,0.0,With reminder,Strong encoding,2.0,0.9,0,0.0,59,filler,0.0
2.0,0.0,With reminder,Strong encoding,2.0,0.9,0,0.0,60,filler,0.0
2.0,0.0,With reminder,Strong encoding,2.0,0.9,0,0.0,61,filler,0.0
2.0,0.0,With reminder,Strong encoding,2.0,0.9,0,0.0,62,filler,0.0
2.0,0.0,With reminder,Strong encoding,2.0,0.9,0,0.0,63,filler,0.0
2.0,0.0,With reminder,Strong encoding,2.0,0.9,0,0.0,64,filler,0.0
2.5,1.0,No reminder,Weak encoding,1.0,0.9,0,0.0,1,film,0.3808000087738037
2.5,1.0,No reminder,Weak encoding,1.0,0.9,0,0.0,2,film,0.36059999465942383
2.5,1.0,No reminder,Weak encoding,1.0,0.9,0,0.0,3,film,0.37540000677108765
2.5,1.0,No reminder,Weak encoding,1.0,0.9,0,0.0,4,film,0.40720000863075256
2.5,1.0,No reminder,Weak encoding,1.0,0.9,0,0.0,5,film,0.4251999855041504
2.5,1.0,No reminder,Weak encoding,1.0,0.9,0,0.0,6,film,0.44339999556541443
2.5,1.0,No reminder,Weak encoding,1.0,0.9,0,0.0,7,film,0.44859999418258667
2.5,1.0,No reminder,Weak encoding,1.0,0.9,0,0.0,8,film,0.4586000144481659
2.5,1.0,No reminder,Weak encoding,1.0,0.9,0,0.0,9,film,0.4603999853134155
2.5,1.0,No reminder,Weak encoding,1.0,0.9,0,0.0,10,film,0.4553999900817871
2.5,1.0,No reminder,Weak encoding,1.0,0.9,0,0.0,11,film,0.44600000977516174
2.5,1.0,No reminder,Weak encoding,1.0,0.9,0,0.0,12,film,0.4456000030040741
2.5,1.0,No reminder,Weak encoding,1.0,0.9,0,0.0,13,film,0.4203999936580658
2.5,1.0,No reminder,Weak encoding,1.0,0.9,0,0.0,14,film,0.39800000190734863
2.5,1.0,No reminder,Weak encoding,1.0,0.9,0,0.0,15,film,0.38019999861717224
2.5,1.0,No reminder,Weak encoding,1.0,0.9,0,0.0,16,film,0.3458000123500824
2.5,1.0,No reminder,Weak encoding,1.0,0.9,0,0.0,17,break,0.19200000166893005
2.5,1.0,No reminder,Weak encoding,1.0,0.9,0,0.0,18,break,0.15160000324249268
2.5,1.0,No reminder,Weak encoding,1.0,0.9,0,0.0,19,break,0.11540000140666962
2.5,1.0,No reminder,Weak encoding,1.0,0.9,0,0.0,20,break,0.09319999814033508
2.5,1.0,No reminder,Weak encoding,1.0,0.9,0,0.0,21,break,0.08079999685287476
2.5,1.0,No reminder,Weak encoding,1.0,0.9,0,0.0,22,break,0.06120000034570694
2.5,1.0,No reminder,Weak encoding,1.0,0.9,0,0.0,23,break,0.053599998354911804
2.5,1.0,No reminder,Weak encoding,1.0,0.9,0,0.0,24,break,0.04320000112056732
2.5,1.0,No reminder,Weak encoding,1.0,0.9,0,0.0,25,break,0.033399999141693115
2.5,1.0,No reminder,Weak encoding,1.0,0.9,0,0.0,26,break,0.02759999968111515
2.5,1.0,No reminder,Weak encoding,1.0,0.9,0,0.0,27,break,0.021199999377131462
2.5,1.0,No reminder,Weak encoding,1.0,0.9,0,0.0,28,break,0.0142000000923872
2.5,1.0,No reminder,Weak encoding,1.0,0.9,0,0.0,29,break,0.012400000356137753
2.5,1.0,No reminder,Weak encoding,1.0,0.9,0,0.0,30,break,0.010599999688565731
2.5,1.0,No reminder,Weak encoding,1.0,0.9,0,0.0,31,break,0.00860000029206276
2.5,1.0,No reminder,Weak encoding,1.0,0.9,0,0.0,32,break,0.004999999888241291
2.5,1.0,No reminder,Weak encoding,1.0,0.9,0,0.0,33,task,0.005400000140070915
2.5,1.0,No reminder,Weak encoding,1.0,0.9,0,0.0,34,task,0.003599999938160181
2.5,1.0,No reminder,Weak encoding,1.0,0.9,0,0.0,35,task,0.004399999976158142
2.5,1.0,No reminder,Weak encoding,1.0,0.9,0,0.0,36,task,0.003599999938160181
2.5,1.0,No reminder,Weak encoding,1.0,0.9,0,0.0,37,task,0.0012000000569969416
2.5,1.0,No reminder,Weak encoding,1.0,0.9,0,0.0,38,task,0.0012000000569969416
2.5,1.0,No reminder,Weak encoding,1.0,0.9,0,0.0,39,task,0.0012000000569969416
2.5,1.0,No reminder,Weak encoding,1.0,0.9,0,0.0,40,task,0.0007999999797903001
2.5,1.0,No reminder,Weak encoding,1.0,0.9,0,0.0,41,task,0.00039999998989515007
2.5,1.0,No reminder,Weak encoding,1.0,0.9,0,0.0,42,task,0.0007999999797903001
2.5,1.0,No reminder,Weak encoding,1.0,0.9,0,0.0,43,task,0.0006000000284984708
2.5,1.0,No reminder,Weak encoding,1.0,0.9,0,0.0,44,task,0.00019999999494757503
2.5,1.0,No reminder,Weak encoding,1.0,0.9,0,0.0,45,task,0.00039999998989515007
2.5,1.0,No reminder,Weak encoding,1.0,0.9,0,0.0,46,task,0.0
2.5,1.0,No reminder,Weak encoding,1.0,0.9,0,0.0,47,task,0.0
2.5,1.0,No reminder,Weak encoding,1.0,0.9,0,0.0,48,task,0.0
2.5,1.0,No reminder,Weak encoding,1.0,0.9,0,0.0,49,filler,0.0
2.5,1.0,No reminder,Weak encoding,1.0,0.9,0,0.0,50,filler,0.0
2.5,1.0,No reminder,Weak encoding,1.0,0.9,0,0.0,51,filler,0.0
2.5,1.0,No reminder,Weak encoding,1.0,0.9,0,0.0,52,filler,0.0
2.5,1.0,No reminder,Weak encoding,1.0,0.9,0,0.0,53,filler,0.0
2.5,1.0,No reminder,Weak encoding,1.0,0.9,0,0.0,54,filler,0.0
2.5,1.0,No reminder,Weak encoding,1.0,0.9,0,0.0,55,filler,0.0
2.5,1.0,No reminder,Weak encoding,1.0,0.9,0,0.0,56,filler,0.0
2.5,1.0,No reminder,Weak encoding,1.0,0.9,0,0.0,57,filler,0.00019999999494757503
2.5,1.0,No reminder,Weak encoding,1.0,0.9,0,0.0,58,filler,0.0
2.5,1.0,No reminder,Weak encoding,1.0,0.9,0,0.0,59,filler,0.0
2.5,1.0,No reminder,Weak encoding,1.0,0.9,0,0.0,60,filler,0.0
2.5,1.0,No reminder,Weak encoding,1.0,0.9,0,0.0,61,filler,0.0
2.5,1.0,No reminder,Weak encoding,1.0,0.9,0,0.0,62,filler,0.0
2.5,1.0,No reminder,Weak encoding,1.0,0.9,0,0.0,63,filler,0.0
2.5,1.0,No reminder,Weak encoding,1.0,0.9,0,0.0,64,filler,0.0
2.5,1.0,No reminder,Strong encoding,2.0,0.9,0,0.0,1,film,0.38600000739097595
2.5,1.0,No reminder,Strong encoding,2.0,0.9,0,0.0,2,film,0.352400004863739
2.5,1.0,No reminder,Strong encoding,2.0,0.9,0,0.0,3,film,0.375
2.5,1.0,No reminder,Strong encoding,2.0,0.9,0,0.0,4,film,0.3935999870300293
2.5,1.0,No reminder,Strong encoding,2.0,0.9,0,0.0,5,film,0.415800005197525
2.5,1.0,No reminder,Strong encoding,2.0,0.9,0,0.0,6,film,0.42660000920295715
2.5,1.0,No reminder,Strong encoding,2.0,0.9,0,0.0,7,film,0.4498000144958496
2.5,1.0,No reminder,Strong encoding,2.0,0.9,0,0.0,8,film,0.4505999982357025
2.5,1.0,No reminder,Strong encoding,2.0,0.9,0,0.0,9,film,0.4440000057220459
2.5,1.0,No reminder,Strong encoding,2.0,0.9,0,0.0,10,film,0.454800009727478
2.5,1.0,No reminder,Strong encoding,2.0,0.9,0,0.0,11,film,0.4350000023841858
2.5,1.0,No reminder,Strong encoding,2.0,0.9,0,0.0,12,film,0.44679999351501465
2.5,1.0,No reminder,Strong encoding,2.0,0.9,0,0.0,13,film,0.4205999970436096
2.5,1.0,No reminder,Strong encoding,2.0,0.9,0,0.0,14,film,0.4016000032424927
2.5,1.0,No reminder,Strong encoding,2.0,0.9,0,0.0,15,film,0.367000013589859
2.5,1.0,No reminder,Strong encoding,2.0,0.9,0,0.0,16,film,0.3431999981403351
2.5,1.0,No reminder,Strong encoding,2.0,0.9,0,0.0,17,break,0.18219999969005585
2.5,1.0,No reminder,Strong encoding,2.0,0.9,0,0.0,18,break,0.14920000731945038
2.5,1.0,No reminder,Strong encoding,2.0,0.9,0,0.0,19,break,0.11400000005960464
2.5,1.0,No reminder,Strong encoding,2.0,0.9,0,0.0,20,break,0.08900000154972076
2.5,1.0,No reminder,Strong encoding,2.0,0.9,0,0.0,21,break,0.07360000163316727
2.5,1.0,No reminder,Strong encoding,2.0,0.9,0,0.0,22,break,0.06120000034570694
2.5,1.0,No reminder,Strong encoding,2.0,0.9,0,0.0,23,break,0.04360000044107437
2.5,1.0,No reminder,Strong encoding,2.0,0.9,0,0.0,24,break,0.032999999821186066
2.5,1.0,No reminder,Strong encoding,2.0,0.9,0,0.0,25,break,0.023000000044703484
2.5,1.0,No reminder,Strong encoding,2.0,0.9,0,0.0,26,break,0.019999999552965164
2.5,1.0,No reminder,Strong encoding,2.0,0.9,0,0.0,27,break,0.012799999676644802
2.5,1.0,No reminder,Strong encoding,2.0,0.9,0,0.0,28,break,0.010400000028312206
2.5,1.0,No reminder,Strong encoding,2.0,0.9,0,0.0,29,break,0.009200000204145908
2.5,1.0,No reminder,Strong encoding,2.0,0.9,0,0.0,30,break,0.005200000014156103
2.5,1.0,No reminder,Strong encoding,2.0,0.9,0,0.0,31,break,0.003599999938160181
2.5,1.0,No reminder,Strong encoding,2.0,0.9,0,0.0,32,break,0.003800000064074993
2.5,1.0,No reminder,Strong encoding,2.0,0.9,0,0.0,33,task,0.030799999833106995
2.5,1.0,No reminder,Strong encoding,2.0,0.9,0,0.0,34,task,0.02979999966919422
2.5,1.0,No reminder,Strong encoding,2.0,0.9,0,0.0,35,task,0.024000000208616257
2.5,1.0,No reminder,Strong encoding,2.0,0.9,0,0.0,36,task,0.02419999986886978
2.5,1.0,No reminder,Strong encoding,2.0,0.9,0,0.0,37,task,0.01899999938905239
2.5,1.0,No reminder,Strong encoding,2.0,0.9,0,0.0,38,task,0.01940000057220459
2.5,1.0,No reminder,Strong encoding,2.0,0.9,0,0.0,39,task,0.014000000432133675
2.5,1.0,No reminder,Strong encoding,2.0,0.9,0,0.0,40,task,0.0142000000923872
2.5,1.0,No reminder,Strong encoding,2.0,0.9,0,0.0,41,task,0.012400000356137753
2.5,1.0,No reminder,Strong encoding,2.0,0.9,0,0.0,42,task,0.010999999940395355
2.5,1.0,No reminder,Strong encoding,2.0,0.9,0,0.0,43,task,0.012199999764561653
2.5,1.0,No reminder,Strong encoding,2.0,0.9,0,0.0,44,task,0.006800000090152025
2.5,1.0,No reminder,Strong encoding,2.0,0.9,0,0.0,45,task,0.007199999876320362
2.5,1.0,No reminder,Strong encoding,2.0,0.9,0,0.0,46,task,0.007000000216066837
2.5,1.0,No reminder,Strong encoding,2.0,0.9,0,0.0,47,task,0.006599999964237213
2.5,1.0,No reminder,Strong encoding,2.0,0.9,0,0.0,48,task,0.003800000064074993
2.5,1.0,No reminder,Strong encoding,2.0,0.9,0,0.0,49,filler,0.0010000000474974513
2.5,1.0,No reminder,Strong encoding,2.0,0.9,0,0.0,50,filler,0.00019999999494757503
2.5,1.0,No reminder,Strong encoding,2.0,0.9,0,0.0,51,filler,0.0
2.5,1.0,No reminder,Strong encoding,2.0,0.9,0,0.0,52,filler,0.00019999999494757503
2.5,1.0,No reminder,Strong encoding,2.0,0.9,0,0.0,53,filler,0.0
2.5,1.0,No reminder,Strong encoding,2.0,0.9,0,0.0,54,filler,0.0
2.5,1.0,No reminder,Strong encoding,2.0,0.9,0,0.0,55,filler,0.0
2.5,1.0,No reminder,Strong encoding,2.0,0.9,0,0.0,56,filler,0.0
2.5,1.0,No reminder,Strong encoding,2.0,0.9,0,0.0,57,filler,0.00019999999494757503
2.5,1.0,No reminder,Strong encoding,2.0,0.9,0,0.0,58,filler,0.0
2.5,1.0,No reminder,Strong encoding,2.0,0.9,0,0.0,59,filler,0.0
2.5,1.0,No reminder,Strong encoding,2.0,0.9,0,0.0,60,filler,0.0
2.5,1.0,No reminder,Strong encoding,2.0,0.9,0,0.0,61,filler,0.0
2.5,1.0,No reminder,Strong encoding,2.0,0.9,0,0.0,62,filler,0.0
2.5,1.0,No reminder,Strong encoding,2.0,0.9,0,0.0,63,filler,0.0
2.5,1.0,No reminder,Strong encoding,2.0,0.9,0,0.0,64,filler,0.0
2.5,1.0,With reminder,Weak encoding,1.0,0.9,0,0.0,1,film,0.36419999599456787
2.5,1.0,With reminder,Weak encoding,1.0,0.9,0,0.0,2,film,0.35260000824928284
2.5,1.0,With reminder,Weak encoding,1.0,0.9,0,0.0,3,film,0.3458000123500824
2.5,1.0,With reminder,Weak encoding,1.0,0.9,0,0.0,4,film,0.3617999851703644
2.5,1.0,With reminder,Weak encoding,1.0,0.9,0,0.0,5,film,0.38339999318122864
2.5,1.0,With reminder,Weak encoding,1.0,0.9,0,0.0,6,film,0.3935999870300293
2.5,1.0,With reminder,Weak encoding,1.0,0.9,0,0.0,7,film,0.3937999904155731
2.5,1.0,With reminder,Weak encoding,1.0,0.9,0,0.0,8,film,0.40400001406669617
2.5,1.0,With reminder,Weak encoding,1.0,0.9,0,0.0,9,film,0.41200000047683716
2.5,1.0,With reminder,Weak encoding,1.0,0.9,0,0.0,10,film,0.40959998965263367
2.5,1.0,With reminder,Weak encoding,1.0,0.9,0,0.0,11,film,0.3977999985218048
2.5,1.0,With reminder,Weak encoding,1.0,0.9,0,0.0,12,film,0.38260000944137573
2.5,1.0,With reminder,Weak encoding,1.0,0.9,0,0.0,13,film,0.3598000109195709
2.5,1.0,With reminder,Weak encoding,1.0,0.9,0,0.0,14,film,0.3555999994277954
2.5,1.0,With reminder,Weak encoding,1.0,0.9,0,0.0,15,film,0.3425999879837036
2.5,1.0,With reminder,Weak encoding,1.0,0.9,0,0.0,16,film,0.30640000104904175
2.5,1.0,With reminder,Weak encoding,1.0,0.9,0,0.0,17,break,0.15860000252723694
2.5,1.0,With reminder,Weak encoding,1.0,0.9,0,0.0,18,break,0.12399999797344208
2.5,1.0,With reminder,Weak encoding,1.0,0.9,0,0.0,19,break,0.09019999951124191
2.5,1.0,With reminder,Weak encoding,1.0,0.9,0,0.0,20,break,0.0737999975681305
2.5,1.0,With reminder,Weak encoding,1.0,0.9,0,0.0,21,break,0.05640000104904175
2.5,1.0,With reminder,Weak encoding,1.0,0.9,0,0.0,22,break,0.044599998742341995
2.5,1.0,With reminder,Weak encoding,1.0,0.9,0,0.0,23,break,0.03519999980926514
2.5,1.0,With reminder,Weak encoding,1.0,0.9,0,0.0,24,break,0.027400000020861626
2.5,1.0,With reminder,Weak encoding,1.0,0.9,0,0.0,25,break,0.02160000056028366
2.5,1.0,With reminder,Weak encoding,1.0,0.9,0,0.0,26,break,0.017799999564886093
2.5,1.0,With reminder,Weak encoding,1.0,0.9,0,0.0,27,break,0.0142000000923872
2.5,1.0,With reminder,Weak encoding,1.0,0.9,0,0.0,28,break,0.010999999940395355
2.5,1.0,With reminder,Weak encoding,1.0,0.9,0,0.0,29,break,0.00800000037997961
2.5,1.0,With reminder,Weak encoding,1.0,0.9,0,0.0,30,break,0.004999999888241291
2.5,1.0,With reminder,Weak encoding,1.0,0.9,0,0.0,31,break,0.003800000064074993
2.5,1.0,With reminder,Weak encoding,1.0,0.9,0,0.0,32,break,0.0031999999191612005
2.5,1.0,With reminder,Weak encoding,1.0,0.9,0,0.0,33,task,0.21299999952316284
2.5,1.0,With reminder,Weak encoding,1.0,0.9,0,0.0,34,task,0.16419999301433563
2.5,1.0,With reminder,Weak encoding,1.0,0.9,0,0.0,35,task,0.13760000467300415
2.5,1.0,With reminder,Weak encoding,1.0,0.9,0,0.0,36,task,0.11060000211000443
2.5,1.0,With reminder,Weak encoding,1.0,0.9,0,0.0,37,task,0.08179999887943268
2.5,1.0,With reminder,Weak encoding,1.0,0.9,0,0.0,38,task,0.07559999823570251
2.5,1.0,With reminder,Weak encoding,1.0,0.9,0,0.0,39,task,0.054999999701976776
2.5,1.0,With reminder,Weak encoding,1.0,0.9,0,0.0,40,task,0.04019999876618385
2.5,1.0,With reminder,Weak encoding,1.0,0.9,0,0.0,41,task,0.03400000184774399
2.5,1.0,With reminder,Weak encoding,1.0,0.9,0,0.0,42,task,0.027000000700354576
2.5,1.0,With reminder,Weak encoding,1.0,0.9,0,0.0,43,task,0.020999999716877937
2.5,1.0,With reminder,Weak encoding,1.0,0.9,0,0.0,44,task,0.01600000075995922
2.5,1.0,With reminder,Weak encoding,1.0,0.9,0,0.0,45,task,0.01119999960064888
2.5,1.0,With reminder,Weak encoding,1.0,0.9,0,0.0,46,task,0.01119999960064888
2.5,1.0,With reminder,Weak encoding,1.0,0.9,0,0.0,47,task,0.006800000090152025
2.5,1.0,With reminder,Weak encoding,1.0,0.9,0,0.0,48,task,0.005799999926239252
2.5,1.0,With reminder,Weak encoding,1.0,0.9,0,0.0,49,filler,0.003599999938160181
2.5,1.0,With reminder,Weak encoding,1.0,0.9,0,0.0,50,filler,0.004600000102072954
2.5,1.0,With reminder,Weak encoding,1.0,0.9,0,0.0,51,filler,0.0026000000070780516
2.5,1.0,With reminder,Weak encoding,1.0,0.9,0,0.0,52,filler,0.002400000113993883
2.5,1.0,With reminder,Weak encoding,1.0,0.9,0,0.0,53,filler,0.002199999988079071
2.5,1.0,With reminder,Weak encoding,1.0,0.9,0,0.0,54,filler,0.0020000000949949026
2.5,1.0,With reminder,Weak encoding,1.0,0.9,0,0.0,55,filler,0.0015999999595806003
2.5,1.0,With reminder,Weak encoding,1.0,0.9,0,0.0,56,filler,0.0010000000474974513
2.5,1.0,With reminder,Weak encoding,1.0,0.9,0,0.0,57,filler,0.0015999999595806003
2.5,1.0,With reminder,Weak encoding,1.0,0.9,0,0.0,58,filler,0.00039999998989515007
2.5,1.0,With reminder,Weak encoding,1.0,0.9,0,0.0,59,filler,0.00039999998989515007
2.5,1.0,With reminder,Weak encoding,1.0,0.9,0,0.0,60,filler,0.0006000000284984708
2.5,1.0,With reminder,Weak encoding,1.0,0.9,0,0.0,61,filler,0.0006000000284984708
2.5,1.0,With reminder,Weak encoding,1.0,0.9,0,0.0,62,filler,0.00039999998989515007
2.5,1.0,With reminder,Weak encoding,1.0,0.9,0,0.0,63,filler,0.0007999999797903001
2.5,1.0,With reminder,Weak encoding,1.0,0.9,0,0.0,64,filler,0.00019999999494757503
2.5,1.0,With reminder,Strong encoding,2.0,0.9,0,0.0,1,film,0.2207999974489212
2.5,1.0,With reminder,Strong encoding,2.0,0.9,0,0.0,2,film,0.20399999618530273
2.5,1.0,With reminder,Strong encoding,2.0,0.9,0,0.0,3,film,0.2021999955177307
2.5,1.0,With reminder,Strong encoding,2.0,0.9,0,0.0,4,film,0.19619999825954437
2.5,1.0,With reminder,Strong encoding,2.0,0.9,0,0.0,5,film,0.1860000044107437
2.5,1.0,With reminder,Strong encoding,2.0,0.9,0,0.0,6,film,0.18520000576972961
2.5,1.0,With reminder,Strong encoding,2.0,0.9,0,0.0,7,film,0.17100000381469727
2.5,1.0,With reminder,Strong encoding,2.0,0.9,0,0.0,8,film,0.17900000512599945
2.5,1.0,With reminder,Strong encoding,2.0,0.9,0,0.0,9,film,0.14959999918937683
2.5,1.0,With reminder,Strong encoding,2.0,0.9,0,0.0,10,film,0.15440000593662262
2.5,1.0,With reminder,Strong encoding,2.0,0.9,0,0.0,11,film,0.13259999454021454
2.5,1.0,With reminder,Strong encoding,2.0,0.9,0,0.0,12,film,0.1234000027179718
2.5,1.0,With reminder,Strong encoding,2.0,0.9,0,0.0,13,film,0.1096000000834465
2.5,1.0,With reminder,Strong encoding,2.0,0.9,0,0.0,14,film,0.10499999672174454
2.5,1.0,With reminder,Strong encoding,2.0,0.9,0,0.0,15,film,0.08699999749660492
2.5,1.0,With reminder,Strong encoding,2.0,0.9,0,0.0,16,film,0.07919999957084656
2.5,1.0,With reminder,Strong encoding,2.0,0.9,0,0.0,17,break,0.03620000183582306
2.5,1.0,With reminder,Strong encoding,2.0,0.9,0,0.0,18,break,0.02419999986886978
2.5,1.0,With reminder,Strong encoding,2.0,0.9,0,0.0,19,break,0.020800000056624413
2.5,1.0,With reminder,Strong encoding,2.0,0.9,0,0.0,20,break,0.015399999916553497
2.5,1.0,With reminder,Strong encoding,2.0,0.9,0,0.0,21,break,0.00860000029206276
2.5,1.0,With reminder,Strong encoding,2.0,0.9,0,0.0,22,break,0.008200000040233135
2.5,1.0,With reminder,Strong encoding,2.0,0.9,0,0.0,23,break,0.00559999980032444
2.5,1.0,With reminder,Strong encoding,2.0,0.9,0,0.0,24,break,0.004600000102072954
2.5,1.0,With reminder,Strong encoding,2.0,0.9,0,0.0,25,break,0.0031999999191612005
2.5,1.0,With reminder,Strong encoding,2.0,0.9,0,0.0,26,break,0.0020000000949949026
2.5,1.0,With reminder,Strong encoding,2.0,0.9,0,0.0,27,break,0.0017999999690800905
2.5,1.0,With reminder,Strong encoding,2.0,0.9,0,0.0,28,break,0.0006000000284984708
2.5,1.0,With reminder,Strong encoding,2.0,0.9,0,0.0,29,break,0.0010000000474974513
2.5,1.0,With reminder,Strong encoding,2.0,0.9,0,0.0,30,break,0.0007999999797903001
2.5,1.0,With reminder,Strong encoding,2.0,0.9,0,0.0,31,break,0.00039999998989515007
2.5,1.0,With reminder,Strong encoding,2.0,0.9,0,0.0,32,break,0.0
2.5,1.0,With reminder,Strong encoding,2.0,0.9,0,0.0,33,task,0.5224000215530396
2.5,1.0,With reminder,Strong encoding,2.0,0.9,0,0.0,34,task,0.5121999979019165
2.5,1.0,With reminder,Strong encoding,2.0,0.9,0,0.0,35,task,0.47920000553131104
2.5,1.0,With reminder,Strong encoding,2.0,0.9,0,0.0,36,task,0.4498000144958496
2.5,1.0,With reminder,Strong encoding,2.0,0.9,0,0.0,37,task,0.4230000078678131
2.5,1.0,With reminder,Strong encoding,2.0,0.9,0,0.0,38,task,0.3962000012397766
2.5,1.0,With reminder,Strong encoding,2.0,0.9,0,0.0,39,task,0.35499998927116394
2.5,1.0,With reminder,Strong encoding,2.0,0.9,0,0.0,40,task,0.33399999141693115
2.5,1.0,With reminder,Strong encoding,2.0,0.9,0,0.0,41,task,0.3003999888896942
2.5,1.0,With reminder,Strong encoding,2.0,0.9,0,0.0,42,task,0.2621999979019165
2.5,1.0,With reminder,Strong encoding,2.0,0.9,0,0.0,43,task,0.2321999967098236
2.5,1.0,With reminder,Strong encoding,2.0,0.9,0,0.0,44,task,0.2037999927997589
2.5,1.0,With reminder,Strong encoding,2.0,0.9,0,0.0,45,task,0.1728000044822693
2.5,1.0,With reminder,Strong encoding,2.0,0.9,0,0.0,46,task,0.15299999713897705
2.5,1.0,With reminder,Strong encoding,2.0,0.9,0,0.0,47,task,0.13120000064373016
2.5,1.0,With reminder,Strong encoding,2.0,0.9,0,0.0,48,task,0.10980000346899033
2.5,1.0,With reminder,Strong encoding,2.0,0.9,0,0.0,49,filler,0.009200000204145908
2.5,1.0,With reminder,Strong encoding,2.0,0.9,0,0.0,50,filler,0.006800000090152025
2.5,1.0,With reminder,Strong encoding,2.0,0.9,0,0.0,51,filler,0.007000000216066837
2.5,1.0,With reminder,Strong encoding,2.0,0.9,0,0.0,52,filler,0.0034000000450760126
2.5,1.0,With reminder,Strong encoding,2.0,0.9,0,0.0,53,filler,0.002199999988079071
2.5,1.0,With reminder,Strong encoding,2.0,0.9,0,0.0,54,filler,0.0026000000070780516
2.5,1.0,With reminder,Strong encoding,2.0,0.9,0,0.0,55,filler,0.0015999999595806003
2.5,1.0,With reminder,Strong encoding,2.0,0.9,0,0.0,56,filler,0.0006000000284984708
2.5,1.0,With reminder,Strong encoding,2.0,0.9,0,0.0,57,filler,0.0006000000284984708
2.5,1.0,With reminder,Strong encoding,2.0,0.9,0,0.0,58,filler,0.0006000000284984708
2.5,1.0,With reminder,Strong encoding,2.0,0.9,0,0.0,59,filler,0.00019999999494757503
2.5,1.0,With reminder,Strong encoding,2.0,0.9,0,0.0,60,filler,0.0
2.5,1.0,With reminder,Strong encoding,2.0,0.9,0,0.0,61,filler,0.00039999998989515007
2.5,1.0,With reminder,Strong encoding,2.0,0.9,0,0.0,62,filler,0.0
2.5,1.0,With reminder,Strong encoding,2.0,0.9,0,0.0,63,filler,0.00019999999494757503
2.5,1.0,With reminder,Strong encoding,2.0,0.9,0,0.0,64,filler,0.0
2.5,0.75,No reminder,Weak encoding,1.0,0.9,0,0.0,1,film,0.3862000107765198
2.5,0.75,No reminder,Weak encoding,1.0,0.9,0,0.0,2,film,0.35920000076293945
2.5,0.75,No reminder,Weak encoding,1.0,0.9,0,0.0,3,film,0.3937999904155731
2.5,0.75,No reminder,Weak encoding,1.0,0.9,0,0.0,4,film,0.4047999978065491
2.5,0.75,No reminder,Weak encoding,1.0,0.9,0,0.0,5,film,0.43720000982284546
2.5,0.75,No reminder,Weak encoding,1.0,0.9,0,0.0,6,film,0.43720000982284546
2.5,0.75,No reminder,Weak encoding,1.0,0.9,0,0.0,7,film,0.460999995470047
2.5,0.75,No reminder,Weak encoding,1.0,0.9,0,0.0,8,film,0.47380000352859497
2.5,0.75,No reminder,Weak encoding,1.0,0.9,0,0.0,9,film,0.46700000762939453
2.5,0.75,No reminder,Weak encoding,1.0,0.9,0,0.0,10,film,0.4674000144004822
2.5,0.75,No reminder,Weak encoding,1.0,0.9,0,0.0,11,film,0.4596000015735626
2.5,0.75,No reminder,Weak encoding,1.0,0.9,0,0.0,12,film,0.4521999955177307
2.5,0.75,No reminder,Weak encoding,1.0,0.9,0,0.0,13,film,0.45159998536109924
2.5,0.75,No reminder,Weak encoding,1.0,0.9,0,0.0,14,film,0.4325999915599823
2.5,0.75,No reminder,Weak encoding,1.0,0.9,0,0.0,15,film,0.40220001339912415
2.5,0.75,No reminder,Weak encoding,1.0,0.9,0,0.0,16,film,0.365200012922287
2.5,0.75,No reminder,Weak encoding,1.0,0.9,0,0.0,17,break,0.19599999487400055
2.5,0.75,No reminder,Weak encoding,1.0,0.9,0,0.0,18,break,0.14839999377727509
2.5,0.75,No reminder,Weak encoding,1.0,0.9,0,0.0,19,break,0.11240000277757645
2.5,0.75,No reminder,Weak encoding,1.0,0.9,0,0.0,20,break,0.07980000227689743
2.5,0.75,No reminder,Weak encoding,1.0,0.9,0,0.0,21,break,0.06379999965429306
2.5,0.75,No reminder,Weak encoding,1.0,0.9,0,0.0,22,break,0.049800001084804535
2.5,0.75,No reminder,Weak encoding,1.0,0.9,0,0.0,23,break,0.03620000183582306
2.5,0.75,No reminder,Weak encoding,1.0,0.9,0,0.0,24,break,0.02539999969303608
2.5,0.75,No reminder,Weak encoding,1.0,0.9,0,0.0,25,break,0.01640000008046627
2.5,0.75,No reminder,Weak encoding,1.0,0.9,0,0.0,26,break,0.012799999676644802
2.5,0.75,No reminder,Weak encoding,1.0,0.9,0,0.0,27,break,0.01080000028014183
2.5,0.75,No reminder,Weak encoding,1.0,0.9,0,0.0,28,break,0.007799999788403511
2.5,0.75,No reminder,Weak encoding,1.0,0.9,0,0.0,29,break,0.007000000216066837
2.5,0.75,No reminder,Weak encoding,1.0,0.9,0,0.0,30,break,0.005400000140070915
2.5,0.75,No reminder,Weak encoding,1.0,0.9,0,0.0,31,break,0.003599999938160181
2.5,0.75,No reminder,Weak encoding,1.0,0.9,0,0.0,32,break,0.0010000000474974513
2.5,0.75,No reminder,Weak encoding,1.0,0.9,0,0.0,33,task,0.0020000000949949026
2.5,0.75,No reminder,Weak encoding,1.0,0.9,0,0.0,34,task,0.00139999995008111
2.5,0.75,No reminder,Weak encoding,1.0,0.9,0,0.0,35,task,0.0010000000474974513
2.5,0.75,No reminder,Weak encoding,1.0,0.9,0,0.0,36,task,0.0006000000284984708
2.5,0.75,No reminder,Weak encoding,1.0,0.9,0,0.0,37,task,0.0
2.5,0.75,No reminder,Weak encoding,1.0,0.9,0,0.0,38,task,0.00019999999494757503
2.5,0.75,No reminder,Weak encoding,1.0,0.9,0,0.0,39,task,0.0
2.5,0.75,No reminder,Weak encoding,1.0,0.9,0,0.0,40,task,0.0
2.5,0.75,No reminder,Weak encoding,1.0,0.9,0,0.0,41,task,0.00039999998989515007
2.5,0.75,No reminder,Weak encoding,1.0,0.9,0,0.0,42,task,0.00019999999494757503
2.5,0.75,No reminder,Weak encoding,1.0,0.9,0,0.0,43,task,0.0
2.5,0.75,No reminder,Weak encoding,1.0,0.9,0,0.0,44,task,0.0
2.5,0.75,No reminder,Weak encoding,1.0,0.9,0,0.0,45,task,0.0
2.5,0.75,No reminder,Weak encoding,1.0,0.9,0,0.0,46,task,0.00019999999494757503
2.5,0.75,No reminder,Weak encoding,1.0,0.9,0,0.0,47,task,0.0
2.5,0.75,No reminder,Weak encoding,1.0,0.9,0,0.0,48,task,0.0
2.5,0.75,No reminder,Weak encoding,1.0,0.9,0,0.0,49,filler,0.0
2.5,0.75,No reminder,Weak encoding,1.0,0.9,0,0.0,50,filler,0.0
2.5,0.75,No reminder,Weak encoding,1.0,0.9,0,0.0,51,filler,0.0
2.5,0.75,No reminder,Weak encoding,1.0,0.9,0,0.0,52,filler,0.0
2.5,0.75,No reminder,Weak encoding,1.0,0.9,0,0.0,53,filler,0.0
2.5,0.75,No reminder,Weak encoding,1.0,0.9,0,0.0,54,filler,0.0
2.5,0.75,No reminder,Weak encoding,1.0,0.9,0,0.0,55,filler,0.0
2.5,0.75,No reminder,Weak encoding,1.0,0.9,0,0.0,56,filler,0.0
2.5,0.75,No reminder,Weak encoding,1.0,0.9,0,0.0,57,filler,0.0
2.5,0.75,No reminder,Weak encoding,1.0,0.9,0,0.0,58,filler,0.0
2.5,0.75,No reminder,Weak encoding,1.0,0.9,0,0.0,59,filler,0.0
2.5,0.75,No reminder,Weak encoding,1.0,0.9,0,0.0,60,filler,0.0
2.5,0.75,No reminder,Weak encoding,1.0,0.9,0,0.0,61,filler,0.0
2.5,0.75,No reminder,Weak encoding,1.0,0.9,0,0.0,62,filler,0.0
2.5,0.75,No reminder,Weak encoding,1.0,0.9,0,0.0,63,filler,0.0
2.5,0.75,No reminder,Weak encoding,1.0,0.9,0,0.0,64,filler,0.0
2.5,0.75,No reminder,Strong encoding,2.0,0.9,0,0.0,1,film,0.38420000672340393
2.5,0.75,No reminder,Strong encoding,2.0,0.9,0,0.0,2,film,0.3741999864578247
2.5,0.75,No reminder,Strong encoding,2.0,0.9,0,0.0,3,film,0.39399999380111694
2.5,0.75,No reminder,Strong encoding,2.0,0.9,0,0.0,4,film,0.40540000796318054
2.5,0.75,No reminder,Strong encoding,2.0,0.9,0,0.0,5,film,0.4269999861717224
2.5,0.75,No reminder,Strong encoding,2.0,0.9,0,0.0,6,film,0.446399986743927
2.5,0.75,No reminder,Strong encoding,2.0,0.9,0,0.0,7,film,0.45320001244544983
2.5,0.75,No reminder,Strong encoding,2.0,0.9,0,0.0,8,film,0.4691999852657318
2.5,0.75,No reminder,Strong encoding,2.0,0.9,0,0.0,9,film,0.4690000116825104
2.5,0.75,No reminder,Strong encoding,2.0,0.9,0,0.0,10,film,0.46959999203681946
2.5,0.75,No reminder,Strong encoding,2.0,0.9,0,0.0,11,film,0.4602000117301941
2.5,0.75,No reminder,Strong encoding,2.0,0.9,0,0.0,12,film,0.45019999146461487
2.5,0.75,No reminder,Strong encoding,2.0,0.9,0,0.0,13,film,0.4368000030517578
2.5,0.75,No reminder,Strong encoding,2.0,0.9,0,0.0,14,film,0.4097999930381775
2.5,0.75,No reminder,Strong encoding,2.0,0.9,0,0.0,15,film,0.3808000087738037
2.5,0.75,No reminder,Strong encoding,2.0,0.9,0,0.0,16,film,0.36660000681877136
2.5,0.75,No reminder,Strong encoding,2.0,0.9,0,0.0,17,break,0.18240000307559967
2.5,0.75,No reminder,Strong encoding,2.0,0.9,0,0.0,18,break,0.14720000326633453
2.5,0.75,No reminder,Strong encoding,2.0,0.9,0,0.0,19,break,0.10620000213384628
2.5,0.75,No reminder,Strong encoding,2.0,0.9,0,0.0,20,break,0.07580000162124634
2.5,0.75,No reminder,Strong encoding,2.0,0.9,0,0.0,21,break,0.06360000371932983
2.5,0.75,No reminder,Strong encoding,2.0,0.9,0,0.0,22,break,0.04639999940991402
2.5,0.75,No reminder,Strong encoding,2.0,0.9,0,0.0,23,break,0.03319999948143959
2.5,0.75,No reminder,Strong encoding,2.0,0.9,0,0.0,24,break,0.023000000044703484
2.5,0.75,No reminder,Strong encoding,2.0,0.9,0,0.0,25,break,0.01679999940097332
2.5,0.75,No reminder,Strong encoding,2.0,0.9,0,0.0,26,break,0.011599999852478504
2.5,0.75,No reminder,Strong encoding,2.0,0.9,0,0.0,27,break,0.009600000455975533
2.5,0.75,No reminder,Strong encoding,2.0,0.9,0,0.0,28,break,0.007000000216066837
2.5,0.75,No reminder,Strong encoding,2.0,0.9,0,0.0,29,break,0.004000000189989805
2.5,0.75,No reminder,Strong encoding,2.0,0.9,0,0.0,30,break,0.004399999976158142
2.5,0.75,No reminder,Strong encoding,2.0,0.9,0,0.0,31,break,0.00279999990016222
2.5,0.75,No reminder,Strong encoding,2.0,0.9,0,0.0,32,break,0.00139999995008111
2.5,0.75,No reminder,Strong encoding,2.0,0.9,0,0.0,33,task,0.018799999728798866
2.5,0.75,No reminder,Strong encoding,2.0,0.9,0,0.0,34,task,0.018200000748038292
2.5,0.75,No reminder,Strong encoding,2.0,0.9,0,0.0,35,task,0.015200000256299973
2.5,0.75,No reminder,Strong encoding,2.0,0.9,0,0.0,36,task,0.012400000356137753
2.5,0.75,No reminder,Strong encoding,2.0,0.9,0,0.0,37,task,0.010599999688565731
2.5,0.75,No reminder,Strong encoding,2.0,0.9,0,0.0,38,task,0.007199999876320362
2.5,0.75,No reminder,Strong encoding,2.0,0.9,0,0.0,39,task,0.005400000140070915
2.5,0.75,No reminder,Strong encoding,2.0,0.9,0,0.0,40,task,0.006000000052154064
2.5,0.75,No reminder,Strong encoding,2.0,0.9,0,0.0,41,task,0.006800000090152025
2.5,0.75,No reminder,Strong encoding,2.0,0.9,0,0.0,42,task,0.0031999999191612005
2.5,0.75,No reminder,Strong encoding,2.0,0.9,0,0.0,43,task,0.0031999999191612005
2.5,0.75,No reminder,Strong encoding,2.0,0.9,0,0.0,44,task,0.0031999999191612005
2.5,0.75,No reminder,Strong encoding,2.0,0.9,0,0.0,45,task,0.003599999938160181
2.5,0.75,No reminder,Strong encoding,2.0,0.9,0,0.0,46,task,0.0017999999690800905
2.5,0.75,No reminder,Strong encoding,2.0,0.9,0,0.0,47,task,0.0007999999797903001
2.5,0.75,No reminder,Strong encoding,2.0,0.9,0,0.0,48,task,0.0012000000569969416
2.5,0.75,No reminder,Strong encoding,2.0,0.9,0,0.0,49,filler,0.00039999998989515007
2.5,0.75,No reminder,Strong encoding,2.0,0.9,0,0.0,50,filler,0.0
2.5,0.75,No reminder,Strong encoding,2.0,0.9,0,0.0,51,filler,0.0
2.5,0.75,No reminder,Strong encoding,2.0,0.9,0,0.0,52,filler,0.0
2.5,0.75,No reminder,Strong encoding,2.0,0.9,0,0.0,53,filler,0.0
2.5,0.75,No reminder,Strong encoding,2.0,0.9,0,0.0,54,filler,0.0
2.5,0.75,No reminder,Strong encoding,2.0,0.9,0,0.0,55,filler,0.00019999999494757503
2.5,0.75,No reminder,Strong encoding,2.0,0.9,0,0.0,56,filler,0.0
2.5,0.75,No reminder,Strong encoding,2.0,0.9,0,0.0,57,filler,0.0
2.5,0.75,No reminder,Strong encoding,2.0,0.9,0,0.0,58,filler,0.0
2.5,0.75,No reminder,Strong encoding,2.0,0.9,0,0.0,59,filler,0.0
2.5,0.75,No reminder,Strong encoding,2.0,0.9,0,0.0,60,filler,0.0
2.5,0.75,No reminder,Strong encoding,2.0,0.9,0,0.0,61,filler,0.0
2.5,0.75,No reminder,Strong encoding,2.0,0.9,0,0.0,62,filler,0.0
2.5,0.75,No reminder,Strong encoding,2.0,0.9,0,0.0,63,filler,0.0
2.5,0.75,No reminder,Strong encoding,2.0,0.9,0,0.0,64,filler,0.0
2.5,0.75,With reminder,Weak encoding,1.0,0.9,0,0.0,1,film,0.3668000102043152
2.5,0.75,With reminder,Weak encoding,1.0,0.9,0,0.0,2,film,0.3452000021934509
2.5,0.75,With reminder,Weak encoding,1.0,0.9,0,0.0,3,film,0.3625999987125397
2.5,0.75,With reminder,Weak encoding,1.0,0.9,0,0.0,4,film,0.3752000033855438
2.5,0.75,With reminder,Weak encoding,1.0,0.9,0,0.0,5,film,0.39719998836517334
2.5,0.75,With reminder,Weak encoding,1.0,0.9,0,0.0,6,film,0.41780000925064087
2.5,0.75,With reminder,Weak encoding,1.0,0.9,0,0.0,7,film,0.4187999963760376
2.5,0.75,With reminder,Weak encoding,1.0,0.9,0,0.0,8,film,0.42419999837875366
2.5,0.75,With reminder,Weak encoding,1.0,0.9,0,0.0,9,film,0.428600013256073
2.5,0.75,With reminder,Weak encoding,1.0,0.9,0,0.0,10,film,0.44119998812675476
2.5,0.75,With reminder,Weak encoding,1.0,0.9,0,0.0,11,film,0.4147999882698059
2.5,0.75,With reminder,Weak encoding,1.0,0.9,0,0.0,12,film,0.4016000032424927
2.5,0.75,With reminder,Weak encoding,1.0,0.9,0,0.0,13,film,0.39100000262260437
2.5,0.75,With reminder,Weak encoding,1.0,0.9,0,0.0,14,film,0.36880001425743103
2.5,0.75,With reminder,Weak encoding,1.0,0.9,0,0.0,15,film,0.33880001306533813
2.5,0.75,With reminder,Weak encoding,1.0,0.9,0,0.0,16,film,0.31859999895095825
2.5,0.75,With reminder,Weak encoding,1.0,0.9,0,0.0,17,break,0.1679999977350235
2.5,0.75,With reminder,Weak encoding,1.0,0.9,0,0.0,18,break,0.12020000070333481
2.5,0.75,With reminder,Weak encoding,1.0,0.9,0,0.0,19,break,0.08720000088214874
2.5,0.75,With reminder,Weak encoding,1.0,0.9,0,0.0,20,break,0.06880000233650208
2.5,0.75,With reminder,Weak encoding,1.0,0.9,0,0.0,21,break,0.054999999701976776
2.5,0.75,With reminder,Weak encoding,1.0,0.9,0,0.0,22,break,0.03959999978542328
2.5,0.75,With reminder,Weak encoding,1.0,0.9,0,0.0,23,break,0.026799999177455902
2.5,0.75,With reminder,Weak encoding,1.0,0.9,0,0.0,24,break,0.020400000736117363
2.5,0.75,With reminder,Weak encoding,1.0,0.9,0,0.0,25,break,0.014800000004470348
2.5,0.75,With reminder,Weak encoding,1.0,0.9,0,0.0,26,break,0.00860000029206276
2.5,0.75,With reminder,Weak encoding,1.0,0.9,0,0.0,27,break,0.00860000029206276
2.5,0.75,With reminder,Weak encoding,1.0,0.9,0,0.0,28,break,0.005799999926239252
2.5,0.75,With reminder,Weak encoding,1.0,0.9,0,0.0,29,break,0.0031999999191612005
2.5,0.75,With reminder,Weak encoding,1.0,0.9,0,0.0,30,break,0.0020000000949949026
2.5,0.75,With reminder,Weak encoding,1.0,0.9,0,0.0,31,break,0.00279999990016222
2.5,0.75,With reminder,Weak encoding,1.0,0.9,0,0.0,32,break,0.0034000000450760126
2.5,0.75,With reminder,Weak encoding,1.0,0.9,0,0.0,33,task,0.21220000088214874
2.5,0.75,With reminder,Weak encoding,1.0,0.9,0,0.0,34,task,0.17419999837875366
2.5,0.75,With reminder,Weak encoding,1.0,0.9,0,0.0,35,task,0.12319999933242798
2.5,0.75,With reminder,Weak encoding,1.0,0.9,0,0.0,36,task,0.09560000151395798
2.5,0.75,With reminder,Weak encoding,1.0,0.9,0,0.0,37,task,0.0697999969124794
2.5,0.75,With reminder,Weak encoding,1.0,0.9,0,0.0,38,task,0.05079999938607216
2.5,0.75,With reminder,Weak encoding,1.0,0.9,0,0.0,39,task,0.03620000183582306
2.5,0.75,With reminder,Weak encoding,1.0,0.9,0,0.0,40,task,0.027799999341368675
2.5,0.75,With reminder,Weak encoding,1.0,0.9,0,0.0,41,task,0.021800000220537186
2.5,0.75,With reminder,Weak encoding,1.0,0.9,0,0.0,42,task,0.015200000256299973
2.5,0.75,With reminder,Weak encoding,1.0,0.9,0,0.0,43,task,0.009800000116229057
2.5,0.75,With reminder,Weak encoding,1.0,0.9,0,0.0,44,task,0.006800000090152025
2.5,0.75,With reminder,Weak encoding,1.0,0.9,0,0.0,45,task,0.006800000090152025
2.5,0.75,With reminder,Weak encoding,1.0,0.9,0,0.0,46,task,0.006000000052154064
2.5,0.75,With reminder,Weak encoding,1.0,0.9,0,0.0,47,task,0.0031999999191612005
2.5,0.75,With reminder,Weak encoding,1.0,0.9,0,0.0,48,task,0.004000000189989805
2.5,0.75,With reminder,Weak encoding,1.0,0.9,0,0.0,49,filler,0.002199999988079071
2.5,0.75,With reminder,Weak encoding,1.0,0.9,0,0.0,50,filler,0.0012000000569969416
2.5,0.75,With reminder,Weak encoding,1.0,0.9,0,0.0,51,filler,0.0006000000284984708
2.5,0.75,With reminder,Weak encoding,1.0,0.9,0,0.0,52,filler,0.0007999999797903001
2.5,0.75,With reminder,Weak encoding,1.0,0.9,0,0.0,53,filler,0.00019999999494757503
2.5,0.75,With reminder,Weak encoding,1.0,0.9,0,0.0,54,filler,0.00019999999494757503
2.5,0.75,With reminder,Weak encoding,1.0,0.9,0,0.0,55,filler,0.0012000000569969416
2.5,0.75,With reminder,Weak encoding,1.0,0.9,0,0.0,56,filler,0.00019999999494757503
2.5,0.75,With reminder,Weak encoding,1.0,0.9,0,0.0,57,filler,0.0
2.5,0.75,With reminder,Weak encoding,1.0,0.9,0,0.0,58,filler,0.0
2.5,0.75,With reminder,Weak encoding,1.0,0.9,0,0.0,59,filler,0.0
2.5,0.75,With reminder,Weak encoding,1.0,0.9,0,0.0,60,filler,0.0
2.5,0.75,With reminder,Weak encoding,1.0,0.9,0,0.0,61,filler,0.0
2.5,0.75,With reminder,Weak encoding,1.0,0.9,0,0.0,62,filler,0.0
2.5,0.75,With reminder,Weak encoding,1.0,0.9,0,0.0,63,filler,0.0
2.5,0.75,With reminder,Weak encoding,1.0,0.9,0,0.0,64,filler,0.0
2.5,0.75,With reminder,Strong encoding,2.0,0.9,0,0.0,1,film,0.23319999873638153
2.5,0.75,With reminder,Strong encoding,2.0,0.9,0,0.0,2,film,0.21580000221729279
2.5,0.75,With reminder,Strong encoding,2.0,0.9,0,0.0,3,film,0.21140000224113464
2.5,0.75,With reminder,Strong encoding,2.0,0.9,0,0.0,4,film,0.22599999606609344
2.5,0.75,With reminder,Strong encoding,2.0,0.9,0,0.0,5,film,0.21739999949932098
2.5,0.75,With reminder,Strong encoding,2.0,0.9,0,0.0,6,film,0.21559999883174896
2.5,0.75,With reminder,Strong encoding,2.0,0.9,0,0.0,7,film,0.21580000221729279
2.5,0.75,With reminder,Strong encoding,2.0,0.9,0,0.0,8,film,0.2054000049829483
2.5,0.75,With reminder,Strong encoding,2.0,0.9,0,0.0,9,film,0.1785999983549118
2.5,0.75,With reminder,Strong encoding,2.0,0.9,0,0.0,10,film,0.17520000040531158
2.5,0.75,With reminder,Strong encoding,2.0,0.9,0,0.0,11,film,0.17100000381469727
2.5,0.75,With reminder,Strong encoding,2.0,0.9,0,0.0,12,film,0.1573999971151352
2.5,0.75,With reminder,Strong encoding,2.0,0.9,0,0.0,13,film,0.14319999516010284
2.5,0.75,With reminder,Strong encoding,2.0,0.9,0,0.0,14,film,0.1273999959230423
2.5,0.75,With reminder,Strong encoding,2.0,0.9,0,0.0,15,film,0.1151999980211258
2.5,0.75,With reminder,Strong encoding,2.0,0.9,0,0.0,16,film,0.10360000282526016
2.5,0.75,With reminder,Strong encoding,2.0,0.9,0,0.0,17,break,0.04800000041723251
2.5,0.75,With reminder,Strong encoding,2.0,0.9,0,0.0,18,break,0.03420000150799751
2.5,0.75,With reminder,Strong encoding,2.0,0.9,0,0.0,19,break,0.028599999845027924
2.5,0.75,With reminder,Strong encoding,2.0,0.9,0,0.0,20,break,0.018200000748038292
2.5,0.75,With reminder,Strong encoding,2.0,0.9,0,0.0,21,break,0.009800000116229057
2.5,0.75,With reminder,Strong encoding,2.0,0.9,0,0.0,22,break,0.007600000128149986
2.5,0.75,With reminder,Strong encoding,2.0,0.9,0,0.0,23,break,0.006800000090152025
2.5,0.75,With reminder,Strong encoding,2.0,0.9,0,0.0,24,break,0.0026000000070780516
2.5,0.75,With reminder,Strong encoding,2.0,0.9,0,0.0,25,break,0.004399999976158142
2.5,0.75,With reminder,Strong encoding,2.0,0.9,0,0.0,26,break,0.0017999999690800905
2.5,0.75,With reminder,Strong encoding,2.0,0.9,0,0.0,27,break,0.0015999999595806003
2.5,0.75,With reminder,Strong encoding,2.0,0.9,0,0.0,28,break,0.0012000000569969416
2.5,0.75,With reminder,Strong encoding,2.0,0.9,0,0.0,29,break,0.00139999995008111
2.5,0.75,With reminder,Strong encoding,2.0,0.9,0,0.0,30,break,0.00039999998989515007
2.5,0.75,With reminder,Strong encoding,2.0,0.9,0,0.0,31,break,0.00039999998989515007
2.5,0.75,With reminder,Strong encoding,2.0,0.9,0,0.0,32,break,0.00019999999494757503
2.5,0.75,With reminder,Strong encoding,2.0,0.9,0,0.0,33,task,0.5878000259399414
2.5,0.75,With reminder,Strong encoding,2.0,0.9,0,0.0,34,task,0.5523999929428101
2.5,0.75,With reminder,Strong encoding,2.0,0.9,0,0.0,35,task,0.5019999742507935
2.5,0.75,With reminder,Strong encoding,2.0,0.9,0,0.0,36,task,0.45159998536109924
2.5,0.75,With reminder,Strong encoding,2.0,0.9,0,0.0,37,task,0.41339999437332153
2.5,0.75,With reminder,Strong encoding,2.0,0.9,0,0.0,38,task,0.3776000142097473
2.5,0.75,With reminder,Strong encoding,2.0,0.9,0,0.0,39,task,0.3328000009059906
2.5,0.75,With reminder,Strong encoding,2.0,0.9,0,0.0,40,task,0.27480000257492065
2.5,0.75,With reminder,Strong encoding,2.0,0.9,0,0.0,41,task,0.241799995303154
2.5,0.75,With reminder,Strong encoding,2.0,0.9,0,0.0,42,task,0.20640000700950623
2.5,0.75,With reminder,Strong encoding,2.0,0.9,0,0.0,43,task,0.17499999701976776
2.5,0.75,With reminder,Strong encoding,2.0,0.9,0,0.0,44,task,0.13680000603199005
2.5,0.75,With reminder,Strong encoding,2.0,0.9,0,0.0,45,task,0.11999999731779099
2.5,0.75,With reminder,Strong encoding,2.0,0.9,0,0.0,46,task,0.09440000355243683
2.5,0.75,With reminder,Strong encoding,2.0,0.9,0,0.0,47,task,0.07580000162124634
2.5,0.75,With reminder,Strong encoding,2.0,0.9,0,0.0,48,task,0.0575999990105629
2.5,0.75,With reminder,Strong encoding,2.0,0.9,0,0.0,49,filler,0.00419999985024333
2.5,0.75,With reminder,Strong encoding,2.0,0.9,0,0.0,50,filler,0.003599999938160181
2.5,0.75,With reminder,Strong encoding,2.0,0.9,0,0.0,51,filler,0.00139999995008111
2.5,0.75,With reminder,Strong encoding,2.0,0.9,0,0.0,52,filler,0.0026000000070780516
2.5,0.75,With reminder,Strong encoding,2.0,0.9,0,0.0,53,filler,0.0017999999690800905
2.5,0.75,With reminder,Strong encoding,2.0,0.9,0,0.0,54,filler,0.00139999995008111
2.5,0.75,With reminder,Strong encoding,2.0,0.9,0,0.0,55,filler,0.0006000000284984708
2.5,0.75,With reminder,Strong encoding,2.0,0.9,0,0.0,56,filler,0.0007999999797903001
2.5,0.75,With reminder,Strong encoding,2.0,0.9,0,0.0,57,filler,0.00039999998989515007
2.5,0.75,With reminder,Strong encoding,2.0,0.9,0,0.0,58,filler,0.00039999998989515007
2.5,0.75,With reminder,Strong encoding,2.0,0.9,0,0.0,59,filler,0.00039999998989515007
2.5,0.75,With reminder,Strong encoding,2.0,0.9,0,0.0,60,filler,0.0
2.5,0.75,With reminder,Strong encoding,2.0,0.9,0,0.0,61,filler,0.0
2.5,0.75,With reminder,Strong encoding,2.0,0.9,0,0.0,62,filler,0.0
2.5,0.75,With reminder,Strong encoding,2.0,0.9,0,0.0,63,filler,0.0
2.5,0.75,With reminder,Strong encoding,2.0,0.9,0,0.0,64,filler,0.0
2.5,0.5,No reminder,Weak encoding,1.0,0.9,0,0.0,1,film,0.3776000142097473
2.5,0.5,No reminder,Weak encoding,1.0,0.9,0,0.0,2,film,0.3758000135421753
2.5,0.5,No reminder,Weak encoding,1.0,0.9,0,0.0,3,film,0.40059998631477356
2.5,0.5,No reminder,Weak encoding,1.0,0.9,0,0.0,4,film,0.42579999566078186
2.5,0.5,No reminder,Weak encoding,1.0,0.9,0,0.0,5,film,0.43540000915527344
2.5,0.5,No reminder,Weak encoding,1.0,0.9,0,0.0,6,film,0.45559999346733093
2.5,0.5,No reminder,Weak encoding,1.0,0.9,0,0.0,7,film,0.4758000075817108
2.5,0.5,No reminder,Weak encoding,1.0,0.9,0,0.0,8,film,0.4745999872684479
2.5,0.5,No reminder,Weak encoding,1.0,0.9,0,0.0,9,film,0.47519999742507935
2.5,0.5,No reminder,Weak encoding,1.0,0.9,0,0.0,10,film,0.477400004863739
2.5,0.5,No reminder,Weak encoding,1.0,0.9,0,0.0,11,film,0.4675999879837036
2.5,0.5,No reminder,Weak encoding,1.0,0.9,0,0.0,12,film,0.45660001039505005
2.5,0.5,No reminder,Weak encoding,1.0,0.9,0,0.0,13,film,0.446399986743927
2.5,0.5,No reminder,Weak encoding,1.0,0.9,0,0.0,14,film,0.426800012588501
2.5,0.5,No reminder,Weak encoding,1.0,0.9,0,0.0,15,film,0.40619999170303345
2.5,0.5,No reminder,Weak encoding,1.0,0.9,0,0.0,16,film,0.3675999939441681
2.5,0.5,No reminder,Weak encoding,1.0,0.9,0,0.0,17,break,0.19900000095367432
2.5,0.5,No reminder,Weak encoding,1.0,0.9,0,0.0,18,break,0.13819999992847443
2.5,0.5,No reminder,Weak encoding,1.0,0.9,0,0.0,19,break,0.09939999878406525
2.5,0.5,No reminder,Weak encoding,1.0,0.9,0,0.0,20,break,0.07320000231266022
2.5,0.5,No reminder,Weak encoding,1.0,0.9,0,0.0,21,break,0.05820000171661377
2.5,0.5,No reminder,Weak encoding,1.0,0.9,0,0.0,22,break,0.03779999911785126
2.5,0.5,No reminder,Weak encoding,1.0,0.9,0,0.0,23,break,0.025599999353289604
2.5,0.5,No reminder,Weak encoding,1.0,0.9,0,0.0,24,break,0.017999999225139618
2.5,0.5,No reminder,Weak encoding,1.0,0.9,0,0.0,25,break,0.011800000444054604
2.5,0.5,No reminder,Weak encoding,1.0,0.9,0,0.0,26,break,0.009600000455975533
2.5,0.5,No reminder,Weak encoding,1.0,0.9,0,0.0,27,break,0.004600000102072954
2.5,0.5,No reminder,Weak encoding,1.0,0.9,0,0.0,28,break,0.004600000102072954
2.5,0.5,No reminder,Weak encoding,1.0,0.9,0,0.0,29,break,0.002199999988079071
2.5,0.5,No reminder,Weak encoding,1.0,0.9,0,0.0,30,break,0.0010000000474974513
2.5,0.5,No reminder,Weak encoding,1.0,0.9,0,0.0,31,break,0.0017999999690800905
2.5,0.5,No reminder,Weak encoding,1.0,0.9,0,0.0,32,break,0.0006000000284984708
2.5,0.5,No reminder,Weak encoding,1.0,0.9,0,0.0,33,task,0.0006000000284984708
2.5,0.5,No reminder,Weak encoding,1.0,0.9,0,0.0,34,task,0.00039999998989515007
2.5,0.5,No reminder,Weak encoding,1.0,0.9,0,0.0,35,task,0.0
2.5,0.5,No reminder,Weak encoding,1.0,0.9,0,0.0,36,task,0.00039999998989515007
2.5,0.5,No reminder,Weak encoding,1.0,0.9,0,0.0,37,task,0.0
2.5,0.5,No reminder,Weak encoding,1.0,0.9,0,0.0,38,task,0.00019999999494757503
2.5,0.5,No reminder,Weak encoding,1.0,0.9,0,0.0,39,task,0.0
2.5,0.5,No reminder,Weak encoding,1.0,0.9,0,0.0,40,task,0.00019999999494757503
2.5,0.5,No reminder,Weak encoding,1.0,0.9,0,0.0,41,task,0.0
2.5,0.5,No reminder,Weak encoding,1.0,0.9,0,0.0,42,task,0.0
2.5,0.5,No reminder,Weak encoding,1.0,0.9,0,0.0,43,task,0.0
2.5,0.5,No reminder,Weak encoding,1.0,0.9,0,0.0,44,task,0.0
2.5,0.5,No reminder,Weak encoding,1.0,0.9,0,0.0,45,task,0.0
2.5,0.5,No reminder,Weak encoding,1.0,0.9,0,0.0,46,task,0.0
2.5,0.5,No reminder,Weak encoding,1.0,0.9,0,0.0,47,task,0.0
2.5,0.5,No reminder,Weak encoding,1.0,0.9,0,0.0,48,task,0.0
2.5,0.5,No reminder,Weak encoding,1.0,0.9,0,0.0,49,filler,0.0
2.5,0.5,No reminder,Weak encoding,1.0,0.9,0,0.0,50,filler,0.0
2.5,0.5,No reminder,Weak encoding,1.0,0.9,0,0.0,51,filler,0.0
2.5,0.5,No reminder,Weak encoding,1.0,0.9,0,0.0,52,filler,0.0
2.5,0.5,No reminder,Weak encoding,1.0,0.9,0,0.0,53,filler,0.0
2.5,0.5,No reminder,Weak encoding,1.0,0.9,0,0.0,54,filler,0.0
2.5,0.5,No reminder,Weak encoding,1.0,0.9,0,0.0,55,filler,0.0
2.5,0.5,No reminder,Weak encoding,1.0,0.9,0,0.0,56,filler,0.0
2.5,0.5,No reminder,Weak encoding,1.0,0.9,0,0.0,57,filler,0.0
2.5,0.5,No reminder,Weak encoding,1.0,0.9,0,0.0,58,filler,0.0
2.5,0.5,No reminder,Weak encoding,1.0,0.9,0,0.0,59,filler,0.0
2.5,0.5,No reminder,Weak encoding,1.0,0.9,0,0.0,60,filler,0.0
2.5,0.5,No reminder,Weak encoding,1.0,0.9,0,0.0,61,filler,0.0
2.5,0.5,No reminder,Weak encoding,1.0,0.9,0,0.0,62,filler,0.0
2.5,0.5,No reminder,Weak encoding,1.0,0.9,0,0.0,63,filler,0.0
2.5,0.5,No reminder,Weak encoding,1.0,0.9,0,0.0,64,filler,0.0
2.5,0.5,No reminder,Strong encoding,2.0,0.9,0,0.0,1,film,0.382999986410141
2.5,0.5,No reminder,Strong encoding,2.0,0.9,0,0.0,2,film,0.3763999938964844
2.5,0.5,No reminder,Strong encoding,2.0,0.9,0,0.0,3,film,0.3970000147819519
2.5,0.5,No reminder,Strong encoding,2.0,0.9,0,0.0,4,film,0.41620001196861267
2.5,0.5,No reminder,Strong encoding,2.0,0.9,0,0.0,5,film,0.4309999942779541
2.5,0.5,No reminder,Strong encoding,2.0,0.9,0,0.0,6,film,0.454800009727478
2.5,0.5,No reminder,Strong encoding,2.0,0.9,0,0.0,7,film,0.4562000036239624
2.5,0.5,No reminder,Strong encoding,2.0,0.9,0,0.0,8,film,0.4772000014781952
2.5,0.5,No reminder,Strong encoding,2.0,0.9,0,0.0,9,film,0.4819999933242798
2.5,0.5,No reminder,Strong encoding,2.0,0.9,0,0.0,10,film,0.483599990606308
2.5,0.5,No reminder,Strong encoding,2.0,0.9,0,0.0,11,film,0.4747999906539917
2.5,0.5,No reminder,Strong encoding,2.0,0.9,0,0.0,12,film,0.47119998931884766
2.5,0.5,No reminder,Strong encoding,2.0,0.9,0,0.0,13,film,0.4560000002384186
2.5,0.5,No reminder,Strong encoding,2.0,0.9,0,0.0,14,film,0.4228000044822693
2.5,0.5,No reminder,Strong encoding,2.0,0.9,0,0.0,15,film,0.4002000093460083
2.5,0.5,No reminder,Strong encoding,2.0,0.9,0,0.0,16,film,0.3758000135421753
2.5,0.5,No reminder,Strong encoding,2.0,0.9,0,0.0,17,break,0.19519999623298645
2.5,0.5,No reminder,Strong encoding,2.0,0.9,0,0.0,18,break,0.149399995803833
2.5,0.5,No reminder,Strong encoding,2.0,0.9,0,0.0,19,break,0.10700000077486038
2.5,0.5,No reminder,Strong encoding,2.0,0.9,0,0.0,20,break,0.07020000368356705
2.5,0.5,No reminder,Strong encoding,2.0,0.9,0,0.0,21,break,0.05400000140070915
2.5,0.5,No reminder,Strong encoding,2.0,0.9,0,0.0,22,break,0.03400000184774399
2.5,0.5,No reminder,Strong encoding,2.0,0.9,0,0.0,23,break,0.026200000196695328
2.5,0.5,No reminder,Strong encoding,2.0,0.9,0,0.0,24,break,0.020600000396370888
2.5,0.5,No reminder,Strong encoding,2.0,0.9,0,0.0,25,break,0.014399999752640724
2.5,0.5,No reminder,Strong encoding,2.0,0.9,0,0.0,26,break,0.010400000028312206
2.5,0.5,No reminder,Strong encoding,2.0,0.9,0,0.0,27,break,0.006599999964237213
2.5,0.5,No reminder,Strong encoding,2.0,0.9,0,0.0,28,break,0.003800000064074993
2.5,0.5,No reminder,Strong encoding,2.0,0.9,0,0.0,29,break,0.0034000000450760126
2.5,0.5,No reminder,Strong encoding,2.0,0.9,0,0.0,30,break,0.0026000000070780516
2.5,0.5,No reminder,Strong encoding,2.0,0.9,0,0.0,31,break,0.0017999999690800905
2.5,0.5,No reminder,Strong encoding,2.0,0.9,0,0.0,32,break,0.002400000113993883
2.5,0.5,No reminder,Strong encoding,2.0,0.9,0,0.0,33,task,0.012199999764561653
2.5,0.5,No reminder,Strong encoding,2.0,0.9,0,0.0,34,task,0.007199999876320362
2.5,0.5,No reminder,Strong encoding,2.0,0.9,0,0.0,35,task,0.005799999926239252
2.5,0.5,No reminder,Strong encoding,2.0,0.9,0,0.0,36,task,0.004399999976158142
2.5,0.5,No reminder,Strong encoding,2.0,0.9,0,0.0,37,task,0.00279999990016222
2.5,0.5,No reminder,Strong encoding,2.0,0.9,0,0.0,38,task,0.0034000000450760126
2.5,0.5,No reminder,Strong encoding,2.0,0.9,0,0.0,39,task,0.0015999999595806003
2.5,0.5,No reminder,Strong encoding,2.0,0.9,0,0.0,40,task,0.0017999999690800905
2.5,0.5,No reminder,Strong encoding,2.0,0.9,0,0.0,41,task,0.0020000000949949026
2.5,0.5,No reminder,Strong encoding,2.0,0.9,0,0.0,42,task,0.0007999999797903001
2.5,0.5,No reminder,Strong encoding,2.0,0.9,0,0.0,43,task,0.00039999998989515007
2.5,0.5,No reminder,Strong encoding,2.0,0.9,0,0.0,44,task,0.00039999998989515007
2.5,0.5,No reminder,Strong encoding,2.0,0.9,0,0.0,45,task,0.00039999998989515007
2.5,0.5,No reminder,Strong encoding,2.0,0.9,0,0.0,46,task,0.0
2.5,0.5,No reminder,Strong encoding,2.0,0.9,0,0.0,47,task,0.0
2.5,0.5,No reminder,Strong encoding,2.0,0.9,0,0.0,48,task,0.00019999999494757503
2.5,0.5,No reminder,Strong encoding,2.0,0.9,0,0.0,49,filler,0.0
2.5,0.5,No reminder,Strong encoding,2.0,0.9,0,0.0,50,filler,0.0
2.5,0.5,No reminder,Strong encoding,2.0,0.9,0,0.0,51,filler,0.0
2.5,0.5,No reminder,Strong encoding,2.0,0.9,0,0.0,52,filler,0.0
2.5,0.5,No reminder,Strong encoding,2.0,0.9,0,0.0,53,filler,0.0
2.5,0.5,No reminder,Strong encoding,2.0,0.9,0,0.0,54,filler,0.0
2.5,0.5,No reminder,Strong encoding,2.0,0.9,0,0.0,55,filler,0.0
2.5,0.5,No reminder,Strong encoding,2.0,0.9,0,0.0,56,filler,0.0
2.5,0.5,No reminder,Strong encoding,2.0,0.9,0,0.0,57,filler,0.0
2.5,0.5,No reminder,Strong encoding,2.0,0.9,0,0.0,58,filler,0.0
2.5,0.5,No reminder,Strong encoding,2.0,0.9,0,0.0,59,filler,0.0
2.5,0.5,No reminder,Strong encoding,2.0,0.9,0,0.0,60,filler,0.0
2.5,0.5,No reminder,Strong encoding,2.0,0.9,0,0.0,61,filler,0.0
2.5,0.5,No reminder,Strong encoding,2.0,0.9,0,0.0,62,filler,0.0
2.5,0.5,No reminder,Strong encoding,2.0,0.9,0,0.0,63,filler,0.0
2.5,0.5,No reminder,Strong encoding,2.0,0.9,0,0.0,64,filler,0.0
2.5,0.5,With reminder,Weak encoding,1.0,0.9,0,0.0,1,film,0.35920000076293945
2.5,0.5,With reminder,Weak encoding,1.0,0.9,0,0.0,2,film,0.35679998993873596
2.5,0.5,With reminder,Weak encoding,1.0,0.9,0,0.0,3,film,0.3709999918937683
2.5,0.5,With reminder,Weak encoding,1.0,0.9,0,0.0,4,film,0.38679999113082886
2.5,0.5,With reminder,Weak encoding,1.0,0.9,0,0.0,5,film,0.39820000529289246
2.5,0.5,With reminder,Weak encoding,1.0,0.9,0,0.0,6,film,0.4138000011444092
2.5,0.5,With reminder,Weak encoding,1.0,0.9,0,0.0,7,film,0.42640000581741333
2.5,0.5,With reminder,Weak encoding,1.0,0.9,0,0.0,8,film,0.42500001192092896
2.5,0.5,With reminder,Weak encoding,1.0,0.9,0,0.0,9,film,0.43860000371932983
2.5,0.5,With reminder,Weak encoding,1.0,0.9,0,0.0,10,film,0.4375999867916107
2.5,0.5,With reminder,Weak encoding,1.0,0.9,0,0.0,11,film,0.42239999771118164
2.5,0.5,With reminder,Weak encoding,1.0,0.9,0,0.0,12,film,0.4203999936580658
2.5,0.5,With reminder,Weak encoding,1.0,0.9,0,0.0,13,film,0.3869999945163727
2.5,0.5,With reminder,Weak encoding,1.0,0.9,0,0.0,14,film,0.37880000472068787
2.5,0.5,With reminder,Weak encoding,1.0,0.9,0,0.0,15,film,0.3693999946117401
2.5,0.5,With reminder,Weak encoding,1.0,0.9,0,0.0,16,film,0.32499998807907104
2.5,0.5,With reminder,Weak encoding,1.0,0.9,0,0.0,17,break,0.16899999976158142
2.5,0.5,With reminder,Weak encoding,1.0,0.9,0,0.0,18,break,0.11420000344514847
2.5,0.5,With reminder,Weak encoding,1.0,0.9,0,0.0,19,break,0.09000000357627869
2.5,0.5,With reminder,Weak encoding,1.0,0.9,0,0.0,20,break,0.05959999933838844
2.5,0.5,With reminder,Weak encoding,1.0,0.9,0,0.0,21,break,0.03620000183582306
2.5,0.5,With reminder,Weak encoding,1.0,0.9,0,0.0,22,break,0.03240000084042549
2.5,0.5,With reminder,Weak encoding,1.0,0.9,0,0.0,23,break,0.020400000736117363
2.5,0.5,With reminder,Weak encoding,1.0,0.9,0,0.0,24,break,0.014600000344216824
2.5,0.5,With reminder,Weak encoding,1.0,0.9,0,0.0,25,break,0.010400000028312206
2.5,0.5,With reminder,Weak encoding,1.0,0.9,0,0.0,26,break,0.007199999876320362
2.5,0.5,With reminder,Weak encoding,1.0,0.9,0,0.0,27,break,0.006200000178068876
2.5,0.5,With reminder,Weak encoding,1.0,0.9,0,0.0,28,break,0.004999999888241291
2.5,0.5,With reminder,Weak encoding,1.0,0.9,0,0.0,29,break,0.003000000026077032
2.5,0.5,With reminder,Weak encoding,1.0,0.9,0,0.0,30,break,0.0026000000070780516
2.5,0.5,With reminder,Weak encoding,1.0,0.9,0,0.0,31,break,0.002400000113993883
2.5,0.5,With reminder,Weak encoding,1.0,0.9,0,0.0,32,break,0.0006000000284984708
2.5,0.5,With reminder,Weak encoding,1.0,0.9,0,0.0,33,task,0.21379999816417694
2.5,0.5,With reminder,Weak encoding,1.0,0.9,0,0.0,34,task,0.1509999930858612
2.5,0.5,With reminder,Weak encoding,1.0,0.9,0,0.0,35,task,0.10920000076293945
2.5,0.5,With reminder,Weak encoding,1.0,0.9,0,0.0,36,task,0.08179999887943268
2.5,0.5,With reminder,Weak encoding,1.0,0.9,0,0.0,37,task,0.05480000004172325
2.5,0.5,With reminder,Weak encoding,1.0,0.9,0,0.0,38,task,0.04500000178813934
2.5,0.5,With reminder,Weak encoding,1.0,0.9,0,0.0,39,task,0.03420000150799751
2.5,0.5,With reminder,Weak encoding,1.0,0.9,0,0.0,40,task,0.02459999918937683
2.5,0.5,With reminder,Weak encoding,1.0,0.9,0,0.0,41,task,0.016200000420212746
2.5,0.5,With reminder,Weak encoding,1.0,0.9,0,0.0,42,task,0.009600000455975533
2.5,0.5,With reminder,Weak encoding,1.0,0.9,0,0.0,43,task,0.00860000029206276
2.5,0.5,With reminder,Weak encoding,1.0,0.9,0,0.0,44,task,0.005400000140070915
2.5,0.5,With reminder,Weak encoding,1.0,0.9,0,0.0,45,task,0.0034000000450760126
2.5,0.5,With reminder,Weak encoding,1.0,0.9,0,0.0,46,task,0.0020000000949949026
2.5,0.5,With reminder,Weak encoding,1.0,0.9,0,0.0,47,task,0.0026000000070780516
2.5,0.5,With reminder,Weak encoding,1.0,0.9,0,0.0,48,task,0.0012000000569969416
2.5,0.5,With reminder,Weak encoding,1.0,0.9,0,0.0,49,filler,0.0006000000284984708
2.5,0.5,With reminder,Weak encoding,1.0,0.9,0,0.0,50,filler,0.0006000000284984708
2.5,0.5,With reminder,Weak encoding,1.0,0.9,0,0.0,51,filler,0.00039999998989515007
2.5,0.5,With reminder,Weak encoding,1.0,0.9,0,0.0,52,filler,0.00039999998989515007
2.5,0.5,With reminder,Weak encoding,1.0,0.9,0,0.0,53,filler,0.0
2.5,0.5,With reminder,Weak encoding,1.0,0.9,0,0.0,54,filler,0.00019999999494757503
2.5,0.5,With reminder,Weak encoding,1.0,0.9,0,0.0,55,filler,0.00019999999494757503
2.5,0.5,With reminder,Weak encoding,1.0,0.9,0,0.0,56,filler,0.00019999999494757503
2.5,0.5,With reminder,Weak encoding,1.0,0.9,0,0.0,57,filler,0.0
2.5,0.5,With reminder,Weak encoding,1.0,0.9,0,0.0,58,filler,0.0
2.5,0.5,With reminder,Weak encoding,1.0,0.9,0,0.0,59,filler,0.0
2.5,0.5,With reminder,Weak encoding,1.0,0.9,0,0.0,60,filler,0.00019999999494757503
2.5,0.5,With reminder,Weak encoding,1.0,0.9,0,0.0,61,filler,0.0
2.5,0.5,With reminder,Weak encoding,1.0,0.9,0,0.0,62,filler,0.0
2.5,0.5,With reminder,Weak encoding,1.0,0.9,0,0.0,63,filler,0.0
2.5,0.5,With reminder,Weak encoding,1.0,0.9,0,0.0,64,filler,0.0
2.5,0.5,With reminder,Strong encoding,2.0,0.9,0,0.0,1,film,0.2619999945163727
2.5,0.5,With reminder,Strong encoding,2.0,0.9,0,0.0,2,film,0.23659999668598175
2.5,0.5,With reminder,Strong encoding,2.0,0.9,0,0.0,3,film,0.25619998574256897
2.5,0.5,With reminder,Strong encoding,2.0,0.9,0,0.0,4,film,0.25940001010894775
2.5,0.5,With reminder,Strong encoding,2.0,0.9,0,0.0,5,film,0.2425999939441681
2.5,0.5,With reminder,Strong encoding,2.0,0.9,0,0.0,6,film,0.24279999732971191
2.5,0.5,With reminder,Strong encoding,2.0,0.9,0,0.0,7,film,0.24300000071525574
2.5,0.5,With reminder,Strong encoding,2.0,0.9,0,0.0,8,film,0.23880000412464142
2.5,0.5,With reminder,Strong encoding,2.0,0.9,0,0.0,9,film,0.23280000686645508
2.5,0.5,With reminder,Strong encoding,2.0,0.9,0,0.0,10,film,0.21660000085830688
2.5,0.5,With reminder,Strong encoding,2.0,0.9,0,0.0,11,film,0.20800000429153442
2.5,0.5,With reminder,Strong encoding,2.0,0.9,0,0.0,12,film,0.1891999989748001
2.5,0.5,With reminder,Strong encoding,2.0,0.9,0,0.0,13,film,0.17880000174045563
2.5,0.5,With reminder,Strong encoding,2.0,0.9,0,0.0,14,film,0.17080000042915344
2.5,0.5,With reminder,Strong encoding,2.0,0.9,0,0.0,15,film,0.15039999783039093
2.5,0.5,With reminder,Strong encoding,2.0,0.9,0,0.0,16,film,0.14319999516010284
2.5,0.5,With reminder,Strong encoding,2.0,0.9,0,0.0,17,break,0.0568000003695488
2.5,0.5,With reminder,Strong encoding,2.0,0.9,0,0.0,18,break,0.04019999876618385
2.5,0.5,With reminder,Strong encoding,2.0,0.9,0,0.0,19,break,0.0284000001847744
2.5,0.5,With reminder,Strong encoding,2.0,0.9,0,0.0,20,break,0.020600000396370888
2.5,0.5,With reminder,Strong encoding,2.0,0.9,0,0.0,21,break,0.0142000000923872
2.5,0.5,With reminder,Strong encoding,2.0,0.9,0,0.0,22,break,0.008999999612569809
2.5,0.5,With reminder,Strong encoding,2.0,0.9,0,0.0,23,break,0.00839999970048666
2.5,0.5,With reminder,Strong encoding,2.0,0.9,0,0.0,24,break,0.005799999926239252
2.5,0.5,With reminder,Strong encoding,2.0,0.9,0,0.0,25,break,0.003599999938160181
2.5,0.5,With reminder,Strong encoding,2.0,0.9,0,0.0,26,break,0.0012000000569969416
2.5,0.5,With reminder,Strong encoding,2.0,0.9,0,0.0,27,break,0.002400000113993883
2.5,0.5,With reminder,Strong encoding,2.0,0.9,0,0.0,28,break,0.002199999988079071
2.5,0.5,With reminder,Strong encoding,2.0,0.9,0,0.0,29,break,0.00039999998989515007
2.5,0.5,With reminder,Strong encoding,2.0,0.9,0,0.0,30,break,0.0006000000284984708
2.5,0.5,With reminder,Strong encoding,2.0,0.9,0,0.0,31,break,0.00039999998989515007
2.5,0.5,With reminder,Strong encoding,2.0,0.9,0,0.0,32,break,0.00039999998989515007
2.5,0.5,With reminder,Strong encoding,2.0,0.9,0,0.0,33,task,0.628000020980835
2.5,0.5,With reminder,Strong encoding,2.0,0.9,0,0.0,34,task,0.5608000159263611
2.5,0.5,With reminder,Strong encoding,2.0,0.9,0,0.0,35,task,0.487199991941452
2.5,0.5,With reminder,Strong encoding,2.0,0.9,0,0.0,36,task,0.4410000145435333
2.5,0.5,With reminder,Strong encoding,2.0,0.9,0,0.0,37,task,0.3747999966144562
2.5,0.5,With reminder,Strong encoding,2.0,0.9,0,0.0,38,task,0.3181999921798706
2.5,0.5,With reminder,Strong encoding,2.0,0.9,0,0.0,39,task,0.2630000114440918
2.5,0.5,With reminder,Strong encoding,2.0,0.9,0,0.0,40,task,0.21819999814033508
2.5,0.5,With reminder,Strong encoding,2.0,0.9,0,0.0,41,task,0.17020000517368317
2.5,0.5,With reminder,Strong encoding,2.0,0.9,0,0.0,42,task,0.14399999380111694
2.5,0.5,With reminder,Strong encoding,2.0,0.9,0,0.0,43,task,0.10199999809265137
2.5,0.5,With reminder,Strong encoding,2.0,0.9,0,0.0,44,task,0.08619999885559082
2.5,0.5,With reminder,Strong encoding,2.0,0.9,0,0.0,45,task,0.0658000037074089
2.5,0.5,With reminder,Strong encoding,2.0,0.9,0,0.0,46,task,0.050200000405311584
2.5,0.5,With reminder,Strong encoding,2.0,0.9,0,0.0,47,task,0.04280000180006027
2.5,0.5,With reminder,Strong encoding,2.0,0.9,0,0.0,48,task,0.02879999950528145
2.5,0.5,With reminder,Strong encoding,2.0,0.9,0,0.0,49,filler,0.0020000000949949026
2.5,0.5,With reminder,Strong encoding,2.0,0.9,0,0.0,50,filler,0.002199999988079071
2.5,0.5,With reminder,Strong encoding,2.0,0.9,0,0.0,51,filler,0.0006000000284984708
2.5,0.5,With reminder,Strong encoding,2.0,0.9,0,0.0,52,filler,0.00039999998989515007
2.5,0.5,With reminder,Strong encoding,2.0,0.9,0,0.0,53,filler,0.0010000000474974513
2.5,0.5,With reminder,Strong encoding,2.0,0.9,0,0.0,54,filler,0.0006000000284984708
2.5,0.5,With reminder,Strong encoding,2.0,0.9,0,0.0,55,filler,0.00039999998989515007
2.5,0.5,With reminder,Strong encoding,2.0,0.9,0,0.0,56,filler,0.00039999998989515007
2.5,0.5,With reminder,Strong encoding,2.0,0.9,0,0.0,57,filler,0.0
2.5,0.5,With reminder,Strong encoding,2.0,0.9,0,0.0,58,filler,0.0
2.5,0.5,With reminder,Strong encoding,2.0,0.9,0,0.0,59,filler,0.0
2.5,0.5,With reminder,Strong encoding,2.0,0.9,0,0.0,60,filler,0.0
2.5,0.5,With reminder,Strong encoding,2.0,0.9,0,0.0,61,filler,0.00019999999494757503
2.5,0.5,With reminder,Strong encoding,2.0,0.9,0,0.0,62,filler,0.00019999999494757503
2.5,0.5,With reminder,Strong encoding,2.0,0.9,0,0.0,63,filler,0.0
2.5,0.5,With reminder,Strong encoding,2.0,0.9,0,0.0,64,filler,0.0
2.5,0.25,No reminder,Weak encoding,1.0,0.9,0,0.0,1,film,0.3874000012874603
2.5,0.25,No reminder,Weak encoding,1.0,0.9,0,0.0,2,film,0.37720000743865967
2.5,0.25,No reminder,Weak encoding,1.0,0.9,0,0.0,3,film,0.41499999165534973
2.5,0.25,No reminder,Weak encoding,1.0,0.9,0,0.0,4,film,0.4235999882221222
2.5,0.25,No reminder,Weak encoding,1.0,0.9,0,0.0,5,film,0.43860000371932983
2.5,0.25,No reminder,Weak encoding,1.0,0.9,0,0.0,6,film,0.4544000029563904
2.5,0.25,No reminder,Weak encoding,1.0,0.9,0,0.0,7,film,0.47999998927116394
2.5,0.25,No reminder,Weak encoding,1.0,0.9,0,0.0,8,film,0.48159998655319214
2.5,0.25,No reminder,Weak encoding,1.0,0.9,0,0.0,9,film,0.4828000068664551
2.5,0.25,No reminder,Weak encoding,1.0,0.9,0,0.0,10,film,0.47940000891685486
2.5,0.25,No reminder,Weak encoding,1.0,0.9,0,0.0,11,film,0.47920000553131104
2.5,0.25,No reminder,Weak encoding,1.0,0.9,0,0.0,12,film,0.46459999680519104
2.5,0.25,No reminder,Weak encoding,1.0,0.9,0,0.0,13,film,0.45739999413490295
2.5,0.25,No reminder,Weak encoding,1.0,0.9,0,0.0,14,film,0.4253999888896942
2.5,0.25,No reminder,Weak encoding,1.0,0.9,0,0.0,15,film,0.41440001130104065
2.5,0.25,No reminder,Weak encoding,1.0,0.9,0,0.0,16,film,0.365200012922287
2.5,0.25,No reminder,Weak encoding,1.0,0.9,0,0.0,17,break,0.19020000100135803
2.5,0.25,No reminder,Weak encoding,1.0,0.9,0,0.0,18,break,0.13459999859333038
2.5,0.25,No reminder,Weak encoding,1.0,0.9,0,0.0,19,break,0.09560000151395798
2.5,0.25,No reminder,Weak encoding,1.0,0.9,0,0.0,20,break,0.07020000368356705
2.5,0.25,No reminder,Weak encoding,1.0,0.9,0,0.0,21,break,0.044599998742341995
2.5,0.25,No reminder,Weak encoding,1.0,0.9,0,0.0,22,break,0.032999999821186066
2.5,0.25,No reminder,Weak encoding,1.0,0.9,0,0.0,23,break,0.022600000724196434
2.5,0.25,No reminder,Weak encoding,1.0,0.9,0,0.0,24,break,0.013799999840557575
2.5,0.25,No reminder,Weak encoding,1.0,0.9,0,0.0,25,break,0.010599999688565731
2.5,0.25,No reminder,Weak encoding,1.0,0.9,0,0.0,26,break,0.006800000090152025
2.5,0.25,No reminder,Weak encoding,1.0,0.9,0,0.0,27,break,0.004600000102072954
2.5,0.25,No reminder,Weak encoding,1.0,0.9,0,0.0,28,break,0.003599999938160181
2.5,0.25,No reminder,Weak encoding,1.0,0.9,0,0.0,29,break,0.0026000000070780516
2.5,0.25,No reminder,Weak encoding,1.0,0.9,0,0.0,30,break,0.0020000000949949026
2.5,0.25,No reminder,Weak encoding,1.0,0.9,0,0.0,31,break,0.0007999999797903001
2.5,0.25,No reminder,Weak encoding,1.0,0.9,0,0.0,32,break,0.00039999998989515007
2.5,0.25,No reminder,Weak encoding,1.0,0.9,0,0.0,33,task,0.00039999998989515007
2.5,0.25,No reminder,Weak encoding,1.0,0.9,0,0.0,34,task,0.00039999998989515007
2.5,0.25,No reminder,Weak encoding,1.0,0.9,0,0.0,35,task,0.0006000000284984708
2.5,0.25,No reminder,Weak encoding,1.0,0.9,0,0.0,36,task,0.00039999998989515007
2.5,0.25,No reminder,Weak encoding,1.0,0.9,0,0.0,37,task,0.00039999998989515007
2.5,0.25,No reminder,Weak encoding,1.0,0.9,0,0.0,38,task,0.0
2.5,0.25,No reminder,Weak encoding,1.0,0.9,0,0.0,39,task,0.0
2.5,0.25,No reminder,Weak encoding,1.0,0.9,0,0.0,40,task,0.0
2.5,0.25,No reminder,Weak encoding,1.0,0.9,0,0.0,41,task,0.0
2.5,0.25,No reminder,Weak encoding,1.0,0.9,0,0.0,42,task,0.0
2.5,0.25,No reminder,Weak encoding,1.0,0.9,0,0.0,43,task,0.0
2.5,0.25,No reminder,Weak encoding,1.0,0.9,0,0.0,44,task,0.0
2.5,0.25,No reminder,Weak encoding,1.0,0.9,0,0.0,45,task,0.0
2.5,0.25,No reminder,Weak encoding,1.0,0.9,0,0.0,46,task,0.0
2.5,0.25,No reminder,Weak encoding,1.0,0.9,0,0.0,47,task,0.0
2.5,0.25,No reminder,Weak encoding,1.0,0.9,0,0.0,48,task,0.0
2.5,0.25,No reminder,Weak encoding,1.0,0.9,0,0.0,49,filler,0.0
2.5,0.25,No reminder,Weak encoding,1.0,0.9,0,0.0,50,filler,0.0
2.5,0.25,No reminder,Weak encoding,1.0,0.9,0,0.0,51,filler,0.0
2.5,0.25,No reminder,Weak encoding,1.0,0.9,0,0.0,52,filler,0.0
2.5,0.25,No reminder,Weak encoding,1.0,0.9,0,0.0,53,filler,0.0
2.5,0.25,No reminder,Weak encoding,1.0,0.9,0,0.0,54,filler,0.0
2.5,0.25,No reminder,Weak encoding,1.0,0.9,0,0.0,55,filler,0.0
2.5,0.25,No reminder,Weak encoding,1.0,0.9,0,0.0,56,filler,0.0
2.5,0.25,No reminder,Weak encoding,1.0,0.9,0,0.0,57,filler,0.0
2.5,0.25,No reminder,Weak encoding,1.0,0.9,0,0.0,58,filler,0.0
2.5,0.25,No reminder,Weak encoding,1.0,0.9,0,0.0,59,filler,0.0
2.5,0.25,No reminder,Weak encoding,1.0,0.9,0,0.0,60,filler,0.0
2.5,0.25,No reminder,Weak encoding,1.0,0.9,0,0.0,61,filler,0.0
2.5,0.25,No reminder,Weak encoding,1.0,0.9,0,0.0,62,filler,0.0
2.5,0.25,No reminder,Weak encoding,1.0,0.9,0,0.0,63,filler,0.0
2.5,0.25,No reminder,Weak encoding,1.0,0.9,0,0.0,64,filler,0.0
2.5,0.25,No reminder,Strong encoding,2.0,0.9,0,0.0,1,film,0.38040000200271606
2.5,0.25,No reminder,Strong encoding,2.0,0.9,0,0.0,2,film,0.3765999972820282
2.5,0.25,No reminder,Strong encoding,2.0,0.9,0,0.0,3,film,0.3921999931335449
2.5,0.25,No reminder,Strong encoding,2.0,0.9,0,0.0,4,film,0.4180000126361847
2.5,0.25,No reminder,Strong encoding,2.0,0.9,0,0.0,5,film,0.43160000443458557
2.5,0.25,No reminder,Strong encoding,2.0,0.9,0,0.0,6,film,0.4593999981880188
2.5,0.25,No reminder,Strong encoding,2.0,0.9,0,0.0,7,film,0.48399999737739563
2.5,0.25,No reminder,Strong encoding,2.0,0.9,0,0.0,8,film,0.47940000891685486
2.5,0.25,No reminder,Strong encoding,2.0,0.9,0,0.0,9,film,0.4862000048160553
2.5,0.25,No reminder,Strong encoding,2.0,0.9,0,0.0,10,film,0.4796000123023987
2.5,0.25,No reminder,Strong encoding,2.0,0.9,0,0.0,11,film,0.47999998927116394
2.5,0.25,No reminder,Strong encoding,2.0,0.9,0,0.0,12,film,0.4675999879837036
2.5,0.25,No reminder,Strong encoding,2.0,0.9,0,0.0,13,film,0.4472000002861023
2.5,0.25,No reminder,Strong encoding,2.0,0.9,0,0.0,14,film,0.4291999936103821
2.5,0.25,No reminder,Strong encoding,2.0,0.9,0,0.0,15,film,0.4041999876499176
2.5,0.25,No reminder,Strong encoding,2.0,0.9,0,0.0,16,film,0.3668000102043152
2.5,0.25,No reminder,Strong encoding,2.0,0.9,0,0.0,17,break,0.188400000333786
2.5,0.25,No reminder,Strong encoding,2.0,0.9,0,0.0,18,break,0.13220000267028809
2.5,0.25,No reminder,Strong encoding,2.0,0.9,0,0.0,19,break,0.09600000083446503
2.5,0.25,No reminder,Strong encoding,2.0,0.9,0,0.0,20,break,0.06719999760389328
2.5,0.25,No reminder,Strong encoding,2.0,0.9,0,0.0,21,break,0.049800001084804535
2.5,0.25,No reminder,Strong encoding,2.0,0.9,0,0.0,22,break,0.028599999845027924
2.5,0.25,No reminder,Strong encoding,2.0,0.9,0,0.0,23,break,0.019200000911951065
2.5,0.25,No reminder,Strong encoding,2.0,0.9,0,0.0,24,break,0.012400000356137753
2.5,0.25,No reminder,Strong encoding,2.0,0.9,0,0.0,25,break,0.013000000268220901
2.5,0.25,No reminder,Strong encoding,2.0,0.9,0,0.0,26,break,0.007400000002235174
2.5,0.25,No reminder,Strong encoding,2.0,0.9,0,0.0,27,break,0.003800000064074993
2.5,0.25,No reminder,Strong encoding,2.0,0.9,0,0.0,28,break,0.004000000189989805
2.5,0.25,No reminder,Strong encoding,2.0,0.9,0,0.0,29,break,0.0010000000474974513
2.5,0.25,No reminder,Strong encoding,2.0,0.9,0,0.0,30,break,0.00139999995008111
2.5,0.25,No reminder,Strong encoding,2.0,0.9,0,0.0,31,break,0.0010000000474974513
2.5,0.25,No reminder,Strong encoding,2.0,0.9,0,0.0,32,break,0.00039999998989515007
2.5,0.25,No reminder,Strong encoding,2.0,0.9,0,0.0,33,task,0.006399999838322401
2.5,0.25,No reminder,Strong encoding,2.0,0.9,0,0.0,34,task,0.0026000000070780516
2.5,0.25,No reminder,Strong encoding,2.0,0.9,0,0.0,35,task,0.0015999999595806003
2.5,0.25,No reminder,Strong encoding,2.0,0.9,0,0.0,36,task,0.0020000000949949026
2.5,0.25,No reminder,Strong encoding,2.0,0.9,0,0.0,37,task,0.002199999988079071
2.5,0.25,No reminder,Strong encoding,2.0,0.9,0,0.0,38,task,0.00139999995008111
2.5,0.25,No reminder,Strong encoding,2.0,0.9,0,0.0,39,task,0.00019999999494757503
2.5,0.25,No reminder,Strong encoding,2.0,0.9,0,0.0,40,task,0.00019999999494757503
2.5,0.25,No reminder,Strong encoding,2.0,0.9,0,0.0,41,task,0.0006000000284984708
2.5,0.25,No reminder,Strong encoding,2.0,0.9,0,0.0,42,task,0.00039999998989515007
2.5,0.25,No reminder,Strong encoding,2.0,0.9,0,0.0,43,task,0.00039999998989515007
2.5,0.25,No reminder,Strong encoding,2.0,0.9,0,0.0,44,task,0.0
2.5,0.25,No reminder,Strong encoding,2.0,0.9,0,0.0,45,task,0.0
2.5,0.25,No reminder,Strong encoding,2.0,0.9,0,0.0,46,task,0.0
2.5,0.25,No reminder,Strong encoding,2.0,0.9,0,0.0,47,task,0.00039999998989515007
2.5,0.25,No reminder,Strong encoding,2.0,0.9,0,0.0,48,task,0.00019999999494757503
2.5,0.25,No reminder,Strong encoding,2.0,0.9,0,0.0,49,filler,0.0
2.5,0.25,No reminder,Strong encoding,2.0,0.9,0,0.0,50,filler,0.0
2.5,0.25,No reminder,Strong encoding,2.0,0.9,0,0.0,51,filler,0.0
2.5,0.25,No reminder,Strong encoding,2.0,0.9,0,0.0,52,filler,0.0
2.5,0.25,No reminder,Strong encoding,2.0,0.9,0,0.0,53,filler,0.0
2.5,0.25,No reminder,Strong encoding,2.0,0.9,0,0.0,54,filler,0.0
2.5,0.25,No reminder,Strong encoding,2.0,0.9,0,0.0,55,filler,0.0
2.5,0.25,No reminder,Strong encoding,2.0,0.9,0,0.0,56,filler,0.0
2.5,0.25,No reminder,Strong encoding,2.0,0.9,0,0.0,57,filler,0.0
2.5,0.25,No reminder,Strong encoding,2.0,0.9,0,0.0,58,filler,0.0
2.5,0.25,No reminder,Strong encoding,2.0,0.9,0,0.0,59,filler,0.0
2.5,0.25,No reminder,Strong encoding,2.0,0.9,0,0.0,60,filler,0.0
2.5,0.25,No reminder,Strong encoding,2.0,0.9,0,0.0,61,filler,0.0
2.5,0.25,No reminder,Strong encoding,2.0,0.9,0,0.0,62,filler,0.0
2.5,0.25,No reminder,Strong encoding,2.0,0.9,0,0.0,63,filler,0.0
2.5,0.25,No reminder,Strong encoding,2.0,0.9,0,0.0,64,filler,0.0
2.5,0.25,With reminder,Weak encoding,1.0,0.9,0,0.0,1,film,0.3700000047683716
2.5,0.25,With reminder,Weak encoding,1.0,0.9,0,0.0,2,film,0.35040000081062317
2.5,0.25,With reminder,Weak encoding,1.0,0.9,0,0.0,3,film,0.36800000071525574
2.5,0.25,With reminder,Weak encoding,1.0,0.9,0,0.0,4,film,0.3874000012874603
2.5,0.25,With reminder,Weak encoding,1.0,0.9,0,0.0,5,film,0.4081999957561493
2.5,0.25,With reminder,Weak encoding,1.0,0.9,0,0.0,6,film,0.42980000376701355
2.5,0.25,With reminder,Weak encoding,1.0,0.9,0,0.0,7,film,0.4438000023365021
2.5,0.25,With reminder,Weak encoding,1.0,0.9,0,0.0,8,film,0.4422000050544739
2.5,0.25,With reminder,Weak encoding,1.0,0.9,0,0.0,9,film,0.4472000002861023
2.5,0.25,With reminder,Weak encoding,1.0,0.9,0,0.0,10,film,0.4300000071525574
2.5,0.25,With reminder,Weak encoding,1.0,0.9,0,0.0,11,film,0.42820000648498535
2.5,0.25,With reminder,Weak encoding,1.0,0.9,0,0.0,12,film,0.4339999854564667
2.5,0.25,With reminder,Weak encoding,1.0,0.9,0,0.0,13,film,0.40220001339912415
2.5,0.25,With reminder,Weak encoding,1.0,0.9,0,0.0,14,film,0.38359999656677246
2.5,0.25,With reminder,Weak encoding,1.0,0.9,0,0.0,15,film,0.35440000891685486
2.5,0.25,With reminder,Weak encoding,1.0,0.9,0,0.0,16,film,0.3287999927997589
2.5,0.25,With reminder,Weak encoding,1.0,0.9,0,0.0,17,break,0.15440000593662262
2.5,0.25,With reminder,Weak encoding,1.0,0.9,0,0.0,18,break,0.11400000005960464
2.5,0.25,With reminder,Weak encoding,1.0,0.9,0,0.0,19,break,0.07500000298023224
2.5,0.25,With reminder,Weak encoding,1.0,0.9,0,0.0,20,break,0.057999998331069946
2.5,0.25,With reminder,Weak encoding,1.0,0.9,0,0.0,21,break,0.03420000150799751
2.5,0.25,With reminder,Weak encoding,1.0,0.9,0,0.0,22,break,0.024399999529123306
2.5,0.25,With reminder,Weak encoding,1.0,0.9,0,0.0,23,break,0.016599999740719795
2.5,0.25,With reminder,Weak encoding,1.0,0.9,0,0.0,24,break,0.017000000923871994
2.5,0.25,With reminder,Weak encoding,1.0,0.9,0,0.0,25,break,0.009399999864399433
2.5,0.25,With reminder,Weak encoding,1.0,0.9,0,0.0,26,break,0.007000000216066837
2.5,0.25,With reminder,Weak encoding,1.0,0.9,0,0.0,27,break,0.004999999888241291
2.5,0.25,With reminder,Weak encoding,1.0,0.9,0,0.0,28,break,0.0026000000070780516
2.5,0.25,With reminder,Weak encoding,1.0,0.9,0,0.0,29,break,0.003000000026077032
2.5,0.25,With reminder,Weak encoding,1.0,0.9,0,0.0,30,break,0.0012000000569969416
2.5,0.25,With reminder,Weak encoding,1.0,0.9,0,0.0,31,break,0.0007999999797903001
2.5,0.25,With reminder,Weak encoding,1.0,0.9,0,0.0,32,break,0.0007999999797903001
2.5,0.25,With reminder,Weak encoding,1.0,0.9,0,0.0,33,task,0.2085999995470047
2.5,0.25,With reminder,Weak encoding,1.0,0.9,0,0.0,34,task,0.15479999780654907
2.5,0.25,With reminder,Weak encoding,1.0,0.9,0,0.0,35,task,0.10300000011920929
2.5,0.25,With reminder,Weak encoding,1.0,0.9,0,0.0,36,task,0.07320000231266022
2.5,0.25,With reminder,Weak encoding,1.0,0.9,0,0.0,37,task,0.05079999938607216
2.5,0.25,With reminder,Weak encoding,1.0,0.9,0,0.0,38,task,0.03319999948143959
2.5,0.25,With reminder,Weak encoding,1.0,0.9,0,0.0,39,task,0.025800000876188278
2.5,0.25,With reminder,Weak encoding,1.0,0.9,0,0.0,40,task,0.0142000000923872
2.5,0.25,With reminder,Weak encoding,1.0,0.9,0,0.0,41,task,0.012799999676644802
2.5,0.25,With reminder,Weak encoding,1.0,0.9,0,0.0,42,task,0.007799999788403511
2.5,0.25,With reminder,Weak encoding,1.0,0.9,0,0.0,43,task,0.004999999888241291
2.5,0.25,With reminder,Weak encoding,1.0,0.9,0,0.0,44,task,0.003599999938160181
2.5,0.25,With reminder,Weak encoding,1.0,0.9,0,0.0,45,task,0.002199999988079071
2.5,0.25,With reminder,Weak encoding,1.0,0.9,0,0.0,46,task,0.0015999999595806003
2.5,0.25,With reminder,Weak encoding,1.0,0.9,0,0.0,47,task,0.0006000000284984708
2.5,0.25,With reminder,Weak encoding,1.0,0.9,0,0.0,48,task,0.0007999999797903001
2.5,0.25,With reminder,Weak encoding,1.0,0.9,0,0.0,49,filler,0.00019999999494757503
2.5,0.25,With reminder,Weak encoding,1.0,0.9,0,0.0,50,filler,0.0007999999797903001
2.5,0.25,With reminder,Weak encoding,1.0,0.9,0,0.0,51,filler,0.00019999999494757503
2.5,0.25,With reminder,Weak encoding,1.0,0.9,0,0.0,52,filler,0.0006000000284984708
2.5,0.25,With reminder,Weak encoding,1.0,0.9,0,0.0,53,filler,0.00019999999494757503
2.5,0.25,With reminder,Weak encoding,1.0,0.9,0,0.0,54,filler,0.0
2.5,0.25,With reminder,Weak encoding,1.0,0.9,0,0.0,55,filler,0.00019999999494757503
2.5,0.25,With reminder,Weak encoding,1.0,0.9,0,0.0,56,filler,0.0
2.5,0.25,With reminder,Weak encoding,1.0,0.9,0,0.0,57,filler,0.0
2.5,0.25,With reminder,Weak encoding,1.0,0.9,0,0.0,58,filler,0.0
2.5,0.25,With reminder,Weak encoding,1.0,0.9,0,0.0,59,filler,0.0
2.5,0.25,With reminder,Weak encoding,1.0,0.9,0,0.0,60,filler,0.00019999999494757503
2.5,0.25,With reminder,Weak encoding,1.0,0.9,0,0.0,61,filler,0.0
2.5,0.25,With reminder,Weak encoding,1.0,0.9,0,0.0,62,filler,0.0
2.5,0.25,With reminder,Weak encoding,1.0,0.9,0,0.0,63,filler,0.0
2.5,0.25,With reminder,Weak encoding,1.0,0.9,0,0.0,64,filler,0.0
2.5,0.25,With reminder,Strong encoding,2.0,0.9,0,0.0,1,film,0.31220000982284546
2.5,0.25,With reminder,Strong encoding,2.0,0.9,0,0.0,2,film,0.2678000032901764
2.5,0.25,With reminder,Strong encoding,2.0,0.9,0,0.0,3,film,0.2793999910354614
2.5,0.25,With reminder,Strong encoding,2.0,0.9,0,0.0,4,film,0.28540000319480896
2.5,0.25,With reminder,Strong encoding,2.0,0.9,0,0.0,5,film,0.28839999437332153
2.5,0.25,With reminder,Strong encoding,2.0,0.9,0,0.0,6,film,0.2955999970436096
2.5,0.25,With reminder,Strong encoding,2.0,0.9,0,0.0,7,film,0.28619998693466187
2.5,0.25,With reminder,Strong encoding,2.0,0.9,0,0.0,8,film,0.2913999855518341
2.5,0.25,With reminder,Strong encoding,2.0,0.9,0,0.0,9,film,0.2865999937057495
2.5,0.25,With reminder,Strong encoding,2.0,0.9,0,0.0,10,film,0.27000001072883606
2.5,0.25,With reminder,Strong encoding,2.0,0.9,0,0.0,11,film,0.26339998841285706
2.5,0.25,With reminder,Strong encoding,2.0,0.9,0,0.0,12,film,0.2515999972820282
2.5,0.25,With reminder,Strong encoding,2.0,0.9,0,0.0,13,film,0.21299999952316284
2.5,0.25,With reminder,Strong encoding,2.0,0.9,0,0.0,14,film,0.20679999887943268
2.5,0.25,With reminder,Strong encoding,2.0,0.9,0,0.0,15,film,0.18320000171661377
2.5,0.25,With reminder,Strong encoding,2.0,0.9,0,0.0,16,film,0.16899999976158142
2.5,0.25,With reminder,Strong encoding,2.0,0.9,0,0.0,17,break,0.066600002348423
2.5,0.25,With reminder,Strong encoding,2.0,0.9,0,0.0,18,break,0.050599999725818634
2.5,0.25,With reminder,Strong encoding,2.0,0.9,0,0.0,19,break,0.03400000184774399
2.5,0.25,With reminder,Strong encoding,2.0,0.9,0,0.0,20,break,0.02160000056028366
2.5,0.25,With reminder,Strong encoding,2.0,0.9,0,0.0,21,break,0.014000000432133675
2.5,0.25,With reminder,Strong encoding,2.0,0.9,0,0.0,22,break,0.009600000455975533
2.5,0.25,With reminder,Strong encoding,2.0,0.9,0,0.0,23,break,0.00800000037997961
2.5,0.25,With reminder,Strong encoding,2.0,0.9,0,0.0,24,break,0.004999999888241291
2.5,0.25,With reminder,Strong encoding,2.0,0.9,0,0.0,25,break,0.0031999999191612005
2.5,0.25,With reminder,Strong encoding,2.0,0.9,0,0.0,26,break,0.002199999988079071
2.5,0.25,With reminder,Strong encoding,2.0,0.9,0,0.0,27,break,0.0017999999690800905
2.5,0.25,With reminder,Strong encoding,2.0,0.9,0,0.0,28,break,0.00139999995008111
2.5,0.25,With reminder,Strong encoding,2.0,0.9,0,0.0,29,break,0.0006000000284984708
2.5,0.25,With reminder,Strong encoding,2.0,0.9,0,0.0,30,break,0.0006000000284984708
2.5,0.25,With reminder,Strong encoding,2.0,0.9,0,0.0,31,break,0.00039999998989515007
2.5,0.25,With reminder,Strong encoding,2.0,0.9,0,0.0,32,break,0.0006000000284984708
2.5,0.25,With reminder,Strong encoding,2.0,0.9,0,0.0,33,task,0.670799970626831
2.5,0.25,With reminder,Strong encoding,2.0,0.9,0,0.0,34,task,0.5681999921798706
2.5,0.25,With reminder,Strong encoding,2.0,0.9,0,0.0,35,task,0.4805999994277954
2.5,0.25,With reminder,Strong encoding,2.0,0.9,0,0.0,36,task,0.3903999924659729
2.5,0.25,With reminder,Strong encoding,2.0,0.9,0,0.0,37,task,0.31040000915527344
2.5,0.25,With reminder,Strong encoding,2.0,0.9,0,0.0,38,task,0.23999999463558197
2.5,0.25,With reminder,Strong encoding,2.0,0.9,0,0.0,39,task,0.17919999361038208
2.5,0.25,With reminder,Strong encoding,2.0,0.9,0,0.0,40,task,0.13779999315738678
2.5,0.25,With reminder,Strong encoding,2.0,0.9,0,0.0,41,task,0.10719999670982361
2.5,0.25,With reminder,Strong encoding,2.0,0.9,0,0.0,42,task,0.0697999969124794
2.5,0.25,With reminder,Strong encoding,2.0,0.9,0,0.0,43,task,0.05180000141263008
2.5,0.25,With reminder,Strong encoding,2.0,0.9,0,0.0,44,task,0.035999998450279236
2.5,0.25,With reminder,Strong encoding,2.0,0.9,0,0.0,45,task,0.026799999177455902
2.5,0.25,With reminder,Strong encoding,2.0,0.9,0,0.0,46,task,0.020600000396370888
2.5,0.25,With reminder,Strong encoding,2.0,0.9,0,0.0,47,task,0.015399999916553497
2.5,0.25,With reminder,Strong encoding,2.0,0.9,0,0.0,48,task,0.008999999612569809
2.5,0.25,With reminder,Strong encoding,2.0,0.9,0,0.0,49,filler,0.0010000000474974513
2.5,0.25,With reminder,Strong encoding,2.0,0.9,0,0.0,50,filler,0.00039999998989515007
2.5,0.25,With reminder,Strong encoding,2.0,0.9,0,0.0,51,filler,0.00019999999494757503
2.5,0.25,With reminder,Strong encoding,2.0,0.9,0,0.0,52,filler,0.00019999999494757503
2.5,0.25,With reminder,Strong encoding,2.0,0.9,0,0.0,53,filler,0.0
2.5,0.25,With reminder,Strong encoding,2.0,0.9,0,0.0,54,filler,0.00019999999494757503
2.5,0.25,With reminder,Strong encoding,2.0,0.9,0,0.0,55,filler,0.0
2.5,0.25,With reminder,Strong encoding,2.0,0.9,0,0.0,56,filler,0.0
2.5,0.25,With reminder,Strong encoding,2.0,0.9,0,0.0,57,filler,0.00019999999494757503
2.5,0.25,With reminder,Strong encoding,2.0,0.9,0,0.0,58,filler,0.0
2.5,0.25,With reminder,Strong encoding,2.0,0.9,0,0.0,59,filler,0.0
2.5,0.25,With reminder,Strong encoding,2.0,0.9,0,0.0,60,filler,0.0
2.5,0.25,With reminder,Strong encoding,2.0,0.9,0,0.0,61,filler,0.0
2.5,0.25,With reminder,Strong encoding,2.0,0.9,0,0.0,62,filler,0.0
2.5,0.25,With reminder,Strong encoding,2.0,0.9,0,0.0,63,filler,0.0
2.5,0.25,With reminder,Strong encoding,2.0,0.9,0,0.0,64,filler,0.0
2.5,0.0,No reminder,Weak encoding,1.0,0.9,0,0.0,1,film,0.39800000190734863
2.5,0.0,No reminder,Weak encoding,1.0,0.9,0,0.0,2,film,0.38339999318122864
2.5,0.0,No reminder,Weak encoding,1.0,0.9,0,0.0,3,film,0.39980000257492065
2.5,0.0,No reminder,Weak encoding,1.0,0.9,0,0.0,4,film,0.42899999022483826
2.5,0.0,No reminder,Weak encoding,1.0,0.9,0,0.0,5,film,0.4422000050544739
2.5,0.0,No reminder,Weak encoding,1.0,0.9,0,0.0,6,film,0.4702000021934509
2.5,0.0,No reminder,Weak encoding,1.0,0.9,0,0.0,7,film,0.4851999878883362
2.5,0.0,No reminder,Weak encoding,1.0,0.9,0,0.0,8,film,0.48240000009536743
2.5,0.0,No reminder,Weak encoding,1.0,0.9,0,0.0,9,film,0.4927999973297119
2.5,0.0,No reminder,Weak encoding,1.0,0.9,0,0.0,10,film,0.49619999527931213
2.5,0.0,No reminder,Weak encoding,1.0,0.9,0,0.0,11,film,0.4805999994277954
2.5,0.0,No reminder,Weak encoding,1.0,0.9,0,0.0,12,film,0.4805999994277954
2.5,0.0,No reminder,Weak encoding,1.0,0.9,0,0.0,13,film,0.4521999955177307
2.5,0.0,No reminder,Weak encoding,1.0,0.9,0,0.0,14,film,0.430400013923645
2.5,0.0,No reminder,Weak encoding,1.0,0.9,0,0.0,15,film,0.41339999437332153
2.5,0.0,No reminder,Weak encoding,1.0,0.9,0,0.0,16,film,0.3734000027179718
2.5,0.0,No reminder,Weak encoding,1.0,0.9,0,0.0,17,break,0.1932000070810318
2.5,0.0,No reminder,Weak encoding,1.0,0.9,0,0.0,18,break,0.12999999523162842
2.5,0.0,No reminder,Weak encoding,1.0,0.9,0,0.0,19,break,0.09239999949932098
2.5,0.0,No reminder,Weak encoding,1.0,0.9,0,0.0,20,break,0.05480000004172325
2.5,0.0,No reminder,Weak encoding,1.0,0.9,0,0.0,21,break,0.042399998754262924
2.5,0.0,No reminder,Weak encoding,1.0,0.9,0,0.0,22,break,0.03139999881386757
2.5,0.0,No reminder,Weak encoding,1.0,0.9,0,0.0,23,break,0.020400000736117363
2.5,0.0,No reminder,Weak encoding,1.0,0.9,0,0.0,24,break,0.012199999764561653
2.5,0.0,No reminder,Weak encoding,1.0,0.9,0,0.0,25,break,0.006399999838322401
2.5,0.0,No reminder,Weak encoding,1.0,0.9,0,0.0,26,break,0.00559999980032444
2.5,0.0,No reminder,Weak encoding,1.0,0.9,0,0.0,27,break,0.005400000140070915
2.5,0.0,No reminder,Weak encoding,1.0,0.9,0,0.0,28,break,0.0015999999595806003
2.5,0.0,No reminder,Weak encoding,1.0,0.9,0,0.0,29,break,0.0017999999690800905
2.5,0.0,No reminder,Weak encoding,1.0,0.9,0,0.0,30,break,0.0012000000569969416
2.5,0.0,No reminder,Weak encoding,1.0,0.9,0,0.0,31,break,0.0
2.5,0.0,No reminder,Weak encoding,1.0,0.9,0,0.0,32,break,0.00019999999494757503
2.5,0.0,No reminder,Weak encoding,1.0,0.9,0,0.0,33,task,0.00019999999494757503
2.5,0.0,No reminder,Weak encoding,1.0,0.9,0,0.0,34,task,0.00019999999494757503
2.5,0.0,No reminder,Weak encoding,1.0,0.9,0,0.0,35,task,0.0
2.5,0.0,No reminder,Weak encoding,1.0,0.9,0,0.0,36,task,0.00019999999494757503
2.5,0.0,No reminder,Weak encoding,1.0,0.9,0,0.0,37,task,0.00019999999494757503
2.5,0.0,No reminder,Weak encoding,1.0,0.9,0,0.0,38,task,0.0
2.5,0.0,No reminder,Weak encoding,1.0,0.9,0,0.0,39,task,0.00019999999494757503
2.5,0.0,No reminder,Weak encoding,1.0,0.9,0,0.0,40,task,0.0
2.5,0.0,No reminder,Weak encoding,1.0,0.9,0,0.0,41,task,0.0
2.5,0.0,No reminder,Weak encoding,1.0,0.9,0,0.0,42,task,0.0
2.5,0.0,No reminder,Weak encoding,1.0,0.9,0,0.0,43,task,0.0
2.5,0.0,No reminder,Weak encoding,1.0,0.9,0,0.0,44,task,0.0
2.5,0.0,No reminder,Weak encoding,1.0,0.9,0,0.0,45,task,0.0
2.5,0.0,No reminder,Weak encoding,1.0,0.9,0,0.0,46,task,0.0
2.5,0.0,No reminder,Weak encoding,1.0,0.9,0,0.0,47,task,0.0
2.5,0.0,No reminder,Weak encoding,1.0,0.9,0,0.0,48,task,0.0
2.5,0.0,No reminder,Weak encoding,1.0,0.9,0,0.0,49,filler,0.0
2.5,0.0,No reminder,Weak encoding,1.0,0.9,0,0.0,50,filler,0.0
2.5,0.0,No reminder,Weak encoding,1.0,0.9,0,0.0,51,filler,0.0
2.5,0.0,No reminder,Weak encoding,1.0,0.9,0,0.0,52,filler,0.0
2.5,0.0,No reminder,Weak encoding,1.0,0.9,0,0.0,53,filler,0.0
2.5,0.0,No reminder,Weak encoding,1.0,0.9,0,0.0,54,filler,0.0
2.5,0.0,No reminder,Weak encoding,1.0,0.9,0,0.0,55,filler,0.0
2.5,0.0,No reminder,Weak encoding,1.0,0.9,0,0.0,56,filler,0.0
2.5,0.0,No reminder,Weak encoding,1.0,0.9,0,0.0,57,filler,0.0
2.5,0.0,No reminder,Weak encoding,1.0,0.9,0,0.0,58,filler,0.0
2.5,0.0,No reminder,Weak encoding,1.0,0.9,0,0.0,59,filler,0.0
2.5,0.0,No reminder,Weak encoding,1.0,0.9,0,0.0,60,filler,0.0
2.5,0.0,No reminder,Weak encoding,1.0,0.9,0,0.0,61,filler,0.0
2.5,0.0,No reminder,Weak encoding,1.0,0.9,0,0.0,62,filler,0.0
2.5,0.0,No reminder,Weak encoding,1.0,0.9,0,0.0,63,filler,0.0
2.5,0.0,No reminder,Weak encoding,1.0,0.9,0,0.0,64,filler,0.0
2.5,0.0,No reminder,Strong encoding,2.0,0.9,0,0.0,1,film,0.3984000086784363
2.5,0.0,No reminder,Strong encoding,2.0,0.9,0,0.0,2,film,0.39100000262260437
2.5,0.0,No reminder,Strong encoding,2.0,0.9,0,0.0,3,film,0.40220001339912415
2.5,0.0,No reminder,Strong encoding,2.0,0.9,0,0.0,4,film,0.4171999990940094
2.5,0.0,No reminder,Strong encoding,2.0,0.9,0,0.0,5,film,0.4381999969482422
2.5,0.0,No reminder,Strong encoding,2.0,0.9,0,0.0,6,film,0.45660001039505005
2.5,0.0,No reminder,Strong encoding,2.0,0.9,0,0.0,7,film,0.46959999203681946
2.5,0.0,No reminder,Strong encoding,2.0,0.9,0,0.0,8,film,0.4864000082015991
2.5,0.0,No reminder,Strong encoding,2.0,0.9,0,0.0,9,film,0.48420000076293945
2.5,0.0,No reminder,Strong encoding,2.0,0.9,0,0.0,10,film,0.4973999857902527
2.5,0.0,No reminder,Strong encoding,2.0,0.9,0,0.0,11,film,0.48100000619888306
2.5,0.0,No reminder,Strong encoding,2.0,0.9,0,0.0,12,film,0.4787999987602234
2.5,0.0,No reminder,Strong encoding,2.0,0.9,0,0.0,13,film,0.4607999920845032
2.5,0.0,No reminder,Strong encoding,2.0,0.9,0,0.0,14,film,0.4406000077724457
2.5,0.0,No reminder,Strong encoding,2.0,0.9,0,0.0,15,film,0.4041999876499176
2.5,0.0,No reminder,Strong encoding,2.0,0.9,0,0.0,16,film,0.36880001425743103
2.5,0.0,No reminder,Strong encoding,2.0,0.9,0,0.0,17,break,0.18940000236034393
2.5,0.0,No reminder,Strong encoding,2.0,0.9,0,0.0,18,break,0.14000000059604645
2.5,0.0,No reminder,Strong encoding,2.0,0.9,0,0.0,19,break,0.09200000017881393
2.5,0.0,No reminder,Strong encoding,2.0,0.9,0,0.0,20,break,0.06080000102519989
2.5,0.0,No reminder,Strong encoding,2.0,0.9,0,0.0,21,break,0.04100000113248825
2.5,0.0,No reminder,Strong encoding,2.0,0.9,0,0.0,22,break,0.02800000086426735
2.5,0.0,No reminder,Strong encoding,2.0,0.9,0,0.0,23,break,0.016200000420212746
2.5,0.0,No reminder,Strong encoding,2.0,0.9,0,0.0,24,break,0.01360000018030405
2.5,0.0,No reminder,Strong encoding,2.0,0.9,0,0.0,25,break,0.011599999852478504
2.5,0.0,No reminder,Strong encoding,2.0,0.9,0,0.0,26,break,0.006200000178068876
2.5,0.0,No reminder,Strong encoding,2.0,0.9,0,0.0,27,break,0.004600000102072954
2.5,0.0,No reminder,Strong encoding,2.0,0.9,0,0.0,28,break,0.0010000000474974513
2.5,0.0,No reminder,Strong encoding,2.0,0.9,0,0.0,29,break,0.0017999999690800905
2.5,0.0,No reminder,Strong encoding,2.0,0.9,0,0.0,30,break,0.0010000000474974513
2.5,0.0,No reminder,Strong encoding,2.0,0.9,0,0.0,31,break,0.0007999999797903001
2.5,0.0,No reminder,Strong encoding,2.0,0.9,0,0.0,32,break,0.0006000000284984708
2.5,0.0,No reminder,Strong encoding,2.0,0.9,0,0.0,33,task,0.004399999976158142
2.5,0.0,No reminder,Strong encoding,2.0,0.9,0,0.0,34,task,0.0026000000070780516
2.5,0.0,No reminder,Strong encoding,2.0,0.9,0,0.0,35,task,0.003000000026077032
2.5,0.0,No reminder,Strong encoding,2.0,0.9,0,0.0,36,task,0.00139999995008111
2.5,0.0,No reminder,Strong encoding,2.0,0.9,0,0.0,37,task,0.0006000000284984708
2.5,0.0,No reminder,Strong encoding,2.0,0.9,0,0.0,38,task,0.0010000000474974513
2.5,0.0,No reminder,Strong encoding,2.0,0.9,0,0.0,39,task,0.00039999998989515007
2.5,0.0,No reminder,Strong encoding,2.0,0.9,0,0.0,40,task,0.0007999999797903001
2.5,0.0,No reminder,Strong encoding,2.0,0.9,0,0.0,41,task,0.0006000000284984708
2.5,0.0,No reminder,Strong encoding,2.0,0.9,0,0.0,42,task,0.0
2.5,0.0,No reminder,Strong encoding,2.0,0.9,0,0.0,43,task,0.00019999999494757503
2.5,0.0,No reminder,Strong encoding,2.0,0.9,0,0.0,44,task,0.00019999999494757503
2.5,0.0,No reminder,Strong encoding,2.0,0.9,0,0.0,45,task,0.0
2.5,0.0,No reminder,Strong encoding,2.0,0.9,0,0.0,46,task,0.0
2.5,0.0,No reminder,Strong encoding,2.0,0.9,0,0.0,47,task,0.0
2.5,0.0,No reminder,Strong encoding,2.0,0.9,0,0.0,48,task,0.0
2.5,0.0,No reminder,Strong encoding,2.0,0.9,0,0.0,49,filler,0.0
2.5,0.0,No reminder,Strong encoding,2.0,0.9,0,0.0,50,filler,0.0
2.5,0.0,No reminder,Strong encoding,2.0,0.9,0,0.0,51,filler,0.0
2.5,0.0,No reminder,Strong encoding,2.0,0.9,0,0.0,52,filler,0.0
2.5,0.0,No reminder,Strong encoding,2.0,0.9,0,0.0,53,filler,0.0
2.5,0.0,No reminder,Strong encoding,2.0,0.9,0,0.0,54,filler,0.0
2.5,0.0,No reminder,Strong encoding,2.0,0.9,0,0.0,55,filler,0.0
2.5,0.0,No reminder,Strong encoding,2.0,0.9,0,0.0,56,filler,0.0
2.5,0.0,No reminder,Strong encoding,2.0,0.9,0,0.0,57,filler,0.0
2.5,0.0,No reminder,Strong encoding,2.0,0.9,0,0.0,58,filler,0.0
2.5,0.0,No reminder,Strong encoding,2.0,0.9,0,0.0,59,filler,0.0
2.5,0.0,No reminder,Strong encoding,2.0,0.9,0,0.0,60,filler,0.0
2.5,0.0,No reminder,Strong encoding,2.0,0.9,0,0.0,61,filler,0.0
2.5,0.0,No reminder,Strong encoding,2.0,0.9,0,0.0,62,filler,0.0
2.5,0.0,No reminder,Strong encoding,2.0,0.9,0,0.0,63,filler,0.0
2.5,0.0,No reminder,Strong encoding,2.0,0.9,0,0.0,64,filler,0.0
2.5,0.0,With reminder,Weak encoding,1.0,0.9,0,0.0,1,film,0.3781999945640564
2.5,0.0,With reminder,Weak encoding,1.0,0.9,0,0.0,2,film,0.3630000054836273
2.5,0.0,With reminder,Weak encoding,1.0,0.9,0,0.0,3,film,0.375
2.5,0.0,With reminder,Weak encoding,1.0,0.9,0,0.0,4,film,0.40860000252723694
2.5,0.0,With reminder,Weak encoding,1.0,0.9,0,0.0,5,film,0.41679999232292175
2.5,0.0,With reminder,Weak encoding,1.0,0.9,0,0.0,6,film,0.4357999861240387
2.5,0.0,With reminder,Weak encoding,1.0,0.9,0,0.0,7,film,0.4368000030517578
2.5,0.0,With reminder,Weak encoding,1.0,0.9,0,0.0,8,film,0.4521999955177307
2.5,0.0,With reminder,Weak encoding,1.0,0.9,0,0.0,9,film,0.4560000002384186
2.5,0.0,With reminder,Weak encoding,1.0,0.9,0,0.0,10,film,0.438400000333786
2.5,0.0,With reminder,Weak encoding,1.0,0.9,0,0.0,11,film,0.4307999908924103
2.5,0.0,With reminder,Weak encoding,1.0,0.9,0,0.0,12,film,0.42579999566078186
2.5,0.0,With reminder,Weak encoding,1.0,0.9,0,0.0,13,film,0.40380001068115234
2.5,0.0,With reminder,Weak encoding,1.0,0.9,0,0.0,14,film,0.37880000472068787
2.5,0.0,With reminder,Weak encoding,1.0,0.9,0,0.0,15,film,0.36160001158714294
2.5,0.0,With reminder,Weak encoding,1.0,0.9,0,0.0,16,film,0.32019999623298645
2.5,0.0,With reminder,Weak encoding,1.0,0.9,0,0.0,17,break,0.14579999446868896
2.5,0.0,With reminder,Weak encoding,1.0,0.9,0,0.0,18,break,0.10419999808073044
2.5,0.0,With reminder,Weak encoding,1.0,0.9,0,0.0,19,break,0.07159999758005142
2.5,0.0,With reminder,Weak encoding,1.0,0.9,0,0.0,20,break,0.04639999940991402
2.5,0.0,With reminder,Weak encoding,1.0,0.9,0,0.0,21,break,0.0272000003606081
2.5,0.0,With reminder,Weak encoding,1.0,0.9,0,0.0,22,break,0.026399999856948853
2.5,0.0,With reminder,Weak encoding,1.0,0.9,0,0.0,23,break,0.014000000432133675
2.5,0.0,With reminder,Weak encoding,1.0,0.9,0,0.0,24,break,0.01080000028014183
2.5,0.0,With reminder,Weak encoding,1.0,0.9,0,0.0,25,break,0.00559999980032444
2.5,0.0,With reminder,Weak encoding,1.0,0.9,0,0.0,26,break,0.005200000014156103
2.5,0.0,With reminder,Weak encoding,1.0,0.9,0,0.0,27,break,0.0034000000450760126
2.5,0.0,With reminder,Weak encoding,1.0,0.9,0,0.0,28,break,0.0020000000949949026
2.5,0.0,With reminder,Weak encoding,1.0,0.9,0,0.0,29,break,0.0007999999797903001
2.5,0.0,With reminder,Weak encoding,1.0,0.9,0,0.0,30,break,0.0007999999797903001
2.5,0.0,With reminder,Weak encoding,1.0,0.9,0,0.0,31,break,0.00039999998989515007
2.5,0.0,With reminder,Weak encoding,1.0,0.9,0,0.0,32,break,0.00019999999494757503
2.5,0.0,With reminder,Weak encoding,1.0,0.9,0,0.0,33,task,0.20440000295639038
2.5,0.0,With reminder,Weak encoding,1.0,0.9,0,0.0,34,task,0.15160000324249268
2.5,0.0,With reminder,Weak encoding,1.0,0.9,0,0.0,35,task,0.09160000085830688
2.5,0.0,With reminder,Weak encoding,1.0,0.9,0,0.0,36,task,0.06400000303983688
2.5,0.0,With reminder,Weak encoding,1.0,0.9,0,0.0,37,task,0.03959999978542328
2.5,0.0,With reminder,Weak encoding,1.0,0.9,0,0.0,38,task,0.0284000001847744
2.5,0.0,With reminder,Weak encoding,1.0,0.9,0,0.0,39,task,0.019600000232458115
2.5,0.0,With reminder,Weak encoding,1.0,0.9,0,0.0,40,task,0.012600000016391277
2.5,0.0,With reminder,Weak encoding,1.0,0.9,0,0.0,41,task,0.010200000368058681
2.5,0.0,With reminder,Weak encoding,1.0,0.9,0,0.0,42,task,0.007799999788403511
2.5,0.0,With reminder,Weak encoding,1.0,0.9,0,0.0,43,task,0.004999999888241291
2.5,0.0,With reminder,Weak encoding,1.0,0.9,0,0.0,44,task,0.00279999990016222
2.5,0.0,With reminder,Weak encoding,1.0,0.9,0,0.0,45,task,0.0010000000474974513
2.5,0.0,With reminder,Weak encoding,1.0,0.9,0,0.0,46,task,0.0012000000569969416
2.5,0.0,With reminder,Weak encoding,1.0,0.9,0,0.0,47,task,0.0015999999595806003
2.5,0.0,With reminder,Weak encoding,1.0,0.9,0,0.0,48,task,0.00019999999494757503
2.5,0.0,With reminder,Weak encoding,1.0,0.9,0,0.0,49,filler,0.0010000000474974513
2.5,0.0,With reminder,Weak encoding,1.0,0.9,0,0.0,50,filler,0.0
2.5,0.0,With reminder,Weak encoding,1.0,0.9,0,0.0,51,filler,0.00039999998989515007
2.5,0.0,With reminder,Weak encoding,1.0,0.9,0,0.0,52,filler,0.00039999998989515007
2.5,0.0,With reminder,Weak encoding,1.0,0.9,0,0.0,53,filler,0.0
2.5,0.0,With reminder,Weak encoding,1.0,0.9,0,0.0,54,filler,0.00019999999494757503
2.5,0.0,With reminder,Weak encoding,1.0,0.9,0,0.0,55,filler,0.0
2.5,0.0,With reminder,Weak encoding,1.0,0.9,0,0.0,56,filler,0.0
2.5,0.0,With reminder,Weak encoding,1.0,0.9,0,0.0,57,filler,0.0
2.5,0.0,With reminder,Weak encoding,1.0,0.9,0,0.0,58,filler,0.0
2.5,0.0,With reminder,Weak encoding,1.0,0.9,0,0.0,59,filler,0.0
2.5,0.0,With reminder,Weak encoding,1.0,0.9,0,0.0,60,filler,0.0
2.5,0.0,With reminder,Weak encoding,1.0,0.9,0,0.0,61,filler,0.0
2.5,0.0,With reminder,Weak encoding,1.0,0.9,0,0.0,62,filler,0.0
2.5,0.0,With reminder,Weak encoding,1.0,0.9,0,0.0,63,filler,0.0
2.5,0.0,With reminder,Weak encoding,1.0,0.9,0,0.0,64,filler,0.0
2.5,0.0,With reminder,Strong encoding,2.0,0.9,0,0.0,1,film,0.3391999900341034
2.5,0.0,With reminder,Strong encoding,2.0,0.9,0,0.0,2,film,0.31360000371932983
2.5,0.0,With reminder,Strong encoding,2.0,0.9,0,0.0,3,film,0.31520000100135803
2.5,0.0,With reminder,Strong encoding,2.0,0.9,0,0.0,4,film,0.32199999690055847
2.5,0.0,With reminder,Strong encoding,2.0,0.9,0,0.0,5,film,0.3294000029563904
2.5,0.0,With reminder,Strong encoding,2.0,0.9,0,0.0,6,film,0.3361999988555908
2.5,0.0,With reminder,Strong encoding,2.0,0.9,0,0.0,7,film,0.33079999685287476
2.5,0.0,With reminder,Strong encoding,2.0,0.9,0,0.0,8,film,0.3368000090122223
2.5,0.0,With reminder,Strong encoding,2.0,0.9,0,0.0,9,film,0.32019999623298645
2.5,0.0,With reminder,Strong encoding,2.0,0.9,0,0.0,10,film,0.3070000112056732
2.5,0.0,With reminder,Strong encoding,2.0,0.9,0,0.0,11,film,0.29840001463890076
2.5,0.0,With reminder,Strong encoding,2.0,0.9,0,0.0,12,film,0.2896000146865845
2.5,0.0,With reminder,Strong encoding,2.0,0.9,0,0.0,13,film,0.2619999945163727
2.5,0.0,With reminder,Strong encoding,2.0,0.9,0,0.0,14,film,0.24320000410079956
2.5,0.0,With reminder,Strong encoding,2.0,0.9,0,0.0,15,film,0.2101999968290329
2.5,0.0,With reminder,Strong encoding,2.0,0.9,0,0.0,16,film,0.19179999828338623
2.5,0.0,With reminder,Strong encoding,2.0,0.9,0,0.0,17,break,0.0803999975323677
2.5,0.0,With reminder,Strong encoding,2.0,0.9,0,0.0,18,break,0.047200001776218414
2.5,0.0,With reminder,Strong encoding,2.0,0.9,0,0.0,19,break,0.03099999949336052
2.5,0.0,With reminder,Strong encoding,2.0,0.9,0,0.0,20,break,0.023000000044703484
2.5,0.0,With reminder,Strong encoding,2.0,0.9,0,0.0,21,break,0.013199999928474426
2.5,0.0,With reminder,Strong encoding,2.0,0.9,0,0.0,22,break,0.008999999612569809
2.5,0.0,With reminder,Strong encoding,2.0,0.9,0,0.0,23,break,0.007400000002235174
2.5,0.0,With reminder,Strong encoding,2.0,0.9,0,0.0,24,break,0.004399999976158142
2.5,0.0,With reminder,Strong encoding,2.0,0.9,0,0.0,25,break,0.003599999938160181
2.5,0.0,With reminder,Strong encoding,2.0,0.9,0,0.0,26,break,0.0017999999690800905
2.5,0.0,With reminder,Strong encoding,2.0,0.9,0,0.0,27,break,0.0010000000474974513
2.5,0.0,With reminder,Strong encoding,2.0,0.9,0,0.0,28,break,0.0012000000569969416
2.5,0.0,With reminder,Strong encoding,2.0,0.9,0,0.0,29,break,0.0010000000474974513
2.5,0.0,With reminder,Strong encoding,2.0,0.9,0,0.0,30,break,0.0
2.5,0.0,With reminder,Strong encoding,2.0,0.9,0,0.0,31,break,0.00039999998989515007
2.5,0.0,With reminder,Strong encoding,2.0,0.9,0,0.0,32,break,0.00019999999494757503
2.5,0.0,With reminder,Strong encoding,2.0,0.9,0,0.0,33,task,0.6672000288963318
2.5,0.0,With reminder,Strong encoding,2.0,0.9,0,0.0,34,task,0.5324000120162964
2.5,0.0,With reminder,Strong encoding,2.0,0.9,0,0.0,35,task,0.4259999990463257
2.5,0.0,With reminder,Strong encoding,2.0,0.9,0,0.0,36,task,0.3142000138759613
2.5,0.0,With reminder,Strong encoding,2.0,0.9,0,0.0,37,task,0.23100000619888306
2.5,0.0,With reminder,Strong encoding,2.0,0.9,0,0.0,38,task,0.1565999984741211
2.5,0.0,With reminder,Strong encoding,2.0,0.9,0,0.0,39,task,0.11299999803304672
2.5,0.0,With reminder,Strong encoding,2.0,0.9,0,0.0,40,task,0.07680000364780426
2.5,0.0,With reminder,Strong encoding,2.0,0.9,0,0.0,41,task,0.05400000140070915
2.5,0.0,With reminder,Strong encoding,2.0,0.9,0,0.0,42,task,0.032600000500679016
2.5,0.0,With reminder,Strong encoding,2.0,0.9,0,0.0,43,task,0.02539999969303608
2.5,0.0,With reminder,Strong encoding,2.0,0.9,0,0.0,44,task,0.017400000244379044
2.5,0.0,With reminder,Strong encoding,2.0,0.9,0,0.0,45,task,0.010999999940395355
2.5,0.0,With reminder,Strong encoding,2.0,0.9,0,0.0,46,task,0.00559999980032444
2.5,0.0,With reminder,Strong encoding,2.0,0.9,0,0.0,47,task,0.006200000178068876
2.5,0.0,With reminder,Strong encoding,2.0,0.9,0,0.0,48,task,0.004000000189989805
2.5,0.0,With reminder,Strong encoding,2.0,0.9,0,0.0,49,filler,0.00019999999494757503
2.5,0.0,With reminder,Strong encoding,2.0,0.9,0,0.0,50,filler,0.00039999998989515007
2.5,0.0,With reminder,Strong encoding,2.0,0.9,0,0.0,51,filler,0.0
2.5,0.0,With reminder,Strong encoding,2.0,0.9,0,0.0,52,filler,0.0
2.5,0.0,With reminder,Strong encoding,2.0,0.9,0,0.0,53,filler,0.00019999999494757503
2.5,0.0,With reminder,Strong encoding,2.0,0.9,0,0.0,54,filler,0.0
2.5,0.0,With reminder,Strong encoding,2.0,0.9,0,0.0,55,filler,0.0
2.5,0.0,With reminder,Strong encoding,2.0,0.9,0,0.0,56,filler,0.0
2.5,0.0,With reminder,Strong encoding,2.0,0.9,0,0.0,57,filler,0.0
2.5,0.0,With reminder,Strong encoding,2.0,0.9,0,0.0,58,filler,0.0
2.5,0.0,With reminder,Strong encoding,2.0,0.9,0,0.0,59,filler,0.0
2.5,0.0,With reminder,Strong encoding,2.0,0.9,0,0.0,60,filler,0.0
2.5,0.0,With reminder,Strong encoding,2.0,0.9,0,0.0,61,filler,0.0
2.5,0.0,With reminder,Strong encoding,2.0,0.9,0,0.0,62,filler,0.0
2.5,0.0,With reminder,Strong encoding,2.0,0.9,0,0.0,63,filler,0.0
2.5,0.0,With reminder,Strong encoding,2.0,0.9,0,0.0,64,filler,0.0
