retrieval_setting,start_drift_scale,film_item_support_boost,rejected_recall_drift_scale,reminder_condition,task_condition,task_mcf_scale,film_source_start_drift_rate,film_cue_reinstatement,cue_interval,first_cue_after,experiment_count,position,phase,recall_probability
Unguided recall,0.0,0.0,1.0,No reminder,Weak task encoding,1.0,0.0,0.9,4,0,5000,1,film,0.08659999817609787
Unguided recall,0.0,0.0,1.0,No reminder,Weak task encoding,1.0,0.0,0.9,4,0,5000,2,film,0.10779999941587448
Unguided recall,0.0,0.0,1.0,No reminder,Weak task encoding,1.0,0.0,0.9,4,0,5000,3,film,0.13259999454021454
Unguided recall,0.0,0.0,1.0,No reminder,Weak task encoding,1.0,0.0,0.9,4,0,5000,4,film,0.15379999577999115
Unguided recall,0.0,0.0,1.0,No reminder,Weak task encoding,1.0,0.0,0.9,4,0,5000,5,film,0.1762000024318695
Unguided recall,0.0,0.0,1.0,No reminder,Weak task encoding,1.0,0.0,0.9,4,0,5000,6,film,0.19900000095367432
Unguided recall,0.0,0.0,1.0,No reminder,Weak task encoding,1.0,0.0,0.9,4,0,5000,7,film,0.21199999749660492
Unguided recall,0.0,0.0,1.0,No reminder,Weak task encoding,1.0,0.0,0.9,4,0,5000,8,film,0.23360000550746918
Unguided recall,0.0,0.0,1.0,No reminder,Weak task encoding,1.0,0.0,0.9,4,0,5000,9,film,0.23839999735355377
Unguided recall,0.0,0.0,1.0,No reminder,Weak task encoding,1.0,0.0,0.9,4,0,5000,10,film,0.2451999932527542
Unguided recall,0.0,0.0,1.0,No reminder,Weak task encoding,1.0,0.0,0.9,4,0,5000,11,film,0.24740000069141388
Unguided recall,0.0,0.0,1.0,No reminder,Weak task encoding,1.0,0.0,0.9,4,0,5000,12,film,0.25780001282691956
Unguided recall,0.0,0.0,1.0,No reminder,Weak task encoding,1.0,0.0,0.9,4,0,5000,13,film,0.25440001487731934
Unguided recall,0.0,0.0,1.0,No reminder,Weak task encoding,1.0,0.0,0.9,4,0,5000,14,film,0.24480000138282776
Unguided recall,0.0,0.0,1.0,No reminder,Weak task encoding,1.0,0.0,0.9,4,0,5000,15,film,0.2345999926328659
Unguided recall,0.0,0.0,1.0,No reminder,Weak task encoding,1.0,0.0,0.9,4,0,5000,16,film,0.2313999980688095
Unguided recall,0.0,0.0,1.0,No reminder,Weak task encoding,1.0,0.0,0.9,4,0,5000,17,break,0.13259999454021454
Unguided recall,0.0,0.0,1.0,No reminder,Weak task encoding,1.0,0.0,0.9,4,0,5000,18,break,0.11299999803304672
Unguided recall,0.0,0.0,1.0,No reminder,Weak task encoding,1.0,0.0,0.9,4,0,5000,19,break,0.09300000220537186
Unguided recall,0.0,0.0,1.0,No reminder,Weak task encoding,1.0,0.0,0.9,4,0,5000,20,break,0.07599999755620956
Unguided recall,0.0,0.0,1.0,No reminder,Weak task encoding,1.0,0.0,0.9,4,0,5000,21,break,0.058400001376867294
Unguided recall,0.0,0.0,1.0,No reminder,Weak task encoding,1.0,0.0,0.9,4,0,5000,22,break,0.052400000393390656
Unguided recall,0.0,0.0,1.0,No reminder,Weak task encoding,1.0,0.0,0.9,4,0,5000,23,break,0.04859999939799309
Unguided recall,0.0,0.0,1.0,No reminder,Weak task encoding,1.0,0.0,0.9,4,0,5000,24,break,0.03400000184774399
Unguided recall,0.0,0.0,1.0,No reminder,Weak task encoding,1.0,0.0,0.9,4,0,5000,25,break,0.02979999966919422
Unguided recall,0.0,0.0,1.0,No reminder,Weak task encoding,1.0,0.0,0.9,4,0,5000,26,break,0.026599999517202377
Unguided recall,0.0,0.0,1.0,No reminder,Weak task encoding,1.0,0.0,0.9,4,0,5000,27,break,0.017999999225139618
Unguided recall,0.0,0.0,1.0,No reminder,Weak task encoding,1.0,0.0,0.9,4,0,5000,28,break,0.01899999938905239
Unguided recall,0.0,0.0,1.0,No reminder,Weak task encoding,1.0,0.0,0.9,4,0,5000,29,break,0.014600000344216824
Unguided recall,0.0,0.0,1.0,No reminder,Weak task encoding,1.0,0.0,0.9,4,0,5000,30,break,0.011800000444054604
Unguided recall,0.0,0.0,1.0,No reminder,Weak task encoding,1.0,0.0,0.9,4,0,5000,31,break,0.011599999852478504
Unguided recall,0.0,0.0,1.0,No reminder,Weak task encoding,1.0,0.0,0.9,4,0,5000,32,break,0.009399999864399433
Unguided recall,0.0,0.0,1.0,No reminder,Weak task encoding,1.0,0.0,0.9,4,0,5000,33,task,0.010999999940395355
Unguided recall,0.0,0.0,1.0,No reminder,Weak task encoding,1.0,0.0,0.9,4,0,5000,34,task,0.007400000002235174
Unguided recall,0.0,0.0,1.0,No reminder,Weak task encoding,1.0,0.0,0.9,4,0,5000,35,task,0.005200000014156103
Unguided recall,0.0,0.0,1.0,No reminder,Weak task encoding,1.0,0.0,0.9,4,0,5000,36,task,0.004800000227987766
Unguided recall,0.0,0.0,1.0,No reminder,Weak task encoding,1.0,0.0,0.9,4,0,5000,37,task,0.005400000140070915
Unguided recall,0.0,0.0,1.0,No reminder,Weak task encoding,1.0,0.0,0.9,4,0,5000,38,task,0.004999999888241291
Unguided recall,0.0,0.0,1.0,No reminder,Weak task encoding,1.0,0.0,0.9,4,0,5000,39,task,0.00860000029206276
Unguided recall,0.0,0.0,1.0,No reminder,Weak task encoding,1.0,0.0,0.9,4,0,5000,40,task,0.005799999926239252
Unguided recall,0.0,0.0,1.0,No reminder,Weak task encoding,1.0,0.0,0.9,4,0,5000,41,task,0.007400000002235174
Unguided recall,0.0,0.0,1.0,No reminder,Weak task encoding,1.0,0.0,0.9,4,0,5000,42,task,0.00860000029206276
Unguided recall,0.0,0.0,1.0,No reminder,Weak task encoding,1.0,0.0,0.9,4,0,5000,43,task,0.009800000116229057
Unguided recall,0.0,0.0,1.0,No reminder,Weak task encoding,1.0,0.0,0.9,4,0,5000,44,task,0.009800000116229057
Unguided recall,0.0,0.0,1.0,No reminder,Weak task encoding,1.0,0.0,0.9,4,0,5000,45,task,0.0142000000923872
Unguided recall,0.0,0.0,1.0,No reminder,Weak task encoding,1.0,0.0,0.9,4,0,5000,46,task,0.015799999237060547
Unguided recall,0.0,0.0,1.0,No reminder,Weak task encoding,1.0,0.0,0.9,4,0,5000,47,task,0.02280000038444996
Unguided recall,0.0,0.0,1.0,No reminder,Weak task encoding,1.0,0.0,0.9,4,0,5000,48,task,0.021400000900030136
Unguided recall,0.0,0.0,1.0,No reminder,Weak task encoding,1.0,0.0,0.9,4,0,5000,49,filler,0.028599999845027924
Unguided recall,0.0,0.0,1.0,No reminder,Weak task encoding,1.0,0.0,0.9,4,0,5000,50,filler,0.03660000115633011
Unguided recall,0.0,0.0,1.0,No reminder,Weak task encoding,1.0,0.0,0.9,4,0,5000,51,filler,0.04439999908208847
Unguided recall,0.0,0.0,1.0,No reminder,Weak task encoding,1.0,0.0,0.9,4,0,5000,52,filler,0.0560000017285347
Unguided recall,0.0,0.0,1.0,No reminder,Weak task encoding,1.0,0.0,0.9,4,0,5000,53,filler,0.07639999687671661
Unguided recall,0.0,0.0,1.0,No reminder,Weak task encoding,1.0,0.0,0.9,4,0,5000,54,filler,0.09740000218153
Unguided recall,0.0,0.0,1.0,No reminder,Weak task encoding,1.0,0.0,0.9,4,0,5000,55,filler,0.11900000274181366
Unguided recall,0.0,0.0,1.0,No reminder,Weak task encoding,1.0,0.0,0.9,4,0,5000,56,filler,0.15919999778270721
Unguided recall,0.0,0.0,1.0,No reminder,Weak task encoding,1.0,0.0,0.9,4,0,5000,57,filler,0.18279999494552612
Unguided recall,0.0,0.0,1.0,No reminder,Weak task encoding,1.0,0.0,0.9,4,0,5000,58,filler,0.22840000689029694
Unguided recall,0.0,0.0,1.0,No reminder,Weak task encoding,1.0,0.0,0.9,4,0,5000,59,filler,0.274399995803833
Unguided recall,0.0,0.0,1.0,No reminder,Weak task encoding,1.0,0.0,0.9,4,0,5000,60,filler,0.3264000117778778
Unguided recall,0.0,0.0,1.0,No reminder,Weak task encoding,1.0,0.0,0.9,4,0,5000,61,filler,0.39820000529289246
Unguided recall,0.0,0.0,1.0,No reminder,Weak task encoding,1.0,0.0,0.9,4,0,5000,62,filler,0.4465999901294708
Unguided recall,0.0,0.0,1.0,No reminder,Weak task encoding,1.0,0.0,0.9,4,0,5000,63,filler,0.4880000054836273
Unguided recall,0.0,0.0,1.0,No reminder,Weak task encoding,1.0,0.0,0.9,4,0,5000,64,filler,0.5386000275611877
Unguided recall,0.0,0.0,1.0,No reminder,Strong task encoding,2.0,0.0,0.9,4,0,5000,1,film,0.0722000002861023
Unguided recall,0.0,0.0,1.0,No reminder,Strong task encoding,2.0,0.0,0.9,4,0,5000,2,film,0.07919999957084656
Unguided recall,0.0,0.0,1.0,No reminder,Strong task encoding,2.0,0.0,0.9,4,0,5000,3,film,0.10140000283718109
Unguided recall,0.0,0.0,1.0,No reminder,Strong task encoding,2.0,0.0,0.9,4,0,5000,4,film,0.11559999734163284
Unguided recall,0.0,0.0,1.0,No reminder,Strong task encoding,2.0,0.0,0.9,4,0,5000,5,film,0.12620000541210175
Unguided recall,0.0,0.0,1.0,No reminder,Strong task encoding,2.0,0.0,0.9,4,0,5000,6,film,0.14640000462532043
Unguided recall,0.0,0.0,1.0,No reminder,Strong task encoding,2.0,0.0,0.9,4,0,5000,7,film,0.16339999437332153
Unguided recall,0.0,0.0,1.0,No reminder,Strong task encoding,2.0,0.0,0.9,4,0,5000,8,film,0.15919999778270721
Unguided recall,0.0,0.0,1.0,No reminder,Strong task encoding,2.0,0.0,0.9,4,0,5000,9,film,0.18199999630451202
Unguided recall,0.0,0.0,1.0,No reminder,Strong task encoding,2.0,0.0,0.9,4,0,5000,10,film,0.18700000643730164
Unguided recall,0.0,0.0,1.0,No reminder,Strong task encoding,2.0,0.0,0.9,4,0,5000,11,film,0.1860000044107437
Unguided recall,0.0,0.0,1.0,No reminder,Strong task encoding,2.0,0.0,0.9,4,0,5000,12,film,0.18860000371932983
Unguided recall,0.0,0.0,1.0,No reminder,Strong task encoding,2.0,0.0,0.9,4,0,5000,13,film,0.1850000023841858
Unguided recall,0.0,0.0,1.0,No reminder,Strong task encoding,2.0,0.0,0.9,4,0,5000,14,film,0.18860000371932983
Unguided recall,0.0,0.0,1.0,No reminder,Strong task encoding,2.0,0.0,0.9,4,0,5000,15,film,0.18199999630451202
Unguided recall,0.0,0.0,1.0,No reminder,Strong task encoding,2.0,0.0,0.9,4,0,5000,16,film,0.18119999766349792
Unguided recall,0.0,0.0,1.0,No reminder,Strong task encoding,2.0,0.0,0.9,4,0,5000,17,break,0.10300000011920929
Unguided recall,0.0,0.0,1.0,No reminder,Strong task encoding,2.0,0.0,0.9,4,0,5000,18,break,0.08420000225305557
Unguided recall,0.0,0.0,1.0,No reminder,Strong task encoding,2.0,0.0,0.9,4,0,5000,19,break,0.06859999895095825
Unguided recall,0.0,0.0,1.0,No reminder,Strong task encoding,2.0,0.0,0.9,4,0,5000,20,break,0.052400000393390656
Unguided recall,0.0,0.0,1.0,No reminder,Strong task encoding,2.0,0.0,0.9,4,0,5000,21,break,0.04399999976158142
Unguided recall,0.0,0.0,1.0,No reminder,Strong task encoding,2.0,0.0,0.9,4,0,5000,22,break,0.03959999978542328
Unguided recall,0.0,0.0,1.0,No reminder,Strong task encoding,2.0,0.0,0.9,4,0,5000,23,break,0.033799998462200165
Unguided recall,0.0,0.0,1.0,No reminder,Strong task encoding,2.0,0.0,0.9,4,0,5000,24,break,0.024399999529123306
Unguided recall,0.0,0.0,1.0,No reminder,Strong task encoding,2.0,0.0,0.9,4,0,5000,25,break,0.015599999576807022
Unguided recall,0.0,0.0,1.0,No reminder,Strong task encoding,2.0,0.0,0.9,4,0,5000,26,break,0.013399999588727951
Unguided recall,0.0,0.0,1.0,No reminder,Strong task encoding,2.0,0.0,0.9,4,0,5000,27,break,0.012799999676644802
Unguided recall,0.0,0.0,1.0,No reminder,Strong task encoding,2.0,0.0,0.9,4,0,5000,28,break,0.009999999776482582
Unguided recall,0.0,0.0,1.0,No reminder,Strong task encoding,2.0,0.0,0.9,4,0,5000,29,break,0.007199999876320362
Unguided recall,0.0,0.0,1.0,No reminder,Strong task encoding,2.0,0.0,0.9,4,0,5000,30,break,0.004000000189989805
Unguided recall,0.0,0.0,1.0,No reminder,Strong task encoding,2.0,0.0,0.9,4,0,5000,31,break,0.004800000227987766
Unguided recall,0.0,0.0,1.0,No reminder,Strong task encoding,2.0,0.0,0.9,4,0,5000,32,break,0.005799999926239252
Unguided recall,0.0,0.0,1.0,No reminder,Strong task encoding,2.0,0.0,0.9,4,0,5000,33,task,0.050599999725818634
Unguided recall,0.0,0.0,1.0,No reminder,Strong task encoding,2.0,0.0,0.9,4,0,5000,34,task,0.05820000171661377
Unguided recall,0.0,0.0,1.0,No reminder,Strong task encoding,2.0,0.0,0.9,4,0,5000,35,task,0.06639999896287918
Unguided recall,0.0,0.0,1.0,No reminder,Strong task encoding,2.0,0.0,0.9,4,0,5000,36,task,0.07240000367164612
Unguided recall,0.0,0.0,1.0,No reminder,Strong task encoding,2.0,0.0,0.9,4,0,5000,37,task,0.08020000159740448
Unguided recall,0.0,0.0,1.0,No reminder,Strong task encoding,2.0,0.0,0.9,4,0,5000,38,task,0.08380000293254852
Unguided recall,0.0,0.0,1.0,No reminder,Strong task encoding,2.0,0.0,0.9,4,0,5000,39,task,0.10180000215768814
Unguided recall,0.0,0.0,1.0,No reminder,Strong task encoding,2.0,0.0,0.9,4,0,5000,40,task,0.11060000211000443
Unguided recall,0.0,0.0,1.0,No reminder,Strong task encoding,2.0,0.0,0.9,4,0,5000,41,task,0.13500000536441803
Unguided recall,0.0,0.0,1.0,No reminder,Strong task encoding,2.0,0.0,0.9,4,0,5000,42,task,0.14579999446868896
Unguided recall,0.0,0.0,1.0,No reminder,Strong task encoding,2.0,0.0,0.9,4,0,5000,43,task,0.1656000018119812
Unguided recall,0.0,0.0,1.0,No reminder,Strong task encoding,2.0,0.0,0.9,4,0,5000,44,task,0.17100000381469727
Unguided recall,0.0,0.0,1.0,No reminder,Strong task encoding,2.0,0.0,0.9,4,0,5000,45,task,0.19099999964237213
Unguided recall,0.0,0.0,1.0,No reminder,Strong task encoding,2.0,0.0,0.9,4,0,5000,46,task,0.20759999752044678
Unguided recall,0.0,0.0,1.0,No reminder,Strong task encoding,2.0,0.0,0.9,4,0,5000,47,task,0.22220000624656677
Unguided recall,0.0,0.0,1.0,No reminder,Strong task encoding,2.0,0.0,0.9,4,0,5000,48,task,0.24560000002384186
Unguided recall,0.0,0.0,1.0,No reminder,Strong task encoding,2.0,0.0,0.9,4,0,5000,49,filler,0.04259999841451645
Unguided recall,0.0,0.0,1.0,No reminder,Strong task encoding,2.0,0.0,0.9,4,0,5000,50,filler,0.03319999948143959
Unguided recall,0.0,0.0,1.0,No reminder,Strong task encoding,2.0,0.0,0.9,4,0,5000,51,filler,0.036400001496076584
Unguided recall,0.0,0.0,1.0,No reminder,Strong task encoding,2.0,0.0,0.9,4,0,5000,52,filler,0.04179999977350235
Unguided recall,0.0,0.0,1.0,No reminder,Strong task encoding,2.0,0.0,0.9,4,0,5000,53,filler,0.051600001752376556
Unguided recall,0.0,0.0,1.0,No reminder,Strong task encoding,2.0,0.0,0.9,4,0,5000,54,filler,0.06360000371932983
Unguided recall,0.0,0.0,1.0,No reminder,Strong task encoding,2.0,0.0,0.9,4,0,5000,55,filler,0.07760000228881836
Unguided recall,0.0,0.0,1.0,No reminder,Strong task encoding,2.0,0.0,0.9,4,0,5000,56,filler,0.08879999816417694
Unguided recall,0.0,0.0,1.0,No reminder,Strong task encoding,2.0,0.0,0.9,4,0,5000,57,filler,0.11339999735355377
Unguided recall,0.0,0.0,1.0,No reminder,Strong task encoding,2.0,0.0,0.9,4,0,5000,58,filler,0.15440000593662262
Unguided recall,0.0,0.0,1.0,No reminder,Strong task encoding,2.0,0.0,0.9,4,0,5000,59,filler,0.17520000040531158
Unguided recall,0.0,0.0,1.0,No reminder,Strong task encoding,2.0,0.0,0.9,4,0,5000,60,filler,0.22699999809265137
Unguided recall,0.0,0.0,1.0,No reminder,Strong task encoding,2.0,0.0,0.9,4,0,5000,61,filler,0.2741999924182892
Unguided recall,0.0,0.0,1.0,No reminder,Strong task encoding,2.0,0.0,0.9,4,0,5000,62,filler,0.3357999920845032
Unguided recall,0.0,0.0,1.0,No reminder,Strong task encoding,2.0,0.0,0.9,4,0,5000,63,filler,0.39100000262260437
Unguided recall,0.0,0.0,1.0,No reminder,Strong task encoding,2.0,0.0,0.9,4,0,5000,64,filler,0.43540000915527344
Unguided recall,0.0,0.0,1.0,With reminder,Weak task encoding,1.0,0.0,0.9,4,0,5000,1,film,0.07599999755620956
Unguided recall,0.0,0.0,1.0,With reminder,Weak task encoding,1.0,0.0,0.9,4,0,5000,2,film,0.09160000085830688
Unguided recall,0.0,0.0,1.0,With reminder,Weak task encoding,1.0,0.0,0.9,4,0,5000,3,film,0.1111999973654747
Unguided recall,0.0,0.0,1.0,With reminder,Weak task encoding,1.0,0.0,0.9,4,0,5000,4,film,0.12559999525547028
Unguided recall,0.0,0.0,1.0,With reminder,Weak task encoding,1.0,0.0,0.9,4,0,5000,5,film,0.1462000012397766
Unguided recall,0.0,0.0,1.0,With reminder,Weak task encoding,1.0,0.0,0.9,4,0,5000,6,film,0.1607999950647354
Unguided recall,0.0,0.0,1.0,With reminder,Weak task encoding,1.0,0.0,0.9,4,0,5000,7,film,0.17820000648498535
Unguided recall,0.0,0.0,1.0,With reminder,Weak task encoding,1.0,0.0,0.9,4,0,5000,8,film,0.19460000097751617
Unguided recall,0.0,0.0,1.0,With reminder,Weak task encoding,1.0,0.0,0.9,4,0,5000,9,film,0.18960000574588776
Unguided recall,0.0,0.0,1.0,With reminder,Weak task encoding,1.0,0.0,0.9,4,0,5000,10,film,0.2003999948501587
Unguided recall,0.0,0.0,1.0,With reminder,Weak task encoding,1.0,0.0,0.9,4,0,5000,11,film,0.21279999613761902
Unguided recall,0.0,0.0,1.0,With reminder,Weak task encoding,1.0,0.0,0.9,4,0,5000,12,film,0.22519999742507935
Unguided recall,0.0,0.0,1.0,With reminder,Weak task encoding,1.0,0.0,0.9,4,0,5000,13,film,0.23240000009536743
Unguided recall,0.0,0.0,1.0,With reminder,Weak task encoding,1.0,0.0,0.9,4,0,5000,14,film,0.2215999960899353
Unguided recall,0.0,0.0,1.0,With reminder,Weak task encoding,1.0,0.0,0.9,4,0,5000,15,film,0.2134000062942505
Unguided recall,0.0,0.0,1.0,With reminder,Weak task encoding,1.0,0.0,0.9,4,0,5000,16,film,0.20999999344348907
Unguided recall,0.0,0.0,1.0,With reminder,Weak task encoding,1.0,0.0,0.9,4,0,5000,17,break,0.12540000677108765
Unguided recall,0.0,0.0,1.0,With reminder,Weak task encoding,1.0,0.0,0.9,4,0,5000,18,break,0.09860000014305115
Unguided recall,0.0,0.0,1.0,With reminder,Weak task encoding,1.0,0.0,0.9,4,0,5000,19,break,0.08299999684095383
Unguided recall,0.0,0.0,1.0,With reminder,Weak task encoding,1.0,0.0,0.9,4,0,5000,20,break,0.06520000100135803
Unguided recall,0.0,0.0,1.0,With reminder,Weak task encoding,1.0,0.0,0.9,4,0,5000,21,break,0.04520000144839287
Unguided recall,0.0,0.0,1.0,With reminder,Weak task encoding,1.0,0.0,0.9,4,0,5000,22,break,0.041999999433755875
Unguided recall,0.0,0.0,1.0,With reminder,Weak task encoding,1.0,0.0,0.9,4,0,5000,23,break,0.035599999129772186
Unguided recall,0.0,0.0,1.0,With reminder,Weak task encoding,1.0,0.0,0.9,4,0,5000,24,break,0.027400000020861626
Unguided recall,0.0,0.0,1.0,With reminder,Weak task encoding,1.0,0.0,0.9,4,0,5000,25,break,0.01860000006854534
Unguided recall,0.0,0.0,1.0,With reminder,Weak task encoding,1.0,0.0,0.9,4,0,5000,26,break,0.017400000244379044
Unguided recall,0.0,0.0,1.0,With reminder,Weak task encoding,1.0,0.0,0.9,4,0,5000,27,break,0.01600000075995922
Unguided recall,0.0,0.0,1.0,With reminder,Weak task encoding,1.0,0.0,0.9,4,0,5000,28,break,0.009800000116229057
Unguided recall,0.0,0.0,1.0,With reminder,Weak task encoding,1.0,0.0,0.9,4,0,5000,29,break,0.010599999688565731
Unguided recall,0.0,0.0,1.0,With reminder,Weak task encoding,1.0,0.0,0.9,4,0,5000,30,break,0.008200000040233135
Unguided recall,0.0,0.0,1.0,With reminder,Weak task encoding,1.0,0.0,0.9,4,0,5000,31,break,0.00559999980032444
Unguided recall,0.0,0.0,1.0,With reminder,Weak task encoding,1.0,0.0,0.9,4,0,5000,32,break,0.004600000102072954
Unguided recall,0.0,0.0,1.0,With reminder,Weak task encoding,1.0,0.0,0.9,4,0,5000,33,task,0.1459999978542328
Unguided recall,0.0,0.0,1.0,With reminder,Weak task encoding,1.0,0.0,0.9,4,0,5000,34,task,0.11860000342130661
Unguided recall,0.0,0.0,1.0,With reminder,Weak task encoding,1.0,0.0,0.9,4,0,5000,35,task,0.09640000015497208
Unguided recall,0.0,0.0,1.0,With reminder,Weak task encoding,1.0,0.0,0.9,4,0,5000,36,task,0.08479999750852585
Unguided recall,0.0,0.0,1.0,With reminder,Weak task encoding,1.0,0.0,0.9,4,0,5000,37,task,0.07159999758005142
Unguided recall,0.0,0.0,1.0,With reminder,Weak task encoding,1.0,0.0,0.9,4,0,5000,38,task,0.05779999867081642
Unguided recall,0.0,0.0,1.0,With reminder,Weak task encoding,1.0,0.0,0.9,4,0,5000,39,task,0.057999998331069946
Unguided recall,0.0,0.0,1.0,With reminder,Weak task encoding,1.0,0.0,0.9,4,0,5000,40,task,0.04639999940991402
Unguided recall,0.0,0.0,1.0,With reminder,Weak task encoding,1.0,0.0,0.9,4,0,5000,41,task,0.0414000004529953
Unguided recall,0.0,0.0,1.0,With reminder,Weak task encoding,1.0,0.0,0.9,4,0,5000,42,task,0.035999998450279236
Unguided recall,0.0,0.0,1.0,With reminder,Weak task encoding,1.0,0.0,0.9,4,0,5000,43,task,0.035599999129772186
Unguided recall,0.0,0.0,1.0,With reminder,Weak task encoding,1.0,0.0,0.9,4,0,5000,44,task,0.031199999153614044
Unguided recall,0.0,0.0,1.0,With reminder,Weak task encoding,1.0,0.0,0.9,4,0,5000,45,task,0.03180000185966492
Unguided recall,0.0,0.0,1.0,With reminder,Weak task encoding,1.0,0.0,0.9,4,0,5000,46,task,0.029600000008940697
Unguided recall,0.0,0.0,1.0,With reminder,Weak task encoding,1.0,0.0,0.9,4,0,5000,47,task,0.03480000048875809
Unguided recall,0.0,0.0,1.0,With reminder,Weak task encoding,1.0,0.0,0.9,4,0,5000,48,task,0.03759999945759773
Unguided recall,0.0,0.0,1.0,With reminder,Weak task encoding,1.0,0.0,0.9,4,0,5000,49,filler,0.03779999911785126
Unguided recall,0.0,0.0,1.0,With reminder,Weak task encoding,1.0,0.0,0.9,4,0,5000,50,filler,0.04839999973773956
Unguided recall,0.0,0.0,1.0,With reminder,Weak task encoding,1.0,0.0,0.9,4,0,5000,51,filler,0.0560000017285347
Unguided recall,0.0,0.0,1.0,With reminder,Weak task encoding,1.0,0.0,0.9,4,0,5000,52,filler,0.06679999828338623
Unguided recall,0.0,0.0,1.0,With reminder,Weak task encoding,1.0,0.0,0.9,4,0,5000,53,filler,0.08259999752044678
Unguided recall,0.0,0.0,1.0,With reminder,Weak task encoding,1.0,0.0,0.9,4,0,5000,54,filler,0.10140000283718109
Unguided recall,0.0,0.0,1.0,With reminder,Weak task encoding,1.0,0.0,0.9,4,0,5000,55,filler,0.11860000342130661
Unguided recall,0.0,0.0,1.0,With reminder,Weak task encoding,1.0,0.0,0.9,4,0,5000,56,filler,0.1420000046491623
Unguided recall,0.0,0.0,1.0,With reminder,Weak task encoding,1.0,0.0,0.9,4,0,5000,57,filler,0.18619999289512634
Unguided recall,0.0,0.0,1.0,With reminder,Weak task encoding,1.0,0.0,0.9,4,0,5000,58,filler,0.20999999344348907
Unguided recall,0.0,0.0,1.0,With reminder,Weak task encoding,1.0,0.0,0.9,4,0,5000,59,filler,0.2556000053882599
Unguided recall,0.0,0.0,1.0,With reminder,Weak task encoding,1.0,0.0,0.9,4,0,5000,60,filler,0.29739999771118164
Unguided recall,0.0,0.0,1.0,With reminder,Weak task encoding,1.0,0.0,0.9,4,0,5000,61,filler,0.3612000048160553
Unguided recall,0.0,0.0,1.0,With reminder,Weak task encoding,1.0,0.0,0.9,4,0,5000,62,filler,0.4007999897003174
Unguided recall,0.0,0.0,1.0,With reminder,Weak task encoding,1.0,0.0,0.9,4,0,5000,63,filler,0.4537999927997589
Unguided recall,0.0,0.0,1.0,With reminder,Weak task encoding,1.0,0.0,0.9,4,0,5000,64,filler,0.49480000138282776
Unguided recall,0.0,0.0,1.0,With reminder,Strong task encoding,2.0,0.0,0.9,4,0,5000,1,film,0.025599999353289604
Unguided recall,0.0,0.0,1.0,With reminder,Strong task encoding,2.0,0.0,0.9,4,0,5000,2,film,0.03180000185966492
Unguided recall,0.0,0.0,1.0,With reminder,Strong task encoding,2.0,0.0,0.9,4,0,5000,3,film,0.03519999980926514
Unguided recall,0.0,0.0,1.0,With reminder,Strong task encoding,2.0,0.0,0.9,4,0,5000,4,film,0.0414000004529953
Unguided recall,0.0,0.0,1.0,With reminder,Strong task encoding,2.0,0.0,0.9,4,0,5000,5,film,0.05119999870657921
Unguided recall,0.0,0.0,1.0,With reminder,Strong task encoding,2.0,0.0,0.9,4,0,5000,6,film,0.050999999046325684
Unguided recall,0.0,0.0,1.0,With reminder,Strong task encoding,2.0,0.0,0.9,4,0,5000,7,film,0.05660000070929527
Unguided recall,0.0,0.0,1.0,With reminder,Strong task encoding,2.0,0.0,0.9,4,0,5000,8,film,0.05739999935030937
Unguided recall,0.0,0.0,1.0,With reminder,Strong task encoding,2.0,0.0,0.9,4,0,5000,9,film,0.058400001376867294
Unguided recall,0.0,0.0,1.0,With reminder,Strong task encoding,2.0,0.0,0.9,4,0,5000,10,film,0.06300000101327896
Unguided recall,0.0,0.0,1.0,With reminder,Strong task encoding,2.0,0.0,0.9,4,0,5000,11,film,0.05460000038146973
Unguided recall,0.0,0.0,1.0,With reminder,Strong task encoding,2.0,0.0,0.9,4,0,5000,12,film,0.06239999830722809
Unguided recall,0.0,0.0,1.0,With reminder,Strong task encoding,2.0,0.0,0.9,4,0,5000,13,film,0.05739999935030937
Unguided recall,0.0,0.0,1.0,With reminder,Strong task encoding,2.0,0.0,0.9,4,0,5000,14,film,0.052799999713897705
Unguided recall,0.0,0.0,1.0,With reminder,Strong task encoding,2.0,0.0,0.9,4,0,5000,15,film,0.046799998730421066
Unguided recall,0.0,0.0,1.0,With reminder,Strong task encoding,2.0,0.0,0.9,4,0,5000,16,film,0.04699999839067459
Unguided recall,0.0,0.0,1.0,With reminder,Strong task encoding,2.0,0.0,0.9,4,0,5000,17,break,0.02879999950528145
Unguided recall,0.0,0.0,1.0,With reminder,Strong task encoding,2.0,0.0,0.9,4,0,5000,18,break,0.01860000006854534
Unguided recall,0.0,0.0,1.0,With reminder,Strong task encoding,2.0,0.0,0.9,4,0,5000,19,break,0.014000000432133675
Unguided recall,0.0,0.0,1.0,With reminder,Strong task encoding,2.0,0.0,0.9,4,0,5000,20,break,0.010400000028312206
Unguided recall,0.0,0.0,1.0,With reminder,Strong task encoding,2.0,0.0,0.9,4,0,5000,21,break,0.007400000002235174
Unguided recall,0.0,0.0,1.0,With reminder,Strong task encoding,2.0,0.0,0.9,4,0,5000,22,break,0.006399999838322401
Unguided recall,0.0,0.0,1.0,With reminder,Strong task encoding,2.0,0.0,0.9,4,0,5000,23,break,0.00419999985024333
Unguided recall,0.0,0.0,1.0,With reminder,Strong task encoding,2.0,0.0,0.9,4,0,5000,24,break,0.0026000000070780516
Unguided recall,0.0,0.0,1.0,With reminder,Strong task encoding,2.0,0.0,0.9,4,0,5000,25,break,0.002400000113993883
Unguided recall,0.0,0.0,1.0,With reminder,Strong task encoding,2.0,0.0,0.9,4,0,5000,26,break,0.0007999999797903001
Unguided recall,0.0,0.0,1.0,With reminder,Strong task encoding,2.0,0.0,0.9,4,0,5000,27,break,0.0012000000569969416
Unguided recall,0.0,0.0,1.0,With reminder,Strong task encoding,2.0,0.0,0.9,4,0,5000,28,break,0.0012000000569969416
Unguided recall,0.0,0.0,1.0,With reminder,Strong task encoding,2.0,0.0,0.9,4,0,5000,29,break,0.0007999999797903001
Unguided recall,0.0,0.0,1.0,With reminder,Strong task encoding,2.0,0.0,0.9,4,0,5000,30,break,0.00019999999494757503
Unguided recall,0.0,0.0,1.0,With reminder,Strong task encoding,2.0,0.0,0.9,4,0,5000,31,break,0.0
Unguided recall,0.0,0.0,1.0,With reminder,Strong task encoding,2.0,0.0,0.9,4,0,5000,32,break,0.0007999999797903001
Unguided recall,0.0,0.0,1.0,With reminder,Strong task encoding,2.0,0.0,0.9,4,0,5000,33,task,0.3513999879360199
Unguided recall,0.0,0.0,1.0,With reminder,Strong task encoding,2.0,0.0,0.9,4,0,5000,34,task,0.3553999960422516
Unguided recall,0.0,0.0,1.0,With reminder,Strong task encoding,2.0,0.0,0.9,4,0,5000,35,task,0.3499999940395355
Unguided recall,0.0,0.0,1.0,With reminder,Strong task encoding,2.0,0.0,0.9,4,0,5000,36,task,0.3614000082015991
Unguided recall,0.0,0.0,1.0,With reminder,Strong task encoding,2.0,0.0,0.9,4,0,5000,37,task,0.3472000062465668
Unguided recall,0.0,0.0,1.0,With reminder,Strong task encoding,2.0,0.0,0.9,4,0,5000,38,task,0.3463999927043915
Unguided recall,0.0,0.0,1.0,With reminder,Strong task encoding,2.0,0.0,0.9,4,0,5000,39,task,0.34200000762939453
Unguided recall,0.0,0.0,1.0,With reminder,Strong task encoding,2.0,0.0,0.9,4,0,5000,40,task,0.34540000557899475
Unguided recall,0.0,0.0,1.0,With reminder,Strong task encoding,2.0,0.0,0.9,4,0,5000,41,task,0.34220001101493835
Unguided recall,0.0,0.0,1.0,With reminder,Strong task encoding,2.0,0.0,0.9,4,0,5000,42,task,0.32339999079704285
Unguided recall,0.0,0.0,1.0,With reminder,Strong task encoding,2.0,0.0,0.9,4,0,5000,43,task,0.3174000084400177
Unguided recall,0.0,0.0,1.0,With reminder,Strong task encoding,2.0,0.0,0.9,4,0,5000,44,task,0.31380000710487366
Unguided recall,0.0,0.0,1.0,With reminder,Strong task encoding,2.0,0.0,0.9,4,0,5000,45,task,0.2996000051498413
Unguided recall,0.0,0.0,1.0,With reminder,Strong task encoding,2.0,0.0,0.9,4,0,5000,46,task,0.2971999943256378
Unguided recall,0.0,0.0,1.0,With reminder,Strong task encoding,2.0,0.0,0.9,4,0,5000,47,task,0.2842000126838684
Unguided recall,0.0,0.0,1.0,With reminder,Strong task encoding,2.0,0.0,0.9,4,0,5000,48,task,0.2815999984741211
Unguided recall,0.0,0.0,1.0,With reminder,Strong task encoding,2.0,0.0,0.9,4,0,5000,49,filler,0.03180000185966492
Unguided recall,0.0,0.0,1.0,With reminder,Strong task encoding,2.0,0.0,0.9,4,0,5000,50,filler,0.02759999968111515
Unguided recall,0.0,0.0,1.0,With reminder,Strong task encoding,2.0,0.0,0.9,4,0,5000,51,filler,0.026399999856948853
Unguided recall,0.0,0.0,1.0,With reminder,Strong task encoding,2.0,0.0,0.9,4,0,5000,52,filler,0.027400000020861626
Unguided recall,0.0,0.0,1.0,With reminder,Strong task encoding,2.0,0.0,0.9,4,0,5000,53,filler,0.029999999329447746
Unguided recall,0.0,0.0,1.0,With reminder,Strong task encoding,2.0,0.0,0.9,4,0,5000,54,filler,0.033799998462200165
Unguided recall,0.0,0.0,1.0,With reminder,Strong task encoding,2.0,0.0,0.9,4,0,5000,55,filler,0.03720000013709068
Unguided recall,0.0,0.0,1.0,With reminder,Strong task encoding,2.0,0.0,0.9,4,0,5000,56,filler,0.05139999836683273
Unguided recall,0.0,0.0,1.0,With reminder,Strong task encoding,2.0,0.0,0.9,4,0,5000,57,filler,0.05739999935030937
Unguided recall,0.0,0.0,1.0,With reminder,Strong task encoding,2.0,0.0,0.9,4,0,5000,58,filler,0.07720000296831131
Unguided recall,0.0,0.0,1.0,With reminder,Strong task encoding,2.0,0.0,0.9,4,0,5000,59,filler,0.09539999812841415
Unguided recall,0.0,0.0,1.0,With reminder,Strong task encoding,2.0,0.0,0.9,4,0,5000,60,filler,0.12860000133514404
Unguided recall,0.0,0.0,1.0,With reminder,Strong task encoding,2.0,0.0,0.9,4,0,5000,61,filler,0.1501999944448471
Unguided recall,0.0,0.0,1.0,With reminder,Strong task encoding,2.0,0.0,0.9,4,0,5000,62,filler,0.1881999969482422
Unguided recall,0.0,0.0,1.0,With reminder,Strong task encoding,2.0,0.0,0.9,4,0,5000,63,filler,0.22120000422000885
Unguided recall,0.0,0.0,1.0,With reminder,Strong task encoding,2.0,0.0,0.9,4,0,5000,64,filler,0.2653999924659729
Start-of-film reinstatement,1.0,0.0,1.0,No reminder,Weak task encoding,1.0,0.0,0.9,4,0,5000,1,film,0.3237999975681305
Start-of-film reinstatement,1.0,0.0,1.0,No reminder,Weak task encoding,1.0,0.0,0.9,4,0,5000,2,film,0.3089999854564667
Start-of-film reinstatement,1.0,0.0,1.0,No reminder,Weak task encoding,1.0,0.0,0.9,4,0,5000,3,film,0.33059999346733093
Start-of-film reinstatement,1.0,0.0,1.0,No reminder,Weak task encoding,1.0,0.0,0.9,4,0,5000,4,film,0.3596000075340271
Start-of-film reinstatement,1.0,0.0,1.0,No reminder,Weak task encoding,1.0,0.0,0.9,4,0,5000,5,film,0.3905999958515167
Start-of-film reinstatement,1.0,0.0,1.0,No reminder,Weak task encoding,1.0,0.0,0.9,4,0,5000,6,film,0.4034000039100647
Start-of-film reinstatement,1.0,0.0,1.0,No reminder,Weak task encoding,1.0,0.0,0.9,4,0,5000,7,film,0.41999998688697815
Start-of-film reinstatement,1.0,0.0,1.0,No reminder,Weak task encoding,1.0,0.0,0.9,4,0,5000,8,film,0.43220001459121704
Start-of-film reinstatement,1.0,0.0,1.0,No reminder,Weak task encoding,1.0,0.0,0.9,4,0,5000,9,film,0.423799991607666
Start-of-film reinstatement,1.0,0.0,1.0,No reminder,Weak task encoding,1.0,0.0,0.9,4,0,5000,10,film,0.42480000853538513
Start-of-film reinstatement,1.0,0.0,1.0,No reminder,Weak task encoding,1.0,0.0,0.9,4,0,5000,11,film,0.4357999861240387
Start-of-film reinstatement,1.0,0.0,1.0,No reminder,Weak task encoding,1.0,0.0,0.9,4,0,5000,12,film,0.43639999628067017
Start-of-film reinstatement,1.0,0.0,1.0,No reminder,Weak task encoding,1.0,0.0,0.9,4,0,5000,13,film,0.4214000105857849
Start-of-film reinstatement,1.0,0.0,1.0,No reminder,Weak task encoding,1.0,0.0,0.9,4,0,5000,14,film,0.39959999918937683
Start-of-film reinstatement,1.0,0.0,1.0,No reminder,Weak task encoding,1.0,0.0,0.9,4,0,5000,15,film,0.3959999978542328
Start-of-film reinstatement,1.0,0.0,1.0,No reminder,Weak task encoding,1.0,0.0,0.9,4,0,5000,16,film,0.3643999993801117
Start-of-film reinstatement,1.0,0.0,1.0,No reminder,Weak task encoding,1.0,0.0,0.9,4,0,5000,17,break,0.19859999418258667
Start-of-film reinstatement,1.0,0.0,1.0,No reminder,Weak task encoding,1.0,0.0,0.9,4,0,5000,18,break,0.15000000596046448
Start-of-film reinstatement,1.0,0.0,1.0,No reminder,Weak task encoding,1.0,0.0,0.9,4,0,5000,19,break,0.12439999729394913
Start-of-film reinstatement,1.0,0.0,1.0,No reminder,Weak task encoding,1.0,0.0,0.9,4,0,5000,20,break,0.10119999945163727
Start-of-film reinstatement,1.0,0.0,1.0,No reminder,Weak task encoding,1.0,0.0,0.9,4,0,5000,21,break,0.08420000225305557
Start-of-film reinstatement,1.0,0.0,1.0,No reminder,Weak task encoding,1.0,0.0,0.9,4,0,5000,22,break,0.06780000030994415
Start-of-film reinstatement,1.0,0.0,1.0,No reminder,Weak task encoding,1.0,0.0,0.9,4,0,5000,23,break,0.0575999990105629
Start-of-film reinstatement,1.0,0.0,1.0,No reminder,Weak task encoding,1.0,0.0,0.9,4,0,5000,24,break,0.05260000005364418
Start-of-film reinstatement,1.0,0.0,1.0,No reminder,Weak task encoding,1.0,0.0,0.9,4,0,5000,25,break,0.040800001472234726
Start-of-film reinstatement,1.0,0.0,1.0,No reminder,Weak task encoding,1.0,0.0,0.9,4,0,5000,26,break,0.030799999833106995
Start-of-film reinstatement,1.0,0.0,1.0,No reminder,Weak task encoding,1.0,0.0,0.9,4,0,5000,27,break,0.025800000876188278
Start-of-film reinstatement,1.0,0.0,1.0,No reminder,Weak task encoding,1.0,0.0,0.9,4,0,5000,28,break,0.018200000748038292
Start-of-film reinstatement,1.0,0.0,1.0,No reminder,Weak task encoding,1.0,0.0,0.9,4,0,5000,29,break,0.013799999840557575
Start-of-film reinstatement,1.0,0.0,1.0,No reminder,Weak task encoding,1.0,0.0,0.9,4,0,5000,30,break,0.012600000016391277
Start-of-film reinstatement,1.0,0.0,1.0,No reminder,Weak task encoding,1.0,0.0,0.9,4,0,5000,31,break,0.01080000028014183
Start-of-film reinstatement,1.0,0.0,1.0,No reminder,Weak task encoding,1.0,0.0,0.9,4,0,5000,32,break,0.00800000037997961
Start-of-film reinstatement,1.0,0.0,1.0,No reminder,Weak task encoding,1.0,0.0,0.9,4,0,5000,33,task,0.005799999926239252
Start-of-film reinstatement,1.0,0.0,1.0,No reminder,Weak task encoding,1.0,0.0,0.9,4,0,5000,34,task,0.00559999980032444
Start-of-film reinstatement,1.0,0.0,1.0,No reminder,Weak task encoding,1.0,0.0,0.9,4,0,5000,35,task,0.004600000102072954
Start-of-film reinstatement,1.0,0.0,1.0,No reminder,Weak task encoding,1.0,0.0,0.9,4,0,5000,36,task,0.0031999999191612005
Start-of-film reinstatement,1.0,0.0,1.0,No reminder,Weak task encoding,1.0,0.0,0.9,4,0,5000,37,task,0.002400000113993883
Start-of-film reinstatement,1.0,0.0,1.0,No reminder,Weak task encoding,1.0,0.0,0.9,4,0,5000,38,task,0.0034000000450760126
Start-of-film reinstatement,1.0,0.0,1.0,No reminder,Weak task encoding,1.0,0.0,0.9,4,0,5000,39,task,0.0017999999690800905
Start-of-film reinstatement,1.0,0.0,1.0,No reminder,Weak task encoding,1.0,0.0,0.9,4,0,5000,40,task,0.002199999988079071
Start-of-film reinstatement,1.0,0.0,1.0,No reminder,Weak task encoding,1.0,0.0,0.9,4,0,5000,41,task,0.002199999988079071
Start-of-film reinstatement,1.0,0.0,1.0,No reminder,Weak task encoding,1.0,0.0,0.9,4,0,5000,42,task,0.0026000000070780516
Start-of-film reinstatement,1.0,0.0,1.0,No reminder,Weak task encoding,1.0,0.0,0.9,4,0,5000,43,task,0.00139999995008111
Start-of-film reinstatement,1.0,0.0,1.0,No reminder,Weak task encoding,1.0,0.0,0.9,4,0,5000,44,task,0.0010000000474974513
Start-of-film reinstatement,1.0,0.0,1.0,No reminder,Weak task encoding,1.0,0.0,0.9,4,0,5000,45,task,0.002400000113993883
Start-of-film reinstatement,1.0,0.0,1.0,No reminder,Weak task encoding,1.0,0.0,0.9,4,0,5000,46,task,0.0015999999595806003
Start-of-film reinstatement,1.0,0.0,1.0,No reminder,Weak task encoding,1.0,0.0,0.9,4,0,5000,47,task,0.0020000000949949026
Start-of-film reinstatement,1.0,0.0,1.0,No reminder,Weak task encoding,1.0,0.0,0.9,4,0,5000,48,task,0.002400000113993883
Start-of-film reinstatement,1.0,0.0,1.0,No reminder,Weak task encoding,1.0,0.0,0.9,4,0,5000,49,filler,0.004399999976158142
Start-of-film reinstatement,1.0,0.0,1.0,No reminder,Weak task encoding,1.0,0.0,0.9,4,0,5000,50,filler,0.003000000026077032
Start-of-film reinstatement,1.0,0.0,1.0,No reminder,Weak task encoding,1.0,0.0,0.9,4,0,5000,51,filler,0.004999999888241291
Start-of-film reinstatement,1.0,0.0,1.0,No reminder,Weak task encoding,1.0,0.0,0.9,4,0,5000,52,filler,0.004399999976158142
Start-of-film reinstatement,1.0,0.0,1.0,No reminder,Weak task encoding,1.0,0.0,0.9,4,0,5000,53,filler,0.004399999976158142
Start-of-film reinstatement,1.0,0.0,1.0,No reminder,Weak task encoding,1.0,0.0,0.9,4,0,5000,54,filler,0.00860000029206276
Start-of-film reinstatement,1.0,0.0,1.0,No reminder,Weak task encoding,1.0,0.0,0.9,4,0,5000,55,filler,0.009999999776482582
Start-of-film reinstatement,1.0,0.0,1.0,No reminder,Weak task encoding,1.0,0.0,0.9,4,0,5000,56,filler,0.015200000256299973
Start-of-film reinstatement,1.0,0.0,1.0,No reminder,Weak task encoding,1.0,0.0,0.9,4,0,5000,57,filler,0.015399999916553497
Start-of-film reinstatement,1.0,0.0,1.0,No reminder,Weak task encoding,1.0,0.0,0.9,4,0,5000,58,filler,0.022199999541044235
Start-of-film reinstatement,1.0,0.0,1.0,No reminder,Weak task encoding,1.0,0.0,0.9,4,0,5000,59,filler,0.024000000208616257
Start-of-film reinstatement,1.0,0.0,1.0,No reminder,Weak task encoding,1.0,0.0,0.9,4,0,5000,60,filler,0.02879999950528145
Start-of-film reinstatement,1.0,0.0,1.0,No reminder,Weak task encoding,1.0,0.0,0.9,4,0,5000,61,filler,0.036400001496076584
Start-of-film reinstatement,1.0,0.0,1.0,No reminder,Weak task encoding,1.0,0.0,0.9,4,0,5000,62,filler,0.04340000078082085
Start-of-film reinstatement,1.0,0.0,1.0,No reminder,Weak task encoding,1.0,0.0,0.9,4,0,5000,63,filler,0.050599999725818634
Start-of-film reinstatement,1.0,0.0,1.0,No reminder,Weak task encoding,1.0,0.0,0.9,4,0,5000,64,filler,0.05400000140070915
Start-of-film reinstatement,1.0,0.0,1.0,No reminder,Strong task encoding,2.0,0.0,0.9,4,0,5000,1,film,0.30160000920295715
Start-of-film reinstatement,1.0,0.0,1.0,No reminder,Strong task encoding,2.0,0.0,0.9,4,0,5000,2,film,0.32359999418258667
Start-of-film reinstatement,1.0,0.0,1.0,No reminder,Strong task encoding,2.0,0.0,0.9,4,0,5000,3,film,0.3158000111579895
Start-of-film reinstatement,1.0,0.0,1.0,No reminder,Strong task encoding,2.0,0.0,0.9,4,0,5000,4,film,0.34940001368522644
Start-of-film reinstatement,1.0,0.0,1.0,No reminder,Strong task encoding,2.0,0.0,0.9,4,0,5000,5,film,0.37059998512268066
Start-of-film reinstatement,1.0,0.0,1.0,No reminder,Strong task encoding,2.0,0.0,0.9,4,0,5000,6,film,0.38420000672340393
Start-of-film reinstatement,1.0,0.0,1.0,No reminder,Strong task encoding,2.0,0.0,0.9,4,0,5000,7,film,0.3856000006198883
Start-of-film reinstatement,1.0,0.0,1.0,No reminder,Strong task encoding,2.0,0.0,0.9,4,0,5000,8,film,0.41339999437332153
Start-of-film reinstatement,1.0,0.0,1.0,No reminder,Strong task encoding,2.0,0.0,0.9,4,0,5000,9,film,0.4041999876499176
Start-of-film reinstatement,1.0,0.0,1.0,No reminder,Strong task encoding,2.0,0.0,0.9,4,0,5000,10,film,0.4169999957084656
Start-of-film reinstatement,1.0,0.0,1.0,No reminder,Strong task encoding,2.0,0.0,0.9,4,0,5000,11,film,0.41339999437332153
Start-of-film reinstatement,1.0,0.0,1.0,No reminder,Strong task encoding,2.0,0.0,0.9,4,0,5000,12,film,0.40939998626708984
Start-of-film reinstatement,1.0,0.0,1.0,No reminder,Strong task encoding,2.0,0.0,0.9,4,0,5000,13,film,0.3917999863624573
Start-of-film reinstatement,1.0,0.0,1.0,No reminder,Strong task encoding,2.0,0.0,0.9,4,0,5000,14,film,0.3578000068664551
Start-of-film reinstatement,1.0,0.0,1.0,No reminder,Strong task encoding,2.0,0.0,0.9,4,0,5000,15,film,0.3578000068664551
Start-of-film reinstatement,1.0,0.0,1.0,No reminder,Strong task encoding,2.0,0.0,0.9,4,0,5000,16,film,0.3294000029563904
Start-of-film reinstatement,1.0,0.0,1.0,No reminder,Strong task encoding,2.0,0.0,0.9,4,0,5000,17,break,0.1891999989748001
Start-of-film reinstatement,1.0,0.0,1.0,No reminder,Strong task encoding,2.0,0.0,0.9,4,0,5000,18,break,0.1436000019311905
Start-of-film reinstatement,1.0,0.0,1.0,No reminder,Strong task encoding,2.0,0.0,0.9,4,0,5000,19,break,0.11940000206232071
Start-of-film reinstatement,1.0,0.0,1.0,No reminder,Strong task encoding,2.0,0.0,0.9,4,0,5000,20,break,0.09279999881982803
Start-of-film reinstatement,1.0,0.0,1.0,No reminder,Strong task encoding,2.0,0.0,0.9,4,0,5000,21,break,0.07320000231266022
Start-of-film reinstatement,1.0,0.0,1.0,No reminder,Strong task encoding,2.0,0.0,0.9,4,0,5000,22,break,0.05900000035762787
Start-of-film reinstatement,1.0,0.0,1.0,No reminder,Strong task encoding,2.0,0.0,0.9,4,0,5000,23,break,0.0430000014603138
Start-of-film reinstatement,1.0,0.0,1.0,No reminder,Strong task encoding,2.0,0.0,0.9,4,0,5000,24,break,0.029400000348687172
Start-of-film reinstatement,1.0,0.0,1.0,No reminder,Strong task encoding,2.0,0.0,0.9,4,0,5000,25,break,0.023000000044703484
Start-of-film reinstatement,1.0,0.0,1.0,No reminder,Strong task encoding,2.0,0.0,0.9,4,0,5000,26,break,0.01640000008046627
Start-of-film reinstatement,1.0,0.0,1.0,No reminder,Strong task encoding,2.0,0.0,0.9,4,0,5000,27,break,0.014600000344216824
Start-of-film reinstatement,1.0,0.0,1.0,No reminder,Strong task encoding,2.0,0.0,0.9,4,0,5000,28,break,0.013000000268220901
Start-of-film reinstatement,1.0,0.0,1.0,No reminder,Strong task encoding,2.0,0.0,0.9,4,0,5000,29,break,0.007199999876320362
Start-of-film reinstatement,1.0,0.0,1.0,No reminder,Strong task encoding,2.0,0.0,0.9,4,0,5000,30,break,0.00419999985024333
Start-of-film reinstatement,1.0,0.0,1.0,No reminder,Strong task encoding,2.0,0.0,0.9,4,0,5000,31,break,0.004399999976158142
Start-of-film reinstatement,1.0,0.0,1.0,No reminder,Strong task encoding,2.0,0.0,0.9,4,0,5000,32,break,0.004600000102072954
Start-of-film reinstatement,1.0,0.0,1.0,No reminder,Strong task encoding,2.0,0.0,0.9,4,0,5000,33,task,0.03680000081658363
Start-of-film reinstatement,1.0,0.0,1.0,No reminder,Strong task encoding,2.0,0.0,0.9,4,0,5000,34,task,0.03959999978542328
Start-of-film reinstatement,1.0,0.0,1.0,No reminder,Strong task encoding,2.0,0.0,0.9,4,0,5000,35,task,0.03319999948143959
Start-of-film reinstatement,1.0,0.0,1.0,No reminder,Strong task encoding,2.0,0.0,0.9,4,0,5000,36,task,0.03420000150799751
Start-of-film reinstatement,1.0,0.0,1.0,No reminder,Strong task encoding,2.0,0.0,0.9,4,0,5000,37,task,0.03359999880194664
Start-of-film reinstatement,1.0,0.0,1.0,No reminder,Strong task encoding,2.0,0.0,0.9,4,0,5000,38,task,0.03200000151991844
Start-of-film reinstatement,1.0,0.0,1.0,No reminder,Strong task encoding,2.0,0.0,0.9,4,0,5000,39,task,0.03480000048875809
Start-of-film reinstatement,1.0,0.0,1.0,No reminder,Strong task encoding,2.0,0.0,0.9,4,0,5000,40,task,0.02800000086426735
Start-of-film reinstatement,1.0,0.0,1.0,No reminder,Strong task encoding,2.0,0.0,0.9,4,0,5000,41,task,0.030799999833106995
Start-of-film reinstatement,1.0,0.0,1.0,No reminder,Strong task encoding,2.0,0.0,0.9,4,0,5000,42,task,0.03240000084042549
Start-of-film reinstatement,1.0,0.0,1.0,No reminder,Strong task encoding,2.0,0.0,0.9,4,0,5000,43,task,0.033799998462200165
Start-of-film reinstatement,1.0,0.0,1.0,No reminder,Strong task encoding,2.0,0.0,0.9,4,0,5000,44,task,0.0421999990940094
Start-of-film reinstatement,1.0,0.0,1.0,No reminder,Strong task encoding,2.0,0.0,0.9,4,0,5000,45,task,0.03539999946951866
Start-of-film reinstatement,1.0,0.0,1.0,No reminder,Strong task encoding,2.0,0.0,0.9,4,0,5000,46,task,0.03280000016093254
Start-of-film reinstatement,1.0,0.0,1.0,No reminder,Strong task encoding,2.0,0.0,0.9,4,0,5000,47,task,0.03500000014901161
Start-of-film reinstatement,1.0,0.0,1.0,No reminder,Strong task encoding,2.0,0.0,0.9,4,0,5000,48,task,0.03359999880194664
Start-of-film reinstatement,1.0,0.0,1.0,No reminder,Strong task encoding,2.0,0.0,0.9,4,0,5000,49,filler,0.006800000090152025
Start-of-film reinstatement,1.0,0.0,1.0,No reminder,Strong task encoding,2.0,0.0,0.9,4,0,5000,50,filler,0.004800000227987766
Start-of-film reinstatement,1.0,0.0,1.0,No reminder,Strong task encoding,2.0,0.0,0.9,4,0,5000,51,filler,0.005400000140070915
Start-of-film reinstatement,1.0,0.0,1.0,No reminder,Strong task encoding,2.0,0.0,0.9,4,0,5000,52,filler,0.004800000227987766
Start-of-film reinstatement,1.0,0.0,1.0,No reminder,Strong task encoding,2.0,0.0,0.9,4,0,5000,53,filler,0.005400000140070915
Start-of-film reinstatement,1.0,0.0,1.0,No reminder,Strong task encoding,2.0,0.0,0.9,4,0,5000,54,filler,0.003800000064074993
Start-of-film reinstatement,1.0,0.0,1.0,No reminder,Strong task encoding,2.0,0.0,0.9,4,0,5000,55,filler,0.008200000040233135
Start-of-film reinstatement,1.0,0.0,1.0,No reminder,Strong task encoding,2.0,0.0,0.9,4,0,5000,56,filler,0.00860000029206276
Start-of-film reinstatement,1.0,0.0,1.0,No reminder,Strong task encoding,2.0,0.0,0.9,4,0,5000,57,filler,0.012400000356137753
Start-of-film reinstatement,1.0,0.0,1.0,No reminder,Strong task encoding,2.0,0.0,0.9,4,0,5000,58,filler,0.017999999225139618
Start-of-film reinstatement,1.0,0.0,1.0,No reminder,Strong task encoding,2.0,0.0,0.9,4,0,5000,59,filler,0.02319999970495701
Start-of-film reinstatement,1.0,0.0,1.0,No reminder,Strong task encoding,2.0,0.0,0.9,4,0,5000,60,filler,0.026200000196695328
Start-of-film reinstatement,1.0,0.0,1.0,No reminder,Strong task encoding,2.0,0.0,0.9,4,0,5000,61,filler,0.032999999821186066
Start-of-film reinstatement,1.0,0.0,1.0,No reminder,Strong task encoding,2.0,0.0,0.9,4,0,5000,62,filler,0.040800001472234726
Start-of-film reinstatement,1.0,0.0,1.0,No reminder,Strong task encoding,2.0,0.0,0.9,4,0,5000,63,filler,0.04600000008940697
Start-of-film reinstatement,1.0,0.0,1.0,No reminder,Strong task encoding,2.0,0.0,0.9,4,0,5000,64,filler,0.058800000697374344
Start-of-film reinstatement,1.0,0.0,1.0,With reminder,Weak task encoding,1.0,0.0,0.9,4,0,5000,1,film,0.28859999775886536
Start-of-film reinstatement,1.0,0.0,1.0,With reminder,Weak task encoding,1.0,0.0,0.9,4,0,5000,2,film,0.2768000066280365
Start-of-film reinstatement,1.0,0.0,1.0,With reminder,Weak task encoding,1.0,0.0,0.9,4,0,5000,3,film,0.30160000920295715
Start-of-film reinstatement,1.0,0.0,1.0,With reminder,Weak task encoding,1.0,0.0,0.9,4,0,5000,4,film,0.3181999921798706
Start-of-film reinstatement,1.0,0.0,1.0,With reminder,Weak task encoding,1.0,0.0,0.9,4,0,5000,5,film,0.33219999074935913
Start-of-film reinstatement,1.0,0.0,1.0,With reminder,Weak task encoding,1.0,0.0,0.9,4,0,5000,6,film,0.3441999852657318
Start-of-film reinstatement,1.0,0.0,1.0,With reminder,Weak task encoding,1.0,0.0,0.9,4,0,5000,7,film,0.36160001158714294
Start-of-film reinstatement,1.0,0.0,1.0,With reminder,Weak task encoding,1.0,0.0,0.9,4,0,5000,8,film,0.37220001220703125
Start-of-film reinstatement,1.0,0.0,1.0,With reminder,Weak task encoding,1.0,0.0,0.9,4,0,5000,9,film,0.36320000886917114
Start-of-film reinstatement,1.0,0.0,1.0,With reminder,Weak task encoding,1.0,0.0,0.9,4,0,5000,10,film,0.3792000114917755
Start-of-film reinstatement,1.0,0.0,1.0,With reminder,Weak task encoding,1.0,0.0,0.9,4,0,5000,11,film,0.37279999256134033
Start-of-film reinstatement,1.0,0.0,1.0,With reminder,Weak task encoding,1.0,0.0,0.9,4,0,5000,12,film,0.3799999952316284
Start-of-film reinstatement,1.0,0.0,1.0,With reminder,Weak task encoding,1.0,0.0,0.9,4,0,5000,13,film,0.35440000891685486
Start-of-film reinstatement,1.0,0.0,1.0,With reminder,Weak task encoding,1.0,0.0,0.9,4,0,5000,14,film,0.3476000130176544
Start-of-film reinstatement,1.0,0.0,1.0,With reminder,Weak task encoding,1.0,0.0,0.9,4,0,5000,15,film,0.34299999475479126
Start-of-film reinstatement,1.0,0.0,1.0,With reminder,Weak task encoding,1.0,0.0,0.9,4,0,5000,16,film,0.3100000023841858
Start-of-film reinstatement,1.0,0.0,1.0,With reminder,Weak task encoding,1.0,0.0,0.9,4,0,5000,17,break,0.16820000112056732
Start-of-film reinstatement,1.0,0.0,1.0,With reminder,Weak task encoding,1.0,0.0,0.9,4,0,5000,18,break,0.13300000131130219
Start-of-film reinstatement,1.0,0.0,1.0,With reminder,Weak task encoding,1.0,0.0,0.9,4,0,5000,19,break,0.10580000281333923
Start-of-film reinstatement,1.0,0.0,1.0,With reminder,Weak task encoding,1.0,0.0,0.9,4,0,5000,20,break,0.08879999816417694
Start-of-film reinstatement,1.0,0.0,1.0,With reminder,Weak task encoding,1.0,0.0,0.9,4,0,5000,21,break,0.06880000233650208
Start-of-film reinstatement,1.0,0.0,1.0,With reminder,Weak task encoding,1.0,0.0,0.9,4,0,5000,22,break,0.053199999034404755
Start-of-film reinstatement,1.0,0.0,1.0,With reminder,Weak task encoding,1.0,0.0,0.9,4,0,5000,23,break,0.038600001484155655
Start-of-film reinstatement,1.0,0.0,1.0,With reminder,Weak task encoding,1.0,0.0,0.9,4,0,5000,24,break,0.029600000008940697
Start-of-film reinstatement,1.0,0.0,1.0,With reminder,Weak task encoding,1.0,0.0,0.9,4,0,5000,25,break,0.021400000900030136
Start-of-film reinstatement,1.0,0.0,1.0,With reminder,Weak task encoding,1.0,0.0,0.9,4,0,5000,26,break,0.01720000058412552
Start-of-film reinstatement,1.0,0.0,1.0,With reminder,Weak task encoding,1.0,0.0,0.9,4,0,5000,27,break,0.017999999225139618
Start-of-film reinstatement,1.0,0.0,1.0,With reminder,Weak task encoding,1.0,0.0,0.9,4,0,5000,28,break,0.009999999776482582
Start-of-film reinstatement,1.0,0.0,1.0,With reminder,Weak task encoding,1.0,0.0,0.9,4,0,5000,29,break,0.007799999788403511
Start-of-film reinstatement,1.0,0.0,1.0,With reminder,Weak task encoding,1.0,0.0,0.9,4,0,5000,30,break,0.007199999876320362
Start-of-film reinstatement,1.0,0.0,1.0,With reminder,Weak task encoding,1.0,0.0,0.9,4,0,5000,31,break,0.005799999926239252
Start-of-film reinstatement,1.0,0.0,1.0,With reminder,Weak task encoding,1.0,0.0,0.9,4,0,5000,32,break,0.0034000000450760126
Start-of-film reinstatement,1.0,0.0,1.0,With reminder,Weak task encoding,1.0,0.0,0.9,4,0,5000,33,task,0.22120000422000885
Start-of-film reinstatement,1.0,0.0,1.0,With reminder,Weak task encoding,1.0,0.0,0.9,4,0,5000,34,task,0.17839999496936798
Start-of-film reinstatement,1.0,0.0,1.0,With reminder,Weak task encoding,1.0,0.0,0.9,4,0,5000,35,task,0.14300000667572021
Start-of-film reinstatement,1.0,0.0,1.0,With reminder,Weak task encoding,1.0,0.0,0.9,4,0,5000,36,task,0.11180000007152557
Start-of-film reinstatement,1.0,0.0,1.0,With reminder,Weak task encoding,1.0,0.0,0.9,4,0,5000,37,task,0.0860000029206276
Start-of-film reinstatement,1.0,0.0,1.0,With reminder,Weak task encoding,1.0,0.0,0.9,4,0,5000,38,task,0.06520000100135803
Start-of-film reinstatement,1.0,0.0,1.0,With reminder,Weak task encoding,1.0,0.0,0.9,4,0,5000,39,task,0.0568000003695488
Start-of-film reinstatement,1.0,0.0,1.0,With reminder,Weak task encoding,1.0,0.0,0.9,4,0,5000,40,task,0.04740000143647194
Start-of-film reinstatement,1.0,0.0,1.0,With reminder,Weak task encoding,1.0,0.0,0.9,4,0,5000,41,task,0.03579999879002571
Start-of-film reinstatement,1.0,0.0,1.0,With reminder,Weak task encoding,1.0,0.0,0.9,4,0,5000,42,task,0.023800000548362732
Start-of-film reinstatement,1.0,0.0,1.0,With reminder,Weak task encoding,1.0,0.0,0.9,4,0,5000,43,task,0.02759999968111515
Start-of-film reinstatement,1.0,0.0,1.0,With reminder,Weak task encoding,1.0,0.0,0.9,4,0,5000,44,task,0.023000000044703484
Start-of-film reinstatement,1.0,0.0,1.0,With reminder,Weak task encoding,1.0,0.0,0.9,4,0,5000,45,task,0.014800000004470348
Start-of-film reinstatement,1.0,0.0,1.0,With reminder,Weak task encoding,1.0,0.0,0.9,4,0,5000,46,task,0.013799999840557575
Start-of-film reinstatement,1.0,0.0,1.0,With reminder,Weak task encoding,1.0,0.0,0.9,4,0,5000,47,task,0.013799999840557575
Start-of-film reinstatement,1.0,0.0,1.0,With reminder,Weak task encoding,1.0,0.0,0.9,4,0,5000,48,task,0.012199999764561653
Start-of-film reinstatement,1.0,0.0,1.0,With reminder,Weak task encoding,1.0,0.0,0.9,4,0,5000,49,filler,0.009999999776482582
Start-of-film reinstatement,1.0,0.0,1.0,With reminder,Weak task encoding,1.0,0.0,0.9,4,0,5000,50,filler,0.009600000455975533
Start-of-film reinstatement,1.0,0.0,1.0,With reminder,Weak task encoding,1.0,0.0,0.9,4,0,5000,51,filler,0.00839999970048666
Start-of-film reinstatement,1.0,0.0,1.0,With reminder,Weak task encoding,1.0,0.0,0.9,4,0,5000,52,filler,0.009999999776482582
Start-of-film reinstatement,1.0,0.0,1.0,With reminder,Weak task encoding,1.0,0.0,0.9,4,0,5000,53,filler,0.010200000368058681
Start-of-film reinstatement,1.0,0.0,1.0,With reminder,Weak task encoding,1.0,0.0,0.9,4,0,5000,54,filler,0.013199999928474426
Start-of-film reinstatement,1.0,0.0,1.0,With reminder,Weak task encoding,1.0,0.0,0.9,4,0,5000,55,filler,0.01640000008046627
Start-of-film reinstatement,1.0,0.0,1.0,With reminder,Weak task encoding,1.0,0.0,0.9,4,0,5000,56,filler,0.017799999564886093
Start-of-film reinstatement,1.0,0.0,1.0,With reminder,Weak task encoding,1.0,0.0,0.9,4,0,5000,57,filler,0.018400000408291817
Start-of-film reinstatement,1.0,0.0,1.0,With reminder,Weak task encoding,1.0,0.0,0.9,4,0,5000,58,filler,0.023800000548362732
Start-of-film reinstatement,1.0,0.0,1.0,With reminder,Weak task encoding,1.0,0.0,0.9,4,0,5000,59,filler,0.02539999969303608
Start-of-film reinstatement,1.0,0.0,1.0,With reminder,Weak task encoding,1.0,0.0,0.9,4,0,5000,60,filler,0.038600001484155655
Start-of-film reinstatement,1.0,0.0,1.0,With reminder,Weak task encoding,1.0,0.0,0.9,4,0,5000,61,filler,0.041200000792741776
Start-of-film reinstatement,1.0,0.0,1.0,With reminder,Weak task encoding,1.0,0.0,0.9,4,0,5000,62,filler,0.047200001776218414
Start-of-film reinstatement,1.0,0.0,1.0,With reminder,Weak task encoding,1.0,0.0,0.9,4,0,5000,63,filler,0.05480000004172325
Start-of-film reinstatement,1.0,0.0,1.0,With reminder,Weak task encoding,1.0,0.0,0.9,4,0,5000,64,filler,0.06080000102519989
Start-of-film reinstatement,1.0,0.0,1.0,With reminder,Strong task encoding,2.0,0.0,0.9,4,0,5000,1,film,0.16840000450611115
Start-of-film reinstatement,1.0,0.0,1.0,With reminder,Strong task encoding,2.0,0.0,0.9,4,0,5000,2,film,0.1454000025987625
Start-of-film reinstatement,1.0,0.0,1.0,With reminder,Strong task encoding,2.0,0.0,0.9,4,0,5000,3,film,0.15299999713897705
Start-of-film reinstatement,1.0,0.0,1.0,With reminder,Strong task encoding,2.0,0.0,0.9,4,0,5000,4,film,0.15199999511241913
Start-of-film reinstatement,1.0,0.0,1.0,With reminder,Strong task encoding,2.0,0.0,0.9,4,0,5000,5,film,0.147599995136261
Start-of-film reinstatement,1.0,0.0,1.0,With reminder,Strong task encoding,2.0,0.0,0.9,4,0,5000,6,film,0.14499999582767487
Start-of-film reinstatement,1.0,0.0,1.0,With reminder,Strong task encoding,2.0,0.0,0.9,4,0,5000,7,film,0.1446000039577484
Start-of-film reinstatement,1.0,0.0,1.0,With reminder,Strong task encoding,2.0,0.0,0.9,4,0,5000,8,film,0.13580000400543213
Start-of-film reinstatement,1.0,0.0,1.0,With reminder,Strong task encoding,2.0,0.0,0.9,4,0,5000,9,film,0.12460000067949295
Start-of-film reinstatement,1.0,0.0,1.0,With reminder,Strong task encoding,2.0,0.0,0.9,4,0,5000,10,film,0.12219999730587006
Start-of-film reinstatement,1.0,0.0,1.0,With reminder,Strong task encoding,2.0,0.0,0.9,4,0,5000,11,film,0.11739999800920486
Start-of-film reinstatement,1.0,0.0,1.0,With reminder,Strong task encoding,2.0,0.0,0.9,4,0,5000,12,film,0.10279999673366547
Start-of-film reinstatement,1.0,0.0,1.0,With reminder,Strong task encoding,2.0,0.0,0.9,4,0,5000,13,film,0.09019999951124191
Start-of-film reinstatement,1.0,0.0,1.0,With reminder,Strong task encoding,2.0,0.0,0.9,4,0,5000,14,film,0.0812000036239624
Start-of-film reinstatement,1.0,0.0,1.0,With reminder,Strong task encoding,2.0,0.0,0.9,4,0,5000,15,film,0.07980000227689743
Start-of-film reinstatement,1.0,0.0,1.0,With reminder,Strong task encoding,2.0,0.0,0.9,4,0,5000,16,film,0.07280000299215317
Start-of-film reinstatement,1.0,0.0,1.0,With reminder,Strong task encoding,2.0,0.0,0.9,4,0,5000,17,break,0.04439999908208847
Start-of-film reinstatement,1.0,0.0,1.0,With reminder,Strong task encoding,2.0,0.0,0.9,4,0,5000,18,break,0.025800000876188278
Start-of-film reinstatement,1.0,0.0,1.0,With reminder,Strong task encoding,2.0,0.0,0.9,4,0,5000,19,break,0.02019999921321869
Start-of-film reinstatement,1.0,0.0,1.0,With reminder,Strong task encoding,2.0,0.0,0.9,4,0,5000,20,break,0.01600000075995922
Start-of-film reinstatement,1.0,0.0,1.0,With reminder,Strong task encoding,2.0,0.0,0.9,4,0,5000,21,break,0.010599999688565731
Start-of-film reinstatement,1.0,0.0,1.0,With reminder,Strong task encoding,2.0,0.0,0.9,4,0,5000,22,break,0.006000000052154064
Start-of-film reinstatement,1.0,0.0,1.0,With reminder,Strong task encoding,2.0,0.0,0.9,4,0,5000,23,break,0.005200000014156103
Start-of-film reinstatement,1.0,0.0,1.0,With reminder,Strong task encoding,2.0,0.0,0.9,4,0,5000,24,break,0.003000000026077032
Start-of-film reinstatement,1.0,0.0,1.0,With reminder,Strong task encoding,2.0,0.0,0.9,4,0,5000,25,break,0.0017999999690800905
Start-of-film reinstatement,1.0,0.0,1.0,With reminder,Strong task encoding,2.0,0.0,0.9,4,0,5000,26,break,0.0026000000070780516
Start-of-film reinstatement,1.0,0.0,1.0,With reminder,Strong task encoding,2.0,0.0,0.9,4,0,5000,27,break,0.0010000000474974513
Start-of-film reinstatement,1.0,0.0,1.0,With reminder,Strong task encoding,2.0,0.0,0.9,4,0,5000,28,break,0.0015999999595806003
Start-of-film reinstatement,1.0,0.0,1.0,With reminder,Strong task encoding,2.0,0.0,0.9,4,0,5000,29,break,0.0007999999797903001
Start-of-film reinstatement,1.0,0.0,1.0,With reminder,Strong task encoding,2.0,0.0,0.9,4,0,5000,30,break,0.0006000000284984708
Start-of-film reinstatement,1.0,0.0,1.0,With reminder,Strong task encoding,2.0,0.0,0.9,4,0,5000,31,break,0.00019999999494757503
Start-of-film reinstatement,1.0,0.0,1.0,With reminder,Strong task encoding,2.0,0.0,0.9,4,0,5000,32,break,0.00039999998989515007
Start-of-film reinstatement,1.0,0.0,1.0,With reminder,Strong task encoding,2.0,0.0,0.9,4,0,5000,33,task,0.47099998593330383
Start-of-film reinstatement,1.0,0.0,1.0,With reminder,Strong task encoding,2.0,0.0,0.9,4,0,5000,34,task,0.4729999899864197
Start-of-film reinstatement,1.0,0.0,1.0,With reminder,Strong task encoding,2.0,0.0,0.9,4,0,5000,35,task,0.44920000433921814
Start-of-film reinstatement,1.0,0.0,1.0,With reminder,Strong task encoding,2.0,0.0,0.9,4,0,5000,36,task,0.43799999356269836
Start-of-film reinstatement,1.0,0.0,1.0,With reminder,Strong task encoding,2.0,0.0,0.9,4,0,5000,37,task,0.4228000044822693
Start-of-film reinstatement,1.0,0.0,1.0,With reminder,Strong task encoding,2.0,0.0,0.9,4,0,5000,38,task,0.40779998898506165
Start-of-film reinstatement,1.0,0.0,1.0,With reminder,Strong task encoding,2.0,0.0,0.9,4,0,5000,39,task,0.37299999594688416
Start-of-film reinstatement,1.0,0.0,1.0,With reminder,Strong task encoding,2.0,0.0,0.9,4,0,5000,40,task,0.358599990606308
Start-of-film reinstatement,1.0,0.0,1.0,With reminder,Strong task encoding,2.0,0.0,0.9,4,0,5000,41,task,0.32580000162124634
Start-of-film reinstatement,1.0,0.0,1.0,With reminder,Strong task encoding,2.0,0.0,0.9,4,0,5000,42,task,0.2962000072002411
Start-of-film reinstatement,1.0,0.0,1.0,With reminder,Strong task encoding,2.0,0.0,0.9,4,0,5000,43,task,0.2754000127315521
Start-of-film reinstatement,1.0,0.0,1.0,With reminder,Strong task encoding,2.0,0.0,0.9,4,0,5000,44,task,0.24660000205039978
Start-of-film reinstatement,1.0,0.0,1.0,With reminder,Strong task encoding,2.0,0.0,0.9,4,0,5000,45,task,0.23000000417232513
Start-of-film reinstatement,1.0,0.0,1.0,With reminder,Strong task encoding,2.0,0.0,0.9,4,0,5000,46,task,0.19900000095367432
Start-of-film reinstatement,1.0,0.0,1.0,With reminder,Strong task encoding,2.0,0.0,0.9,4,0,5000,47,task,0.1777999997138977
Start-of-film reinstatement,1.0,0.0,1.0,With reminder,Strong task encoding,2.0,0.0,0.9,4,0,5000,48,task,0.15700000524520874
Start-of-film reinstatement,1.0,0.0,1.0,With reminder,Strong task encoding,2.0,0.0,0.9,4,0,5000,49,filler,0.01679999940097332
Start-of-film reinstatement,1.0,0.0,1.0,With reminder,Strong task encoding,2.0,0.0,0.9,4,0,5000,50,filler,0.014600000344216824
Start-of-film reinstatement,1.0,0.0,1.0,With reminder,Strong task encoding,2.0,0.0,0.9,4,0,5000,51,filler,0.00839999970048666
Start-of-film reinstatement,1.0,0.0,1.0,With reminder,Strong task encoding,2.0,0.0,0.9,4,0,5000,52,filler,0.007400000002235174
Start-of-film reinstatement,1.0,0.0,1.0,With reminder,Strong task encoding,2.0,0.0,0.9,4,0,5000,53,filler,0.007799999788403511
Start-of-film reinstatement,1.0,0.0,1.0,With reminder,Strong task encoding,2.0,0.0,0.9,4,0,5000,54,filler,0.005799999926239252
Start-of-film reinstatement,1.0,0.0,1.0,With reminder,Strong task encoding,2.0,0.0,0.9,4,0,5000,55,filler,0.007799999788403511
Start-of-film reinstatement,1.0,0.0,1.0,With reminder,Strong task encoding,2.0,0.0,0.9,4,0,5000,56,filler,0.004600000102072954
Start-of-film reinstatement,1.0,0.0,1.0,With reminder,Strong task encoding,2.0,0.0,0.9,4,0,5000,57,filler,0.007000000216066837
Start-of-film reinstatement,1.0,0.0,1.0,With reminder,Strong task encoding,2.0,0.0,0.9,4,0,5000,58,filler,0.010400000028312206
Start-of-film reinstatement,1.0,0.0,1.0,With reminder,Strong task encoding,2.0,0.0,0.9,4,0,5000,59,filler,0.010400000028312206
Start-of-film reinstatement,1.0,0.0,1.0,With reminder,Strong task encoding,2.0,0.0,0.9,4,0,5000,60,filler,0.012400000356137753
Start-of-film reinstatement,1.0,0.0,1.0,With reminder,Strong task encoding,2.0,0.0,0.9,4,0,5000,61,filler,0.013000000268220901
Start-of-film reinstatement,1.0,0.0,1.0,With reminder,Strong task encoding,2.0,0.0,0.9,4,0,5000,62,filler,0.020999999716877937
Start-of-film reinstatement,1.0,0.0,1.0,With reminder,Strong task encoding,2.0,0.0,0.9,4,0,5000,63,filler,0.024800000712275505
Start-of-film reinstatement,1.0,0.0,1.0,With reminder,Strong task encoding,2.0,0.0,0.9,4,0,5000,64,filler,0.028200000524520874
Start-of-film reinstatement + film-item boost,1.0,0.5,1.0,No reminder,Weak task encoding,1.0,0.0,0.9,4,0,5000,1,film,0.3889999985694885
Start-of-film reinstatement + film-item boost,1.0,0.5,1.0,No reminder,Weak task encoding,1.0,0.0,0.9,4,0,5000,2,film,0.3946000039577484
Start-of-film reinstatement + film-item boost,1.0,0.5,1.0,No reminder,Weak task encoding,1.0,0.0,0.9,4,0,5000,3,film,0.42899999022483826
Start-of-film reinstatement + film-item boost,1.0,0.5,1.0,No reminder,Weak task encoding,1.0,0.0,0.9,4,0,5000,4,film,0.4429999887943268
Start-of-film reinstatement + film-item boost,1.0,0.5,1.0,No reminder,Weak task encoding,1.0,0.0,0.9,4,0,5000,5,film,0.4562000036239624
Start-of-film reinstatement + film-item boost,1.0,0.5,1.0,No reminder,Weak task encoding,1.0,0.0,0.9,4,0,5000,6,film,0.4681999981403351
Start-of-film reinstatement + film-item boost,1.0,0.5,1.0,No reminder,Weak task encoding,1.0,0.0,0.9,4,0,5000,7,film,0.4885999858379364
Start-of-film reinstatement + film-item boost,1.0,0.5,1.0,No reminder,Weak task encoding,1.0,0.0,0.9,4,0,5000,8,film,0.506600022315979
Start-of-film reinstatement + film-item boost,1.0,0.5,1.0,No reminder,Weak task encoding,1.0,0.0,0.9,4,0,5000,9,film,0.5070000290870667
Start-of-film reinstatement + film-item boost,1.0,0.5,1.0,No reminder,Weak task encoding,1.0,0.0,0.9,4,0,5000,10,film,0.5156000256538391
Start-of-film reinstatement + film-item boost,1.0,0.5,1.0,No reminder,Weak task encoding,1.0,0.0,0.9,4,0,5000,11,film,0.503600001335144
Start-of-film reinstatement + film-item boost,1.0,0.5,1.0,No reminder,Weak task encoding,1.0,0.0,0.9,4,0,5000,12,film,0.5005999803543091
Start-of-film reinstatement + film-item boost,1.0,0.5,1.0,No reminder,Weak task encoding,1.0,0.0,0.9,4,0,5000,13,film,0.4887999892234802
Start-of-film reinstatement + film-item boost,1.0,0.5,1.0,No reminder,Weak task encoding,1.0,0.0,0.9,4,0,5000,14,film,0.47440001368522644
Start-of-film reinstatement + film-item boost,1.0,0.5,1.0,No reminder,Weak task encoding,1.0,0.0,0.9,4,0,5000,15,film,0.4586000144481659
Start-of-film reinstatement + film-item boost,1.0,0.5,1.0,No reminder,Weak task encoding,1.0,0.0,0.9,4,0,5000,16,film,0.4300000071525574
Start-of-film reinstatement + film-item boost,1.0,0.5,1.0,No reminder,Weak task encoding,1.0,0.0,0.9,4,0,5000,17,break,0.04399999976158142
Start-of-film reinstatement + film-item boost,1.0,0.5,1.0,No reminder,Weak task encoding,1.0,0.0,0.9,4,0,5000,18,break,0.032600000500679016
Start-of-film reinstatement + film-item boost,1.0,0.5,1.0,No reminder,Weak task encoding,1.0,0.0,0.9,4,0,5000,19,break,0.02239999920129776
Start-of-film reinstatement + film-item boost,1.0,0.5,1.0,No reminder,Weak task encoding,1.0,0.0,0.9,4,0,5000,20,break,0.014800000004470348
Start-of-film reinstatement + film-item boost,1.0,0.5,1.0,No reminder,Weak task encoding,1.0,0.0,0.9,4,0,5000,21,break,0.007199999876320362
Start-of-film reinstatement + film-item boost,1.0,0.5,1.0,No reminder,Weak task encoding,1.0,0.0,0.9,4,0,5000,22,break,0.009600000455975533
Start-of-film reinstatement + film-item boost,1.0,0.5,1.0,No reminder,Weak task encoding,1.0,0.0,0.9,4,0,5000,23,break,0.006800000090152025
Start-of-film reinstatement + film-item boost,1.0,0.5,1.0,No reminder,Weak task encoding,1.0,0.0,0.9,4,0,5000,24,break,0.002400000113993883
Start-of-film reinstatement + film-item boost,1.0,0.5,1.0,No reminder,Weak task encoding,1.0,0.0,0.9,4,0,5000,25,break,0.0015999999595806003
Start-of-film reinstatement + film-item boost,1.0,0.5,1.0,No reminder,Weak task encoding,1.0,0.0,0.9,4,0,5000,26,break,0.0017999999690800905
Start-of-film reinstatement + film-item boost,1.0,0.5,1.0,No reminder,Weak task encoding,1.0,0.0,0.9,4,0,5000,27,break,0.002400000113993883
Start-of-film reinstatement + film-item boost,1.0,0.5,1.0,No reminder,Weak task encoding,1.0,0.0,0.9,4,0,5000,28,break,0.0012000000569969416
Start-of-film reinstatement + film-item boost,1.0,0.5,1.0,No reminder,Weak task encoding,1.0,0.0,0.9,4,0,5000,29,break,0.0010000000474974513
Start-of-film reinstatement + film-item boost,1.0,0.5,1.0,No reminder,Weak task encoding,1.0,0.0,0.9,4,0,5000,30,break,0.00039999998989515007
Start-of-film reinstatement + film-item boost,1.0,0.5,1.0,No reminder,Weak task encoding,1.0,0.0,0.9,4,0,5000,31,break,0.00019999999494757503
Start-of-film reinstatement + film-item boost,1.0,0.5,1.0,No reminder,Weak task encoding,1.0,0.0,0.9,4,0,5000,32,break,0.00019999999494757503
Start-of-film reinstatement + film-item boost,1.0,0.5,1.0,No reminder,Weak task encoding,1.0,0.0,0.9,4,0,5000,33,task,0.00019999999494757503
Start-of-film reinstatement + film-item boost,1.0,0.5,1.0,No reminder,Weak task encoding,1.0,0.0,0.9,4,0,5000,34,task,0.00019999999494757503
Start-of-film reinstatement + film-item boost,1.0,0.5,1.0,No reminder,Weak task encoding,1.0,0.0,0.9,4,0,5000,35,task,0.00019999999494757503
Start-of-film reinstatement + film-item boost,1.0,0.5,1.0,No reminder,Weak task encoding,1.0,0.0,0.9,4,0,5000,36,task,0.0
Start-of-film reinstatement + film-item boost,1.0,0.5,1.0,No reminder,Weak task encoding,1.0,0.0,0.9,4,0,5000,37,task,0.00019999999494757503
Start-of-film reinstatement + film-item boost,1.0,0.5,1.0,No reminder,Weak task encoding,1.0,0.0,0.9,4,0,5000,38,task,0.0
Start-of-film reinstatement + film-item boost,1.0,0.5,1.0,No reminder,Weak task encoding,1.0,0.0,0.9,4,0,5000,39,task,0.0
Start-of-film reinstatement + film-item boost,1.0,0.5,1.0,No reminder,Weak task encoding,1.0,0.0,0.9,4,0,5000,40,task,0.0
Start-of-film reinstatement + film-item boost,1.0,0.5,1.0,No reminder,Weak task encoding,1.0,0.0,0.9,4,0,5000,41,task,0.0
Start-of-film reinstatement + film-item boost,1.0,0.5,1.0,No reminder,Weak task encoding,1.0,0.0,0.9,4,0,5000,42,task,0.0
Start-of-film reinstatement + film-item boost,1.0,0.5,1.0,No reminder,Weak task encoding,1.0,0.0,0.9,4,0,5000,43,task,0.0
Start-of-film reinstatement + film-item boost,1.0,0.5,1.0,No reminder,Weak task encoding,1.0,0.0,0.9,4,0,5000,44,task,0.0
Start-of-film reinstatement + film-item boost,1.0,0.5,1.0,No reminder,Weak task encoding,1.0,0.0,0.9,4,0,5000,45,task,0.00039999998989515007
Start-of-film reinstatement + film-item boost,1.0,0.5,1.0,No reminder,Weak task encoding,1.0,0.0,0.9,4,0,5000,46,task,0.0
Start-of-film reinstatement + film-item boost,1.0,0.5,1.0,No reminder,Weak task encoding,1.0,0.0,0.9,4,0,5000,47,task,0.0
Start-of-film reinstatement + film-item boost,1.0,0.5,1.0,No reminder,Weak task encoding,1.0,0.0,0.9,4,0,5000,48,task,0.0
Start-of-film reinstatement + film-item boost,1.0,0.5,1.0,No reminder,Weak task encoding,1.0,0.0,0.9,4,0,5000,49,filler,0.0
Start-of-film reinstatement + film-item boost,1.0,0.5,1.0,No reminder,Weak task encoding,1.0,0.0,0.9,4,0,5000,50,filler,0.00019999999494757503
Start-of-film reinstatement + film-item boost,1.0,0.5,1.0,No reminder,Weak task encoding,1.0,0.0,0.9,4,0,5000,51,filler,0.0
Start-of-film reinstatement + film-item boost,1.0,0.5,1.0,No reminder,Weak task encoding,1.0,0.0,0.9,4,0,5000,52,filler,0.00019999999494757503
Start-of-film reinstatement + film-item boost,1.0,0.5,1.0,No reminder,Weak task encoding,1.0,0.0,0.9,4,0,5000,53,filler,0.00039999998989515007
Start-of-film reinstatement + film-item boost,1.0,0.5,1.0,No reminder,Weak task encoding,1.0,0.0,0.9,4,0,5000,54,filler,0.0
Start-of-film reinstatement + film-item boost,1.0,0.5,1.0,No reminder,Weak task encoding,1.0,0.0,0.9,4,0,5000,55,filler,0.0006000000284984708
Start-of-film reinstatement + film-item boost,1.0,0.5,1.0,No reminder,Weak task encoding,1.0,0.0,0.9,4,0,5000,56,filler,0.0006000000284984708
Start-of-film reinstatement + film-item boost,1.0,0.5,1.0,No reminder,Weak task encoding,1.0,0.0,0.9,4,0,5000,57,filler,0.00019999999494757503
Start-of-film reinstatement + film-item boost,1.0,0.5,1.0,No reminder,Weak task encoding,1.0,0.0,0.9,4,0,5000,58,filler,0.0010000000474974513
Start-of-film reinstatement + film-item boost,1.0,0.5,1.0,No reminder,Weak task encoding,1.0,0.0,0.9,4,0,5000,59,filler,0.0010000000474974513
Start-of-film reinstatement + film-item boost,1.0,0.5,1.0,No reminder,Weak task encoding,1.0,0.0,0.9,4,0,5000,60,filler,0.0012000000569969416
Start-of-film reinstatement + film-item boost,1.0,0.5,1.0,No reminder,Weak task encoding,1.0,0.0,0.9,4,0,5000,61,filler,0.0012000000569969416
Start-of-film reinstatement + film-item boost,1.0,0.5,1.0,No reminder,Weak task encoding,1.0,0.0,0.9,4,0,5000,62,filler,0.003800000064074993
Start-of-film reinstatement + film-item boost,1.0,0.5,1.0,No reminder,Weak task encoding,1.0,0.0,0.9,4,0,5000,63,filler,0.002400000113993883
Start-of-film reinstatement + film-item boost,1.0,0.5,1.0,No reminder,Weak task encoding,1.0,0.0,0.9,4,0,5000,64,filler,0.004600000102072954
Start-of-film reinstatement + film-item boost,1.0,0.5,1.0,No reminder,Strong task encoding,2.0,0.0,0.9,4,0,5000,1,film,0.38339999318122864
Start-of-film reinstatement + film-item boost,1.0,0.5,1.0,No reminder,Strong task encoding,2.0,0.0,0.9,4,0,5000,2,film,0.39239999651908875
Start-of-film reinstatement + film-item boost,1.0,0.5,1.0,No reminder,Strong task encoding,2.0,0.0,0.9,4,0,5000,3,film,0.4185999929904938
Start-of-film reinstatement + film-item boost,1.0,0.5,1.0,No reminder,Strong task encoding,2.0,0.0,0.9,4,0,5000,4,film,0.4458000063896179
Start-of-film reinstatement + film-item boost,1.0,0.5,1.0,No reminder,Strong task encoding,2.0,0.0,0.9,4,0,5000,5,film,0.4636000096797943
Start-of-film reinstatement + film-item boost,1.0,0.5,1.0,No reminder,Strong task encoding,2.0,0.0,0.9,4,0,5000,6,film,0.4875999987125397
Start-of-film reinstatement + film-item boost,1.0,0.5,1.0,No reminder,Strong task encoding,2.0,0.0,0.9,4,0,5000,7,film,0.4828000068664551
Start-of-film reinstatement + film-item boost,1.0,0.5,1.0,No reminder,Strong task encoding,2.0,0.0,0.9,4,0,5000,8,film,0.5044000148773193
Start-of-film reinstatement + film-item boost,1.0,0.5,1.0,No reminder,Strong task encoding,2.0,0.0,0.9,4,0,5000,9,film,0.5135999917984009
Start-of-film reinstatement + film-item boost,1.0,0.5,1.0,No reminder,Strong task encoding,2.0,0.0,0.9,4,0,5000,10,film,0.5126000046730042
Start-of-film reinstatement + film-item boost,1.0,0.5,1.0,No reminder,Strong task encoding,2.0,0.0,0.9,4,0,5000,11,film,0.5072000026702881
Start-of-film reinstatement + film-item boost,1.0,0.5,1.0,No reminder,Strong task encoding,2.0,0.0,0.9,4,0,5000,12,film,0.4950000047683716
Start-of-film reinstatement + film-item boost,1.0,0.5,1.0,No reminder,Strong task encoding,2.0,0.0,0.9,4,0,5000,13,film,0.5
Start-of-film reinstatement + film-item boost,1.0,0.5,1.0,No reminder,Strong task encoding,2.0,0.0,0.9,4,0,5000,14,film,0.47679999470710754
Start-of-film reinstatement + film-item boost,1.0,0.5,1.0,No reminder,Strong task encoding,2.0,0.0,0.9,4,0,5000,15,film,0.4652000069618225
Start-of-film reinstatement + film-item boost,1.0,0.5,1.0,No reminder,Strong task encoding,2.0,0.0,0.9,4,0,5000,16,film,0.42500001192092896
Start-of-film reinstatement + film-item boost,1.0,0.5,1.0,No reminder,Strong task encoding,2.0,0.0,0.9,4,0,5000,17,break,0.043800000101327896
Start-of-film reinstatement + film-item boost,1.0,0.5,1.0,No reminder,Strong task encoding,2.0,0.0,0.9,4,0,5000,18,break,0.03180000185966492
Start-of-film reinstatement + film-item boost,1.0,0.5,1.0,No reminder,Strong task encoding,2.0,0.0,0.9,4,0,5000,19,break,0.024800000712275505
Start-of-film reinstatement + film-item boost,1.0,0.5,1.0,No reminder,Strong task encoding,2.0,0.0,0.9,4,0,5000,20,break,0.01600000075995922
Start-of-film reinstatement + film-item boost,1.0,0.5,1.0,No reminder,Strong task encoding,2.0,0.0,0.9,4,0,5000,21,break,0.010200000368058681
Start-of-film reinstatement + film-item boost,1.0,0.5,1.0,No reminder,Strong task encoding,2.0,0.0,0.9,4,0,5000,22,break,0.008999999612569809
Start-of-film reinstatement + film-item boost,1.0,0.5,1.0,No reminder,Strong task encoding,2.0,0.0,0.9,4,0,5000,23,break,0.004800000227987766
Start-of-film reinstatement + film-item boost,1.0,0.5,1.0,No reminder,Strong task encoding,2.0,0.0,0.9,4,0,5000,24,break,0.003599999938160181
Start-of-film reinstatement + film-item boost,1.0,0.5,1.0,No reminder,Strong task encoding,2.0,0.0,0.9,4,0,5000,25,break,0.00279999990016222
Start-of-film reinstatement + film-item boost,1.0,0.5,1.0,No reminder,Strong task encoding,2.0,0.0,0.9,4,0,5000,26,break,0.00139999995008111
Start-of-film reinstatement + film-item boost,1.0,0.5,1.0,No reminder,Strong task encoding,2.0,0.0,0.9,4,0,5000,27,break,0.0017999999690800905
Start-of-film reinstatement + film-item boost,1.0,0.5,1.0,No reminder,Strong task encoding,2.0,0.0,0.9,4,0,5000,28,break,0.0007999999797903001
Start-of-film reinstatement + film-item boost,1.0,0.5,1.0,No reminder,Strong task encoding,2.0,0.0,0.9,4,0,5000,29,break,0.0007999999797903001
Start-of-film reinstatement + film-item boost,1.0,0.5,1.0,No reminder,Strong task encoding,2.0,0.0,0.9,4,0,5000,30,break,0.00039999998989515007
Start-of-film reinstatement + film-item boost,1.0,0.5,1.0,No reminder,Strong task encoding,2.0,0.0,0.9,4,0,5000,31,break,0.0006000000284984708
Start-of-film reinstatement + film-item boost,1.0,0.5,1.0,No reminder,Strong task encoding,2.0,0.0,0.9,4,0,5000,32,break,0.0
Start-of-film reinstatement + film-item boost,1.0,0.5,1.0,No reminder,Strong task encoding,2.0,0.0,0.9,4,0,5000,33,task,0.002199999988079071
Start-of-film reinstatement + film-item boost,1.0,0.5,1.0,No reminder,Strong task encoding,2.0,0.0,0.9,4,0,5000,34,task,0.00279999990016222
Start-of-film reinstatement + film-item boost,1.0,0.5,1.0,No reminder,Strong task encoding,2.0,0.0,0.9,4,0,5000,35,task,0.0031999999191612005
Start-of-film reinstatement + film-item boost,1.0,0.5,1.0,No reminder,Strong task encoding,2.0,0.0,0.9,4,0,5000,36,task,0.0010000000474974513
Start-of-film reinstatement + film-item boost,1.0,0.5,1.0,No reminder,Strong task encoding,2.0,0.0,0.9,4,0,5000,37,task,0.0015999999595806003
Start-of-film reinstatement + film-item boost,1.0,0.5,1.0,No reminder,Strong task encoding,2.0,0.0,0.9,4,0,5000,38,task,0.0007999999797903001
Start-of-film reinstatement + film-item boost,1.0,0.5,1.0,No reminder,Strong task encoding,2.0,0.0,0.9,4,0,5000,39,task,0.0010000000474974513
Start-of-film reinstatement + film-item boost,1.0,0.5,1.0,No reminder,Strong task encoding,2.0,0.0,0.9,4,0,5000,40,task,0.0007999999797903001
Start-of-film reinstatement + film-item boost,1.0,0.5,1.0,No reminder,Strong task encoding,2.0,0.0,0.9,4,0,5000,41,task,0.0006000000284984708
Start-of-film reinstatement + film-item boost,1.0,0.5,1.0,No reminder,Strong task encoding,2.0,0.0,0.9,4,0,5000,42,task,0.00139999995008111
Start-of-film reinstatement + film-item boost,1.0,0.5,1.0,No reminder,Strong task encoding,2.0,0.0,0.9,4,0,5000,43,task,0.0015999999595806003
Start-of-film reinstatement + film-item boost,1.0,0.5,1.0,No reminder,Strong task encoding,2.0,0.0,0.9,4,0,5000,44,task,0.0006000000284984708
Start-of-film reinstatement + film-item boost,1.0,0.5,1.0,No reminder,Strong task encoding,2.0,0.0,0.9,4,0,5000,45,task,0.00039999998989515007
Start-of-film reinstatement + film-item boost,1.0,0.5,1.0,No reminder,Strong task encoding,2.0,0.0,0.9,4,0,5000,46,task,0.0007999999797903001
Start-of-film reinstatement + film-item boost,1.0,0.5,1.0,No reminder,Strong task encoding,2.0,0.0,0.9,4,0,5000,47,task,0.0007999999797903001
Start-of-film reinstatement + film-item boost,1.0,0.5,1.0,No reminder,Strong task encoding,2.0,0.0,0.9,4,0,5000,48,task,0.0007999999797903001
Start-of-film reinstatement + film-item boost,1.0,0.5,1.0,No reminder,Strong task encoding,2.0,0.0,0.9,4,0,5000,49,filler,0.0
Start-of-film reinstatement + film-item boost,1.0,0.5,1.0,No reminder,Strong task encoding,2.0,0.0,0.9,4,0,5000,50,filler,0.00039999998989515007
Start-of-film reinstatement + film-item boost,1.0,0.5,1.0,No reminder,Strong task encoding,2.0,0.0,0.9,4,0,5000,51,filler,0.0
Start-of-film reinstatement + film-item boost,1.0,0.5,1.0,No reminder,Strong task encoding,2.0,0.0,0.9,4,0,5000,52,filler,0.00019999999494757503
Start-of-film reinstatement + film-item boost,1.0,0.5,1.0,No reminder,Strong task encoding,2.0,0.0,0.9,4,0,5000,53,filler,0.00019999999494757503
Start-of-film reinstatement + film-item boost,1.0,0.5,1.0,No reminder,Strong task encoding,2.0,0.0,0.9,4,0,5000,54,filler,0.0
Start-of-film reinstatement + film-item boost,1.0,0.5,1.0,No reminder,Strong task encoding,2.0,0.0,0.9,4,0,5000,55,filler,0.0007999999797903001
Start-of-film reinstatement + film-item boost,1.0,0.5,1.0,No reminder,Strong task encoding,2.0,0.0,0.9,4,0,5000,56,filler,0.0006000000284984708
Start-of-film reinstatement + film-item boost,1.0,0.5,1.0,No reminder,Strong task encoding,2.0,0.0,0.9,4,0,5000,57,filler,0.0006000000284984708
Start-of-film reinstatement + film-item boost,1.0,0.5,1.0,No reminder,Strong task encoding,2.0,0.0,0.9,4,0,5000,58,filler,0.00039999998989515007
Start-of-film reinstatement + film-item boost,1.0,0.5,1.0,No reminder,Strong task encoding,2.0,0.0,0.9,4,0,5000,59,filler,0.0007999999797903001
Start-of-film reinstatement + film-item boost,1.0,0.5,1.0,No reminder,Strong task encoding,2.0,0.0,0.9,4,0,5000,60,filler,0.0017999999690800905
Start-of-film reinstatement + film-item boost,1.0,0.5,1.0,No reminder,Strong task encoding,2.0,0.0,0.9,4,0,5000,61,filler,0.0015999999595806003
Start-of-film reinstatement + film-item boost,1.0,0.5,1.0,No reminder,Strong task encoding,2.0,0.0,0.9,4,0,5000,62,filler,0.0017999999690800905
Start-of-film reinstatement + film-item boost,1.0,0.5,1.0,No reminder,Strong task encoding,2.0,0.0,0.9,4,0,5000,63,filler,0.003000000026077032
Start-of-film reinstatement + film-item boost,1.0,0.5,1.0,No reminder,Strong task encoding,2.0,0.0,0.9,4,0,5000,64,filler,0.005200000014156103
Start-of-film reinstatement + film-item boost,1.0,0.5,1.0,With reminder,Weak task encoding,1.0,0.0,0.9,4,0,5000,1,film,0.36800000071525574
Start-of-film reinstatement + film-item boost,1.0,0.5,1.0,With reminder,Weak task encoding,1.0,0.0,0.9,4,0,5000,2,film,0.3880000114440918
Start-of-film reinstatement + film-item boost,1.0,0.5,1.0,With reminder,Weak task encoding,1.0,0.0,0.9,4,0,5000,3,film,0.4020000100135803
Start-of-film reinstatement + film-item boost,1.0,0.5,1.0,With reminder,Weak task encoding,1.0,0.0,0.9,4,0,5000,4,film,0.4293999969959259
Start-of-film reinstatement + film-item boost,1.0,0.5,1.0,With reminder,Weak task encoding,1.0,0.0,0.9,4,0,5000,5,film,0.44699999690055847
Start-of-film reinstatement + film-item boost,1.0,0.5,1.0,With reminder,Weak task encoding,1.0,0.0,0.9,4,0,5000,6,film,0.46619999408721924
Start-of-film reinstatement + film-item boost,1.0,0.5,1.0,With reminder,Weak task encoding,1.0,0.0,0.9,4,0,5000,7,film,0.4830000102519989
Start-of-film reinstatement + film-item boost,1.0,0.5,1.0,With reminder,Weak task encoding,1.0,0.0,0.9,4,0,5000,8,film,0.49540001153945923
Start-of-film reinstatement + film-item boost,1.0,0.5,1.0,With reminder,Weak task encoding,1.0,0.0,0.9,4,0,5000,9,film,0.5037999749183655
Start-of-film reinstatement + film-item boost,1.0,0.5,1.0,With reminder,Weak task encoding,1.0,0.0,0.9,4,0,5000,10,film,0.4984000027179718
Start-of-film reinstatement + film-item boost,1.0,0.5,1.0,With reminder,Weak task encoding,1.0,0.0,0.9,4,0,5000,11,film,0.48420000076293945
Start-of-film reinstatement + film-item boost,1.0,0.5,1.0,With reminder,Weak task encoding,1.0,0.0,0.9,4,0,5000,12,film,0.49720001220703125
Start-of-film reinstatement + film-item boost,1.0,0.5,1.0,With reminder,Weak task encoding,1.0,0.0,0.9,4,0,5000,13,film,0.49219998717308044
Start-of-film reinstatement + film-item boost,1.0,0.5,1.0,With reminder,Weak task encoding,1.0,0.0,0.9,4,0,5000,14,film,0.4724000096321106
Start-of-film reinstatement + film-item boost,1.0,0.5,1.0,With reminder,Weak task encoding,1.0,0.0,0.9,4,0,5000,15,film,0.4503999948501587
Start-of-film reinstatement + film-item boost,1.0,0.5,1.0,With reminder,Weak task encoding,1.0,0.0,0.9,4,0,5000,16,film,0.430400013923645
Start-of-film reinstatement + film-item boost,1.0,0.5,1.0,With reminder,Weak task encoding,1.0,0.0,0.9,4,0,5000,17,break,0.04320000112056732
Start-of-film reinstatement + film-item boost,1.0,0.5,1.0,With reminder,Weak task encoding,1.0,0.0,0.9,4,0,5000,18,break,0.03319999948143959
Start-of-film reinstatement + film-item boost,1.0,0.5,1.0,With reminder,Weak task encoding,1.0,0.0,0.9,4,0,5000,19,break,0.02239999920129776
Start-of-film reinstatement + film-item boost,1.0,0.5,1.0,With reminder,Weak task encoding,1.0,0.0,0.9,4,0,5000,20,break,0.01759999990463257
Start-of-film reinstatement + film-item boost,1.0,0.5,1.0,With reminder,Weak task encoding,1.0,0.0,0.9,4,0,5000,21,break,0.009999999776482582
Start-of-film reinstatement + film-item boost,1.0,0.5,1.0,With reminder,Weak task encoding,1.0,0.0,0.9,4,0,5000,22,break,0.00800000037997961
Start-of-film reinstatement + film-item boost,1.0,0.5,1.0,With reminder,Weak task encoding,1.0,0.0,0.9,4,0,5000,23,break,0.004000000189989805
Start-of-film reinstatement + film-item boost,1.0,0.5,1.0,With reminder,Weak task encoding,1.0,0.0,0.9,4,0,5000,24,break,0.004999999888241291
Start-of-film reinstatement + film-item boost,1.0,0.5,1.0,With reminder,Weak task encoding,1.0,0.0,0.9,4,0,5000,25,break,0.0034000000450760126
Start-of-film reinstatement + film-item boost,1.0,0.5,1.0,With reminder,Weak task encoding,1.0,0.0,0.9,4,0,5000,26,break,0.0015999999595806003
Start-of-film reinstatement + film-item boost,1.0,0.5,1.0,With reminder,Weak task encoding,1.0,0.0,0.9,4,0,5000,27,break,0.0010000000474974513
Start-of-film reinstatement + film-item boost,1.0,0.5,1.0,With reminder,Weak task encoding,1.0,0.0,0.9,4,0,5000,28,break,0.00139999995008111
Start-of-film reinstatement + film-item boost,1.0,0.5,1.0,With reminder,Weak task encoding,1.0,0.0,0.9,4,0,5000,29,break,0.0007999999797903001
Start-of-film reinstatement + film-item boost,1.0,0.5,1.0,With reminder,Weak task encoding,1.0,0.0,0.9,4,0,5000,30,break,0.0010000000474974513
Start-of-film reinstatement + film-item boost,1.0,0.5,1.0,With reminder,Weak task encoding,1.0,0.0,0.9,4,0,5000,31,break,0.0
Start-of-film reinstatement + film-item boost,1.0,0.5,1.0,With reminder,Weak task encoding,1.0,0.0,0.9,4,0,5000,32,break,0.00039999998989515007
Start-of-film reinstatement + film-item boost,1.0,0.5,1.0,With reminder,Weak task encoding,1.0,0.0,0.9,4,0,5000,33,task,0.06279999762773514
Start-of-film reinstatement + film-item boost,1.0,0.5,1.0,With reminder,Weak task encoding,1.0,0.0,0.9,4,0,5000,34,task,0.03779999911785126
Start-of-film reinstatement + film-item boost,1.0,0.5,1.0,With reminder,Weak task encoding,1.0,0.0,0.9,4,0,5000,35,task,0.027000000700354576
Start-of-film reinstatement + film-item boost,1.0,0.5,1.0,With reminder,Weak task encoding,1.0,0.0,0.9,4,0,5000,36,task,0.01860000006854534
Start-of-film reinstatement + film-item boost,1.0,0.5,1.0,With reminder,Weak task encoding,1.0,0.0,0.9,4,0,5000,37,task,0.014399999752640724
Start-of-film reinstatement + film-item boost,1.0,0.5,1.0,With reminder,Weak task encoding,1.0,0.0,0.9,4,0,5000,38,task,0.010599999688565731
Start-of-film reinstatement + film-item boost,1.0,0.5,1.0,With reminder,Weak task encoding,1.0,0.0,0.9,4,0,5000,39,task,0.009800000116229057
Start-of-film reinstatement + film-item boost,1.0,0.5,1.0,With reminder,Weak task encoding,1.0,0.0,0.9,4,0,5000,40,task,0.004800000227987766
Start-of-film reinstatement + film-item boost,1.0,0.5,1.0,With reminder,Weak task encoding,1.0,0.0,0.9,4,0,5000,41,task,0.003800000064074993
Start-of-film reinstatement + film-item boost,1.0,0.5,1.0,With reminder,Weak task encoding,1.0,0.0,0.9,4,0,5000,42,task,0.0017999999690800905
Start-of-film reinstatement + film-item boost,1.0,0.5,1.0,With reminder,Weak task encoding,1.0,0.0,0.9,4,0,5000,43,task,0.002199999988079071
Start-of-film reinstatement + film-item boost,1.0,0.5,1.0,With reminder,Weak task encoding,1.0,0.0,0.9,4,0,5000,44,task,0.002199999988079071
Start-of-film reinstatement + film-item boost,1.0,0.5,1.0,With reminder,Weak task encoding,1.0,0.0,0.9,4,0,5000,45,task,0.00139999995008111
Start-of-film reinstatement + film-item boost,1.0,0.5,1.0,With reminder,Weak task encoding,1.0,0.0,0.9,4,0,5000,46,task,0.0010000000474974513
Start-of-film reinstatement + film-item boost,1.0,0.5,1.0,With reminder,Weak task encoding,1.0,0.0,0.9,4,0,5000,47,task,0.00139999995008111
Start-of-film reinstatement + film-item boost,1.0,0.5,1.0,With reminder,Weak task encoding,1.0,0.0,0.9,4,0,5000,48,task,0.00039999998989515007
Start-of-film reinstatement + film-item boost,1.0,0.5,1.0,With reminder,Weak task encoding,1.0,0.0,0.9,4,0,5000,49,filler,0.0
Start-of-film reinstatement + film-item boost,1.0,0.5,1.0,With reminder,Weak task encoding,1.0,0.0,0.9,4,0,5000,50,filler,0.00019999999494757503
Start-of-film reinstatement + film-item boost,1.0,0.5,1.0,With reminder,Weak task encoding,1.0,0.0,0.9,4,0,5000,51,filler,0.00019999999494757503
Start-of-film reinstatement + film-item boost,1.0,0.5,1.0,With reminder,Weak task encoding,1.0,0.0,0.9,4,0,5000,52,filler,0.00039999998989515007
Start-of-film reinstatement + film-item boost,1.0,0.5,1.0,With reminder,Weak task encoding,1.0,0.0,0.9,4,0,5000,53,filler,0.0007999999797903001
Start-of-film reinstatement + film-item boost,1.0,0.5,1.0,With reminder,Weak task encoding,1.0,0.0,0.9,4,0,5000,54,filler,0.0
Start-of-film reinstatement + film-item boost,1.0,0.5,1.0,With reminder,Weak task encoding,1.0,0.0,0.9,4,0,5000,55,filler,0.0006000000284984708
Start-of-film reinstatement + film-item boost,1.0,0.5,1.0,With reminder,Weak task encoding,1.0,0.0,0.9,4,0,5000,56,filler,0.0006000000284984708
Start-of-film reinstatement + film-item boost,1.0,0.5,1.0,With reminder,Weak task encoding,1.0,0.0,0.9,4,0,5000,57,filler,0.0006000000284984708
Start-of-film reinstatement + film-item boost,1.0,0.5,1.0,With reminder,Weak task encoding,1.0,0.0,0.9,4,0,5000,58,filler,0.0012000000569969416
Start-of-film reinstatement + film-item boost,1.0,0.5,1.0,With reminder,Weak task encoding,1.0,0.0,0.9,4,0,5000,59,filler,0.0010000000474974513
Start-of-film reinstatement + film-item boost,1.0,0.5,1.0,With reminder,Weak task encoding,1.0,0.0,0.9,4,0,5000,60,filler,0.0007999999797903001
Start-of-film reinstatement + film-item boost,1.0,0.5,1.0,With reminder,Weak task encoding,1.0,0.0,0.9,4,0,5000,61,filler,0.00139999995008111
Start-of-film reinstatement + film-item boost,1.0,0.5,1.0,With reminder,Weak task encoding,1.0,0.0,0.9,4,0,5000,62,filler,0.003800000064074993
Start-of-film reinstatement + film-item boost,1.0,0.5,1.0,With reminder,Weak task encoding,1.0,0.0,0.9,4,0,5000,63,filler,0.003800000064074993
Start-of-film reinstatement + film-item boost,1.0,0.5,1.0,With reminder,Weak task encoding,1.0,0.0,0.9,4,0,5000,64,filler,0.003800000064074993
Start-of-film reinstatement + film-item boost,1.0,0.5,1.0,With reminder,Strong task encoding,2.0,0.0,0.9,4,0,5000,1,film,0.2881999909877777
Start-of-film reinstatement + film-item boost,1.0,0.5,1.0,With reminder,Strong task encoding,2.0,0.0,0.9,4,0,5000,2,film,0.28220000863075256
Start-of-film reinstatement + film-item boost,1.0,0.5,1.0,With reminder,Strong task encoding,2.0,0.0,0.9,4,0,5000,3,film,0.3102000057697296
Start-of-film reinstatement + film-item boost,1.0,0.5,1.0,With reminder,Strong task encoding,2.0,0.0,0.9,4,0,5000,4,film,0.321399986743927
Start-of-film reinstatement + film-item boost,1.0,0.5,1.0,With reminder,Strong task encoding,2.0,0.0,0.9,4,0,5000,5,film,0.3409999907016754
Start-of-film reinstatement + film-item boost,1.0,0.5,1.0,With reminder,Strong task encoding,2.0,0.0,0.9,4,0,5000,6,film,0.3547999858856201
Start-of-film reinstatement + film-item boost,1.0,0.5,1.0,With reminder,Strong task encoding,2.0,0.0,0.9,4,0,5000,7,film,0.36559998989105225
Start-of-film reinstatement + film-item boost,1.0,0.5,1.0,With reminder,Strong task encoding,2.0,0.0,0.9,4,0,5000,8,film,0.3598000109195709
Start-of-film reinstatement + film-item boost,1.0,0.5,1.0,With reminder,Strong task encoding,2.0,0.0,0.9,4,0,5000,9,film,0.367000013589859
Start-of-film reinstatement + film-item boost,1.0,0.5,1.0,With reminder,Strong task encoding,2.0,0.0,0.9,4,0,5000,10,film,0.3765999972820282
Start-of-film reinstatement + film-item boost,1.0,0.5,1.0,With reminder,Strong task encoding,2.0,0.0,0.9,4,0,5000,11,film,0.37220001220703125
Start-of-film reinstatement + film-item boost,1.0,0.5,1.0,With reminder,Strong task encoding,2.0,0.0,0.9,4,0,5000,12,film,0.3564000129699707
Start-of-film reinstatement + film-item boost,1.0,0.5,1.0,With reminder,Strong task encoding,2.0,0.0,0.9,4,0,5000,13,film,0.35019999742507935
Start-of-film reinstatement + film-item boost,1.0,0.5,1.0,With reminder,Strong task encoding,2.0,0.0,0.9,4,0,5000,14,film,0.35040000081062317
Start-of-film reinstatement + film-item boost,1.0,0.5,1.0,With reminder,Strong task encoding,2.0,0.0,0.9,4,0,5000,15,film,0.33660000562667847
Start-of-film reinstatement + film-item boost,1.0,0.5,1.0,With reminder,Strong task encoding,2.0,0.0,0.9,4,0,5000,16,film,0.3156000077724457
Start-of-film reinstatement + film-item boost,1.0,0.5,1.0,With reminder,Strong task encoding,2.0,0.0,0.9,4,0,5000,17,break,0.026599999517202377
Start-of-film reinstatement + film-item boost,1.0,0.5,1.0,With reminder,Strong task encoding,2.0,0.0,0.9,4,0,5000,18,break,0.019600000232458115
Start-of-film reinstatement + film-item boost,1.0,0.5,1.0,With reminder,Strong task encoding,2.0,0.0,0.9,4,0,5000,19,break,0.013199999928474426
Start-of-film reinstatement + film-item boost,1.0,0.5,1.0,With reminder,Strong task encoding,2.0,0.0,0.9,4,0,5000,20,break,0.009200000204145908
Start-of-film reinstatement + film-item boost,1.0,0.5,1.0,With reminder,Strong task encoding,2.0,0.0,0.9,4,0,5000,21,break,0.007400000002235174
Start-of-film reinstatement + film-item boost,1.0,0.5,1.0,With reminder,Strong task encoding,2.0,0.0,0.9,4,0,5000,22,break,0.005200000014156103
Start-of-film reinstatement + film-item boost,1.0,0.5,1.0,With reminder,Strong task encoding,2.0,0.0,0.9,4,0,5000,23,break,0.0031999999191612005
Start-of-film reinstatement + film-item boost,1.0,0.5,1.0,With reminder,Strong task encoding,2.0,0.0,0.9,4,0,5000,24,break,0.002199999988079071
Start-of-film reinstatement + film-item boost,1.0,0.5,1.0,With reminder,Strong task encoding,2.0,0.0,0.9,4,0,5000,25,break,0.00139999995008111
Start-of-film reinstatement + film-item boost,1.0,0.5,1.0,With reminder,Strong task encoding,2.0,0.0,0.9,4,0,5000,26,break,0.0010000000474974513
Start-of-film reinstatement + film-item boost,1.0,0.5,1.0,With reminder,Strong task encoding,2.0,0.0,0.9,4,0,5000,27,break,0.0007999999797903001
Start-of-film reinstatement + film-item boost,1.0,0.5,1.0,With reminder,Strong task encoding,2.0,0.0,0.9,4,0,5000,28,break,0.0007999999797903001
Start-of-film reinstatement + film-item boost,1.0,0.5,1.0,With reminder,Strong task encoding,2.0,0.0,0.9,4,0,5000,29,break,0.00039999998989515007
Start-of-film reinstatement + film-item boost,1.0,0.5,1.0,With reminder,Strong task encoding,2.0,0.0,0.9,4,0,5000,30,break,0.00039999998989515007
Start-of-film reinstatement + film-item boost,1.0,0.5,1.0,With reminder,Strong task encoding,2.0,0.0,0.9,4,0,5000,31,break,0.0
Start-of-film reinstatement + film-item boost,1.0,0.5,1.0,With reminder,Strong task encoding,2.0,0.0,0.9,4,0,5000,32,break,0.0
Start-of-film reinstatement + film-item boost,1.0,0.5,1.0,With reminder,Strong task encoding,2.0,0.0,0.9,4,0,5000,33,task,0.365200012922287
Start-of-film reinstatement + film-item boost,1.0,0.5,1.0,With reminder,Strong task encoding,2.0,0.0,0.9,4,0,5000,34,task,0.3160000145435333
Start-of-film reinstatement + film-item boost,1.0,0.5,1.0,With reminder,Strong task encoding,2.0,0.0,0.9,4,0,5000,35,task,0.259799987077713
Start-of-film reinstatement + film-item boost,1.0,0.5,1.0,With reminder,Strong task encoding,2.0,0.0,0.9,4,0,5000,36,task,0.21819999814033508
Start-of-film reinstatement + film-item boost,1.0,0.5,1.0,With reminder,Strong task encoding,2.0,0.0,0.9,4,0,5000,37,task,0.17839999496936798
Start-of-film reinstatement + film-item boost,1.0,0.5,1.0,With reminder,Strong task encoding,2.0,0.0,0.9,4,0,5000,38,task,0.15039999783039093
Start-of-film reinstatement + film-item boost,1.0,0.5,1.0,With reminder,Strong task encoding,2.0,0.0,0.9,4,0,5000,39,task,0.13339999318122864
Start-of-film reinstatement + film-item boost,1.0,0.5,1.0,With reminder,Strong task encoding,2.0,0.0,0.9,4,0,5000,40,task,0.10159999877214432
Start-of-film reinstatement + film-item boost,1.0,0.5,1.0,With reminder,Strong task encoding,2.0,0.0,0.9,4,0,5000,41,task,0.07940000295639038
Start-of-film reinstatement + film-item boost,1.0,0.5,1.0,With reminder,Strong task encoding,2.0,0.0,0.9,4,0,5000,42,task,0.06379999965429306
Start-of-film reinstatement + film-item boost,1.0,0.5,1.0,With reminder,Strong task encoding,2.0,0.0,0.9,4,0,5000,43,task,0.06440000236034393
Start-of-film reinstatement + film-item boost,1.0,0.5,1.0,With reminder,Strong task encoding,2.0,0.0,0.9,4,0,5000,44,task,0.04839999973773956
Start-of-film reinstatement + film-item boost,1.0,0.5,1.0,With reminder,Strong task encoding,2.0,0.0,0.9,4,0,5000,45,task,0.03720000013709068
Start-of-film reinstatement + film-item boost,1.0,0.5,1.0,With reminder,Strong task encoding,2.0,0.0,0.9,4,0,5000,46,task,0.03480000048875809
Start-of-film reinstatement + film-item boost,1.0,0.5,1.0,With reminder,Strong task encoding,2.0,0.0,0.9,4,0,5000,47,task,0.027000000700354576
Start-of-film reinstatement + film-item boost,1.0,0.5,1.0,With reminder,Strong task encoding,2.0,0.0,0.9,4,0,5000,48,task,0.020600000396370888
Start-of-film reinstatement + film-item boost,1.0,0.5,1.0,With reminder,Strong task encoding,2.0,0.0,0.9,4,0,5000,49,filler,0.0006000000284984708
Start-of-film reinstatement + film-item boost,1.0,0.5,1.0,With reminder,Strong task encoding,2.0,0.0,0.9,4,0,5000,50,filler,0.0010000000474974513
Start-of-film reinstatement + film-item boost,1.0,0.5,1.0,With reminder,Strong task encoding,2.0,0.0,0.9,4,0,5000,51,filler,0.00039999998989515007
Start-of-film reinstatement + film-item boost,1.0,0.5,1.0,With reminder,Strong task encoding,2.0,0.0,0.9,4,0,5000,52,filler,0.0007999999797903001
Start-of-film reinstatement + film-item boost,1.0,0.5,1.0,With reminder,Strong task encoding,2.0,0.0,0.9,4,0,5000,53,filler,0.0012000000569969416
Start-of-film reinstatement + film-item boost,1.0,0.5,1.0,With reminder,Strong task encoding,2.0,0.0,0.9,4,0,5000,54,filler,0.00039999998989515007
Start-of-film reinstatement + film-item boost,1.0,0.5,1.0,With reminder,Strong task encoding,2.0,0.0,0.9,4,0,5000,55,filler,0.0007999999797903001
Start-of-film reinstatement + film-item boost,1.0,0.5,1.0,With reminder,Strong task encoding,2.0,0.0,0.9,4,0,5000,56,filler,0.00039999998989515007
Start-of-film reinstatement + film-item boost,1.0,0.5,1.0,With reminder,Strong task encoding,2.0,0.0,0.9,4,0,5000,57,filler,0.0007999999797903001
Start-of-film reinstatement + film-item boost,1.0,0.5,1.0,With reminder,Strong task encoding,2.0,0.0,0.9,4,0,5000,58,filler,0.0010000000474974513
Start-of-film reinstatement + film-item boost,1.0,0.5,1.0,With reminder,Strong task encoding,2.0,0.0,0.9,4,0,5000,59,filler,0.00039999998989515007
Start-of-film reinstatement + film-item boost,1.0,0.5,1.0,With reminder,Strong task encoding,2.0,0.0,0.9,4,0,5000,60,filler,0.0020000000949949026
Start-of-film reinstatement + film-item boost,1.0,0.5,1.0,With reminder,Strong task encoding,2.0,0.0,0.9,4,0,5000,61,filler,0.0020000000949949026
Start-of-film reinstatement + film-item boost,1.0,0.5,1.0,With reminder,Strong task encoding,2.0,0.0,0.9,4,0,5000,62,filler,0.0020000000949949026
Start-of-film reinstatement + film-item boost,1.0,0.5,1.0,With reminder,Strong task encoding,2.0,0.0,0.9,4,0,5000,63,filler,0.003599999938160181
Start-of-film reinstatement + film-item boost,1.0,0.5,1.0,With reminder,Strong task encoding,2.0,0.0,0.9,4,0,5000,64,filler,0.005400000140070915
Start-of-film reinstatement + film-item boost,1.0,0.75,1.0,No reminder,Weak task encoding,1.0,0.0,0.9,4,0,5000,1,film,0.38920000195503235
Start-of-film reinstatement + film-item boost,1.0,0.75,1.0,No reminder,Weak task encoding,1.0,0.0,0.9,4,0,5000,2,film,0.41440001130104065
Start-of-film reinstatement + film-item boost,1.0,0.75,1.0,No reminder,Weak task encoding,1.0,0.0,0.9,4,0,5000,3,film,0.43860000371932983
Start-of-film reinstatement + film-item boost,1.0,0.75,1.0,No reminder,Weak task encoding,1.0,0.0,0.9,4,0,5000,4,film,0.459199994802475
Start-of-film reinstatement + film-item boost,1.0,0.75,1.0,No reminder,Weak task encoding,1.0,0.0,0.9,4,0,5000,5,film,0.47780001163482666
Start-of-film reinstatement + film-item boost,1.0,0.75,1.0,No reminder,Weak task encoding,1.0,0.0,0.9,4,0,5000,6,film,0.4975999891757965
Start-of-film reinstatement + film-item boost,1.0,0.75,1.0,No reminder,Weak task encoding,1.0,0.0,0.9,4,0,5000,7,film,0.49619999527931213
Start-of-film reinstatement + film-item boost,1.0,0.75,1.0,No reminder,Weak task encoding,1.0,0.0,0.9,4,0,5000,8,film,0.504800021648407
Start-of-film reinstatement + film-item boost,1.0,0.75,1.0,No reminder,Weak task encoding,1.0,0.0,0.9,4,0,5000,9,film,0.5073999762535095
Start-of-film reinstatement + film-item boost,1.0,0.75,1.0,No reminder,Weak task encoding,1.0,0.0,0.9,4,0,5000,10,film,0.5188000202178955
Start-of-film reinstatement + film-item boost,1.0,0.75,1.0,No reminder,Weak task encoding,1.0,0.0,0.9,4,0,5000,11,film,0.5109999775886536
Start-of-film reinstatement + film-item boost,1.0,0.75,1.0,No reminder,Weak task encoding,1.0,0.0,0.9,4,0,5000,12,film,0.49900001287460327
Start-of-film reinstatement + film-item boost,1.0,0.75,1.0,No reminder,Weak task encoding,1.0,0.0,0.9,4,0,5000,13,film,0.4848000109195709
Start-of-film reinstatement + film-item boost,1.0,0.75,1.0,No reminder,Weak task encoding,1.0,0.0,0.9,4,0,5000,14,film,0.4781999886035919
Start-of-film reinstatement + film-item boost,1.0,0.75,1.0,No reminder,Weak task encoding,1.0,0.0,0.9,4,0,5000,15,film,0.45660001039505005
Start-of-film reinstatement + film-item boost,1.0,0.75,1.0,No reminder,Weak task encoding,1.0,0.0,0.9,4,0,5000,16,film,0.4406000077724457
Start-of-film reinstatement + film-item boost,1.0,0.75,1.0,No reminder,Weak task encoding,1.0,0.0,0.9,4,0,5000,17,break,0.02500000037252903
Start-of-film reinstatement + film-item boost,1.0,0.75,1.0,No reminder,Weak task encoding,1.0,0.0,0.9,4,0,5000,18,break,0.019600000232458115
Start-of-film reinstatement + film-item boost,1.0,0.75,1.0,No reminder,Weak task encoding,1.0,0.0,0.9,4,0,5000,19,break,0.009600000455975533
Start-of-film reinstatement + film-item boost,1.0,0.75,1.0,No reminder,Weak task encoding,1.0,0.0,0.9,4,0,5000,20,break,0.00839999970048666
Start-of-film reinstatement + film-item boost,1.0,0.75,1.0,No reminder,Weak task encoding,1.0,0.0,0.9,4,0,5000,21,break,0.004999999888241291
Start-of-film reinstatement + film-item boost,1.0,0.75,1.0,No reminder,Weak task encoding,1.0,0.0,0.9,4,0,5000,22,break,0.0026000000070780516
Start-of-film reinstatement + film-item boost,1.0,0.75,1.0,No reminder,Weak task encoding,1.0,0.0,0.9,4,0,5000,23,break,0.003000000026077032
Start-of-film reinstatement + film-item boost,1.0,0.75,1.0,No reminder,Weak task encoding,1.0,0.0,0.9,4,0,5000,24,break,0.00279999990016222
Start-of-film reinstatement + film-item boost,1.0,0.75,1.0,No reminder,Weak task encoding,1.0,0.0,0.9,4,0,5000,25,break,0.00139999995008111
Start-of-film reinstatement + film-item boost,1.0,0.75,1.0,No reminder,Weak task encoding,1.0,0.0,0.9,4,0,5000,26,break,0.0010000000474974513
Start-of-film reinstatement + film-item boost,1.0,0.75,1.0,No reminder,Weak task encoding,1.0,0.0,0.9,4,0,5000,27,break,0.00039999998989515007
Start-of-film reinstatement + film-item boost,1.0,0.75,1.0,No reminder,Weak task encoding,1.0,0.0,0.9,4,0,5000,28,break,0.00019999999494757503
Start-of-film reinstatement + film-item boost,1.0,0.75,1.0,No reminder,Weak task encoding,1.0,0.0,0.9,4,0,5000,29,break,0.0
Start-of-film reinstatement + film-item boost,1.0,0.75,1.0,No reminder,Weak task encoding,1.0,0.0,0.9,4,0,5000,30,break,0.00019999999494757503
Start-of-film reinstatement + film-item boost,1.0,0.75,1.0,No reminder,Weak task encoding,1.0,0.0,0.9,4,0,5000,31,break,0.0006000000284984708
Start-of-film reinstatement + film-item boost,1.0,0.75,1.0,No reminder,Weak task encoding,1.0,0.0,0.9,4,0,5000,32,break,0.00019999999494757503
Start-of-film reinstatement + film-item boost,1.0,0.75,1.0,No reminder,Weak task encoding,1.0,0.0,0.9,4,0,5000,33,task,0.00019999999494757503
Start-of-film reinstatement + film-item boost,1.0,0.75,1.0,No reminder,Weak task encoding,1.0,0.0,0.9,4,0,5000,34,task,0.0
Start-of-film reinstatement + film-item boost,1.0,0.75,1.0,No reminder,Weak task encoding,1.0,0.0,0.9,4,0,5000,35,task,0.0
Start-of-film reinstatement + film-item boost,1.0,0.75,1.0,No reminder,Weak task encoding,1.0,0.0,0.9,4,0,5000,36,task,0.00019999999494757503
Start-of-film reinstatement + film-item boost,1.0,0.75,1.0,No reminder,Weak task encoding,1.0,0.0,0.9,4,0,5000,37,task,0.0
Start-of-film reinstatement + film-item boost,1.0,0.75,1.0,No reminder,Weak task encoding,1.0,0.0,0.9,4,0,5000,38,task,0.0
Start-of-film reinstatement + film-item boost,1.0,0.75,1.0,No reminder,Weak task encoding,1.0,0.0,0.9,4,0,5000,39,task,0.0
Start-of-film reinstatement + film-item boost,1.0,0.75,1.0,No reminder,Weak task encoding,1.0,0.0,0.9,4,0,5000,40,task,0.0
Start-of-film reinstatement + film-item boost,1.0,0.75,1.0,No reminder,Weak task encoding,1.0,0.0,0.9,4,0,5000,41,task,0.0
Start-of-film reinstatement + film-item boost,1.0,0.75,1.0,No reminder,Weak task encoding,1.0,0.0,0.9,4,0,5000,42,task,0.0
Start-of-film reinstatement + film-item boost,1.0,0.75,1.0,No reminder,Weak task encoding,1.0,0.0,0.9,4,0,5000,43,task,0.0
Start-of-film reinstatement + film-item boost,1.0,0.75,1.0,No reminder,Weak task encoding,1.0,0.0,0.9,4,0,5000,44,task,0.0
Start-of-film reinstatement + film-item boost,1.0,0.75,1.0,No reminder,Weak task encoding,1.0,0.0,0.9,4,0,5000,45,task,0.0
Start-of-film reinstatement + film-item boost,1.0,0.75,1.0,No reminder,Weak task encoding,1.0,0.0,0.9,4,0,5000,46,task,0.00019999999494757503
Start-of-film reinstatement + film-item boost,1.0,0.75,1.0,No reminder,Weak task encoding,1.0,0.0,0.9,4,0,5000,47,task,0.0
Start-of-film reinstatement + film-item boost,1.0,0.75,1.0,No reminder,Weak task encoding,1.0,0.0,0.9,4,0,5000,48,task,0.0
Start-of-film reinstatement + film-item boost,1.0,0.75,1.0,No reminder,Weak task encoding,1.0,0.0,0.9,4,0,5000,49,filler,0.0
Start-of-film reinstatement + film-item boost,1.0,0.75,1.0,No reminder,Weak task encoding,1.0,0.0,0.9,4,0,5000,50,filler,0.0
Start-of-film reinstatement + film-item boost,1.0,0.75,1.0,No reminder,Weak task encoding,1.0,0.0,0.9,4,0,5000,51,filler,0.00019999999494757503
Start-of-film reinstatement + film-item boost,1.0,0.75,1.0,No reminder,Weak task encoding,1.0,0.0,0.9,4,0,5000,52,filler,0.0
Start-of-film reinstatement + film-item boost,1.0,0.75,1.0,No reminder,Weak task encoding,1.0,0.0,0.9,4,0,5000,53,filler,0.0
Start-of-film reinstatement + film-item boost,1.0,0.75,1.0,No reminder,Weak task encoding,1.0,0.0,0.9,4,0,5000,54,filler,0.0
Start-of-film reinstatement + film-item boost,1.0,0.75,1.0,No reminder,Weak task encoding,1.0,0.0,0.9,4,0,5000,55,filler,0.0
Start-of-film reinstatement + film-item boost,1.0,0.75,1.0,No reminder,Weak task encoding,1.0,0.0,0.9,4,0,5000,56,filler,0.00019999999494757503
Start-of-film reinstatement + film-item boost,1.0,0.75,1.0,No reminder,Weak task encoding,1.0,0.0,0.9,4,0,5000,57,filler,0.0
Start-of-film reinstatement + film-item boost,1.0,0.75,1.0,No reminder,Weak task encoding,1.0,0.0,0.9,4,0,5000,58,filler,0.0
Start-of-film reinstatement + film-item boost,1.0,0.75,1.0,No reminder,Weak task encoding,1.0,0.0,0.9,4,0,5000,59,filler,0.00039999998989515007
Start-of-film reinstatement + film-item boost,1.0,0.75,1.0,No reminder,Weak task encoding,1.0,0.0,0.9,4,0,5000,60,filler,0.0012000000569969416
Start-of-film reinstatement + film-item boost,1.0,0.75,1.0,No reminder,Weak task encoding,1.0,0.0,0.9,4,0,5000,61,filler,0.0012000000569969416
Start-of-film reinstatement + film-item boost,1.0,0.75,1.0,No reminder,Weak task encoding,1.0,0.0,0.9,4,0,5000,62,filler,0.0007999999797903001
Start-of-film reinstatement + film-item boost,1.0,0.75,1.0,No reminder,Weak task encoding,1.0,0.0,0.9,4,0,5000,63,filler,0.0015999999595806003
Start-of-film reinstatement + film-item boost,1.0,0.75,1.0,No reminder,Weak task encoding,1.0,0.0,0.9,4,0,5000,64,filler,0.002199999988079071
Start-of-film reinstatement + film-item boost,1.0,0.75,1.0,No reminder,Strong task encoding,2.0,0.0,0.9,4,0,5000,1,film,0.4075999855995178
Start-of-film reinstatement + film-item boost,1.0,0.75,1.0,No reminder,Strong task encoding,2.0,0.0,0.9,4,0,5000,2,film,0.4284000098705292
Start-of-film reinstatement + film-item boost,1.0,0.75,1.0,No reminder,Strong task encoding,2.0,0.0,0.9,4,0,5000,3,film,0.4341999888420105
Start-of-film reinstatement + film-item boost,1.0,0.75,1.0,No reminder,Strong task encoding,2.0,0.0,0.9,4,0,5000,4,film,0.446399986743927
Start-of-film reinstatement + film-item boost,1.0,0.75,1.0,No reminder,Strong task encoding,2.0,0.0,0.9,4,0,5000,5,film,0.4726000130176544
Start-of-film reinstatement + film-item boost,1.0,0.75,1.0,No reminder,Strong task encoding,2.0,0.0,0.9,4,0,5000,6,film,0.47540000081062317
Start-of-film reinstatement + film-item boost,1.0,0.75,1.0,No reminder,Strong task encoding,2.0,0.0,0.9,4,0,5000,7,film,0.5016000270843506
Start-of-film reinstatement + film-item boost,1.0,0.75,1.0,No reminder,Strong task encoding,2.0,0.0,0.9,4,0,5000,8,film,0.4943999946117401
Start-of-film reinstatement + film-item boost,1.0,0.75,1.0,No reminder,Strong task encoding,2.0,0.0,0.9,4,0,5000,9,film,0.5170000195503235
Start-of-film reinstatement + film-item boost,1.0,0.75,1.0,No reminder,Strong task encoding,2.0,0.0,0.9,4,0,5000,10,film,0.5153999924659729
Start-of-film reinstatement + film-item boost,1.0,0.75,1.0,No reminder,Strong task encoding,2.0,0.0,0.9,4,0,5000,11,film,0.5185999870300293
Start-of-film reinstatement + film-item boost,1.0,0.75,1.0,No reminder,Strong task encoding,2.0,0.0,0.9,4,0,5000,12,film,0.4973999857902527
Start-of-film reinstatement + film-item boost,1.0,0.75,1.0,No reminder,Strong task encoding,2.0,0.0,0.9,4,0,5000,13,film,0.5027999877929688
Start-of-film reinstatement + film-item boost,1.0,0.75,1.0,No reminder,Strong task encoding,2.0,0.0,0.9,4,0,5000,14,film,0.4819999933242798
Start-of-film reinstatement + film-item boost,1.0,0.75,1.0,No reminder,Strong task encoding,2.0,0.0,0.9,4,0,5000,15,film,0.46399998664855957
Start-of-film reinstatement + film-item boost,1.0,0.75,1.0,No reminder,Strong task encoding,2.0,0.0,0.9,4,0,5000,16,film,0.4374000132083893
Start-of-film reinstatement + film-item boost,1.0,0.75,1.0,No reminder,Strong task encoding,2.0,0.0,0.9,4,0,5000,17,break,0.026000000536441803
Start-of-film reinstatement + film-item boost,1.0,0.75,1.0,No reminder,Strong task encoding,2.0,0.0,0.9,4,0,5000,18,break,0.014000000432133675
Start-of-film reinstatement + film-item boost,1.0,0.75,1.0,No reminder,Strong task encoding,2.0,0.0,0.9,4,0,5000,19,break,0.010999999940395355
Start-of-film reinstatement + film-item boost,1.0,0.75,1.0,No reminder,Strong task encoding,2.0,0.0,0.9,4,0,5000,20,break,0.009399999864399433
Start-of-film reinstatement + film-item boost,1.0,0.75,1.0,No reminder,Strong task encoding,2.0,0.0,0.9,4,0,5000,21,break,0.005799999926239252
Start-of-film reinstatement + film-item boost,1.0,0.75,1.0,No reminder,Strong task encoding,2.0,0.0,0.9,4,0,5000,22,break,0.004600000102072954
Start-of-film reinstatement + film-item boost,1.0,0.75,1.0,No reminder,Strong task encoding,2.0,0.0,0.9,4,0,5000,23,break,0.0031999999191612005
Start-of-film reinstatement + film-item boost,1.0,0.75,1.0,No reminder,Strong task encoding,2.0,0.0,0.9,4,0,5000,24,break,0.0017999999690800905
Start-of-film reinstatement + film-item boost,1.0,0.75,1.0,No reminder,Strong task encoding,2.0,0.0,0.9,4,0,5000,25,break,0.0015999999595806003
Start-of-film reinstatement + film-item boost,1.0,0.75,1.0,No reminder,Strong task encoding,2.0,0.0,0.9,4,0,5000,26,break,0.0007999999797903001
Start-of-film reinstatement + film-item boost,1.0,0.75,1.0,No reminder,Strong task encoding,2.0,0.0,0.9,4,0,5000,27,break,0.00019999999494757503
Start-of-film reinstatement + film-item boost,1.0,0.75,1.0,No reminder,Strong task encoding,2.0,0.0,0.9,4,0,5000,28,break,0.00039999998989515007
Start-of-film reinstatement + film-item boost,1.0,0.75,1.0,No reminder,Strong task encoding,2.0,0.0,0.9,4,0,5000,29,break,0.0
Start-of-film reinstatement + film-item boost,1.0,0.75,1.0,No reminder,Strong task encoding,2.0,0.0,0.9,4,0,5000,30,break,0.0
Start-of-film reinstatement + film-item boost,1.0,0.75,1.0,No reminder,Strong task encoding,2.0,0.0,0.9,4,0,5000,31,break,0.00019999999494757503
Start-of-film reinstatement + film-item boost,1.0,0.75,1.0,No reminder,Strong task encoding,2.0,0.0,0.9,4,0,5000,32,break,0.00019999999494757503
Start-of-film reinstatement + film-item boost,1.0,0.75,1.0,No reminder,Strong task encoding,2.0,0.0,0.9,4,0,5000,33,task,0.00019999999494757503
Start-of-film reinstatement + film-item boost,1.0,0.75,1.0,No reminder,Strong task encoding,2.0,0.0,0.9,4,0,5000,34,task,0.0006000000284984708
Start-of-film reinstatement + film-item boost,1.0,0.75,1.0,No reminder,Strong task encoding,2.0,0.0,0.9,4,0,5000,35,task,0.0006000000284984708
Start-of-film reinstatement + film-item boost,1.0,0.75,1.0,No reminder,Strong task encoding,2.0,0.0,0.9,4,0,5000,36,task,0.00019999999494757503
Start-of-film reinstatement + film-item boost,1.0,0.75,1.0,No reminder,Strong task encoding,2.0,0.0,0.9,4,0,5000,37,task,0.0006000000284984708
Start-of-film reinstatement + film-item boost,1.0,0.75,1.0,No reminder,Strong task encoding,2.0,0.0,0.9,4,0,5000,38,task,0.0010000000474974513
Start-of-film reinstatement + film-item boost,1.0,0.75,1.0,No reminder,Strong task encoding,2.0,0.0,0.9,4,0,5000,39,task,0.0
Start-of-film reinstatement + film-item boost,1.0,0.75,1.0,No reminder,Strong task encoding,2.0,0.0,0.9,4,0,5000,40,task,0.00019999999494757503
Start-of-film reinstatement + film-item boost,1.0,0.75,1.0,No reminder,Strong task encoding,2.0,0.0,0.9,4,0,5000,41,task,0.00019999999494757503
Start-of-film reinstatement + film-item boost,1.0,0.75,1.0,No reminder,Strong task encoding,2.0,0.0,0.9,4,0,5000,42,task,0.0
Start-of-film reinstatement + film-item boost,1.0,0.75,1.0,No reminder,Strong task encoding,2.0,0.0,0.9,4,0,5000,43,task,0.00019999999494757503
Start-of-film reinstatement + film-item boost,1.0,0.75,1.0,No reminder,Strong task encoding,2.0,0.0,0.9,4,0,5000,44,task,0.00019999999494757503
Start-of-film reinstatement + film-item boost,1.0,0.75,1.0,No reminder,Strong task encoding,2.0,0.0,0.9,4,0,5000,45,task,0.0
Start-of-film reinstatement + film-item boost,1.0,0.75,1.0,No reminder,Strong task encoding,2.0,0.0,0.9,4,0,5000,46,task,0.00039999998989515007
Start-of-film reinstatement + film-item boost,1.0,0.75,1.0,No reminder,Strong task encoding,2.0,0.0,0.9,4,0,5000,47,task,0.0
Start-of-film reinstatement + film-item boost,1.0,0.75,1.0,No reminder,Strong task encoding,2.0,0.0,0.9,4,0,5000,48,task,0.00039999998989515007
Start-of-film reinstatement + film-item boost,1.0,0.75,1.0,No reminder,Strong task encoding,2.0,0.0,0.9,4,0,5000,49,filler,0.0
Start-of-film reinstatement + film-item boost,1.0,0.75,1.0,No reminder,Strong task encoding,2.0,0.0,0.9,4,0,5000,50,filler,0.00019999999494757503
Start-of-film reinstatement + film-item boost,1.0,0.75,1.0,No reminder,Strong task encoding,2.0,0.0,0.9,4,0,5000,51,filler,0.0
Start-of-film reinstatement + film-item boost,1.0,0.75,1.0,No reminder,Strong task encoding,2.0,0.0,0.9,4,0,5000,52,filler,0.0
Start-of-film reinstatement + film-item boost,1.0,0.75,1.0,No reminder,Strong task encoding,2.0,0.0,0.9,4,0,5000,53,filler,0.0
Start-of-film reinstatement + film-item boost,1.0,0.75,1.0,No reminder,Strong task encoding,2.0,0.0,0.9,4,0,5000,54,filler,0.0
Start-of-film reinstatement + film-item boost,1.0,0.75,1.0,No reminder,Strong task encoding,2.0,0.0,0.9,4,0,5000,55,filler,0.0
Start-of-film reinstatement + film-item boost,1.0,0.75,1.0,No reminder,Strong task encoding,2.0,0.0,0.9,4,0,5000,56,filler,0.00019999999494757503
Start-of-film reinstatement + film-item boost,1.0,0.75,1.0,No reminder,Strong task encoding,2.0,0.0,0.9,4,0,5000,57,filler,0.00019999999494757503
Start-of-film reinstatement + film-item boost,1.0,0.75,1.0,No reminder,Strong task encoding,2.0,0.0,0.9,4,0,5000,58,filler,0.0006000000284984708
Start-of-film reinstatement + film-item boost,1.0,0.75,1.0,No reminder,Strong task encoding,2.0,0.0,0.9,4,0,5000,59,filler,0.00039999998989515007
Start-of-film reinstatement + film-item boost,1.0,0.75,1.0,No reminder,Strong task encoding,2.0,0.0,0.9,4,0,5000,60,filler,0.0010000000474974513
Start-of-film reinstatement + film-item boost,1.0,0.75,1.0,No reminder,Strong task encoding,2.0,0.0,0.9,4,0,5000,61,filler,0.0010000000474974513
Start-of-film reinstatement + film-item boost,1.0,0.75,1.0,No reminder,Strong task encoding,2.0,0.0,0.9,4,0,5000,62,filler,0.0012000000569969416
Start-of-film reinstatement + film-item boost,1.0,0.75,1.0,No reminder,Strong task encoding,2.0,0.0,0.9,4,0,5000,63,filler,0.0006000000284984708
Start-of-film reinstatement + film-item boost,1.0,0.75,1.0,No reminder,Strong task encoding,2.0,0.0,0.9,4,0,5000,64,filler,0.0020000000949949026
Start-of-film reinstatement + film-item boost,1.0,0.75,1.0,With reminder,Weak task encoding,1.0,0.0,0.9,4,0,5000,1,film,0.39340001344680786
Start-of-film reinstatement + film-item boost,1.0,0.75,1.0,With reminder,Weak task encoding,1.0,0.0,0.9,4,0,5000,2,film,0.4099999964237213
Start-of-film reinstatement + film-item boost,1.0,0.75,1.0,With reminder,Weak task encoding,1.0,0.0,0.9,4,0,5000,3,film,0.4196000099182129
Start-of-film reinstatement + film-item boost,1.0,0.75,1.0,With reminder,Weak task encoding,1.0,0.0,0.9,4,0,5000,4,film,0.43959999084472656
Start-of-film reinstatement + film-item boost,1.0,0.75,1.0,With reminder,Weak task encoding,1.0,0.0,0.9,4,0,5000,5,film,0.4691999852657318
Start-of-film reinstatement + film-item boost,1.0,0.75,1.0,With reminder,Weak task encoding,1.0,0.0,0.9,4,0,5000,6,film,0.4763999879360199
Start-of-film reinstatement + film-item boost,1.0,0.75,1.0,With reminder,Weak task encoding,1.0,0.0,0.9,4,0,5000,7,film,0.48420000076293945
Start-of-film reinstatement + film-item boost,1.0,0.75,1.0,With reminder,Weak task encoding,1.0,0.0,0.9,4,0,5000,8,film,0.5012000203132629
Start-of-film reinstatement + film-item boost,1.0,0.75,1.0,With reminder,Weak task encoding,1.0,0.0,0.9,4,0,5000,9,film,0.5031999945640564
Start-of-film reinstatement + film-item boost,1.0,0.75,1.0,With reminder,Weak task encoding,1.0,0.0,0.9,4,0,5000,10,film,0.5091999769210815
Start-of-film reinstatement + film-item boost,1.0,0.75,1.0,With reminder,Weak task encoding,1.0,0.0,0.9,4,0,5000,11,film,0.4957999885082245
Start-of-film reinstatement + film-item boost,1.0,0.75,1.0,With reminder,Weak task encoding,1.0,0.0,0.9,4,0,5000,12,film,0.498199999332428
Start-of-film reinstatement + film-item boost,1.0,0.75,1.0,With reminder,Weak task encoding,1.0,0.0,0.9,4,0,5000,13,film,0.49559998512268066
Start-of-film reinstatement + film-item boost,1.0,0.75,1.0,With reminder,Weak task encoding,1.0,0.0,0.9,4,0,5000,14,film,0.48980000615119934
Start-of-film reinstatement + film-item boost,1.0,0.75,1.0,With reminder,Weak task encoding,1.0,0.0,0.9,4,0,5000,15,film,0.4603999853134155
Start-of-film reinstatement + film-item boost,1.0,0.75,1.0,With reminder,Weak task encoding,1.0,0.0,0.9,4,0,5000,16,film,0.44679999351501465
Start-of-film reinstatement + film-item boost,1.0,0.75,1.0,With reminder,Weak task encoding,1.0,0.0,0.9,4,0,5000,17,break,0.023399999365210533
Start-of-film reinstatement + film-item boost,1.0,0.75,1.0,With reminder,Weak task encoding,1.0,0.0,0.9,4,0,5000,18,break,0.01860000006854534
Start-of-film reinstatement + film-item boost,1.0,0.75,1.0,With reminder,Weak task encoding,1.0,0.0,0.9,4,0,5000,19,break,0.008999999612569809
Start-of-film reinstatement + film-item boost,1.0,0.75,1.0,With reminder,Weak task encoding,1.0,0.0,0.9,4,0,5000,20,break,0.007799999788403511
Start-of-film reinstatement + film-item boost,1.0,0.75,1.0,With reminder,Weak task encoding,1.0,0.0,0.9,4,0,5000,21,break,0.005799999926239252
Start-of-film reinstatement + film-item boost,1.0,0.75,1.0,With reminder,Weak task encoding,1.0,0.0,0.9,4,0,5000,22,break,0.002199999988079071
Start-of-film reinstatement + film-item boost,1.0,0.75,1.0,With reminder,Weak task encoding,1.0,0.0,0.9,4,0,5000,23,break,0.002400000113993883
Start-of-film reinstatement + film-item boost,1.0,0.75,1.0,With reminder,Weak task encoding,1.0,0.0,0.9,4,0,5000,24,break,0.0015999999595806003
Start-of-film reinstatement + film-item boost,1.0,0.75,1.0,With reminder,Weak task encoding,1.0,0.0,0.9,4,0,5000,25,break,0.002199999988079071
Start-of-film reinstatement + film-item boost,1.0,0.75,1.0,With reminder,Weak task encoding,1.0,0.0,0.9,4,0,5000,26,break,0.0015999999595806003
Start-of-film reinstatement + film-item boost,1.0,0.75,1.0,With reminder,Weak task encoding,1.0,0.0,0.9,4,0,5000,27,break,0.0010000000474974513
Start-of-film reinstatement + film-item boost,1.0,0.75,1.0,With reminder,Weak task encoding,1.0,0.0,0.9,4,0,5000,28,break,0.00039999998989515007
Start-of-film reinstatement + film-item boost,1.0,0.75,1.0,With reminder,Weak task encoding,1.0,0.0,0.9,4,0,5000,29,break,0.00039999998989515007
Start-of-film reinstatement + film-item boost,1.0,0.75,1.0,With reminder,Weak task encoding,1.0,0.0,0.9,4,0,5000,30,break,0.00019999999494757503
Start-of-film reinstatement + film-item boost,1.0,0.75,1.0,With reminder,Weak task encoding,1.0,0.0,0.9,4,0,5000,31,break,0.00039999998989515007
Start-of-film reinstatement + film-item boost,1.0,0.75,1.0,With reminder,Weak task encoding,1.0,0.0,0.9,4,0,5000,32,break,0.0
Start-of-film reinstatement + film-item boost,1.0,0.75,1.0,With reminder,Weak task encoding,1.0,0.0,0.9,4,0,5000,33,task,0.03280000016093254
Start-of-film reinstatement + film-item boost,1.0,0.75,1.0,With reminder,Weak task encoding,1.0,0.0,0.9,4,0,5000,34,task,0.02459999918937683
Start-of-film reinstatement + film-item boost,1.0,0.75,1.0,With reminder,Weak task encoding,1.0,0.0,0.9,4,0,5000,35,task,0.014600000344216824
Start-of-film reinstatement + film-item boost,1.0,0.75,1.0,With reminder,Weak task encoding,1.0,0.0,0.9,4,0,5000,36,task,0.00800000037997961
Start-of-film reinstatement + film-item boost,1.0,0.75,1.0,With reminder,Weak task encoding,1.0,0.0,0.9,4,0,5000,37,task,0.008200000040233135
Start-of-film reinstatement + film-item boost,1.0,0.75,1.0,With reminder,Weak task encoding,1.0,0.0,0.9,4,0,5000,38,task,0.005799999926239252
Start-of-film reinstatement + film-item boost,1.0,0.75,1.0,With reminder,Weak task encoding,1.0,0.0,0.9,4,0,5000,39,task,0.003800000064074993
Start-of-film reinstatement + film-item boost,1.0,0.75,1.0,With reminder,Weak task encoding,1.0,0.0,0.9,4,0,5000,40,task,0.003000000026077032
Start-of-film reinstatement + film-item boost,1.0,0.75,1.0,With reminder,Weak task encoding,1.0,0.0,0.9,4,0,5000,41,task,0.0012000000569969416
Start-of-film reinstatement + film-item boost,1.0,0.75,1.0,With reminder,Weak task encoding,1.0,0.0,0.9,4,0,5000,42,task,0.0012000000569969416
Start-of-film reinstatement + film-item boost,1.0,0.75,1.0,With reminder,Weak task encoding,1.0,0.0,0.9,4,0,5000,43,task,0.0010000000474974513
Start-of-film reinstatement + film-item boost,1.0,0.75,1.0,With reminder,Weak task encoding,1.0,0.0,0.9,4,0,5000,44,task,0.00139999995008111
Start-of-film reinstatement + film-item boost,1.0,0.75,1.0,With reminder,Weak task encoding,1.0,0.0,0.9,4,0,5000,45,task,0.00039999998989515007
Start-of-film reinstatement + film-item boost,1.0,0.75,1.0,With reminder,Weak task encoding,1.0,0.0,0.9,4,0,5000,46,task,0.00019999999494757503
Start-of-film reinstatement + film-item boost,1.0,0.75,1.0,With reminder,Weak task encoding,1.0,0.0,0.9,4,0,5000,47,task,0.0
Start-of-film reinstatement + film-item boost,1.0,0.75,1.0,With reminder,Weak task encoding,1.0,0.0,0.9,4,0,5000,48,task,0.00019999999494757503
Start-of-film reinstatement + film-item boost,1.0,0.75,1.0,With reminder,Weak task encoding,1.0,0.0,0.9,4,0,5000,49,filler,0.0
Start-of-film reinstatement + film-item boost,1.0,0.75,1.0,With reminder,Weak task encoding,1.0,0.0,0.9,4,0,5000,50,filler,0.0
Start-of-film reinstatement + film-item boost,1.0,0.75,1.0,With reminder,Weak task encoding,1.0,0.0,0.9,4,0,5000,51,filler,0.00019999999494757503
Start-of-film reinstatement + film-item boost,1.0,0.75,1.0,With reminder,Weak task encoding,1.0,0.0,0.9,4,0,5000,52,filler,0.0
Start-of-film reinstatement + film-item boost,1.0,0.75,1.0,With reminder,Weak task encoding,1.0,0.0,0.9,4,0,5000,53,filler,0.00019999999494757503
Start-of-film reinstatement + film-item boost,1.0,0.75,1.0,With reminder,Weak task encoding,1.0,0.0,0.9,4,0,5000,54,filler,0.0006000000284984708
Start-of-film reinstatement + film-item boost,1.0,0.75,1.0,With reminder,Weak task encoding,1.0,0.0,0.9,4,0,5000,55,filler,0.0
Start-of-film reinstatement + film-item boost,1.0,0.75,1.0,With reminder,Weak task encoding,1.0,0.0,0.9,4,0,5000,56,filler,0.00039999998989515007
Start-of-film reinstatement + film-item boost,1.0,0.75,1.0,With reminder,Weak task encoding,1.0,0.0,0.9,4,0,5000,57,filler,0.00019999999494757503
Start-of-film reinstatement + film-item boost,1.0,0.75,1.0,With reminder,Weak task encoding,1.0,0.0,0.9,4,0,5000,58,filler,0.00019999999494757503
Start-of-film reinstatement + film-item boost,1.0,0.75,1.0,With reminder,Weak task encoding,1.0,0.0,0.9,4,0,5000,59,filler,0.0007999999797903001
Start-of-film reinstatement + film-item boost,1.0,0.75,1.0,With reminder,Weak task encoding,1.0,0.0,0.9,4,0,5000,60,filler,0.0007999999797903001
Start-of-film reinstatement + film-item boost,1.0,0.75,1.0,With reminder,Weak task encoding,1.0,0.0,0.9,4,0,5000,61,filler,0.0
Start-of-film reinstatement + film-item boost,1.0,0.75,1.0,With reminder,Weak task encoding,1.0,0.0,0.9,4,0,5000,62,filler,0.0007999999797903001
Start-of-film reinstatement + film-item boost,1.0,0.75,1.0,With reminder,Weak task encoding,1.0,0.0,0.9,4,0,5000,63,filler,0.0020000000949949026
Start-of-film reinstatement + film-item boost,1.0,0.75,1.0,With reminder,Weak task encoding,1.0,0.0,0.9,4,0,5000,64,filler,0.0026000000070780516
Start-of-film reinstatement + film-item boost,1.0,0.75,1.0,With reminder,Strong task encoding,2.0,0.0,0.9,4,0,5000,1,film,0.34220001101493835
Start-of-film reinstatement + film-item boost,1.0,0.75,1.0,With reminder,Strong task encoding,2.0,0.0,0.9,4,0,5000,2,film,0.34940001368522644
Start-of-film reinstatement + film-item boost,1.0,0.75,1.0,With reminder,Strong task encoding,2.0,0.0,0.9,4,0,5000,3,film,0.3734000027179718
Start-of-film reinstatement + film-item boost,1.0,0.75,1.0,With reminder,Strong task encoding,2.0,0.0,0.9,4,0,5000,4,film,0.38420000672340393
Start-of-film reinstatement + film-item boost,1.0,0.75,1.0,With reminder,Strong task encoding,2.0,0.0,0.9,4,0,5000,5,film,0.39899998903274536
Start-of-film reinstatement + film-item boost,1.0,0.75,1.0,With reminder,Strong task encoding,2.0,0.0,0.9,4,0,5000,6,film,0.4108000099658966
Start-of-film reinstatement + film-item boost,1.0,0.75,1.0,With reminder,Strong task encoding,2.0,0.0,0.9,4,0,5000,7,film,0.41600000858306885
Start-of-film reinstatement + film-item boost,1.0,0.75,1.0,With reminder,Strong task encoding,2.0,0.0,0.9,4,0,5000,8,film,0.412200003862381
Start-of-film reinstatement + film-item boost,1.0,0.75,1.0,With reminder,Strong task encoding,2.0,0.0,0.9,4,0,5000,9,film,0.4221999943256378
Start-of-film reinstatement + film-item boost,1.0,0.75,1.0,With reminder,Strong task encoding,2.0,0.0,0.9,4,0,5000,10,film,0.4296000003814697
Start-of-film reinstatement + film-item boost,1.0,0.75,1.0,With reminder,Strong task encoding,2.0,0.0,0.9,4,0,5000,11,film,0.423799991607666
Start-of-film reinstatement + film-item boost,1.0,0.75,1.0,With reminder,Strong task encoding,2.0,0.0,0.9,4,0,5000,12,film,0.4174000024795532
Start-of-film reinstatement + film-item boost,1.0,0.75,1.0,With reminder,Strong task encoding,2.0,0.0,0.9,4,0,5000,13,film,0.4251999855041504
Start-of-film reinstatement + film-item boost,1.0,0.75,1.0,With reminder,Strong task encoding,2.0,0.0,0.9,4,0,5000,14,film,0.4108000099658966
Start-of-film reinstatement + film-item boost,1.0,0.75,1.0,With reminder,Strong task encoding,2.0,0.0,0.9,4,0,5000,15,film,0.4009999930858612
Start-of-film reinstatement + film-item boost,1.0,0.75,1.0,With reminder,Strong task encoding,2.0,0.0,0.9,4,0,5000,16,film,0.38040000200271606
Start-of-film reinstatement + film-item boost,1.0,0.75,1.0,With reminder,Strong task encoding,2.0,0.0,0.9,4,0,5000,17,break,0.017400000244379044
Start-of-film reinstatement + film-item boost,1.0,0.75,1.0,With reminder,Strong task encoding,2.0,0.0,0.9,4,0,5000,18,break,0.010400000028312206
Start-of-film reinstatement + film-item boost,1.0,0.75,1.0,With reminder,Strong task encoding,2.0,0.0,0.9,4,0,5000,19,break,0.00860000029206276
Start-of-film reinstatement + film-item boost,1.0,0.75,1.0,With reminder,Strong task encoding,2.0,0.0,0.9,4,0,5000,20,break,0.004800000227987766
Start-of-film reinstatement + film-item boost,1.0,0.75,1.0,With reminder,Strong task encoding,2.0,0.0,0.9,4,0,5000,21,break,0.004399999976158142
Start-of-film reinstatement + film-item boost,1.0,0.75,1.0,With reminder,Strong task encoding,2.0,0.0,0.9,4,0,5000,22,break,0.00279999990016222
Start-of-film reinstatement + film-item boost,1.0,0.75,1.0,With reminder,Strong task encoding,2.0,0.0,0.9,4,0,5000,23,break,0.0012000000569969416
Start-of-film reinstatement + film-item boost,1.0,0.75,1.0,With reminder,Strong task encoding,2.0,0.0,0.9,4,0,5000,24,break,0.00139999995008111
Start-of-film reinstatement + film-item boost,1.0,0.75,1.0,With reminder,Strong task encoding,2.0,0.0,0.9,4,0,5000,25,break,0.0007999999797903001
Start-of-film reinstatement + film-item boost,1.0,0.75,1.0,With reminder,Strong task encoding,2.0,0.0,0.9,4,0,5000,26,break,0.00039999998989515007
Start-of-film reinstatement + film-item boost,1.0,0.75,1.0,With reminder,Strong task encoding,2.0,0.0,0.9,4,0,5000,27,break,0.0007999999797903001
Start-of-film reinstatement + film-item boost,1.0,0.75,1.0,With reminder,Strong task encoding,2.0,0.0,0.9,4,0,5000,28,break,0.00019999999494757503
Start-of-film reinstatement + film-item boost,1.0,0.75,1.0,With reminder,Strong task encoding,2.0,0.0,0.9,4,0,5000,29,break,0.00019999999494757503
Start-of-film reinstatement + film-item boost,1.0,0.75,1.0,With reminder,Strong task encoding,2.0,0.0,0.9,4,0,5000,30,break,0.0
Start-of-film reinstatement + film-item boost,1.0,0.75,1.0,With reminder,Strong task encoding,2.0,0.0,0.9,4,0,5000,31,break,0.00019999999494757503
Start-of-film reinstatement + film-item boost,1.0,0.75,1.0,With reminder,Strong task encoding,2.0,0.0,0.9,4,0,5000,32,break,0.00019999999494757503
Start-of-film reinstatement + film-item boost,1.0,0.75,1.0,With reminder,Strong task encoding,2.0,0.0,0.9,4,0,5000,33,task,0.25459998846054077
Start-of-film reinstatement + film-item boost,1.0,0.75,1.0,With reminder,Strong task encoding,2.0,0.0,0.9,4,0,5000,34,task,0.21060000360012054
Start-of-film reinstatement + film-item boost,1.0,0.75,1.0,With reminder,Strong task encoding,2.0,0.0,0.9,4,0,5000,35,task,0.15960000455379486
Start-of-film reinstatement + film-item boost,1.0,0.75,1.0,With reminder,Strong task encoding,2.0,0.0,0.9,4,0,5000,36,task,0.12460000067949295
Start-of-film reinstatement + film-item boost,1.0,0.75,1.0,With reminder,Strong task encoding,2.0,0.0,0.9,4,0,5000,37,task,0.09260000288486481
Start-of-film reinstatement + film-item boost,1.0,0.75,1.0,With reminder,Strong task encoding,2.0,0.0,0.9,4,0,5000,38,task,0.08060000091791153
Start-of-film reinstatement + film-item boost,1.0,0.75,1.0,With reminder,Strong task encoding,2.0,0.0,0.9,4,0,5000,39,task,0.0658000037074089
Start-of-film reinstatement + film-item boost,1.0,0.75,1.0,With reminder,Strong task encoding,2.0,0.0,0.9,4,0,5000,40,task,0.04839999973773956
Start-of-film reinstatement + film-item boost,1.0,0.75,1.0,With reminder,Strong task encoding,2.0,0.0,0.9,4,0,5000,41,task,0.03500000014901161
Start-of-film reinstatement + film-item boost,1.0,0.75,1.0,With reminder,Strong task encoding,2.0,0.0,0.9,4,0,5000,42,task,0.026200000196695328
Start-of-film reinstatement + film-item boost,1.0,0.75,1.0,With reminder,Strong task encoding,2.0,0.0,0.9,4,0,5000,43,task,0.020400000736117363
Start-of-film reinstatement + film-item boost,1.0,0.75,1.0,With reminder,Strong task encoding,2.0,0.0,0.9,4,0,5000,44,task,0.018400000408291817
Start-of-film reinstatement + film-item boost,1.0,0.75,1.0,With reminder,Strong task encoding,2.0,0.0,0.9,4,0,5000,45,task,0.017799999564886093
Start-of-film reinstatement + film-item boost,1.0,0.75,1.0,With reminder,Strong task encoding,2.0,0.0,0.9,4,0,5000,46,task,0.012400000356137753
Start-of-film reinstatement + film-item boost,1.0,0.75,1.0,With reminder,Strong task encoding,2.0,0.0,0.9,4,0,5000,47,task,0.008999999612569809
Start-of-film reinstatement + film-item boost,1.0,0.75,1.0,With reminder,Strong task encoding,2.0,0.0,0.9,4,0,5000,48,task,0.006599999964237213
Start-of-film reinstatement + film-item boost,1.0,0.75,1.0,With reminder,Strong task encoding,2.0,0.0,0.9,4,0,5000,49,filler,0.0006000000284984708
Start-of-film reinstatement + film-item boost,1.0,0.75,1.0,With reminder,Strong task encoding,2.0,0.0,0.9,4,0,5000,50,filler,0.00019999999494757503
Start-of-film reinstatement + film-item boost,1.0,0.75,1.0,With reminder,Strong task encoding,2.0,0.0,0.9,4,0,5000,51,filler,0.0
Start-of-film reinstatement + film-item boost,1.0,0.75,1.0,With reminder,Strong task encoding,2.0,0.0,0.9,4,0,5000,52,filler,0.00019999999494757503
Start-of-film reinstatement + film-item boost,1.0,0.75,1.0,With reminder,Strong task encoding,2.0,0.0,0.9,4,0,5000,53,filler,0.0
Start-of-film reinstatement + film-item boost,1.0,0.75,1.0,With reminder,Strong task encoding,2.0,0.0,0.9,4,0,5000,54,filler,0.0
Start-of-film reinstatement + film-item boost,1.0,0.75,1.0,With reminder,Strong task encoding,2.0,0.0,0.9,4,0,5000,55,filler,0.0
Start-of-film reinstatement + film-item boost,1.0,0.75,1.0,With reminder,Strong task encoding,2.0,0.0,0.9,4,0,5000,56,filler,0.0
Start-of-film reinstatement + film-item boost,1.0,0.75,1.0,With reminder,Strong task encoding,2.0,0.0,0.9,4,0,5000,57,filler,0.00039999998989515007
Start-of-film reinstatement + film-item boost,1.0,0.75,1.0,With reminder,Strong task encoding,2.0,0.0,0.9,4,0,5000,58,filler,0.0006000000284984708
Start-of-film reinstatement + film-item boost,1.0,0.75,1.0,With reminder,Strong task encoding,2.0,0.0,0.9,4,0,5000,59,filler,0.0006000000284984708
Start-of-film reinstatement + film-item boost,1.0,0.75,1.0,With reminder,Strong task encoding,2.0,0.0,0.9,4,0,5000,60,filler,0.0007999999797903001
Start-of-film reinstatement + film-item boost,1.0,0.75,1.0,With reminder,Strong task encoding,2.0,0.0,0.9,4,0,5000,61,filler,0.0015999999595806003
Start-of-film reinstatement + film-item boost,1.0,0.75,1.0,With reminder,Strong task encoding,2.0,0.0,0.9,4,0,5000,62,filler,0.0015999999595806003
Start-of-film reinstatement + film-item boost,1.0,0.75,1.0,With reminder,Strong task encoding,2.0,0.0,0.9,4,0,5000,63,filler,0.0007999999797903001
Start-of-film reinstatement + film-item boost,1.0,0.75,1.0,With reminder,Strong task encoding,2.0,0.0,0.9,4,0,5000,64,filler,0.003000000026077032
Start-of-film reinstatement + film-item boost,1.0,1.0,1.0,No reminder,Weak task encoding,1.0,0.0,0.9,4,0,5000,1,film,0.41839998960494995
Start-of-film reinstatement + film-item boost,1.0,1.0,1.0,No reminder,Weak task encoding,1.0,0.0,0.9,4,0,5000,2,film,0.42500001192092896
Start-of-film reinstatement + film-item boost,1.0,1.0,1.0,No reminder,Weak task encoding,1.0,0.0,0.9,4,0,5000,3,film,0.43799999356269836
Start-of-film reinstatement + film-item boost,1.0,1.0,1.0,No reminder,Weak task encoding,1.0,0.0,0.9,4,0,5000,4,film,0.46320000290870667
Start-of-film reinstatement + film-item boost,1.0,1.0,1.0,No reminder,Weak task encoding,1.0,0.0,0.9,4,0,5000,5,film,0.4641999900341034
Start-of-film reinstatement + film-item boost,1.0,1.0,1.0,No reminder,Weak task encoding,1.0,0.0,0.9,4,0,5000,6,film,0.49320000410079956
Start-of-film reinstatement + film-item boost,1.0,1.0,1.0,No reminder,Weak task encoding,1.0,0.0,0.9,4,0,5000,7,film,0.49140000343322754
Start-of-film reinstatement + film-item boost,1.0,1.0,1.0,No reminder,Weak task encoding,1.0,0.0,0.9,4,0,5000,8,film,0.5170000195503235
Start-of-film reinstatement + film-item boost,1.0,1.0,1.0,No reminder,Weak task encoding,1.0,0.0,0.9,4,0,5000,9,film,0.508400022983551
Start-of-film reinstatement + film-item boost,1.0,1.0,1.0,No reminder,Weak task encoding,1.0,0.0,0.9,4,0,5000,10,film,0.5105999708175659
Start-of-film reinstatement + film-item boost,1.0,1.0,1.0,No reminder,Weak task encoding,1.0,0.0,0.9,4,0,5000,11,film,0.49300000071525574
Start-of-film reinstatement + film-item boost,1.0,1.0,1.0,No reminder,Weak task encoding,1.0,0.0,0.9,4,0,5000,12,film,0.4970000088214874
Start-of-film reinstatement + film-item boost,1.0,1.0,1.0,No reminder,Weak task encoding,1.0,0.0,0.9,4,0,5000,13,film,0.4966000020503998
Start-of-film reinstatement + film-item boost,1.0,1.0,1.0,No reminder,Weak task encoding,1.0,0.0,0.9,4,0,5000,14,film,0.4812000095844269
Start-of-film reinstatement + film-item boost,1.0,1.0,1.0,No reminder,Weak task encoding,1.0,0.0,0.9,4,0,5000,15,film,0.4715999960899353
Start-of-film reinstatement + film-item boost,1.0,1.0,1.0,No reminder,Weak task encoding,1.0,0.0,0.9,4,0,5000,16,film,0.4375999867916107
Start-of-film reinstatement + film-item boost,1.0,1.0,1.0,No reminder,Weak task encoding,1.0,0.0,0.9,4,0,5000,17,break,0.015599999576807022
Start-of-film reinstatement + film-item boost,1.0,1.0,1.0,No reminder,Weak task encoding,1.0,0.0,0.9,4,0,5000,18,break,0.010999999940395355
Start-of-film reinstatement + film-item boost,1.0,1.0,1.0,No reminder,Weak task encoding,1.0,0.0,0.9,4,0,5000,19,break,0.006000000052154064
Start-of-film reinstatement + film-item boost,1.0,1.0,1.0,No reminder,Weak task encoding,1.0,0.0,0.9,4,0,5000,20,break,0.004600000102072954
Start-of-film reinstatement + film-item boost,1.0,1.0,1.0,No reminder,Weak task encoding,1.0,0.0,0.9,4,0,5000,21,break,0.002199999988079071
Start-of-film reinstatement + film-item boost,1.0,1.0,1.0,No reminder,Weak task encoding,1.0,0.0,0.9,4,0,5000,22,break,0.0017999999690800905
Start-of-film reinstatement + film-item boost,1.0,1.0,1.0,No reminder,Weak task encoding,1.0,0.0,0.9,4,0,5000,23,break,0.0015999999595806003
Start-of-film reinstatement + film-item boost,1.0,1.0,1.0,No reminder,Weak task encoding,1.0,0.0,0.9,4,0,5000,24,break,0.0015999999595806003
Start-of-film reinstatement + film-item boost,1.0,1.0,1.0,No reminder,Weak task encoding,1.0,0.0,0.9,4,0,5000,25,break,0.00039999998989515007
Start-of-film reinstatement + film-item boost,1.0,1.0,1.0,No reminder,Weak task encoding,1.0,0.0,0.9,4,0,5000,26,break,0.00019999999494757503
Start-of-film reinstatement + film-item boost,1.0,1.0,1.0,No reminder,Weak task encoding,1.0,0.0,0.9,4,0,5000,27,break,0.00039999998989515007
Start-of-film reinstatement + film-item boost,1.0,1.0,1.0,No reminder,Weak task encoding,1.0,0.0,0.9,4,0,5000,28,break,0.00019999999494757503
Start-of-film reinstatement + film-item boost,1.0,1.0,1.0,No reminder,Weak task encoding,1.0,0.0,0.9,4,0,5000,29,break,0.0
Start-of-film reinstatement + film-item boost,1.0,1.0,1.0,No reminder,Weak task encoding,1.0,0.0,0.9,4,0,5000,30,break,0.0
Start-of-film reinstatement + film-item boost,1.0,1.0,1.0,No reminder,Weak task encoding,1.0,0.0,0.9,4,0,5000,31,break,0.00019999999494757503
Start-of-film reinstatement + film-item boost,1.0,1.0,1.0,No reminder,Weak task encoding,1.0,0.0,0.9,4,0,5000,32,break,0.0
Start-of-film reinstatement + film-item boost,1.0,1.0,1.0,No reminder,Weak task encoding,1.0,0.0,0.9,4,0,5000,33,task,0.0
Start-of-film reinstatement + film-item boost,1.0,1.0,1.0,No reminder,Weak task encoding,1.0,0.0,0.9,4,0,5000,34,task,0.0
Start-of-film reinstatement + film-item boost,1.0,1.0,1.0,No reminder,Weak task encoding,1.0,0.0,0.9,4,0,5000,35,task,0.0
Start-of-film reinstatement + film-item boost,1.0,1.0,1.0,No reminder,Weak task encoding,1.0,0.0,0.9,4,0,5000,36,task,0.0
Start-of-film reinstatement + film-item boost,1.0,1.0,1.0,No reminder,Weak task encoding,1.0,0.0,0.9,4,0,5000,37,task,0.0
Start-of-film reinstatement + film-item boost,1.0,1.0,1.0,No reminder,Weak task encoding,1.0,0.0,0.9,4,0,5000,38,task,0.0
Start-of-film reinstatement + film-item boost,1.0,1.0,1.0,No reminder,Weak task encoding,1.0,0.0,0.9,4,0,5000,39,task,0.0
Start-of-film reinstatement + film-item boost,1.0,1.0,1.0,No reminder,Weak task encoding,1.0,0.0,0.9,4,0,5000,40,task,0.0
Start-of-film reinstatement + film-item boost,1.0,1.0,1.0,No reminder,Weak task encoding,1.0,0.0,0.9,4,0,5000,41,task,0.0
Start-of-film reinstatement + film-item boost,1.0,1.0,1.0,No reminder,Weak task encoding,1.0,0.0,0.9,4,0,5000,42,task,0.0
Start-of-film reinstatement + film-item boost,1.0,1.0,1.0,No reminder,Weak task encoding,1.0,0.0,0.9,4,0,5000,43,task,0.0
Start-of-film reinstatement + film-item boost,1.0,1.0,1.0,No reminder,Weak task encoding,1.0,0.0,0.9,4,0,5000,44,task,0.0
Start-of-film reinstatement + film-item boost,1.0,1.0,1.0,No reminder,Weak task encoding,1.0,0.0,0.9,4,0,5000,45,task,0.0
Start-of-film reinstatement + film-item boost,1.0,1.0,1.0,No reminder,Weak task encoding,1.0,0.0,0.9,4,0,5000,46,task,0.0
Start-of-film reinstatement + film-item boost,1.0,1.0,1.0,No reminder,Weak task encoding,1.0,0.0,0.9,4,0,5000,47,task,0.00019999999494757503
Start-of-film reinstatement + film-item boost,1.0,1.0,1.0,No reminder,Weak task encoding,1.0,0.0,0.9,4,0,5000,48,task,0.0
Start-of-film reinstatement + film-item boost,1.0,1.0,1.0,No reminder,Weak task encoding,1.0,0.0,0.9,4,0,5000,49,filler,0.0
Start-of-film reinstatement + film-item boost,1.0,1.0,1.0,No reminder,Weak task encoding,1.0,0.0,0.9,4,0,5000,50,filler,0.0
Start-of-film reinstatement + film-item boost,1.0,1.0,1.0,No reminder,Weak task encoding,1.0,0.0,0.9,4,0,5000,51,filler,0.00019999999494757503
Start-of-film reinstatement + film-item boost,1.0,1.0,1.0,No reminder,Weak task encoding,1.0,0.0,0.9,4,0,5000,52,filler,0.0
Start-of-film reinstatement + film-item boost,1.0,1.0,1.0,No reminder,Weak task encoding,1.0,0.0,0.9,4,0,5000,53,filler,0.0
Start-of-film reinstatement + film-item boost,1.0,1.0,1.0,No reminder,Weak task encoding,1.0,0.0,0.9,4,0,5000,54,filler,0.0
Start-of-film reinstatement + film-item boost,1.0,1.0,1.0,No reminder,Weak task encoding,1.0,0.0,0.9,4,0,5000,55,filler,0.0
Start-of-film reinstatement + film-item boost,1.0,1.0,1.0,No reminder,Weak task encoding,1.0,0.0,0.9,4,0,5000,56,filler,0.0
Start-of-film reinstatement + film-item boost,1.0,1.0,1.0,No reminder,Weak task encoding,1.0,0.0,0.9,4,0,5000,57,filler,0.0
Start-of-film reinstatement + film-item boost,1.0,1.0,1.0,No reminder,Weak task encoding,1.0,0.0,0.9,4,0,5000,58,filler,0.0006000000284984708
Start-of-film reinstatement + film-item boost,1.0,1.0,1.0,No reminder,Weak task encoding,1.0,0.0,0.9,4,0,5000,59,filler,0.00039999998989515007
Start-of-film reinstatement + film-item boost,1.0,1.0,1.0,No reminder,Weak task encoding,1.0,0.0,0.9,4,0,5000,60,filler,0.0007999999797903001
Start-of-film reinstatement + film-item boost,1.0,1.0,1.0,No reminder,Weak task encoding,1.0,0.0,0.9,4,0,5000,61,filler,0.0007999999797903001
Start-of-film reinstatement + film-item boost,1.0,1.0,1.0,No reminder,Weak task encoding,1.0,0.0,0.9,4,0,5000,62,filler,0.0006000000284984708
Start-of-film reinstatement + film-item boost,1.0,1.0,1.0,No reminder,Weak task encoding,1.0,0.0,0.9,4,0,5000,63,filler,0.0007999999797903001
Start-of-film reinstatement + film-item boost,1.0,1.0,1.0,No reminder,Weak task encoding,1.0,0.0,0.9,4,0,5000,64,filler,0.0010000000474974513
Start-of-film reinstatement + film-item boost,1.0,1.0,1.0,No reminder,Strong task encoding,2.0,0.0,0.9,4,0,5000,1,film,0.4124000072479248
Start-of-film reinstatement + film-item boost,1.0,1.0,1.0,No reminder,Strong task encoding,2.0,0.0,0.9,4,0,5000,2,film,0.423799991607666
Start-of-film reinstatement + film-item boost,1.0,1.0,1.0,No reminder,Strong task encoding,2.0,0.0,0.9,4,0,5000,3,film,0.44679999351501465
Start-of-film reinstatement + film-item boost,1.0,1.0,1.0,No reminder,Strong task encoding,2.0,0.0,0.9,4,0,5000,4,film,0.46399998664855957
Start-of-film reinstatement + film-item boost,1.0,1.0,1.0,No reminder,Strong task encoding,2.0,0.0,0.9,4,0,5000,5,film,0.46399998664855957
Start-of-film reinstatement + film-item boost,1.0,1.0,1.0,No reminder,Strong task encoding,2.0,0.0,0.9,4,0,5000,6,film,0.48100000619888306
Start-of-film reinstatement + film-item boost,1.0,1.0,1.0,No reminder,Strong task encoding,2.0,0.0,0.9,4,0,5000,7,film,0.4991999864578247
Start-of-film reinstatement + film-item boost,1.0,1.0,1.0,No reminder,Strong task encoding,2.0,0.0,0.9,4,0,5000,8,film,0.48980000615119934
Start-of-film reinstatement + film-item boost,1.0,1.0,1.0,No reminder,Strong task encoding,2.0,0.0,0.9,4,0,5000,9,film,0.49300000071525574
Start-of-film reinstatement + film-item boost,1.0,1.0,1.0,No reminder,Strong task encoding,2.0,0.0,0.9,4,0,5000,10,film,0.49939998984336853
Start-of-film reinstatement + film-item boost,1.0,1.0,1.0,No reminder,Strong task encoding,2.0,0.0,0.9,4,0,5000,11,film,0.5034000277519226
Start-of-film reinstatement + film-item boost,1.0,1.0,1.0,No reminder,Strong task encoding,2.0,0.0,0.9,4,0,5000,12,film,0.5031999945640564
Start-of-film reinstatement + film-item boost,1.0,1.0,1.0,No reminder,Strong task encoding,2.0,0.0,0.9,4,0,5000,13,film,0.49619999527931213
Start-of-film reinstatement + film-item boost,1.0,1.0,1.0,No reminder,Strong task encoding,2.0,0.0,0.9,4,0,5000,14,film,0.49140000343322754
Start-of-film reinstatement + film-item boost,1.0,1.0,1.0,No reminder,Strong task encoding,2.0,0.0,0.9,4,0,5000,15,film,0.47099998593330383
Start-of-film reinstatement + film-item boost,1.0,1.0,1.0,No reminder,Strong task encoding,2.0,0.0,0.9,4,0,5000,16,film,0.45320001244544983
Start-of-film reinstatement + film-item boost,1.0,1.0,1.0,No reminder,Strong task encoding,2.0,0.0,0.9,4,0,5000,17,break,0.013000000268220901
Start-of-film reinstatement + film-item boost,1.0,1.0,1.0,No reminder,Strong task encoding,2.0,0.0,0.9,4,0,5000,18,break,0.013399999588727951
Start-of-film reinstatement + film-item boost,1.0,1.0,1.0,No reminder,Strong task encoding,2.0,0.0,0.9,4,0,5000,19,break,0.005400000140070915
Start-of-film reinstatement + film-item boost,1.0,1.0,1.0,No reminder,Strong task encoding,2.0,0.0,0.9,4,0,5000,20,break,0.0031999999191612005
Start-of-film reinstatement + film-item boost,1.0,1.0,1.0,No reminder,Strong task encoding,2.0,0.0,0.9,4,0,5000,21,break,0.00419999985024333
Start-of-film reinstatement + film-item boost,1.0,1.0,1.0,No reminder,Strong task encoding,2.0,0.0,0.9,4,0,5000,22,break,0.002199999988079071
Start-of-film reinstatement + film-item boost,1.0,1.0,1.0,No reminder,Strong task encoding,2.0,0.0,0.9,4,0,5000,23,break,0.0020000000949949026
Start-of-film reinstatement + film-item boost,1.0,1.0,1.0,No reminder,Strong task encoding,2.0,0.0,0.9,4,0,5000,24,break,0.0010000000474974513
Start-of-film reinstatement + film-item boost,1.0,1.0,1.0,No reminder,Strong task encoding,2.0,0.0,0.9,4,0,5000,25,break,0.0012000000569969416
Start-of-film reinstatement + film-item boost,1.0,1.0,1.0,No reminder,Strong task encoding,2.0,0.0,0.9,4,0,5000,26,break,0.0006000000284984708
Start-of-film reinstatement + film-item boost,1.0,1.0,1.0,No reminder,Strong task encoding,2.0,0.0,0.9,4,0,5000,27,break,0.00039999998989515007
Start-of-film reinstatement + film-item boost,1.0,1.0,1.0,No reminder,Strong task encoding,2.0,0.0,0.9,4,0,5000,28,break,0.00039999998989515007
Start-of-film reinstatement + film-item boost,1.0,1.0,1.0,No reminder,Strong task encoding,2.0,0.0,0.9,4,0,5000,29,break,0.00039999998989515007
Start-of-film reinstatement + film-item boost,1.0,1.0,1.0,No reminder,Strong task encoding,2.0,0.0,0.9,4,0,5000,30,break,0.0
Start-of-film reinstatement + film-item boost,1.0,1.0,1.0,No reminder,Strong task encoding,2.0,0.0,0.9,4,0,5000,31,break,0.0
Start-of-film reinstatement + film-item boost,1.0,1.0,1.0,No reminder,Strong task encoding,2.0,0.0,0.9,4,0,5000,32,break,0.00019999999494757503
Start-of-film reinstatement + film-item boost,1.0,1.0,1.0,No reminder,Strong task encoding,2.0,0.0,0.9,4,0,5000,33,task,0.00039999998989515007
Start-of-film reinstatement + film-item boost,1.0,1.0,1.0,No reminder,Strong task encoding,2.0,0.0,0.9,4,0,5000,34,task,0.00039999998989515007
Start-of-film reinstatement + film-item boost,1.0,1.0,1.0,No reminder,Strong task encoding,2.0,0.0,0.9,4,0,5000,35,task,0.00039999998989515007
Start-of-film reinstatement + film-item boost,1.0,1.0,1.0,No reminder,Strong task encoding,2.0,0.0,0.9,4,0,5000,36,task,0.00019999999494757503
Start-of-film reinstatement + film-item boost,1.0,1.0,1.0,No reminder,Strong task encoding,2.0,0.0,0.9,4,0,5000,37,task,0.00039999998989515007
Start-of-film reinstatement + film-item boost,1.0,1.0,1.0,No reminder,Strong task encoding,2.0,0.0,0.9,4,0,5000,38,task,0.00019999999494757503
Start-of-film reinstatement + film-item boost,1.0,1.0,1.0,No reminder,Strong task encoding,2.0,0.0,0.9,4,0,5000,39,task,0.00019999999494757503
Start-of-film reinstatement + film-item boost,1.0,1.0,1.0,No reminder,Strong task encoding,2.0,0.0,0.9,4,0,5000,40,task,0.00019999999494757503
Start-of-film reinstatement + film-item boost,1.0,1.0,1.0,No reminder,Strong task encoding,2.0,0.0,0.9,4,0,5000,41,task,0.0
Start-of-film reinstatement + film-item boost,1.0,1.0,1.0,No reminder,Strong task encoding,2.0,0.0,0.9,4,0,5000,42,task,0.00019999999494757503
Start-of-film reinstatement + film-item boost,1.0,1.0,1.0,No reminder,Strong task encoding,2.0,0.0,0.9,4,0,5000,43,task,0.0
Start-of-film reinstatement + film-item boost,1.0,1.0,1.0,No reminder,Strong task encoding,2.0,0.0,0.9,4,0,5000,44,task,0.0
Start-of-film reinstatement + film-item boost,1.0,1.0,1.0,No reminder,Strong task encoding,2.0,0.0,0.9,4,0,5000,45,task,0.00039999998989515007
Start-of-film reinstatement + film-item boost,1.0,1.0,1.0,No reminder,Strong task encoding,2.0,0.0,0.9,4,0,5000,46,task,0.0
Start-of-film reinstatement + film-item boost,1.0,1.0,1.0,No reminder,Strong task encoding,2.0,0.0,0.9,4,0,5000,47,task,0.0
Start-of-film reinstatement + film-item boost,1.0,1.0,1.0,No reminder,Strong task encoding,2.0,0.0,0.9,4,0,5000,48,task,0.0
Start-of-film reinstatement + film-item boost,1.0,1.0,1.0,No reminder,Strong task encoding,2.0,0.0,0.9,4,0,5000,49,filler,0.0
Start-of-film reinstatement + film-item boost,1.0,1.0,1.0,No reminder,Strong task encoding,2.0,0.0,0.9,4,0,5000,50,filler,0.0
Start-of-film reinstatement + film-item boost,1.0,1.0,1.0,No reminder,Strong task encoding,2.0,0.0,0.9,4,0,5000,51,filler,0.0
Start-of-film reinstatement + film-item boost,1.0,1.0,1.0,No reminder,Strong task encoding,2.0,0.0,0.9,4,0,5000,52,filler,0.00019999999494757503
Start-of-film reinstatement + film-item boost,1.0,1.0,1.0,No reminder,Strong task encoding,2.0,0.0,0.9,4,0,5000,53,filler,0.0
Start-of-film reinstatement + film-item boost,1.0,1.0,1.0,No reminder,Strong task encoding,2.0,0.0,0.9,4,0,5000,54,filler,0.0
Start-of-film reinstatement + film-item boost,1.0,1.0,1.0,No reminder,Strong task encoding,2.0,0.0,0.9,4,0,5000,55,filler,0.00019999999494757503
Start-of-film reinstatement + film-item boost,1.0,1.0,1.0,No reminder,Strong task encoding,2.0,0.0,0.9,4,0,5000,56,filler,0.0
Start-of-film reinstatement + film-item boost,1.0,1.0,1.0,No reminder,Strong task encoding,2.0,0.0,0.9,4,0,5000,57,filler,0.0
Start-of-film reinstatement + film-item boost,1.0,1.0,1.0,No reminder,Strong task encoding,2.0,0.0,0.9,4,0,5000,58,filler,0.0
Start-of-film reinstatement + film-item boost,1.0,1.0,1.0,No reminder,Strong task encoding,2.0,0.0,0.9,4,0,5000,59,filler,0.00019999999494757503
Start-of-film reinstatement + film-item boost,1.0,1.0,1.0,No reminder,Strong task encoding,2.0,0.0,0.9,4,0,5000,60,filler,0.0
Start-of-film reinstatement + film-item boost,1.0,1.0,1.0,No reminder,Strong task encoding,2.0,0.0,0.9,4,0,5000,61,filler,0.0007999999797903001
Start-of-film reinstatement + film-item boost,1.0,1.0,1.0,No reminder,Strong task encoding,2.0,0.0,0.9,4,0,5000,62,filler,0.00019999999494757503
Start-of-film reinstatement + film-item boost,1.0,1.0,1.0,No reminder,Strong task encoding,2.0,0.0,0.9,4,0,5000,63,filler,0.0
Start-of-film reinstatement + film-item boost,1.0,1.0,1.0,No reminder,Strong task encoding,2.0,0.0,0.9,4,0,5000,64,filler,0.0020000000949949026
Start-of-film reinstatement + film-item boost,1.0,1.0,1.0,With reminder,Weak task encoding,1.0,0.0,0.9,4,0,5000,1,film,0.4016000032424927
Start-of-film reinstatement + film-item boost,1.0,1.0,1.0,With reminder,Weak task encoding,1.0,0.0,0.9,4,0,5000,2,film,0.4052000045776367
Start-of-film reinstatement + film-item boost,1.0,1.0,1.0,With reminder,Weak task encoding,1.0,0.0,0.9,4,0,5000,3,film,0.4413999915122986
Start-of-film reinstatement + film-item boost,1.0,1.0,1.0,With reminder,Weak task encoding,1.0,0.0,0.9,4,0,5000,4,film,0.45260000228881836
Start-of-film reinstatement + film-item boost,1.0,1.0,1.0,With reminder,Weak task encoding,1.0,0.0,0.9,4,0,5000,5,film,0.4781999886035919
Start-of-film reinstatement + film-item boost,1.0,1.0,1.0,With reminder,Weak task encoding,1.0,0.0,0.9,4,0,5000,6,film,0.4781999886035919
Start-of-film reinstatement + film-item boost,1.0,1.0,1.0,With reminder,Weak task encoding,1.0,0.0,0.9,4,0,5000,7,film,0.48820000886917114
Start-of-film reinstatement + film-item boost,1.0,1.0,1.0,With reminder,Weak task encoding,1.0,0.0,0.9,4,0,5000,8,film,0.5031999945640564
Start-of-film reinstatement + film-item boost,1.0,1.0,1.0,With reminder,Weak task encoding,1.0,0.0,0.9,4,0,5000,9,film,0.5008000135421753
Start-of-film reinstatement + film-item boost,1.0,1.0,1.0,With reminder,Weak task encoding,1.0,0.0,0.9,4,0,5000,10,film,0.5044000148773193
Start-of-film reinstatement + film-item boost,1.0,1.0,1.0,With reminder,Weak task encoding,1.0,0.0,0.9,4,0,5000,11,film,0.5163999795913696
Start-of-film reinstatement + film-item boost,1.0,1.0,1.0,With reminder,Weak task encoding,1.0,0.0,0.9,4,0,5000,12,film,0.5034000277519226
Start-of-film reinstatement + film-item boost,1.0,1.0,1.0,With reminder,Weak task encoding,1.0,0.0,0.9,4,0,5000,13,film,0.4997999966144562
Start-of-film reinstatement + film-item boost,1.0,1.0,1.0,With reminder,Weak task encoding,1.0,0.0,0.9,4,0,5000,14,film,0.49059998989105225
Start-of-film reinstatement + film-item boost,1.0,1.0,1.0,With reminder,Weak task encoding,1.0,0.0,0.9,4,0,5000,15,film,0.4603999853134155
Start-of-film reinstatement + film-item boost,1.0,1.0,1.0,With reminder,Weak task encoding,1.0,0.0,0.9,4,0,5000,16,film,0.44279998540878296
Start-of-film reinstatement + film-item boost,1.0,1.0,1.0,With reminder,Weak task encoding,1.0,0.0,0.9,4,0,5000,17,break,0.014000000432133675
Start-of-film reinstatement + film-item boost,1.0,1.0,1.0,With reminder,Weak task encoding,1.0,0.0,0.9,4,0,5000,18,break,0.009999999776482582
Start-of-film reinstatement + film-item boost,1.0,1.0,1.0,With reminder,Weak task encoding,1.0,0.0,0.9,4,0,5000,19,break,0.00839999970048666
Start-of-film reinstatement + film-item boost,1.0,1.0,1.0,With reminder,Weak task encoding,1.0,0.0,0.9,4,0,5000,20,break,0.004600000102072954
Start-of-film reinstatement + film-item boost,1.0,1.0,1.0,With reminder,Weak task encoding,1.0,0.0,0.9,4,0,5000,21,break,0.0020000000949949026
Start-of-film reinstatement + film-item boost,1.0,1.0,1.0,With reminder,Weak task encoding,1.0,0.0,0.9,4,0,5000,22,break,0.002199999988079071
Start-of-film reinstatement + film-item boost,1.0,1.0,1.0,With reminder,Weak task encoding,1.0,0.0,0.9,4,0,5000,23,break,0.0006000000284984708
Start-of-film reinstatement + film-item boost,1.0,1.0,1.0,With reminder,Weak task encoding,1.0,0.0,0.9,4,0,5000,24,break,0.00039999998989515007
Start-of-film reinstatement + film-item boost,1.0,1.0,1.0,With reminder,Weak task encoding,1.0,0.0,0.9,4,0,5000,25,break,0.0006000000284984708
Start-of-film reinstatement + film-item boost,1.0,1.0,1.0,With reminder,Weak task encoding,1.0,0.0,0.9,4,0,5000,26,break,0.00019999999494757503
Start-of-film reinstatement + film-item boost,1.0,1.0,1.0,With reminder,Weak task encoding,1.0,0.0,0.9,4,0,5000,27,break,0.00039999998989515007
Start-of-film reinstatement + film-item boost,1.0,1.0,1.0,With reminder,Weak task encoding,1.0,0.0,0.9,4,0,5000,28,break,0.0
Start-of-film reinstatement + film-item boost,1.0,1.0,1.0,With reminder,Weak task encoding,1.0,0.0,0.9,4,0,5000,29,break,0.00019999999494757503
Start-of-film reinstatement + film-item boost,1.0,1.0,1.0,With reminder,Weak task encoding,1.0,0.0,0.9,4,0,5000,30,break,0.0
Start-of-film reinstatement + film-item boost,1.0,1.0,1.0,With reminder,Weak task encoding,1.0,0.0,0.9,4,0,5000,31,break,0.0
Start-of-film reinstatement + film-item boost,1.0,1.0,1.0,With reminder,Weak task encoding,1.0,0.0,0.9,4,0,5000,32,break,0.0
Start-of-film reinstatement + film-item boost,1.0,1.0,1.0,With reminder,Weak task encoding,1.0,0.0,0.9,4,0,5000,33,task,0.01979999989271164
Start-of-film reinstatement + film-item boost,1.0,1.0,1.0,With reminder,Weak task encoding,1.0,0.0,0.9,4,0,5000,34,task,0.013000000268220901
Start-of-film reinstatement + film-item boost,1.0,1.0,1.0,With reminder,Weak task encoding,1.0,0.0,0.9,4,0,5000,35,task,0.008799999952316284
Start-of-film reinstatement + film-item boost,1.0,1.0,1.0,With reminder,Weak task encoding,1.0,0.0,0.9,4,0,5000,36,task,0.004600000102072954
Start-of-film reinstatement + film-item boost,1.0,1.0,1.0,With reminder,Weak task encoding,1.0,0.0,0.9,4,0,5000,37,task,0.004399999976158142
Start-of-film reinstatement + film-item boost,1.0,1.0,1.0,With reminder,Weak task encoding,1.0,0.0,0.9,4,0,5000,38,task,0.003800000064074993
Start-of-film reinstatement + film-item boost,1.0,1.0,1.0,With reminder,Weak task encoding,1.0,0.0,0.9,4,0,5000,39,task,0.002199999988079071
Start-of-film reinstatement + film-item boost,1.0,1.0,1.0,With reminder,Weak task encoding,1.0,0.0,0.9,4,0,5000,40,task,0.00139999995008111
Start-of-film reinstatement + film-item boost,1.0,1.0,1.0,With reminder,Weak task encoding,1.0,0.0,0.9,4,0,5000,41,task,0.0006000000284984708
Start-of-film reinstatement + film-item boost,1.0,1.0,1.0,With reminder,Weak task encoding,1.0,0.0,0.9,4,0,5000,42,task,0.00019999999494757503
Start-of-film reinstatement + film-item boost,1.0,1.0,1.0,With reminder,Weak task encoding,1.0,0.0,0.9,4,0,5000,43,task,0.0015999999595806003
Start-of-film reinstatement + film-item boost,1.0,1.0,1.0,With reminder,Weak task encoding,1.0,0.0,0.9,4,0,5000,44,task,0.00019999999494757503
Start-of-film reinstatement + film-item boost,1.0,1.0,1.0,With reminder,Weak task encoding,1.0,0.0,0.9,4,0,5000,45,task,0.0
Start-of-film reinstatement + film-item boost,1.0,1.0,1.0,With reminder,Weak task encoding,1.0,0.0,0.9,4,0,5000,46,task,0.0
Start-of-film reinstatement + film-item boost,1.0,1.0,1.0,With reminder,Weak task encoding,1.0,0.0,0.9,4,0,5000,47,task,0.00019999999494757503
Start-of-film reinstatement + film-item boost,1.0,1.0,1.0,With reminder,Weak task encoding,1.0,0.0,0.9,4,0,5000,48,task,0.00019999999494757503
Start-of-film reinstatement + film-item boost,1.0,1.0,1.0,With reminder,Weak task encoding,1.0,0.0,0.9,4,0,5000,49,filler,0.00019999999494757503
Start-of-film reinstatement + film-item boost,1.0,1.0,1.0,With reminder,Weak task encoding,1.0,0.0,0.9,4,0,5000,50,filler,0.00039999998989515007
Start-of-film reinstatement + film-item boost,1.0,1.0,1.0,With reminder,Weak task encoding,1.0,0.0,0.9,4,0,5000,51,filler,0.00019999999494757503
Start-of-film reinstatement + film-item boost,1.0,1.0,1.0,With reminder,Weak task encoding,1.0,0.0,0.9,4,0,5000,52,filler,0.0
Start-of-film reinstatement + film-item boost,1.0,1.0,1.0,With reminder,Weak task encoding,1.0,0.0,0.9,4,0,5000,53,filler,0.0
Start-of-film reinstatement + film-item boost,1.0,1.0,1.0,With reminder,Weak task encoding,1.0,0.0,0.9,4,0,5000,54,filler,0.0
Start-of-film reinstatement + film-item boost,1.0,1.0,1.0,With reminder,Weak task encoding,1.0,0.0,0.9,4,0,5000,55,filler,0.0006000000284984708
Start-of-film reinstatement + film-item boost,1.0,1.0,1.0,With reminder,Weak task encoding,1.0,0.0,0.9,4,0,5000,56,filler,0.0006000000284984708
Start-of-film reinstatement + film-item boost,1.0,1.0,1.0,With reminder,Weak task encoding,1.0,0.0,0.9,4,0,5000,57,filler,0.00039999998989515007
Start-of-film reinstatement + film-item boost,1.0,1.0,1.0,With reminder,Weak task encoding,1.0,0.0,0.9,4,0,5000,58,filler,0.0
Start-of-film reinstatement + film-item boost,1.0,1.0,1.0,With reminder,Weak task encoding,1.0,0.0,0.9,4,0,5000,59,filler,0.00019999999494757503
Start-of-film reinstatement + film-item boost,1.0,1.0,1.0,With reminder,Weak task encoding,1.0,0.0,0.9,4,0,5000,60,filler,0.00039999998989515007
Start-of-film reinstatement + film-item boost,1.0,1.0,1.0,With reminder,Weak task encoding,1.0,0.0,0.9,4,0,5000,61,filler,0.0007999999797903001
Start-of-film reinstatement + film-item boost,1.0,1.0,1.0,With reminder,Weak task encoding,1.0,0.0,0.9,4,0,5000,62,filler,0.0007999999797903001
Start-of-film reinstatement + film-item boost,1.0,1.0,1.0,With reminder,Weak task encoding,1.0,0.0,0.9,4,0,5000,63,filler,0.0007999999797903001
Start-of-film reinstatement + film-item boost,1.0,1.0,1.0,With reminder,Weak task encoding,1.0,0.0,0.9,4,0,5000,64,filler,0.0020000000949949026
Start-of-film reinstatement + film-item boost,1.0,1.0,1.0,With reminder,Strong task encoding,2.0,0.0,0.9,4,0,5000,1,film,0.37700000405311584
Start-of-film reinstatement + film-item boost,1.0,1.0,1.0,With reminder,Strong task encoding,2.0,0.0,0.9,4,0,5000,2,film,0.37720000743865967
Start-of-film reinstatement + film-item boost,1.0,1.0,1.0,With reminder,Strong task encoding,2.0,0.0,0.9,4,0,5000,3,film,0.3853999972343445
Start-of-film reinstatement + film-item boost,1.0,1.0,1.0,With reminder,Strong task encoding,2.0,0.0,0.9,4,0,5000,4,film,0.4113999903202057
Start-of-film reinstatement + film-item boost,1.0,1.0,1.0,With reminder,Strong task encoding,2.0,0.0,0.9,4,0,5000,5,film,0.4171999990940094
Start-of-film reinstatement + film-item boost,1.0,1.0,1.0,With reminder,Strong task encoding,2.0,0.0,0.9,4,0,5000,6,film,0.4323999881744385
Start-of-film reinstatement + film-item boost,1.0,1.0,1.0,With reminder,Strong task encoding,2.0,0.0,0.9,4,0,5000,7,film,0.4413999915122986
Start-of-film reinstatement + film-item boost,1.0,1.0,1.0,With reminder,Strong task encoding,2.0,0.0,0.9,4,0,5000,8,film,0.45840001106262207
Start-of-film reinstatement + film-item boost,1.0,1.0,1.0,With reminder,Strong task encoding,2.0,0.0,0.9,4,0,5000,9,film,0.4666000008583069
Start-of-film reinstatement + film-item boost,1.0,1.0,1.0,With reminder,Strong task encoding,2.0,0.0,0.9,4,0,5000,10,film,0.4657999873161316
Start-of-film reinstatement + film-item boost,1.0,1.0,1.0,With reminder,Strong task encoding,2.0,0.0,0.9,4,0,5000,11,film,0.46459999680519104
Start-of-film reinstatement + film-item boost,1.0,1.0,1.0,With reminder,Strong task encoding,2.0,0.0,0.9,4,0,5000,12,film,0.4578000009059906
Start-of-film reinstatement + film-item boost,1.0,1.0,1.0,With reminder,Strong task encoding,2.0,0.0,0.9,4,0,5000,13,film,0.4490000009536743
Start-of-film reinstatement + film-item boost,1.0,1.0,1.0,With reminder,Strong task encoding,2.0,0.0,0.9,4,0,5000,14,film,0.44200000166893005
Start-of-film reinstatement + film-item boost,1.0,1.0,1.0,With reminder,Strong task encoding,2.0,0.0,0.9,4,0,5000,15,film,0.4311999976634979
Start-of-film reinstatement + film-item boost,1.0,1.0,1.0,With reminder,Strong task encoding,2.0,0.0,0.9,4,0,5000,16,film,0.4198000133037567
Start-of-film reinstatement + film-item boost,1.0,1.0,1.0,With reminder,Strong task encoding,2.0,0.0,0.9,4,0,5000,17,break,0.01140000019222498
Start-of-film reinstatement + film-item boost,1.0,1.0,1.0,With reminder,Strong task encoding,2.0,0.0,0.9,4,0,5000,18,break,0.007600000128149986
Start-of-film reinstatement + film-item boost,1.0,1.0,1.0,With reminder,Strong task encoding,2.0,0.0,0.9,4,0,5000,19,break,0.00419999985024333
Start-of-film reinstatement + film-item boost,1.0,1.0,1.0,With reminder,Strong task encoding,2.0,0.0,0.9,4,0,5000,20,break,0.0026000000070780516
Start-of-film reinstatement + film-item boost,1.0,1.0,1.0,With reminder,Strong task encoding,2.0,0.0,0.9,4,0,5000,21,break,0.00139999995008111
Start-of-film reinstatement + film-item boost,1.0,1.0,1.0,With reminder,Strong task encoding,2.0,0.0,0.9,4,0,5000,22,break,0.002400000113993883
Start-of-film reinstatement + film-item boost,1.0,1.0,1.0,With reminder,Strong task encoding,2.0,0.0,0.9,4,0,5000,23,break,0.00039999998989515007
Start-of-film reinstatement + film-item boost,1.0,1.0,1.0,With reminder,Strong task encoding,2.0,0.0,0.9,4,0,5000,24,break,0.0010000000474974513
Start-of-film reinstatement + film-item boost,1.0,1.0,1.0,With reminder,Strong task encoding,2.0,0.0,0.9,4,0,5000,25,break,0.0006000000284984708
Start-of-film reinstatement + film-item boost,1.0,1.0,1.0,With reminder,Strong task encoding,2.0,0.0,0.9,4,0,5000,26,break,0.00019999999494757503
Start-of-film reinstatement + film-item boost,1.0,1.0,1.0,With reminder,Strong task encoding,2.0,0.0,0.9,4,0,5000,27,break,0.00019999999494757503
Start-of-film reinstatement + film-item boost,1.0,1.0,1.0,With reminder,Strong task encoding,2.0,0.0,0.9,4,0,5000,28,break,0.00019999999494757503
Start-of-film reinstatement + film-item boost,1.0,1.0,1.0,With reminder,Strong task encoding,2.0,0.0,0.9,4,0,5000,29,break,0.00019999999494757503
Start-of-film reinstatement + film-item boost,1.0,1.0,1.0,With reminder,Strong task encoding,2.0,0.0,0.9,4,0,5000,30,break,0.0
Start-of-film reinstatement + film-item boost,1.0,1.0,1.0,With reminder,Strong task encoding,2.0,0.0,0.9,4,0,5000,31,break,0.00019999999494757503
Start-of-film reinstatement + film-item boost,1.0,1.0,1.0,With reminder,Strong task encoding,2.0,0.0,0.9,4,0,5000,32,break,0.0
Start-of-film reinstatement + film-item boost,1.0,1.0,1.0,With reminder,Strong task encoding,2.0,0.0,0.9,4,0,5000,33,task,0.18639999628067017
Start-of-film reinstatement + film-item boost,1.0,1.0,1.0,With reminder,Strong task encoding,2.0,0.0,0.9,4,0,5000,34,task,0.13899999856948853
Start-of-film reinstatement + film-item boost,1.0,1.0,1.0,With reminder,Strong task encoding,2.0,0.0,0.9,4,0,5000,35,task,0.1111999973654747
Start-of-film reinstatement + film-item boost,1.0,1.0,1.0,With reminder,Strong task encoding,2.0,0.0,0.9,4,0,5000,36,task,0.07479999959468842
Start-of-film reinstatement + film-item boost,1.0,1.0,1.0,With reminder,Strong task encoding,2.0,0.0,0.9,4,0,5000,37,task,0.05719999969005585
Start-of-film reinstatement + film-item boost,1.0,1.0,1.0,With reminder,Strong task encoding,2.0,0.0,0.9,4,0,5000,38,task,0.04600000008940697
Start-of-film reinstatement + film-item boost,1.0,1.0,1.0,With reminder,Strong task encoding,2.0,0.0,0.9,4,0,5000,39,task,0.03779999911785126
Start-of-film reinstatement + film-item boost,1.0,1.0,1.0,With reminder,Strong task encoding,2.0,0.0,0.9,4,0,5000,40,task,0.029400000348687172
Start-of-film reinstatement + film-item boost,1.0,1.0,1.0,With reminder,Strong task encoding,2.0,0.0,0.9,4,0,5000,41,task,0.018400000408291817
Start-of-film reinstatement + film-item boost,1.0,1.0,1.0,With reminder,Strong task encoding,2.0,0.0,0.9,4,0,5000,42,task,0.015599999576807022
Start-of-film reinstatement + film-item boost,1.0,1.0,1.0,With reminder,Strong task encoding,2.0,0.0,0.9,4,0,5000,43,task,0.008200000040233135
Start-of-film reinstatement + film-item boost,1.0,1.0,1.0,With reminder,Strong task encoding,2.0,0.0,0.9,4,0,5000,44,task,0.008999999612569809
Start-of-film reinstatement + film-item boost,1.0,1.0,1.0,With reminder,Strong task encoding,2.0,0.0,0.9,4,0,5000,45,task,0.008200000040233135
Start-of-film reinstatement + film-item boost,1.0,1.0,1.0,With reminder,Strong task encoding,2.0,0.0,0.9,4,0,5000,46,task,0.003599999938160181
Start-of-film reinstatement + film-item boost,1.0,1.0,1.0,With reminder,Strong task encoding,2.0,0.0,0.9,4,0,5000,47,task,0.003800000064074993
Start-of-film reinstatement + film-item boost,1.0,1.0,1.0,With reminder,Strong task encoding,2.0,0.0,0.9,4,0,5000,48,task,0.0020000000949949026
Start-of-film reinstatement + film-item boost,1.0,1.0,1.0,With reminder,Strong task encoding,2.0,0.0,0.9,4,0,5000,49,filler,0.0
Start-of-film reinstatement + film-item boost,1.0,1.0,1.0,With reminder,Strong task encoding,2.0,0.0,0.9,4,0,5000,50,filler,0.0
Start-of-film reinstatement + film-item boost,1.0,1.0,1.0,With reminder,Strong task encoding,2.0,0.0,0.9,4,0,5000,51,filler,0.0
Start-of-film reinstatement + film-item boost,1.0,1.0,1.0,With reminder,Strong task encoding,2.0,0.0,0.9,4,0,5000,52,filler,0.0
Start-of-film reinstatement + film-item boost,1.0,1.0,1.0,With reminder,Strong task encoding,2.0,0.0,0.9,4,0,5000,53,filler,0.0
Start-of-film reinstatement + film-item boost,1.0,1.0,1.0,With reminder,Strong task encoding,2.0,0.0,0.9,4,0,5000,54,filler,0.00019999999494757503
Start-of-film reinstatement + film-item boost,1.0,1.0,1.0,With reminder,Strong task encoding,2.0,0.0,0.9,4,0,5000,55,filler,0.0
Start-of-film reinstatement + film-item boost,1.0,1.0,1.0,With reminder,Strong task encoding,2.0,0.0,0.9,4,0,5000,56,filler,0.00019999999494757503
Start-of-film reinstatement + film-item boost,1.0,1.0,1.0,With reminder,Strong task encoding,2.0,0.0,0.9,4,0,5000,57,filler,0.00019999999494757503
Start-of-film reinstatement + film-item boost,1.0,1.0,1.0,With reminder,Strong task encoding,2.0,0.0,0.9,4,0,5000,58,filler,0.00019999999494757503
Start-of-film reinstatement + film-item boost,1.0,1.0,1.0,With reminder,Strong task encoding,2.0,0.0,0.9,4,0,5000,59,filler,0.0
Start-of-film reinstatement + film-item boost,1.0,1.0,1.0,With reminder,Strong task encoding,2.0,0.0,0.9,4,0,5000,60,filler,0.00039999998989515007
Start-of-film reinstatement + film-item boost,1.0,1.0,1.0,With reminder,Strong task encoding,2.0,0.0,0.9,4,0,5000,61,filler,0.00019999999494757503
Start-of-film reinstatement + film-item boost,1.0,1.0,1.0,With reminder,Strong task encoding,2.0,0.0,0.9,4,0,5000,62,filler,0.00019999999494757503
Start-of-film reinstatement + film-item boost,1.0,1.0,1.0,With reminder,Strong task encoding,2.0,0.0,0.9,4,0,5000,63,filler,0.0010000000474974513
Start-of-film reinstatement + film-item boost,1.0,1.0,1.0,With reminder,Strong task encoding,2.0,0.0,0.9,4,0,5000,64,filler,0.002400000113993883
Start-of-film reinstatement + film-item boost,1.0,1.25,1.0,No reminder,Weak task encoding,1.0,0.0,0.9,4,0,5000,1,film,0.4163999855518341
Start-of-film reinstatement + film-item boost,1.0,1.25,1.0,No reminder,Weak task encoding,1.0,0.0,0.9,4,0,5000,2,film,0.4307999908924103
Start-of-film reinstatement + film-item boost,1.0,1.25,1.0,No reminder,Weak task encoding,1.0,0.0,0.9,4,0,5000,3,film,0.44839999079704285
Start-of-film reinstatement + film-item boost,1.0,1.25,1.0,No reminder,Weak task encoding,1.0,0.0,0.9,4,0,5000,4,film,0.4458000063896179
Start-of-film reinstatement + film-item boost,1.0,1.25,1.0,No reminder,Weak task encoding,1.0,0.0,0.9,4,0,5000,5,film,0.47999998927116394
Start-of-film reinstatement + film-item boost,1.0,1.25,1.0,No reminder,Weak task encoding,1.0,0.0,0.9,4,0,5000,6,film,0.48579999804496765
Start-of-film reinstatement + film-item boost,1.0,1.25,1.0,No reminder,Weak task encoding,1.0,0.0,0.9,4,0,5000,7,film,0.4851999878883362
Start-of-film reinstatement + film-item boost,1.0,1.25,1.0,No reminder,Weak task encoding,1.0,0.0,0.9,4,0,5000,8,film,0.501800000667572
Start-of-film reinstatement + film-item boost,1.0,1.25,1.0,No reminder,Weak task encoding,1.0,0.0,0.9,4,0,5000,9,film,0.5112000107765198
Start-of-film reinstatement + film-item boost,1.0,1.25,1.0,No reminder,Weak task encoding,1.0,0.0,0.9,4,0,5000,10,film,0.5004000067710876
Start-of-film reinstatement + film-item boost,1.0,1.25,1.0,No reminder,Weak task encoding,1.0,0.0,0.9,4,0,5000,11,film,0.5041999816894531
Start-of-film reinstatement + film-item boost,1.0,1.25,1.0,No reminder,Weak task encoding,1.0,0.0,0.9,4,0,5000,12,film,0.49959999322891235
Start-of-film reinstatement + film-item boost,1.0,1.25,1.0,No reminder,Weak task encoding,1.0,0.0,0.9,4,0,5000,13,film,0.47620001435279846
Start-of-film reinstatement + film-item boost,1.0,1.25,1.0,No reminder,Weak task encoding,1.0,0.0,0.9,4,0,5000,14,film,0.4772000014781952
Start-of-film reinstatement + film-item boost,1.0,1.25,1.0,No reminder,Weak task encoding,1.0,0.0,0.9,4,0,5000,15,film,0.4596000015735626
Start-of-film reinstatement + film-item boost,1.0,1.25,1.0,No reminder,Weak task encoding,1.0,0.0,0.9,4,0,5000,16,film,0.44699999690055847
Start-of-film reinstatement + film-item boost,1.0,1.25,1.0,No reminder,Weak task encoding,1.0,0.0,0.9,4,0,5000,17,break,0.007600000128149986
Start-of-film reinstatement + film-item boost,1.0,1.25,1.0,No reminder,Weak task encoding,1.0,0.0,0.9,4,0,5000,18,break,0.007799999788403511
Start-of-film reinstatement + film-item boost,1.0,1.25,1.0,No reminder,Weak task encoding,1.0,0.0,0.9,4,0,5000,19,break,0.004000000189989805
Start-of-film reinstatement + film-item boost,1.0,1.25,1.0,No reminder,Weak task encoding,1.0,0.0,0.9,4,0,5000,20,break,0.0034000000450760126
Start-of-film reinstatement + film-item boost,1.0,1.25,1.0,No reminder,Weak task encoding,1.0,0.0,0.9,4,0,5000,21,break,0.00139999995008111
Start-of-film reinstatement + film-item boost,1.0,1.25,1.0,No reminder,Weak task encoding,1.0,0.0,0.9,4,0,5000,22,break,0.0007999999797903001
Start-of-film reinstatement + film-item boost,1.0,1.25,1.0,No reminder,Weak task encoding,1.0,0.0,0.9,4,0,5000,23,break,0.0007999999797903001
Start-of-film reinstatement + film-item boost,1.0,1.25,1.0,No reminder,Weak task encoding,1.0,0.0,0.9,4,0,5000,24,break,0.0007999999797903001
Start-of-film reinstatement + film-item boost,1.0,1.25,1.0,No reminder,Weak task encoding,1.0,0.0,0.9,4,0,5000,25,break,0.00019999999494757503
Start-of-film reinstatement + film-item boost,1.0,1.25,1.0,No reminder,Weak task encoding,1.0,0.0,0.9,4,0,5000,26,break,0.00039999998989515007
Start-of-film reinstatement + film-item boost,1.0,1.25,1.0,No reminder,Weak task encoding,1.0,0.0,0.9,4,0,5000,27,break,0.0
Start-of-film reinstatement + film-item boost,1.0,1.25,1.0,No reminder,Weak task encoding,1.0,0.0,0.9,4,0,5000,28,break,0.00019999999494757503
Start-of-film reinstatement + film-item boost,1.0,1.25,1.0,No reminder,Weak task encoding,1.0,0.0,0.9,4,0,5000,29,break,0.00039999998989515007
Start-of-film reinstatement + film-item boost,1.0,1.25,1.0,No reminder,Weak task encoding,1.0,0.0,0.9,4,0,5000,30,break,0.0
Start-of-film reinstatement + film-item boost,1.0,1.25,1.0,No reminder,Weak task encoding,1.0,0.0,0.9,4,0,5000,31,break,0.00019999999494757503
Start-of-film reinstatement + film-item boost,1.0,1.25,1.0,No reminder,Weak task encoding,1.0,0.0,0.9,4,0,5000,32,break,0.0
Start-of-film reinstatement + film-item boost,1.0,1.25,1.0,No reminder,Weak task encoding,1.0,0.0,0.9,4,0,5000,33,task,0.0
Start-of-film reinstatement + film-item boost,1.0,1.25,1.0,No reminder,Weak task encoding,1.0,0.0,0.9,4,0,5000,34,task,0.0
Start-of-film reinstatement + film-item boost,1.0,1.25,1.0,No reminder,Weak task encoding,1.0,0.0,0.9,4,0,5000,35,task,0.0
Start-of-film reinstatement + film-item boost,1.0,1.25,1.0,No reminder,Weak task encoding,1.0,0.0,0.9,4,0,5000,36,task,0.0
Start-of-film reinstatement + film-item boost,1.0,1.25,1.0,No reminder,Weak task encoding,1.0,0.0,0.9,4,0,5000,37,task,0.0
Start-of-film reinstatement + film-item boost,1.0,1.25,1.0,No reminder,Weak task encoding,1.0,0.0,0.9,4,0,5000,38,task,0.0
Start-of-film reinstatement + film-item boost,1.0,1.25,1.0,No reminder,Weak task encoding,1.0,0.0,0.9,4,0,5000,39,task,0.0
Start-of-film reinstatement + film-item boost,1.0,1.25,1.0,No reminder,Weak task encoding,1.0,0.0,0.9,4,0,5000,40,task,0.0
Start-of-film reinstatement + film-item boost,1.0,1.25,1.0,No reminder,Weak task encoding,1.0,0.0,0.9,4,0,5000,41,task,0.0
Start-of-film reinstatement + film-item boost,1.0,1.25,1.0,No reminder,Weak task encoding,1.0,0.0,0.9,4,0,5000,42,task,0.0
Start-of-film reinstatement + film-item boost,1.0,1.25,1.0,No reminder,Weak task encoding,1.0,0.0,0.9,4,0,5000,43,task,0.0
Start-of-film reinstatement + film-item boost,1.0,1.25,1.0,No reminder,Weak task encoding,1.0,0.0,0.9,4,0,5000,44,task,0.00019999999494757503
Start-of-film reinstatement + film-item boost,1.0,1.25,1.0,No reminder,Weak task encoding,1.0,0.0,0.9,4,0,5000,45,task,0.0
Start-of-film reinstatement + film-item boost,1.0,1.25,1.0,No reminder,Weak task encoding,1.0,0.0,0.9,4,0,5000,46,task,0.0
Start-of-film reinstatement + film-item boost,1.0,1.25,1.0,No reminder,Weak task encoding,1.0,0.0,0.9,4,0,5000,47,task,0.00019999999494757503
Start-of-film reinstatement + film-item boost,1.0,1.25,1.0,No reminder,Weak task encoding,1.0,0.0,0.9,4,0,5000,48,task,0.0
Start-of-film reinstatement + film-item boost,1.0,1.25,1.0,No reminder,Weak task encoding,1.0,0.0,0.9,4,0,5000,49,filler,0.0
Start-of-film reinstatement + film-item boost,1.0,1.25,1.0,No reminder,Weak task encoding,1.0,0.0,0.9,4,0,5000,50,filler,0.0
Start-of-film reinstatement + film-item boost,1.0,1.25,1.0,No reminder,Weak task encoding,1.0,0.0,0.9,4,0,5000,51,filler,0.00019999999494757503
Start-of-film reinstatement + film-item boost,1.0,1.25,1.0,No reminder,Weak task encoding,1.0,0.0,0.9,4,0,5000,52,filler,0.0
Start-of-film reinstatement + film-item boost,1.0,1.25,1.0,No reminder,Weak task encoding,1.0,0.0,0.9,4,0,5000,53,filler,0.0
Start-of-film reinstatement + film-item boost,1.0,1.25,1.0,No reminder,Weak task encoding,1.0,0.0,0.9,4,0,5000,54,filler,0.0
Start-of-film reinstatement + film-item boost,1.0,1.25,1.0,No reminder,Weak task encoding,1.0,0.0,0.9,4,0,5000,55,filler,0.0
Start-of-film reinstatement + film-item boost,1.0,1.25,1.0,No reminder,Weak task encoding,1.0,0.0,0.9,4,0,5000,56,filler,0.0
Start-of-film reinstatement + film-item boost,1.0,1.25,1.0,No reminder,Weak task encoding,1.0,0.0,0.9,4,0,5000,57,filler,0.0006000000284984708
Start-of-film reinstatement + film-item boost,1.0,1.25,1.0,No reminder,Weak task encoding,1.0,0.0,0.9,4,0,5000,58,filler,0.00019999999494757503
Start-of-film reinstatement + film-item boost,1.0,1.25,1.0,No reminder,Weak task encoding,1.0,0.0,0.9,4,0,5000,59,filler,0.0
Start-of-film reinstatement + film-item boost,1.0,1.25,1.0,No reminder,Weak task encoding,1.0,0.0,0.9,4,0,5000,60,filler,0.0
Start-of-film reinstatement + film-item boost,1.0,1.25,1.0,No reminder,Weak task encoding,1.0,0.0,0.9,4,0,5000,61,filler,0.00019999999494757503
Start-of-film reinstatement + film-item boost,1.0,1.25,1.0,No reminder,Weak task encoding,1.0,0.0,0.9,4,0,5000,62,filler,0.0006000000284984708
Start-of-film reinstatement + film-item boost,1.0,1.25,1.0,No reminder,Weak task encoding,1.0,0.0,0.9,4,0,5000,63,filler,0.0012000000569969416
Start-of-film reinstatement + film-item boost,1.0,1.25,1.0,No reminder,Weak task encoding,1.0,0.0,0.9,4,0,5000,64,filler,0.0
Start-of-film reinstatement + film-item boost,1.0,1.25,1.0,No reminder,Strong task encoding,2.0,0.0,0.9,4,0,5000,1,film,0.42100000381469727
Start-of-film reinstatement + film-item boost,1.0,1.25,1.0,No reminder,Strong task encoding,2.0,0.0,0.9,4,0,5000,2,film,0.43700000643730164
Start-of-film reinstatement + film-item boost,1.0,1.25,1.0,No reminder,Strong task encoding,2.0,0.0,0.9,4,0,5000,3,film,0.4490000009536743
Start-of-film reinstatement + film-item boost,1.0,1.25,1.0,No reminder,Strong task encoding,2.0,0.0,0.9,4,0,5000,4,film,0.44699999690055847
Start-of-film reinstatement + film-item boost,1.0,1.25,1.0,No reminder,Strong task encoding,2.0,0.0,0.9,4,0,5000,5,film,0.4706000089645386
Start-of-film reinstatement + film-item boost,1.0,1.25,1.0,No reminder,Strong task encoding,2.0,0.0,0.9,4,0,5000,6,film,0.48500001430511475
Start-of-film reinstatement + film-item boost,1.0,1.25,1.0,No reminder,Strong task encoding,2.0,0.0,0.9,4,0,5000,7,film,0.5070000290870667
Start-of-film reinstatement + film-item boost,1.0,1.25,1.0,No reminder,Strong task encoding,2.0,0.0,0.9,4,0,5000,8,film,0.5054000020027161
Start-of-film reinstatement + film-item boost,1.0,1.25,1.0,No reminder,Strong task encoding,2.0,0.0,0.9,4,0,5000,9,film,0.5103999972343445
Start-of-film reinstatement + film-item boost,1.0,1.25,1.0,No reminder,Strong task encoding,2.0,0.0,0.9,4,0,5000,10,film,0.4970000088214874
Start-of-film reinstatement + film-item boost,1.0,1.25,1.0,No reminder,Strong task encoding,2.0,0.0,0.9,4,0,5000,11,film,0.49459999799728394
Start-of-film reinstatement + film-item boost,1.0,1.25,1.0,No reminder,Strong task encoding,2.0,0.0,0.9,4,0,5000,12,film,0.5120000243186951
Start-of-film reinstatement + film-item boost,1.0,1.25,1.0,No reminder,Strong task encoding,2.0,0.0,0.9,4,0,5000,13,film,0.48420000076293945
Start-of-film reinstatement + film-item boost,1.0,1.25,1.0,No reminder,Strong task encoding,2.0,0.0,0.9,4,0,5000,14,film,0.4860000014305115
Start-of-film reinstatement + film-item boost,1.0,1.25,1.0,No reminder,Strong task encoding,2.0,0.0,0.9,4,0,5000,15,film,0.47279998660087585
Start-of-film reinstatement + film-item boost,1.0,1.25,1.0,No reminder,Strong task encoding,2.0,0.0,0.9,4,0,5000,16,film,0.4521999955177307
Start-of-film reinstatement + film-item boost,1.0,1.25,1.0,No reminder,Strong task encoding,2.0,0.0,0.9,4,0,5000,17,break,0.009800000116229057
Start-of-film reinstatement + film-item boost,1.0,1.25,1.0,No reminder,Strong task encoding,2.0,0.0,0.9,4,0,5000,18,break,0.006200000178068876
Start-of-film reinstatement + film-item boost,1.0,1.25,1.0,No reminder,Strong task encoding,2.0,0.0,0.9,4,0,5000,19,break,0.003000000026077032
Start-of-film reinstatement + film-item boost,1.0,1.25,1.0,No reminder,Strong task encoding,2.0,0.0,0.9,4,0,5000,20,break,0.00279999990016222
Start-of-film reinstatement + film-item boost,1.0,1.25,1.0,No reminder,Strong task encoding,2.0,0.0,0.9,4,0,5000,21,break,0.0017999999690800905
Start-of-film reinstatement + film-item boost,1.0,1.25,1.0,No reminder,Strong task encoding,2.0,0.0,0.9,4,0,5000,22,break,0.0007999999797903001
Start-of-film reinstatement + film-item boost,1.0,1.25,1.0,No reminder,Strong task encoding,2.0,0.0,0.9,4,0,5000,23,break,0.0012000000569969416
Start-of-film reinstatement + film-item boost,1.0,1.25,1.0,No reminder,Strong task encoding,2.0,0.0,0.9,4,0,5000,24,break,0.0010000000474974513
Start-of-film reinstatement + film-item boost,1.0,1.25,1.0,No reminder,Strong task encoding,2.0,0.0,0.9,4,0,5000,25,break,0.0006000000284984708
Start-of-film reinstatement + film-item boost,1.0,1.25,1.0,No reminder,Strong task encoding,2.0,0.0,0.9,4,0,5000,26,break,0.00039999998989515007
Start-of-film reinstatement + film-item boost,1.0,1.25,1.0,No reminder,Strong task encoding,2.0,0.0,0.9,4,0,5000,27,break,0.00039999998989515007
Start-of-film reinstatement + film-item boost,1.0,1.25,1.0,No reminder,Strong task encoding,2.0,0.0,0.9,4,0,5000,28,break,0.0
Start-of-film reinstatement + film-item boost,1.0,1.25,1.0,No reminder,Strong task encoding,2.0,0.0,0.9,4,0,5000,29,break,0.00019999999494757503
Start-of-film reinstatement + film-item boost,1.0,1.25,1.0,No reminder,Strong task encoding,2.0,0.0,0.9,4,0,5000,30,break,0.0
Start-of-film reinstatement + film-item boost,1.0,1.25,1.0,No reminder,Strong task encoding,2.0,0.0,0.9,4,0,5000,31,break,0.0
Start-of-film reinstatement + film-item boost,1.0,1.25,1.0,No reminder,Strong task encoding,2.0,0.0,0.9,4,0,5000,32,break,0.0
Start-of-film reinstatement + film-item boost,1.0,1.25,1.0,No reminder,Strong task encoding,2.0,0.0,0.9,4,0,5000,33,task,0.0006000000284984708
Start-of-film reinstatement + film-item boost,1.0,1.25,1.0,No reminder,Strong task encoding,2.0,0.0,0.9,4,0,5000,34,task,0.00039999998989515007
Start-of-film reinstatement + film-item boost,1.0,1.25,1.0,No reminder,Strong task encoding,2.0,0.0,0.9,4,0,5000,35,task,0.0
Start-of-film reinstatement + film-item boost,1.0,1.25,1.0,No reminder,Strong task encoding,2.0,0.0,0.9,4,0,5000,36,task,0.0
Start-of-film reinstatement + film-item boost,1.0,1.25,1.0,No reminder,Strong task encoding,2.0,0.0,0.9,4,0,5000,37,task,0.0
Start-of-film reinstatement + film-item boost,1.0,1.25,1.0,No reminder,Strong task encoding,2.0,0.0,0.9,4,0,5000,38,task,0.0
Start-of-film reinstatement + film-item boost,1.0,1.25,1.0,No reminder,Strong task encoding,2.0,0.0,0.9,4,0,5000,39,task,0.0
Start-of-film reinstatement + film-item boost,1.0,1.25,1.0,No reminder,Strong task encoding,2.0,0.0,0.9,4,0,5000,40,task,0.0
Start-of-film reinstatement + film-item boost,1.0,1.25,1.0,No reminder,Strong task encoding,2.0,0.0,0.9,4,0,5000,41,task,0.0
Start-of-film reinstatement + film-item boost,1.0,1.25,1.0,No reminder,Strong task encoding,2.0,0.0,0.9,4,0,5000,42,task,0.0
Start-of-film reinstatement + film-item boost,1.0,1.25,1.0,No reminder,Strong task encoding,2.0,0.0,0.9,4,0,5000,43,task,0.0
Start-of-film reinstatement + film-item boost,1.0,1.25,1.0,No reminder,Strong task encoding,2.0,0.0,0.9,4,0,5000,44,task,0.0
Start-of-film reinstatement + film-item boost,1.0,1.25,1.0,No reminder,Strong task encoding,2.0,0.0,0.9,4,0,5000,45,task,0.0
Start-of-film reinstatement + film-item boost,1.0,1.25,1.0,No reminder,Strong task encoding,2.0,0.0,0.9,4,0,5000,46,task,0.00019999999494757503
Start-of-film reinstatement + film-item boost,1.0,1.25,1.0,No reminder,Strong task encoding,2.0,0.0,0.9,4,0,5000,47,task,0.0
Start-of-film reinstatement + film-item boost,1.0,1.25,1.0,No reminder,Strong task encoding,2.0,0.0,0.9,4,0,5000,48,task,0.0
Start-of-film reinstatement + film-item boost,1.0,1.25,1.0,No reminder,Strong task encoding,2.0,0.0,0.9,4,0,5000,49,filler,0.0
Start-of-film reinstatement + film-item boost,1.0,1.25,1.0,No reminder,Strong task encoding,2.0,0.0,0.9,4,0,5000,50,filler,0.0
Start-of-film reinstatement + film-item boost,1.0,1.25,1.0,No reminder,Strong task encoding,2.0,0.0,0.9,4,0,5000,51,filler,0.0
Start-of-film reinstatement + film-item boost,1.0,1.25,1.0,No reminder,Strong task encoding,2.0,0.0,0.9,4,0,5000,52,filler,0.0
Start-of-film reinstatement + film-item boost,1.0,1.25,1.0,No reminder,Strong task encoding,2.0,0.0,0.9,4,0,5000,53,filler,0.0
Start-of-film reinstatement + film-item boost,1.0,1.25,1.0,No reminder,Strong task encoding,2.0,0.0,0.9,4,0,5000,54,filler,0.0
Start-of-film reinstatement + film-item boost,1.0,1.25,1.0,No reminder,Strong task encoding,2.0,0.0,0.9,4,0,5000,55,filler,0.0
Start-of-film reinstatement + film-item boost,1.0,1.25,1.0,No reminder,Strong task encoding,2.0,0.0,0.9,4,0,5000,56,filler,0.0
Start-of-film reinstatement + film-item boost,1.0,1.25,1.0,No reminder,Strong task encoding,2.0,0.0,0.9,4,0,5000,57,filler,0.0
Start-of-film reinstatement + film-item boost,1.0,1.25,1.0,No reminder,Strong task encoding,2.0,0.0,0.9,4,0,5000,58,filler,0.0
Start-of-film reinstatement + film-item boost,1.0,1.25,1.0,No reminder,Strong task encoding,2.0,0.0,0.9,4,0,5000,59,filler,0.0
Start-of-film reinstatement + film-item boost,1.0,1.25,1.0,No reminder,Strong task encoding,2.0,0.0,0.9,4,0,5000,60,filler,0.00019999999494757503
Start-of-film reinstatement + film-item boost,1.0,1.25,1.0,No reminder,Strong task encoding,2.0,0.0,0.9,4,0,5000,61,filler,0.00039999998989515007
Start-of-film reinstatement + film-item boost,1.0,1.25,1.0,No reminder,Strong task encoding,2.0,0.0,0.9,4,0,5000,62,filler,0.0
Start-of-film reinstatement + film-item boost,1.0,1.25,1.0,No reminder,Strong task encoding,2.0,0.0,0.9,4,0,5000,63,filler,0.00039999998989515007
Start-of-film reinstatement + film-item boost,1.0,1.25,1.0,No reminder,Strong task encoding,2.0,0.0,0.9,4,0,5000,64,filler,0.00039999998989515007
Start-of-film reinstatement + film-item boost,1.0,1.25,1.0,With reminder,Weak task encoding,1.0,0.0,0.9,4,0,5000,1,film,0.4131999909877777
Start-of-film reinstatement + film-item boost,1.0,1.25,1.0,With reminder,Weak task encoding,1.0,0.0,0.9,4,0,5000,2,film,0.4221999943256378
Start-of-film reinstatement + film-item boost,1.0,1.25,1.0,With reminder,Weak task encoding,1.0,0.0,0.9,4,0,5000,3,film,0.4449999928474426
Start-of-film reinstatement + film-item boost,1.0,1.25,1.0,With reminder,Weak task encoding,1.0,0.0,0.9,4,0,5000,4,film,0.4553999900817871
Start-of-film reinstatement + film-item boost,1.0,1.25,1.0,With reminder,Weak task encoding,1.0,0.0,0.9,4,0,5000,5,film,0.47200000286102295
Start-of-film reinstatement + film-item boost,1.0,1.25,1.0,With reminder,Weak task encoding,1.0,0.0,0.9,4,0,5000,6,film,0.49059998989105225
Start-of-film reinstatement + film-item boost,1.0,1.25,1.0,With reminder,Weak task encoding,1.0,0.0,0.9,4,0,5000,7,film,0.4912000000476837
Start-of-film reinstatement + film-item boost,1.0,1.25,1.0,With reminder,Weak task encoding,1.0,0.0,0.9,4,0,5000,8,film,0.4950000047683716
Start-of-film reinstatement + film-item boost,1.0,1.25,1.0,With reminder,Weak task encoding,1.0,0.0,0.9,4,0,5000,9,film,0.5094000101089478
Start-of-film reinstatement + film-item boost,1.0,1.25,1.0,With reminder,Weak task encoding,1.0,0.0,0.9,4,0,5000,10,film,0.5062000155448914
Start-of-film reinstatement + film-item boost,1.0,1.25,1.0,With reminder,Weak task encoding,1.0,0.0,0.9,4,0,5000,11,film,0.5105999708175659
Start-of-film reinstatement + film-item boost,1.0,1.25,1.0,With reminder,Weak task encoding,1.0,0.0,0.9,4,0,5000,12,film,0.4997999966144562
Start-of-film reinstatement + film-item boost,1.0,1.25,1.0,With reminder,Weak task encoding,1.0,0.0,0.9,4,0,5000,13,film,0.4903999865055084
Start-of-film reinstatement + film-item boost,1.0,1.25,1.0,With reminder,Weak task encoding,1.0,0.0,0.9,4,0,5000,14,film,0.48240000009536743
Start-of-film reinstatement + film-item boost,1.0,1.25,1.0,With reminder,Weak task encoding,1.0,0.0,0.9,4,0,5000,15,film,0.46799999475479126
Start-of-film reinstatement + film-item boost,1.0,1.25,1.0,With reminder,Weak task encoding,1.0,0.0,0.9,4,0,5000,16,film,0.45260000228881836
Start-of-film reinstatement + film-item boost,1.0,1.25,1.0,With reminder,Weak task encoding,1.0,0.0,0.9,4,0,5000,17,break,0.009800000116229057
Start-of-film reinstatement + film-item boost,1.0,1.25,1.0,With reminder,Weak task encoding,1.0,0.0,0.9,4,0,5000,18,break,0.009399999864399433
Start-of-film reinstatement + film-item boost,1.0,1.25,1.0,With reminder,Weak task encoding,1.0,0.0,0.9,4,0,5000,19,break,0.003800000064074993
Start-of-film reinstatement + film-item boost,1.0,1.25,1.0,With reminder,Weak task encoding,1.0,0.0,0.9,4,0,5000,20,break,0.003000000026077032
Start-of-film reinstatement + film-item boost,1.0,1.25,1.0,With reminder,Weak task encoding,1.0,0.0,0.9,4,0,5000,21,break,0.0010000000474974513
Start-of-film reinstatement + film-item boost,1.0,1.25,1.0,With reminder,Weak task encoding,1.0,0.0,0.9,4,0,5000,22,break,0.0010000000474974513
Start-of-film reinstatement + film-item boost,1.0,1.25,1.0,With reminder,Weak task encoding,1.0,0.0,0.9,4,0,5000,23,break,0.00019999999494757503
Start-of-film reinstatement + film-item boost,1.0,1.25,1.0,With reminder,Weak task encoding,1.0,0.0,0.9,4,0,5000,24,break,0.0007999999797903001
Start-of-film reinstatement + film-item boost,1.0,1.25,1.0,With reminder,Weak task encoding,1.0,0.0,0.9,4,0,5000,25,break,0.0007999999797903001
Start-of-film reinstatement + film-item boost,1.0,1.25,1.0,With reminder,Weak task encoding,1.0,0.0,0.9,4,0,5000,26,break,0.0
Start-of-film reinstatement + film-item boost,1.0,1.25,1.0,With reminder,Weak task encoding,1.0,0.0,0.9,4,0,5000,27,break,0.00019999999494757503
Start-of-film reinstatement + film-item boost,1.0,1.25,1.0,With reminder,Weak task encoding,1.0,0.0,0.9,4,0,5000,28,break,0.0
Start-of-film reinstatement + film-item boost,1.0,1.25,1.0,With reminder,Weak task encoding,1.0,0.0,0.9,4,0,5000,29,break,0.0
Start-of-film reinstatement + film-item boost,1.0,1.25,1.0,With reminder,Weak task encoding,1.0,0.0,0.9,4,0,5000,30,break,0.0
Start-of-film reinstatement + film-item boost,1.0,1.25,1.0,With reminder,Weak task encoding,1.0,0.0,0.9,4,0,5000,31,break,0.0
Start-of-film reinstatement + film-item boost,1.0,1.25,1.0,With reminder,Weak task encoding,1.0,0.0,0.9,4,0,5000,32,break,0.00019999999494757503
Start-of-film reinstatement + film-item boost,1.0,1.25,1.0,With reminder,Weak task encoding,1.0,0.0,0.9,4,0,5000,33,task,0.01140000019222498
Start-of-film reinstatement + film-item boost,1.0,1.25,1.0,With reminder,Weak task encoding,1.0,0.0,0.9,4,0,5000,34,task,0.00559999980032444
Start-of-film reinstatement + film-item boost,1.0,1.25,1.0,With reminder,Weak task encoding,1.0,0.0,0.9,4,0,5000,35,task,0.006000000052154064
Start-of-film reinstatement + film-item boost,1.0,1.25,1.0,With reminder,Weak task encoding,1.0,0.0,0.9,4,0,5000,36,task,0.00419999985024333
Start-of-film reinstatement + film-item boost,1.0,1.25,1.0,With reminder,Weak task encoding,1.0,0.0,0.9,4,0,5000,37,task,0.003000000026077032
Start-of-film reinstatement + film-item boost,1.0,1.25,1.0,With reminder,Weak task encoding,1.0,0.0,0.9,4,0,5000,38,task,0.0015999999595806003
Start-of-film reinstatement + film-item boost,1.0,1.25,1.0,With reminder,Weak task encoding,1.0,0.0,0.9,4,0,5000,39,task,0.0012000000569969416
Start-of-film reinstatement + film-item boost,1.0,1.25,1.0,With reminder,Weak task encoding,1.0,0.0,0.9,4,0,5000,40,task,0.0017999999690800905
Start-of-film reinstatement + film-item boost,1.0,1.25,1.0,With reminder,Weak task encoding,1.0,0.0,0.9,4,0,5000,41,task,0.0007999999797903001
Start-of-film reinstatement + film-item boost,1.0,1.25,1.0,With reminder,Weak task encoding,1.0,0.0,0.9,4,0,5000,42,task,0.0
Start-of-film reinstatement + film-item boost,1.0,1.25,1.0,With reminder,Weak task encoding,1.0,0.0,0.9,4,0,5000,43,task,0.00039999998989515007
Start-of-film reinstatement + film-item boost,1.0,1.25,1.0,With reminder,Weak task encoding,1.0,0.0,0.9,4,0,5000,44,task,0.00039999998989515007
Start-of-film reinstatement + film-item boost,1.0,1.25,1.0,With reminder,Weak task encoding,1.0,0.0,0.9,4,0,5000,45,task,0.00019999999494757503
Start-of-film reinstatement + film-item boost,1.0,1.25,1.0,With reminder,Weak task encoding,1.0,0.0,0.9,4,0,5000,46,task,0.00019999999494757503
Start-of-film reinstatement + film-item boost,1.0,1.25,1.0,With reminder,Weak task encoding,1.0,0.0,0.9,4,0,5000,47,task,0.0
Start-of-film reinstatement + film-item boost,1.0,1.25,1.0,With reminder,Weak task encoding,1.0,0.0,0.9,4,0,5000,48,task,0.00019999999494757503
Start-of-film reinstatement + film-item boost,1.0,1.25,1.0,With reminder,Weak task encoding,1.0,0.0,0.9,4,0,5000,49,filler,0.00019999999494757503
Start-of-film reinstatement + film-item boost,1.0,1.25,1.0,With reminder,Weak task encoding,1.0,0.0,0.9,4,0,5000,50,filler,0.0
Start-of-film reinstatement + film-item boost,1.0,1.25,1.0,With reminder,Weak task encoding,1.0,0.0,0.9,4,0,5000,51,filler,0.0
Start-of-film reinstatement + film-item boost,1.0,1.25,1.0,With reminder,Weak task encoding,1.0,0.0,0.9,4,0,5000,52,filler,0.0
Start-of-film reinstatement + film-item boost,1.0,1.25,1.0,With reminder,Weak task encoding,1.0,0.0,0.9,4,0,5000,53,filler,0.0
Start-of-film reinstatement + film-item boost,1.0,1.25,1.0,With reminder,Weak task encoding,1.0,0.0,0.9,4,0,5000,54,filler,0.0
Start-of-film reinstatement + film-item boost,1.0,1.25,1.0,With reminder,Weak task encoding,1.0,0.0,0.9,4,0,5000,55,filler,0.0
Start-of-film reinstatement + film-item boost,1.0,1.25,1.0,With reminder,Weak task encoding,1.0,0.0,0.9,4,0,5000,56,filler,0.0
Start-of-film reinstatement + film-item boost,1.0,1.25,1.0,With reminder,Weak task encoding,1.0,0.0,0.9,4,0,5000,57,filler,0.0
Start-of-film reinstatement + film-item boost,1.0,1.25,1.0,With reminder,Weak task encoding,1.0,0.0,0.9,4,0,5000,58,filler,0.0
Start-of-film reinstatement + film-item boost,1.0,1.25,1.0,With reminder,Weak task encoding,1.0,0.0,0.9,4,0,5000,59,filler,0.00019999999494757503
Start-of-film reinstatement + film-item boost,1.0,1.25,1.0,With reminder,Weak task encoding,1.0,0.0,0.9,4,0,5000,60,filler,0.0007999999797903001
Start-of-film reinstatement + film-item boost,1.0,1.25,1.0,With reminder,Weak task encoding,1.0,0.0,0.9,4,0,5000,61,filler,0.00019999999494757503
Start-of-film reinstatement + film-item boost,1.0,1.25,1.0,With reminder,Weak task encoding,1.0,0.0,0.9,4,0,5000,62,filler,0.0006000000284984708
Start-of-film reinstatement + film-item boost,1.0,1.25,1.0,With reminder,Weak task encoding,1.0,0.0,0.9,4,0,5000,63,filler,0.0010000000474974513
Start-of-film reinstatement + film-item boost,1.0,1.25,1.0,With reminder,Weak task encoding,1.0,0.0,0.9,4,0,5000,64,filler,0.00019999999494757503
Start-of-film reinstatement + film-item boost,1.0,1.25,1.0,With reminder,Strong task encoding,2.0,0.0,0.9,4,0,5000,1,film,0.3864000141620636
Start-of-film reinstatement + film-item boost,1.0,1.25,1.0,With reminder,Strong task encoding,2.0,0.0,0.9,4,0,5000,2,film,0.4050000011920929
Start-of-film reinstatement + film-item boost,1.0,1.25,1.0,With reminder,Strong task encoding,2.0,0.0,0.9,4,0,5000,3,film,0.42080000042915344
Start-of-film reinstatement + film-item boost,1.0,1.25,1.0,With reminder,Strong task encoding,2.0,0.0,0.9,4,0,5000,4,film,0.43380001187324524
Start-of-film reinstatement + film-item boost,1.0,1.25,1.0,With reminder,Strong task encoding,2.0,0.0,0.9,4,0,5000,5,film,0.44440001249313354
Start-of-film reinstatement + film-item boost,1.0,1.25,1.0,With reminder,Strong task encoding,2.0,0.0,0.9,4,0,5000,6,film,0.4560000002384186
Start-of-film reinstatement + film-item boost,1.0,1.25,1.0,With reminder,Strong task encoding,2.0,0.0,0.9,4,0,5000,7,film,0.4603999853134155
Start-of-film reinstatement + film-item boost,1.0,1.25,1.0,With reminder,Strong task encoding,2.0,0.0,0.9,4,0,5000,8,film,0.45719999074935913
Start-of-film reinstatement + film-item boost,1.0,1.25,1.0,With reminder,Strong task encoding,2.0,0.0,0.9,4,0,5000,9,film,0.46880000829696655
Start-of-film reinstatement + film-item boost,1.0,1.25,1.0,With reminder,Strong task encoding,2.0,0.0,0.9,4,0,5000,10,film,0.4731999933719635
Start-of-film reinstatement + film-item boost,1.0,1.25,1.0,With reminder,Strong task encoding,2.0,0.0,0.9,4,0,5000,11,film,0.4681999981403351
Start-of-film reinstatement + film-item boost,1.0,1.25,1.0,With reminder,Strong task encoding,2.0,0.0,0.9,4,0,5000,12,film,0.4625999927520752
Start-of-film reinstatement + film-item boost,1.0,1.25,1.0,With reminder,Strong task encoding,2.0,0.0,0.9,4,0,5000,13,film,0.4546000063419342
Start-of-film reinstatement + film-item boost,1.0,1.25,1.0,With reminder,Strong task encoding,2.0,0.0,0.9,4,0,5000,14,film,0.44699999690055847
Start-of-film reinstatement + film-item boost,1.0,1.25,1.0,With reminder,Strong task encoding,2.0,0.0,0.9,4,0,5000,15,film,0.44279998540878296
Start-of-film reinstatement + film-item boost,1.0,1.25,1.0,With reminder,Strong task encoding,2.0,0.0,0.9,4,0,5000,16,film,0.41620001196861267
Start-of-film reinstatement + film-item boost,1.0,1.25,1.0,With reminder,Strong task encoding,2.0,0.0,0.9,4,0,5000,17,break,0.006200000178068876
Start-of-film reinstatement + film-item boost,1.0,1.25,1.0,With reminder,Strong task encoding,2.0,0.0,0.9,4,0,5000,18,break,0.004999999888241291
Start-of-film reinstatement + film-item boost,1.0,1.25,1.0,With reminder,Strong task encoding,2.0,0.0,0.9,4,0,5000,19,break,0.00419999985024333
Start-of-film reinstatement + film-item boost,1.0,1.25,1.0,With reminder,Strong task encoding,2.0,0.0,0.9,4,0,5000,20,break,0.0031999999191612005
Start-of-film reinstatement + film-item boost,1.0,1.25,1.0,With reminder,Strong task encoding,2.0,0.0,0.9,4,0,5000,21,break,0.0017999999690800905
Start-of-film reinstatement + film-item boost,1.0,1.25,1.0,With reminder,Strong task encoding,2.0,0.0,0.9,4,0,5000,22,break,0.002199999988079071
Start-of-film reinstatement + film-item boost,1.0,1.25,1.0,With reminder,Strong task encoding,2.0,0.0,0.9,4,0,5000,23,break,0.0012000000569969416
Start-of-film reinstatement + film-item boost,1.0,1.25,1.0,With reminder,Strong task encoding,2.0,0.0,0.9,4,0,5000,24,break,0.00019999999494757503
Start-of-film reinstatement + film-item boost,1.0,1.25,1.0,With reminder,Strong task encoding,2.0,0.0,0.9,4,0,5000,25,break,0.00019999999494757503
Start-of-film reinstatement + film-item boost,1.0,1.25,1.0,With reminder,Strong task encoding,2.0,0.0,0.9,4,0,5000,26,break,0.00039999998989515007
Start-of-film reinstatement + film-item boost,1.0,1.25,1.0,With reminder,Strong task encoding,2.0,0.0,0.9,4,0,5000,27,break,0.00039999998989515007
Start-of-film reinstatement + film-item boost,1.0,1.25,1.0,With reminder,Strong task encoding,2.0,0.0,0.9,4,0,5000,28,break,0.0
Start-of-film reinstatement + film-item boost,1.0,1.25,1.0,With reminder,Strong task encoding,2.0,0.0,0.9,4,0,5000,29,break,0.00039999998989515007
Start-of-film reinstatement + film-item boost,1.0,1.25,1.0,With reminder,Strong task encoding,2.0,0.0,0.9,4,0,5000,30,break,0.0
Start-of-film reinstatement + film-item boost,1.0,1.25,1.0,With reminder,Strong task encoding,2.0,0.0,0.9,4,0,5000,31,break,0.00019999999494757503
Start-of-film reinstatement + film-item boost,1.0,1.25,1.0,With reminder,Strong task encoding,2.0,0.0,0.9,4,0,5000,32,break,0.0
Start-of-film reinstatement + film-item boost,1.0,1.25,1.0,With reminder,Strong task encoding,2.0,0.0,0.9,4,0,5000,33,task,0.11919999867677689
Start-of-film reinstatement + film-item boost,1.0,1.25,1.0,With reminder,Strong task encoding,2.0,0.0,0.9,4,0,5000,34,task,0.09200000017881393
Start-of-film reinstatement + film-item boost,1.0,1.25,1.0,With reminder,Strong task encoding,2.0,0.0,0.9,4,0,5000,35,task,0.06239999830722809
Start-of-film reinstatement + film-item boost,1.0,1.25,1.0,With reminder,Strong task encoding,2.0,0.0,0.9,4,0,5000,36,task,0.044199999421834946
Start-of-film reinstatement + film-item boost,1.0,1.25,1.0,With reminder,Strong task encoding,2.0,0.0,0.9,4,0,5000,37,task,0.033799998462200165
Start-of-film reinstatement + film-item boost,1.0,1.25,1.0,With reminder,Strong task encoding,2.0,0.0,0.9,4,0,5000,38,task,0.024800000712275505
Start-of-film reinstatement + film-item boost,1.0,1.25,1.0,With reminder,Strong task encoding,2.0,0.0,0.9,4,0,5000,39,task,0.01640000008046627
Start-of-film reinstatement + film-item boost,1.0,1.25,1.0,With reminder,Strong task encoding,2.0,0.0,0.9,4,0,5000,40,task,0.012600000016391277
Start-of-film reinstatement + film-item boost,1.0,1.25,1.0,With reminder,Strong task encoding,2.0,0.0,0.9,4,0,5000,41,task,0.009399999864399433
Start-of-film reinstatement + film-item boost,1.0,1.25,1.0,With reminder,Strong task encoding,2.0,0.0,0.9,4,0,5000,42,task,0.005799999926239252
Start-of-film reinstatement + film-item boost,1.0,1.25,1.0,With reminder,Strong task encoding,2.0,0.0,0.9,4,0,5000,43,task,0.005400000140070915
Start-of-film reinstatement + film-item boost,1.0,1.25,1.0,With reminder,Strong task encoding,2.0,0.0,0.9,4,0,5000,44,task,0.003599999938160181
Start-of-film reinstatement + film-item boost,1.0,1.25,1.0,With reminder,Strong task encoding,2.0,0.0,0.9,4,0,5000,45,task,0.002199999988079071
Start-of-film reinstatement + film-item boost,1.0,1.25,1.0,With reminder,Strong task encoding,2.0,0.0,0.9,4,0,5000,46,task,0.0020000000949949026
Start-of-film reinstatement + film-item boost,1.0,1.25,1.0,With reminder,Strong task encoding,2.0,0.0,0.9,4,0,5000,47,task,0.0017999999690800905
Start-of-film reinstatement + film-item boost,1.0,1.25,1.0,With reminder,Strong task encoding,2.0,0.0,0.9,4,0,5000,48,task,0.00139999995008111
Start-of-film reinstatement + film-item boost,1.0,1.25,1.0,With reminder,Strong task encoding,2.0,0.0,0.9,4,0,5000,49,filler,0.00019999999494757503
Start-of-film reinstatement + film-item boost,1.0,1.25,1.0,With reminder,Strong task encoding,2.0,0.0,0.9,4,0,5000,50,filler,0.00039999998989515007
Start-of-film reinstatement + film-item boost,1.0,1.25,1.0,With reminder,Strong task encoding,2.0,0.0,0.9,4,0,5000,51,filler,0.0
Start-of-film reinstatement + film-item boost,1.0,1.25,1.0,With reminder,Strong task encoding,2.0,0.0,0.9,4,0,5000,52,filler,0.0
Start-of-film reinstatement + film-item boost,1.0,1.25,1.0,With reminder,Strong task encoding,2.0,0.0,0.9,4,0,5000,53,filler,0.0
Start-of-film reinstatement + film-item boost,1.0,1.25,1.0,With reminder,Strong task encoding,2.0,0.0,0.9,4,0,5000,54,filler,0.0
Start-of-film reinstatement + film-item boost,1.0,1.25,1.0,With reminder,Strong task encoding,2.0,0.0,0.9,4,0,5000,55,filler,0.0
Start-of-film reinstatement + film-item boost,1.0,1.25,1.0,With reminder,Strong task encoding,2.0,0.0,0.9,4,0,5000,56,filler,0.00019999999494757503
Start-of-film reinstatement + film-item boost,1.0,1.25,1.0,With reminder,Strong task encoding,2.0,0.0,0.9,4,0,5000,57,filler,0.0
Start-of-film reinstatement + film-item boost,1.0,1.25,1.0,With reminder,Strong task encoding,2.0,0.0,0.9,4,0,5000,58,filler,0.0
Start-of-film reinstatement + film-item boost,1.0,1.25,1.0,With reminder,Strong task encoding,2.0,0.0,0.9,4,0,5000,59,filler,0.00019999999494757503
Start-of-film reinstatement + film-item boost,1.0,1.25,1.0,With reminder,Strong task encoding,2.0,0.0,0.9,4,0,5000,60,filler,0.00039999998989515007
Start-of-film reinstatement + film-item boost,1.0,1.25,1.0,With reminder,Strong task encoding,2.0,0.0,0.9,4,0,5000,61,filler,0.0006000000284984708
Start-of-film reinstatement + film-item boost,1.0,1.25,1.0,With reminder,Strong task encoding,2.0,0.0,0.9,4,0,5000,62,filler,0.0
Start-of-film reinstatement + film-item boost,1.0,1.25,1.0,With reminder,Strong task encoding,2.0,0.0,0.9,4,0,5000,63,filler,0.0012000000569969416
Start-of-film reinstatement + film-item boost,1.0,1.25,1.0,With reminder,Strong task encoding,2.0,0.0,0.9,4,0,5000,64,filler,0.0012000000569969416
