start_context_condition,start_context_scale,retrieval_selectivity,lag,conditional_response_probability
No start-of-list reinstatement,0.0,0.0,-63,0.030837005004286766
No start-of-list reinstatement,0.0,0.0,-62,0.019586507230997086
No start-of-list reinstatement,0.0,0.0,-61,0.012903225608170033
No start-of-list reinstatement,0.0,0.0,-60,0.01752522587776184
No start-of-list reinstatement,0.0,0.0,-59,0.012225969694554806
No start-of-list reinstatement,0.0,0.0,-58,0.01935938000679016
No start-of-list reinstatement,0.0,0.0,-57,0.016791604459285736
No start-of-list reinstatement,0.0,0.0,-56,0.015392642468214035
No start-of-list reinstatement,0.0,0.0,-55,0.015316778793931007
No start-of-list reinstatement,0.0,0.0,-54,0.011000415310263634
No start-of-list reinstatement,0.0,0.0,-53,0.016451673582196236
No start-of-list reinstatement,0.0,0.0,-52,0.016309887170791626
No start-of-list reinstatement,0.0,0.0,-51,0.014719847589731216
No start-of-list reinstatement,0.0,0.0,-50,0.015891529619693756
No start-of-list reinstatement,0.0,0.0,-49,0.01671195589005947
No start-of-list reinstatement,0.0,0.0,-48,0.01413472555577755
No start-of-list reinstatement,0.0,0.0,-47,0.017585836350917816
No start-of-list reinstatement,0.0,0.0,-46,0.017768781632184982
No start-of-list reinstatement,0.0,0.0,-45,0.015450643375515938
No start-of-list reinstatement,0.0,0.0,-44,0.0176667682826519
No start-of-list reinstatement,0.0,0.0,-43,0.015893012285232544
No start-of-list reinstatement,0.0,0.0,-42,0.017652494832873344
No start-of-list reinstatement,0.0,0.0,-41,0.01898903399705887
No start-of-list reinstatement,0.0,0.0,-40,0.015749365091323853
No start-of-list reinstatement,0.0,0.0,-39,0.01779041439294815
No start-of-list reinstatement,0.0,0.0,-38,0.017396053299307823
No start-of-list reinstatement,0.0,0.0,-37,0.0164426751434803
No start-of-list reinstatement,0.0,0.0,-36,0.017223836854100227
No start-of-list reinstatement,0.0,0.0,-35,0.015980934724211693
No start-of-list reinstatement,0.0,0.0,-34,0.017374256625771523
No start-of-list reinstatement,0.0,0.0,-33,0.017441103234887123
No start-of-list reinstatement,0.0,0.0,-32,0.017594752833247185
No start-of-list reinstatement,0.0,0.0,-31,0.01565461978316307
No start-of-list reinstatement,0.0,0.0,-30,0.018537163734436035
No start-of-list reinstatement,0.0,0.0,-29,0.018298998475074768
No start-of-list reinstatement,0.0,0.0,-28,0.01772492751479149
No start-of-list reinstatement,0.0,0.0,-27,0.016005225479602814
No start-of-list reinstatement,0.0,0.0,-26,0.01711491495370865
No start-of-list reinstatement,0.0,0.0,-25,0.01794791966676712
No start-of-list reinstatement,0.0,0.0,-24,0.015644777566194534
No start-of-list reinstatement,0.0,0.0,-23,0.014473489485681057
No start-of-list reinstatement,0.0,0.0,-22,0.01665222831070423
No start-of-list reinstatement,0.0,0.0,-21,0.017118938267230988
No start-of-list reinstatement,0.0,0.0,-20,0.017197657376527786
No start-of-list reinstatement,0.0,0.0,-19,0.018017612397670746
No start-of-list reinstatement,0.0,0.0,-18,0.017241379246115685
No start-of-list reinstatement,0.0,0.0,-17,0.0153938764706254
No start-of-list reinstatement,0.0,0.0,-16,0.01590985804796219
No start-of-list reinstatement,0.0,0.0,-15,0.016727933660149574
No start-of-list reinstatement,0.0,0.0,-14,0.015687542036175728
No start-of-list reinstatement,0.0,0.0,-13,0.01777091808617115
No start-of-list reinstatement,0.0,0.0,-12,0.016626618802547455
No start-of-list reinstatement,0.0,0.0,-11,0.016594186425209045
No start-of-list reinstatement,0.0,0.0,-10,0.018097518011927605
No start-of-list reinstatement,0.0,0.0,-9,0.017160458490252495
No start-of-list reinstatement,0.0,0.0,-8,0.016508325934410095
No start-of-list reinstatement,0.0,0.0,-7,0.016745902597904205
No start-of-list reinstatement,0.0,0.0,-6,0.01722094416618347
No start-of-list reinstatement,0.0,0.0,-5,0.01564483530819416
No start-of-list reinstatement,0.0,0.0,-4,0.017057137563824654
No start-of-list reinstatement,0.0,0.0,-3,0.0164326261729002
No start-of-list reinstatement,0.0,0.0,-2,0.016980640590190887
No start-of-list reinstatement,0.0,0.0,-1,0.015735162422060966
No start-of-list reinstatement,0.0,0.0,0,nan
No start-of-list reinstatement,0.0,0.0,1,0.016003072261810303
No start-of-list reinstatement,0.0,0.0,2,0.017019888386130333
No start-of-list reinstatement,0.0,0.0,3,0.016078872606158257
No start-of-list reinstatement,0.0,0.0,4,0.017752673476934433
No start-of-list reinstatement,0.0,0.0,5,0.01693063974380493
No start-of-list reinstatement,0.0,0.0,6,0.016662616282701492
No start-of-list reinstatement,0.0,0.0,7,0.01650993339717388
No start-of-list reinstatement,0.0,0.0,8,0.01710171066224575
No start-of-list reinstatement,0.0,0.0,9,0.016844263300299644
No start-of-list reinstatement,0.0,0.0,10,0.017575349658727646
No start-of-list reinstatement,0.0,0.0,11,0.01719939149916172
No start-of-list reinstatement,0.0,0.0,12,0.017724856734275818
No start-of-list reinstatement,0.0,0.0,13,0.01695452444255352
No start-of-list reinstatement,0.0,0.0,14,0.016958734020590782
No start-of-list reinstatement,0.0,0.0,15,0.017547473311424255
No start-of-list reinstatement,0.0,0.0,16,0.016611294820904732
No start-of-list reinstatement,0.0,0.0,17,0.017082277685403824
No start-of-list reinstatement,0.0,0.0,18,0.016306258738040924
No start-of-list reinstatement,0.0,0.0,19,0.015601115301251411
No start-of-list reinstatement,0.0,0.0,20,0.01774875819683075
No start-of-list reinstatement,0.0,0.0,21,0.016735421493649483
No start-of-list reinstatement,0.0,0.0,22,0.01591881923377514
No start-of-list reinstatement,0.0,0.0,23,0.016364527866244316
No start-of-list reinstatement,0.0,0.0,24,0.01688488945364952
No start-of-list reinstatement,0.0,0.0,25,0.018234413117170334
No start-of-list reinstatement,0.0,0.0,26,0.0186677984893322
No start-of-list reinstatement,0.0,0.0,27,0.015417302027344704
No start-of-list reinstatement,0.0,0.0,28,0.01663585938513279
No start-of-list reinstatement,0.0,0.0,29,0.016170015558600426
No start-of-list reinstatement,0.0,0.0,30,0.01631535030901432
No start-of-list reinstatement,0.0,0.0,31,0.017243487760424614
No start-of-list reinstatement,0.0,0.0,32,0.01626119576394558
No start-of-list reinstatement,0.0,0.0,33,0.014476615004241467
No start-of-list reinstatement,0.0,0.0,34,0.017542671412229538
No start-of-list reinstatement,0.0,0.0,35,0.0173664391040802
No start-of-list reinstatement,0.0,0.0,36,0.01836852729320526
No start-of-list reinstatement,0.0,0.0,37,0.01593625545501709
No start-of-list reinstatement,0.0,0.0,38,0.01632940024137497
No start-of-list reinstatement,0.0,0.0,39,0.016869423910975456
No start-of-list reinstatement,0.0,0.0,40,0.017378101125359535
No start-of-list reinstatement,0.0,0.0,41,0.017053989693522453
No start-of-list reinstatement,0.0,0.0,42,0.0159747377038002
No start-of-list reinstatement,0.0,0.0,43,0.016824599355459213
No start-of-list reinstatement,0.0,0.0,44,0.01622059941291809
No start-of-list reinstatement,0.0,0.0,45,0.015271252021193504
No start-of-list reinstatement,0.0,0.0,46,0.01772209070622921
No start-of-list reinstatement,0.0,0.0,47,0.017204301431775093
No start-of-list reinstatement,0.0,0.0,48,0.015678340569138527
No start-of-list reinstatement,0.0,0.0,49,0.018536057323217392
No start-of-list reinstatement,0.0,0.0,50,0.019499417394399643
No start-of-list reinstatement,0.0,0.0,51,0.014370509423315525
No start-of-list reinstatement,0.0,0.0,52,0.015792155638337135
No start-of-list reinstatement,0.0,0.0,53,0.015190811827778816
No start-of-list reinstatement,0.0,0.0,54,0.018089430406689644
No start-of-list reinstatement,0.0,0.0,55,0.017268802970647812
No start-of-list reinstatement,0.0,0.0,56,0.016422435641288757
No start-of-list reinstatement,0.0,0.0,57,0.014710123650729656
No start-of-list reinstatement,0.0,0.0,58,0.019028201699256897
No start-of-list reinstatement,0.0,0.0,59,0.013951580040156841
No start-of-list reinstatement,0.0,0.0,60,0.019200829789042473
No start-of-list reinstatement,0.0,0.0,61,0.017735334113240242
No start-of-list reinstatement,0.0,0.0,62,0.006160164251923561
No start-of-list reinstatement,0.0,0.0,63,0.01515151560306549
No start-of-list reinstatement,0.0,0.25,-63,0.006404391489923
No start-of-list reinstatement,0.0,0.25,-62,0.003764705965295434
No start-of-list reinstatement,0.0,0.25,-61,0.001608751597814262
No start-of-list reinstatement,0.0,0.25,-60,0.0024408104363828897
No start-of-list reinstatement,0.0,0.25,-59,0.0039832703769207
No start-of-list reinstatement,0.0,0.25,-58,0.0038668459746986628
No start-of-list reinstatement,0.0,0.25,-57,0.004683155100792646
No start-of-list reinstatement,0.0,0.25,-56,0.0031339775305241346
No start-of-list reinstatement,0.0,0.25,-55,0.004377144388854504
No start-of-list reinstatement,0.0,0.25,-54,0.0036764706019312143
No start-of-list reinstatement,0.0,0.25,-53,0.0040979511104524136
No start-of-list reinstatement,0.0,0.25,-52,0.004287844989448786
No start-of-list reinstatement,0.0,0.25,-51,0.004719454795122147
No start-of-list reinstatement,0.0,0.25,-50,0.003555776085704565
No start-of-list reinstatement,0.0,0.25,-49,0.00415686285123229
No start-of-list reinstatement,0.0,0.25,-48,0.004933472722768784
No start-of-list reinstatement,0.0,0.25,-47,0.004975468385964632
No start-of-list reinstatement,0.0,0.25,-46,0.004312286619096994
No start-of-list reinstatement,0.0,0.25,-45,0.005323975812643766
No start-of-list reinstatement,0.0,0.25,-44,0.005135227460414171
No start-of-list reinstatement,0.0,0.25,-43,0.004393577575683594
No start-of-list reinstatement,0.0,0.25,-42,0.0064232065342366695
No start-of-list reinstatement,0.0,0.25,-41,0.005062537267804146
No start-of-list reinstatement,0.0,0.25,-40,0.004672897048294544
No start-of-list reinstatement,0.0,0.25,-39,0.004638772923499346
No start-of-list reinstatement,0.0,0.25,-38,0.005316556431353092
No start-of-list reinstatement,0.0,0.25,-37,0.00635656900703907
No start-of-list reinstatement,0.0,0.25,-36,0.005512632895261049
No start-of-list reinstatement,0.0,0.25,-35,0.005457137245684862
No start-of-list reinstatement,0.0,0.25,-34,0.0055123730562627316
No start-of-list reinstatement,0.0,0.25,-33,0.006233545020222664
No start-of-list reinstatement,0.0,0.25,-32,0.0054107229225337505
No start-of-list reinstatement,0.0,0.25,-31,0.007199939806014299
No start-of-list reinstatement,0.0,0.25,-30,0.007595412898808718
No start-of-list reinstatement,0.0,0.25,-29,0.006899654865264893
No start-of-list reinstatement,0.0,0.25,-28,0.008060603402554989
No start-of-list reinstatement,0.0,0.25,-27,0.00810439046472311
No start-of-list reinstatement,0.0,0.25,-26,0.00939453300088644
No start-of-list reinstatement,0.0,0.25,-25,0.008526276797056198
No start-of-list reinstatement,0.0,0.25,-24,0.010369719006121159
No start-of-list reinstatement,0.0,0.25,-23,0.010821249336004257
No start-of-list reinstatement,0.0,0.25,-22,0.011602610349655151
No start-of-list reinstatement,0.0,0.25,-21,0.012250763364136219
No start-of-list reinstatement,0.0,0.25,-20,0.01215675100684166
No start-of-list reinstatement,0.0,0.25,-19,0.012621324509382248
No start-of-list reinstatement,0.0,0.25,-18,0.013580246828496456
No start-of-list reinstatement,0.0,0.25,-17,0.014999475330114365
No start-of-list reinstatement,0.0,0.25,-16,0.014388489536941051
No start-of-list reinstatement,0.0,0.25,-15,0.016778061166405678
No start-of-list reinstatement,0.0,0.25,-14,0.016561729833483696
No start-of-list reinstatement,0.0,0.25,-13,0.017844421789050102
No start-of-list reinstatement,0.0,0.25,-12,0.01729077473282814
No start-of-list reinstatement,0.0,0.25,-11,0.01849241554737091
No start-of-list reinstatement,0.0,0.25,-10,0.019677279517054558
No start-of-list reinstatement,0.0,0.25,-9,0.021860837936401367
No start-of-list reinstatement,0.0,0.25,-8,0.024830475449562073
No start-of-list reinstatement,0.0,0.25,-7,0.023097826167941093
No start-of-list reinstatement,0.0,0.25,-6,0.026380326598882675
No start-of-list reinstatement,0.0,0.25,-5,0.027739113196730614
No start-of-list reinstatement,0.0,0.25,-4,0.02922658808529377
No start-of-list reinstatement,0.0,0.25,-3,0.03184099495410919
No start-of-list reinstatement,0.0,0.25,-2,0.03413594514131546
No start-of-list reinstatement,0.0,0.25,-1,0.03599504753947258
No start-of-list reinstatement,0.0,0.25,0,nan
No start-of-list reinstatement,0.0,0.25,1,0.04509810730814934
No start-of-list reinstatement,0.0,0.25,2,0.040539585053920746
No start-of-list reinstatement,0.0,0.25,3,0.03735411539673805
No start-of-list reinstatement,0.0,0.25,4,0.034429386258125305
No start-of-list reinstatement,0.0,0.25,5,0.031225543469190598
No start-of-list reinstatement,0.0,0.25,6,0.030213676393032074
No start-of-list reinstatement,0.0,0.25,7,0.028662949800491333
No start-of-list reinstatement,0.0,0.25,8,0.02858005091547966
No start-of-list reinstatement,0.0,0.25,9,0.02519964426755905
No start-of-list reinstatement,0.0,0.25,10,0.022855568677186966
No start-of-list reinstatement,0.0,0.25,11,0.022357240319252014
No start-of-list reinstatement,0.0,0.25,12,0.022008119150996208
No start-of-list reinstatement,0.0,0.25,13,0.018248913809657097
No start-of-list reinstatement,0.0,0.25,14,0.020222129300236702
No start-of-list reinstatement,0.0,0.25,15,0.019910670816898346
No start-of-list reinstatement,0.0,0.25,16,0.01845264621078968
No start-of-list reinstatement,0.0,0.25,17,0.017681380733847618
No start-of-list reinstatement,0.0,0.25,18,0.019351202994585037
No start-of-list reinstatement,0.0,0.25,19,0.019253751263022423
No start-of-list reinstatement,0.0,0.25,20,0.01861683279275894
No start-of-list reinstatement,0.0,0.25,21,0.017824772745370865
No start-of-list reinstatement,0.0,0.25,22,0.018631545826792717
No start-of-list reinstatement,0.0,0.25,23,0.018291112035512924
No start-of-list reinstatement,0.0,0.25,24,0.02034241519868374
No start-of-list reinstatement,0.0,0.25,25,0.019885804504156113
No start-of-list reinstatement,0.0,0.25,26,0.020224718376994133
No start-of-list reinstatement,0.0,0.25,27,0.020643524825572968
No start-of-list reinstatement,0.0,0.25,28,0.018765432760119438
No start-of-list reinstatement,0.0,0.25,29,0.02269129268825054
No start-of-list reinstatement,0.0,0.25,30,0.020128479227423668
No start-of-list reinstatement,0.0,0.25,31,0.021551046520471573
No start-of-list reinstatement,0.0,0.25,32,0.01973460428416729
No start-of-list reinstatement,0.0,0.25,33,0.02089500240981579
No start-of-list reinstatement,0.0,0.25,34,0.01965947076678276
No start-of-list reinstatement,0.0,0.25,35,0.018089724704623222
No start-of-list reinstatement,0.0,0.25,36,0.016194332391023636
No start-of-list reinstatement,0.0,0.25,37,0.01527437288314104
No start-of-list reinstatement,0.0,0.25,38,0.015237350948154926
No start-of-list reinstatement,0.0,0.25,39,0.014832631684839725
No start-of-list reinstatement,0.0,0.25,40,0.01591895893216133
No start-of-list reinstatement,0.0,0.25,41,0.014380767941474915
No start-of-list reinstatement,0.0,0.25,42,0.017629994079470634
No start-of-list reinstatement,0.0,0.25,43,0.015056752599775791
No start-of-list reinstatement,0.0,0.25,44,0.013177159242331982
No start-of-list reinstatement,0.0,0.25,45,0.012916559353470802
No start-of-list reinstatement,0.0,0.25,46,0.013679890893399715
No start-of-list reinstatement,0.0,0.25,47,0.013925925828516483
No start-of-list reinstatement,0.0,0.25,48,0.012052013538777828
No start-of-list reinstatement,0.0,0.25,49,0.015706805512309074
No start-of-list reinstatement,0.0,0.25,50,0.016717325896024704
No start-of-list reinstatement,0.0,0.25,51,0.009787234477698803
No start-of-list reinstatement,0.0,0.25,52,0.010952381417155266
No start-of-list reinstatement,0.0,0.25,53,0.011758417822420597
No start-of-list reinstatement,0.0,0.25,54,0.014925372786819935
No start-of-list reinstatement,0.0,0.25,55,0.013774104416370392
No start-of-list reinstatement,0.0,0.25,56,0.011155378073453903
No start-of-list reinstatement,0.0,0.25,57,0.014097744598984718
No start-of-list reinstatement,0.0,0.25,58,0.01034482754766941
No start-of-list reinstatement,0.0,0.25,59,0.019204389303922653
No start-of-list reinstatement,0.0,0.25,60,0.016363635659217834
No start-of-list reinstatement,0.0,0.25,61,0.0068807341158390045
No start-of-list reinstatement,0.0,0.25,62,0.017793593928217888
No start-of-list reinstatement,0.0,0.25,63,0.03086419776082039
No start-of-list reinstatement,0.0,0.5,-63,0.0
No start-of-list reinstatement,0.0,0.5,-62,0.00026490064919926226
No start-of-list reinstatement,0.0,0.5,-61,0.00018070111400447786
No start-of-list reinstatement,0.0,0.5,-60,0.00014031148748472333
No start-of-list reinstatement,0.0,0.5,-59,0.00023402761144097894
No start-of-list reinstatement,0.0,0.5,-58,0.00020185708126518875
No start-of-list reinstatement,0.0,0.5,-57,8.964590233517811e-05
No start-of-list reinstatement,0.0,0.5,-56,8.123477164190263e-05
No start-of-list reinstatement,0.0,0.5,-55,0.0001502178201917559
No start-of-list reinstatement,0.0,0.5,-54,0.0002104820014210418
No start-of-list reinstatement,0.0,0.5,-53,0.00026472535682842135
No start-of-list reinstatement,0.0,0.5,-52,0.000314169010380283
No start-of-list reinstatement,0.0,0.5,-51,0.0002999040298163891
No start-of-list reinstatement,0.0,0.5,-50,0.0005187020869925618
No start-of-list reinstatement,0.0,0.5,-49,0.0004999166703782976
No start-of-list reinstatement,0.0,0.5,-48,0.00037585911923088133
No start-of-list reinstatement,0.0,0.5,-47,0.00039553051465190947
No start-of-list reinstatement,0.0,0.5,-46,0.0005074268556199968
No start-of-list reinstatement,0.0,0.5,-45,0.0006071118987165391
No start-of-list reinstatement,0.0,0.5,-44,0.00037110340781509876
No start-of-list reinstatement,0.0,0.5,-43,0.0006294999620877206
No start-of-list reinstatement,0.0,0.5,-42,0.000529560842551291
No start-of-list reinstatement,0.0,0.5,-41,0.000657054188195616
No start-of-list reinstatement,0.0,0.5,-40,0.0005670340615324676
No start-of-list reinstatement,0.0,0.5,-39,0.0007935960311442614
No start-of-list reinstatement,0.0,0.5,-38,0.0005733364960178733
No start-of-list reinstatement,0.0,0.5,-37,0.0007926023681648076
No start-of-list reinstatement,0.0,0.5,-36,0.0008750891429372132
No start-of-list reinstatement,0.0,0.5,-35,0.0008624544716440141
No start-of-list reinstatement,0.0,0.5,-34,0.0011037875665351748
No start-of-list reinstatement,0.0,0.5,-33,0.0015290520386770368
No start-of-list reinstatement,0.0,0.5,-32,0.0012368201278150082
No start-of-list reinstatement,0.0,0.5,-31,0.0015769456513226032
No start-of-list reinstatement,0.0,0.5,-30,0.0015768968733027577
No start-of-list reinstatement,0.0,0.5,-29,0.0013915516901761293
No start-of-list reinstatement,0.0,0.5,-28,0.002349159214645624
No start-of-list reinstatement,0.0,0.5,-27,0.002750649116933346
No start-of-list reinstatement,0.0,0.5,-26,0.002813330851495266
No start-of-list reinstatement,0.0,0.5,-25,0.0038011062424629927
No start-of-list reinstatement,0.0,0.5,-24,0.0040778499096632
No start-of-list reinstatement,0.0,0.5,-23,0.004513416439294815
No start-of-list reinstatement,0.0,0.5,-22,0.005682871211320162
No start-of-list reinstatement,0.0,0.5,-21,0.006394414696842432
No start-of-list reinstatement,0.0,0.5,-20,0.007473749108612537
No start-of-list reinstatement,0.0,0.5,-19,0.008183811791241169
No start-of-list reinstatement,0.0,0.5,-18,0.009574106894433498
No start-of-list reinstatement,0.0,0.5,-17,0.011092571541666985
No start-of-list reinstatement,0.0,0.5,-16,0.013074117712676525
No start-of-list reinstatement,0.0,0.5,-15,0.014651788398623466
No start-of-list reinstatement,0.0,0.5,-14,0.015381758101284504
No start-of-list reinstatement,0.0,0.5,-13,0.016913514584302902
No start-of-list reinstatement,0.0,0.5,-12,0.018673615530133247
No start-of-list reinstatement,0.0,0.5,-11,0.018532337620854378
No start-of-list reinstatement,0.0,0.5,-10,0.02152654156088829
No start-of-list reinstatement,0.0,0.5,-9,0.024963151663541794
No start-of-list reinstatement,0.0,0.5,-8,0.02745792828500271
No start-of-list reinstatement,0.0,0.5,-7,0.0313420407474041
No start-of-list reinstatement,0.0,0.5,-6,0.0367300882935524
No start-of-list reinstatement,0.0,0.5,-5,0.040552906692028046
No start-of-list reinstatement,0.0,0.5,-4,0.045978158712387085
No start-of-list reinstatement,0.0,0.5,-3,0.05382445827126503
No start-of-list reinstatement,0.0,0.5,-2,0.06323560327291489
No start-of-list reinstatement,0.0,0.5,-1,0.0684858188033104
No start-of-list reinstatement,0.0,0.5,0,nan
No start-of-list reinstatement,0.0,0.5,1,0.0951446071267128
No start-of-list reinstatement,0.0,0.5,2,0.08626647293567657
No start-of-list reinstatement,0.0,0.5,3,0.07413741201162338
No start-of-list reinstatement,0.0,0.5,4,0.06211349740624428
No start-of-list reinstatement,0.0,0.5,5,0.05392978712916374
No start-of-list reinstatement,0.0,0.5,6,0.04433572664856911
No start-of-list reinstatement,0.0,0.5,7,0.043927788734436035
No start-of-list reinstatement,0.0,0.5,8,0.03576047345995903
No start-of-list reinstatement,0.0,0.5,9,0.027439385652542114
No start-of-list reinstatement,0.0,0.5,10,0.025346338748931885
No start-of-list reinstatement,0.0,0.5,11,0.023744648322463036
No start-of-list reinstatement,0.0,0.5,12,0.023114686831831932
No start-of-list reinstatement,0.0,0.5,13,0.019627507776021957
No start-of-list reinstatement,0.0,0.5,14,0.0185379758477211
No start-of-list reinstatement,0.0,0.5,15,0.01653282903134823
No start-of-list reinstatement,0.0,0.5,16,0.016893284395337105
No start-of-list reinstatement,0.0,0.5,17,0.015470124781131744
No start-of-list reinstatement,0.0,0.5,18,0.015956329181790352
No start-of-list reinstatement,0.0,0.5,19,0.016880646347999573
No start-of-list reinstatement,0.0,0.5,20,0.015094339847564697
No start-of-list reinstatement,0.0,0.5,21,0.0128066660836339
No start-of-list reinstatement,0.0,0.5,22,0.01376228779554367
No start-of-list reinstatement,0.0,0.5,23,0.016864459961652756
No start-of-list reinstatement,0.0,0.5,24,0.012327773496508598
No start-of-list reinstatement,0.0,0.5,25,0.018649335950613022
No start-of-list reinstatement,0.0,0.5,26,0.015862300992012024
No start-of-list reinstatement,0.0,0.5,27,0.014164306223392487
No start-of-list reinstatement,0.0,0.5,28,0.020558003336191177
No start-of-list reinstatement,0.0,0.5,29,0.02313167229294777
No start-of-list reinstatement,0.0,0.5,30,0.0249266866594553
No start-of-list reinstatement,0.0,0.5,31,0.027624309062957764
No start-of-list reinstatement,0.0,0.5,32,0.02508551813662052
No start-of-list reinstatement,0.0,0.5,33,0.02619590051472187
No start-of-list reinstatement,0.0,0.5,34,0.03498871251940727
No start-of-list reinstatement,0.0,0.5,35,0.02389078587293625
No start-of-list reinstatement,0.0,0.5,36,0.014823260717093945
No start-of-list reinstatement,0.0,0.5,37,0.02100350148975849
No start-of-list reinstatement,0.0,0.5,38,0.022041764110326767
No start-of-list reinstatement,0.0,0.5,39,0.015366430394351482
No start-of-list reinstatement,0.0,0.5,40,0.01711491495370865
No start-of-list reinstatement,0.0,0.5,41,0.014066495932638645
No start-of-list reinstatement,0.0,0.5,42,0.013071895577013493
No start-of-list reinstatement,0.0,0.5,43,0.018918918445706367
No start-of-list reinstatement,0.0,0.5,44,0.009831461124122143
No start-of-list reinstatement,0.0,0.5,45,0.003100775182247162
No start-of-list reinstatement,0.0,0.5,46,0.006700167432427406
No start-of-list reinstatement,0.0,0.5,47,0.0018348623998463154
No start-of-list reinstatement,0.0,0.5,48,0.01171875
No start-of-list reinstatement,0.0,0.5,49,0.006666666828095913
No start-of-list reinstatement,0.0,0.5,50,0.0
No start-of-list reinstatement,0.0,0.5,51,0.011461318470537663
No start-of-list reinstatement,0.0,0.5,52,0.0
No start-of-list reinstatement,0.0,0.5,53,0.0
No start-of-list reinstatement,0.0,0.5,54,0.0
No start-of-list reinstatement,0.0,0.5,55,0.01123595517128706
No start-of-list reinstatement,0.0,0.5,56,0.0066225165501236916
No start-of-list reinstatement,0.0,0.5,57,0.0
No start-of-list reinstatement,0.0,0.5,58,0.0
No start-of-list reinstatement,0.0,0.5,59,0.012048192322254181
No start-of-list reinstatement,0.0,0.5,60,0.016129031777381897
No start-of-list reinstatement,0.0,0.5,61,0.022727273404598236
No start-of-list reinstatement,0.0,0.5,62,0.0
No start-of-list reinstatement,0.0,0.5,63,0.0
No start-of-list reinstatement,0.0,0.75,-63,0.0
No start-of-list reinstatement,0.0,0.75,-62,0.0
No start-of-list reinstatement,0.0,0.75,-61,0.0
No start-of-list reinstatement,0.0,0.75,-60,0.0
No start-of-list reinstatement,0.0,0.75,-59,0.0
No start-of-list reinstatement,0.0,0.75,-58,0.0
No start-of-list reinstatement,0.0,0.75,-57,0.0
No start-of-list reinstatement,0.0,0.75,-56,0.0
No start-of-list reinstatement,0.0,0.75,-55,0.0
No start-of-list reinstatement,0.0,0.75,-54,0.0
No start-of-list reinstatement,0.0,0.75,-53,0.0
No start-of-list reinstatement,0.0,0.75,-52,0.0
No start-of-list reinstatement,0.0,0.75,-51,0.0
No start-of-list reinstatement,0.0,0.75,-50,0.0
No start-of-list reinstatement,0.0,0.75,-49,0.0
No start-of-list reinstatement,0.0,0.75,-48,0.0
No start-of-list reinstatement,0.0,0.75,-47,4.1271152440458536e-05
No start-of-list reinstatement,0.0,0.75,-46,7.784221088513732e-05
No start-of-list reinstatement,0.0,0.75,-45,7.407407247228548e-05
No start-of-list reinstatement,0.0,0.75,-44,3.56468117388431e-05
No start-of-list reinstatement,0.0,0.75,-43,3.4453056287020445e-05
No start-of-list reinstatement,0.0,0.75,-42,0.0
No start-of-list reinstatement,0.0,0.75,-41,0.0
No start-of-list reinstatement,0.0,0.75,-40,9.629582200432196e-05
No start-of-list reinstatement,0.0,0.75,-39,0.0
No start-of-list reinstatement,0.0,0.75,-38,9.380863048136234e-05
No start-of-list reinstatement,0.0,0.75,-37,6.192717410158366e-05
No start-of-list reinstatement,0.0,0.75,-36,9.216590115102008e-05
No start-of-list reinstatement,0.0,0.75,-35,0.0
No start-of-list reinstatement,0.0,0.75,-34,0.00024296170158777386
No start-of-list reinstatement,0.0,0.75,-33,0.00015135463036131114
No start-of-list reinstatement,0.0,0.75,-32,0.00030183212948031723
No start-of-list reinstatement,0.0,0.75,-31,0.0002716653107199818
No start-of-list reinstatement,0.0,0.75,-30,0.0003320654504932463
No start-of-list reinstatement,0.0,0.75,-29,0.0003622422809712589
No start-of-list reinstatement,0.0,0.75,-28,0.00024153859703801572
No start-of-list reinstatement,0.0,0.75,-27,0.0006943815387785435
No start-of-list reinstatement,0.0,0.75,-26,0.0006945492932572961
No start-of-list reinstatement,0.0,0.75,-25,0.0011476201470941305
No start-of-list reinstatement,0.0,0.75,-24,0.001751789590343833
No start-of-list reinstatement,0.0,0.75,-23,0.001571139320731163
No start-of-list reinstatement,0.0,0.75,-22,0.0020844661630690098
No start-of-list reinstatement,0.0,0.75,-21,0.003112158505246043
No start-of-list reinstatement,0.0,0.75,-20,0.0038694075774401426
No start-of-list reinstatement,0.0,0.75,-19,0.0038416164461523294
No start-of-list reinstatement,0.0,0.75,-18,0.00608390336856246
No start-of-list reinstatement,0.0,0.75,-17,0.008514119312167168
No start-of-list reinstatement,0.0,0.75,-16,0.010772592388093472
No start-of-list reinstatement,0.0,0.75,-15,0.009506742469966412
No start-of-list reinstatement,0.0,0.75,-14,0.012503041885793209
No start-of-list reinstatement,0.0,0.75,-13,0.012417067773640156
No start-of-list reinstatement,0.0,0.75,-12,0.014398584142327309
No start-of-list reinstatement,0.0,0.75,-11,0.015313607640564442
No start-of-list reinstatement,0.0,0.75,-10,0.018830889835953712
No start-of-list reinstatement,0.0,0.75,-9,0.02252572402358055
No start-of-list reinstatement,0.0,0.75,-8,0.02624451369047165
No start-of-list reinstatement,0.0,0.75,-7,0.03275693580508232
No start-of-list reinstatement,0.0,0.75,-6,0.038548681885004044
No start-of-list reinstatement,0.0,0.75,-5,0.04737357422709465
No start-of-list reinstatement,0.0,0.75,-4,0.06056662276387215
No start-of-list reinstatement,0.0,0.75,-3,0.07135938853025436
No start-of-list reinstatement,0.0,0.75,-2,0.08753354102373123
No start-of-list reinstatement,0.0,0.75,-1,0.10531356185674667
No start-of-list reinstatement,0.0,0.75,0,nan
No start-of-list reinstatement,0.0,0.75,1,0.16481924057006836
No start-of-list reinstatement,0.0,0.75,2,0.13017331063747406
No start-of-list reinstatement,0.0,0.75,3,0.10539112240076065
No start-of-list reinstatement,0.0,0.75,4,0.08291061967611313
No start-of-list reinstatement,0.0,0.75,5,0.07022222131490707
No start-of-list reinstatement,0.0,0.75,6,0.05039532482624054
No start-of-list reinstatement,0.0,0.75,7,0.04401068761944771
No start-of-list reinstatement,0.0,0.75,8,0.0347321555018425
No start-of-list reinstatement,0.0,0.75,9,0.030274683609604836
No start-of-list reinstatement,0.0,0.75,10,0.022003786638379097
No start-of-list reinstatement,0.0,0.75,11,0.01997694931924343
No start-of-list reinstatement,0.0,0.75,12,0.015942323952913284
No start-of-list reinstatement,0.0,0.75,13,0.014203621074557304
No start-of-list reinstatement,0.0,0.75,14,0.01696096733212471
No start-of-list reinstatement,0.0,0.75,15,0.01222826074808836
No start-of-list reinstatement,0.0,0.75,16,0.012951970100402832
No start-of-list reinstatement,0.0,0.75,17,0.012347659096121788
No start-of-list reinstatement,0.0,0.75,18,0.008931964635848999
No start-of-list reinstatement,0.0,0.75,19,0.007734303828328848
No start-of-list reinstatement,0.0,0.75,20,0.006604292895644903
No start-of-list reinstatement,0.0,0.75,21,0.007460155989974737
No start-of-list reinstatement,0.0,0.75,22,0.00927487388253212
No start-of-list reinstatement,0.0,0.75,23,0.008648648858070374
No start-of-list reinstatement,0.0,0.75,24,0.008559200912714005
No start-of-list reinstatement,0.0,0.75,25,0.011009174399077892
No start-of-list reinstatement,0.0,0.75,26,0.008353222161531448
No start-of-list reinstatement,0.0,0.75,27,0.01114649698138237
No start-of-list reinstatement,0.0,0.75,28,0.012820512987673283
No start-of-list reinstatement,0.0,0.75,29,0.015576324425637722
No start-of-list reinstatement,0.0,0.75,30,0.019323671236634254
No start-of-list reinstatement,0.0,0.75,31,0.023076923564076424
No start-of-list reinstatement,0.0,0.75,32,0.013888888992369175
No start-of-list reinstatement,0.0,0.75,33,0.06756756454706192
No start-of-list reinstatement,0.0,0.75,34,0.0
No start-of-list reinstatement,0.0,0.75,35,0.051948051899671555
No start-of-list reinstatement,0.0,0.75,36,0.060975611209869385
No start-of-list reinstatement,0.0,0.75,37,0.02500000037252903
No start-of-list reinstatement,0.0,0.75,38,0.04878048598766327
No start-of-list reinstatement,0.0,0.75,39,0.0
No start-of-list reinstatement,0.0,0.75,40,0.0
No start-of-list reinstatement,0.0,0.75,41,0.012987012974917889
No start-of-list reinstatement,0.0,0.75,42,0.0
No start-of-list reinstatement,0.0,0.75,43,0.0
No start-of-list reinstatement,0.0,0.75,44,0.0
No start-of-list reinstatement,0.0,0.75,45,0.0
No start-of-list reinstatement,0.0,0.75,46,0.0
No start-of-list reinstatement,0.0,0.75,47,0.0
No start-of-list reinstatement,0.0,0.75,48,0.0
No start-of-list reinstatement,0.0,0.75,49,0.0
No start-of-list reinstatement,0.0,0.75,50,0.0
No start-of-list reinstatement,0.0,0.75,51,0.0
No start-of-list reinstatement,0.0,0.75,52,0.0
No start-of-list reinstatement,0.0,0.75,53,0.0
No start-of-list reinstatement,0.0,0.75,54,0.0
No start-of-list reinstatement,0.0,0.75,55,0.0
No start-of-list reinstatement,0.0,0.75,56,0.0
No start-of-list reinstatement,0.0,0.75,57,0.0
No start-of-list reinstatement,0.0,0.75,58,0.0
No start-of-list reinstatement,0.0,0.75,59,0.0
No start-of-list reinstatement,0.0,0.75,60,0.0
No start-of-list reinstatement,0.0,0.75,61,0.0
No start-of-list reinstatement,0.0,0.75,62,0.0
No start-of-list reinstatement,0.0,0.75,63,nan
No start-of-list reinstatement,0.0,1.0,-63,0.0
No start-of-list reinstatement,0.0,1.0,-62,0.0
No start-of-list reinstatement,0.0,1.0,-61,0.0
No start-of-list reinstatement,0.0,1.0,-60,0.0
No start-of-list reinstatement,0.0,1.0,-59,0.0
No start-of-list reinstatement,0.0,1.0,-58,0.0
No start-of-list reinstatement,0.0,1.0,-57,0.0
No start-of-list reinstatement,0.0,1.0,-56,0.0
No start-of-list reinstatement,0.0,1.0,-55,0.0
No start-of-list reinstatement,0.0,1.0,-54,0.0
No start-of-list reinstatement,0.0,1.0,-53,0.0
No start-of-list reinstatement,0.0,1.0,-52,0.0
No start-of-list reinstatement,0.0,1.0,-51,0.0
No start-of-list reinstatement,0.0,1.0,-50,0.0
No start-of-list reinstatement,0.0,1.0,-49,0.0
No start-of-list reinstatement,0.0,1.0,-48,0.0
No start-of-list reinstatement,0.0,1.0,-47,0.0
No start-of-list reinstatement,0.0,1.0,-46,0.0
No start-of-list reinstatement,0.0,1.0,-45,0.0
No start-of-list reinstatement,0.0,1.0,-44,3.2807321986183524e-05
No start-of-list reinstatement,0.0,1.0,-43,0.0
No start-of-list reinstatement,0.0,1.0,-42,0.0
No start-of-list reinstatement,0.0,1.0,-41,0.0
No start-of-list reinstatement,0.0,1.0,-40,0.0
No start-of-list reinstatement,0.0,1.0,-39,3.0615679861512035e-05
No start-of-list reinstatement,0.0,1.0,-38,0.0
No start-of-list reinstatement,0.0,1.0,-37,0.0
No start-of-list reinstatement,0.0,1.0,-36,0.0
No start-of-list reinstatement,0.0,1.0,-35,0.0
No start-of-list reinstatement,0.0,1.0,-34,0.0
No start-of-list reinstatement,0.0,1.0,-33,0.0
No start-of-list reinstatement,0.0,1.0,-32,3.0123203032417223e-05
No start-of-list reinstatement,0.0,1.0,-31,6.0246406064834446e-05
No start-of-list reinstatement,0.0,1.0,-30,0.0
No start-of-list reinstatement,0.0,1.0,-29,3.0123203032417223e-05
No start-of-list reinstatement,0.0,1.0,-28,6.0246406064834446e-05
No start-of-list reinstatement,0.0,1.0,-27,0.00015061601880006492
No start-of-list reinstatement,0.0,1.0,-26,0.00018073922547046095
No start-of-list reinstatement,0.0,1.0,-25,0.0003916016430594027
No start-of-list reinstatement,0.0,1.0,-24,0.00039161345921456814
No start-of-list reinstatement,0.0,1.0,-23,0.0006025003967806697
No start-of-list reinstatement,0.0,1.0,-22,0.0010243123397231102
No start-of-list reinstatement,0.0,1.0,-21,0.0009038595017045736
No start-of-list reinstatement,0.0,1.0,-20,0.001928407815285027
No start-of-list reinstatement,0.0,1.0,-19,0.002531798090785742
No start-of-list reinstatement,0.0,1.0,-18,0.00470261974260211
No start-of-list reinstatement,0.0,1.0,-17,0.00485568679869175
No start-of-list reinstatement,0.0,1.0,-16,0.008120264858007431
No start-of-list reinstatement,0.0,1.0,-15,0.00776435062289238
No start-of-list reinstatement,0.0,1.0,-14,0.009308229200541973
No start-of-list reinstatement,0.0,1.0,-13,0.010254083201289177
No start-of-list reinstatement,0.0,1.0,-12,0.01193360798060894
No start-of-list reinstatement,0.0,1.0,-11,0.01201091893017292
No start-of-list reinstatement,0.0,1.0,-10,0.014477766118943691
No start-of-list reinstatement,0.0,1.0,-9,0.017196616157889366
No start-of-list reinstatement,0.0,1.0,-8,0.021697040647268295
No start-of-list reinstatement,0.0,1.0,-7,0.027230482548475266
No start-of-list reinstatement,0.0,1.0,-6,0.03626290708780289
No start-of-list reinstatement,0.0,1.0,-5,0.04930637776851654
No start-of-list reinstatement,0.0,1.0,-4,0.06689196079969406
No start-of-list reinstatement,0.0,1.0,-3,0.08559636771678925
No start-of-list reinstatement,0.0,1.0,-2,0.10911985486745834
No start-of-list reinstatement,0.0,1.0,-1,0.14013202488422394
No start-of-list reinstatement,0.0,1.0,0,nan
No start-of-list reinstatement,0.0,1.0,1,0.24407628178596497
No start-of-list reinstatement,0.0,1.0,2,0.18045327067375183
No start-of-list reinstatement,0.0,1.0,3,0.1419769674539566
No start-of-list reinstatement,0.0,1.0,4,0.09660755842924118
No start-of-list reinstatement,0.0,1.0,5,0.07168679684400558
No start-of-list reinstatement,0.0,1.0,6,0.05596978962421417
No start-of-list reinstatement,0.0,1.0,7,0.0396987609565258
No start-of-list reinstatement,0.0,1.0,8,0.03416883572936058
No start-of-list reinstatement,0.0,1.0,9,0.023858126252889633
No start-of-list reinstatement,0.0,1.0,10,0.0217150766402483
No start-of-list reinstatement,0.0,1.0,11,0.013235294260084629
No start-of-list reinstatement,0.0,1.0,12,0.013283655047416687
No start-of-list reinstatement,0.0,1.0,13,0.012680521234869957
No start-of-list reinstatement,0.0,1.0,14,0.010810811072587967
No start-of-list reinstatement,0.0,1.0,15,0.009909521788358688
No start-of-list reinstatement,0.0,1.0,16,0.00775006040930748
No start-of-list reinstatement,0.0,1.0,17,0.006346328184008598
No start-of-list reinstatement,0.0,1.0,18,0.005818463861942291
No start-of-list reinstatement,0.0,1.0,19,0.0039781201630830765
No start-of-list reinstatement,0.0,1.0,20,0.004000000189989805
No start-of-list reinstatement,0.0,1.0,21,0.004314064048230648
No start-of-list reinstatement,0.0,1.0,22,0.006097560748457909
No start-of-list reinstatement,0.0,1.0,23,0.001683501643128693
No start-of-list reinstatement,0.0,1.0,24,0.002352941082790494
No start-of-list reinstatement,0.0,1.0,25,0.0
No start-of-list reinstatement,0.0,1.0,26,0.0
No start-of-list reinstatement,0.0,1.0,27,0.0
No start-of-list reinstatement,0.0,1.0,28,0.0
No start-of-list reinstatement,0.0,1.0,29,0.021739130839705467
No start-of-list reinstatement,0.0,1.0,30,0.0
No start-of-list reinstatement,0.0,1.0,31,0.0
No start-of-list reinstatement,0.0,1.0,32,0.0
No start-of-list reinstatement,0.0,1.0,33,0.0
No start-of-list reinstatement,0.0,1.0,34,0.0
No start-of-list reinstatement,0.0,1.0,35,0.0
No start-of-list reinstatement,0.0,1.0,36,0.0
No start-of-list reinstatement,0.0,1.0,37,0.0
No start-of-list reinstatement,0.0,1.0,38,0.0
No start-of-list reinstatement,0.0,1.0,39,0.0
No start-of-list reinstatement,0.0,1.0,40,0.0
No start-of-list reinstatement,0.0,1.0,41,0.0
No start-of-list reinstatement,0.0,1.0,42,0.0
No start-of-list reinstatement,0.0,1.0,43,0.0
No start-of-list reinstatement,0.0,1.0,44,0.0
No start-of-list reinstatement,0.0,1.0,45,0.0
No start-of-list reinstatement,0.0,1.0,46,0.0
No start-of-list reinstatement,0.0,1.0,47,0.0
No start-of-list reinstatement,0.0,1.0,48,0.0
No start-of-list reinstatement,0.0,1.0,49,0.0
No start-of-list reinstatement,0.0,1.0,50,nan
No start-of-list reinstatement,0.0,1.0,51,0.0
No start-of-list reinstatement,0.0,1.0,52,0.0
No start-of-list reinstatement,0.0,1.0,53,0.0
No start-of-list reinstatement,0.0,1.0,54,nan
No start-of-list reinstatement,0.0,1.0,55,nan
No start-of-list reinstatement,0.0,1.0,56,nan
No start-of-list reinstatement,0.0,1.0,57,nan
No start-of-list reinstatement,0.0,1.0,58,nan
No start-of-list reinstatement,0.0,1.0,59,nan
No start-of-list reinstatement,0.0,1.0,60,nan
No start-of-list reinstatement,0.0,1.0,61,nan
No start-of-list reinstatement,0.0,1.0,62,nan
No start-of-list reinstatement,0.0,1.0,63,nan
No start-of-list reinstatement,0.0,1.25,-63,0.0
No start-of-list reinstatement,0.0,1.25,-62,0.0
No start-of-list reinstatement,0.0,1.25,-61,0.0
No start-of-list reinstatement,0.0,1.25,-60,0.0
No start-of-list reinstatement,0.0,1.25,-59,0.0
No start-of-list reinstatement,0.0,1.25,-58,0.0
No start-of-list reinstatement,0.0,1.25,-57,0.0
No start-of-list reinstatement,0.0,1.25,-56,0.0
No start-of-list reinstatement,0.0,1.25,-55,0.0
No start-of-list reinstatement,0.0,1.25,-54,0.0
No start-of-list reinstatement,0.0,1.25,-53,0.0
No start-of-list reinstatement,0.0,1.25,-52,0.0
No start-of-list reinstatement,0.0,1.25,-51,0.0
No start-of-list reinstatement,0.0,1.25,-50,0.0
No start-of-list reinstatement,0.0,1.25,-49,0.0
No start-of-list reinstatement,0.0,1.25,-48,0.0
No start-of-list reinstatement,0.0,1.25,-47,0.0
No start-of-list reinstatement,0.0,1.25,-46,0.0
No start-of-list reinstatement,0.0,1.25,-45,0.0
No start-of-list reinstatement,0.0,1.25,-44,0.0
No start-of-list reinstatement,0.0,1.25,-43,0.0
No start-of-list reinstatement,0.0,1.25,-42,0.0
No start-of-list reinstatement,0.0,1.25,-41,0.0
No start-of-list reinstatement,0.0,1.25,-40,0.0
No start-of-list reinstatement,0.0,1.25,-39,0.0
No start-of-list reinstatement,0.0,1.25,-38,0.0
No start-of-list reinstatement,0.0,1.25,-37,0.0
No start-of-list reinstatement,0.0,1.25,-36,0.0
No start-of-list reinstatement,0.0,1.25,-35,0.0
No start-of-list reinstatement,0.0,1.25,-34,0.0
No start-of-list reinstatement,0.0,1.25,-33,0.0
No start-of-list reinstatement,0.0,1.25,-32,0.0
No start-of-list reinstatement,0.0,1.25,-31,0.0
No start-of-list reinstatement,0.0,1.25,-30,0.0
No start-of-list reinstatement,0.0,1.25,-29,0.0
No start-of-list reinstatement,0.0,1.25,-28,2.9728284062002786e-05
No start-of-list reinstatement,0.0,1.25,-27,2.9728284062002786e-05
No start-of-list reinstatement,0.0,1.25,-26,0.0
No start-of-list reinstatement,0.0,1.25,-25,8.918485400499776e-05
No start-of-list reinstatement,0.0,1.25,-24,0.0001486414112150669
No start-of-list reinstatement,0.0,1.25,-23,0.00011891313624801114
No start-of-list reinstatement,0.0,1.25,-22,0.00020810417481698096
No start-of-list reinstatement,0.0,1.25,-21,0.0005351090803742409
No start-of-list reinstatement,0.0,1.25,-20,0.0005945656448602676
No start-of-list reinstatement,0.0,1.25,-19,0.0012783542042598128
No start-of-list reinstatement,0.0,1.25,-18,0.0024380816612392664
No start-of-list reinstatement,0.0,1.25,-17,0.003122583730146289
No start-of-list reinstatement,0.0,1.25,-16,0.005563986022025347
No start-of-list reinstatement,0.0,1.25,-15,0.006279387976974249
No start-of-list reinstatement,0.0,1.25,-14,0.006640660110861063
No start-of-list reinstatement,0.0,1.25,-13,0.007444464135915041
No start-of-list reinstatement,0.0,1.25,-12,0.009117182344198227
No start-of-list reinstatement,0.0,1.25,-11,0.009397094137966633
No start-of-list reinstatement,0.0,1.25,-10,0.011049063876271248
No start-of-list reinstatement,0.0,1.25,-9,0.012685875408351421
No start-of-list reinstatement,0.0,1.25,-8,0.016075721010565758
No start-of-list reinstatement,0.0,1.25,-7,0.022905383259058
No start-of-list reinstatement,0.0,1.25,-6,0.03415321558713913
No start-of-list reinstatement,0.0,1.25,-5,0.045897338539361954
No start-of-list reinstatement,0.0,1.25,-4,0.0678381398320198
No start-of-list reinstatement,0.0,1.25,-3,0.09364593774080276
No start-of-list reinstatement,0.0,1.25,-2,0.1367640644311905
No start-of-list reinstatement,0.0,1.25,-1,0.17796257138252258
No start-of-list reinstatement,0.0,1.25,0,nan
No start-of-list reinstatement,0.0,1.25,1,0.32484593987464905
No start-of-list reinstatement,0.0,1.25,2,0.24035793542861938
No start-of-list reinstatement,0.0,1.25,3,0.17013166844844818
No start-of-list reinstatement,0.0,1.25,4,0.11869089305400848
No start-of-list reinstatement,0.0,1.25,5,0.07945343852043152
No start-of-list reinstatement,0.0,1.25,6,0.06001171097159386
No start-of-list reinstatement,0.0,1.25,7,0.03835436701774597
No start-of-list reinstatement,0.0,1.25,8,0.025976352393627167
No start-of-list reinstatement,0.0,1.25,9,0.016442155465483665
No start-of-list reinstatement,0.0,1.25,10,0.016720257699489594
No start-of-list reinstatement,0.0,1.25,11,0.013179571367800236
No start-of-list reinstatement,0.0,1.25,12,0.00903692189604044
No start-of-list reinstatement,0.0,1.25,13,0.00735510466620326
No start-of-list reinstatement,0.0,1.25,14,0.010437710210680962
No start-of-list reinstatement,0.0,1.25,15,0.006417970173060894
No start-of-list reinstatement,0.0,1.25,16,0.007075471803545952
No start-of-list reinstatement,0.0,1.25,17,0.0037499999161809683
No start-of-list reinstatement,0.0,1.25,18,0.0008488964522257447
No start-of-list reinstatement,0.0,1.25,19,0.0011560693383216858
No start-of-list reinstatement,0.0,1.25,20,0.0
No start-of-list reinstatement,0.0,1.25,21,0.0
No start-of-list reinstatement,0.0,1.25,22,0.003389830468222499
No start-of-list reinstatement,0.0,1.25,23,0.0
No start-of-list reinstatement,0.0,1.25,24,0.0
No start-of-list reinstatement,0.0,1.25,25,0.0
No start-of-list reinstatement,0.0,1.25,26,0.0
No start-of-list reinstatement,0.0,1.25,27,0.0
No start-of-list reinstatement,0.0,1.25,28,0.0
No start-of-list reinstatement,0.0,1.25,29,0.0
No start-of-list reinstatement,0.0,1.25,30,0.0
No start-of-list reinstatement,0.0,1.25,31,0.0
No start-of-list reinstatement,0.0,1.25,32,nan
No start-of-list reinstatement,0.0,1.25,33,nan
No start-of-list reinstatement,0.0,1.25,34,nan
No start-of-list reinstatement,0.0,1.25,35,nan
No start-of-list reinstatement,0.0,1.25,36,nan
No start-of-list reinstatement,0.0,1.25,37,nan
No start-of-list reinstatement,0.0,1.25,38,nan
No start-of-list reinstatement,0.0,1.25,39,nan
No start-of-list reinstatement,0.0,1.25,40,nan
No start-of-list reinstatement,0.0,1.25,41,nan
No start-of-list reinstatement,0.0,1.25,42,nan
No start-of-list reinstatement,0.0,1.25,43,nan
No start-of-list reinstatement,0.0,1.25,44,nan
No start-of-list reinstatement,0.0,1.25,45,nan
No start-of-list reinstatement,0.0,1.25,46,nan
No start-of-list reinstatement,0.0,1.25,47,nan
No start-of-list reinstatement,0.0,1.25,48,nan
No start-of-list reinstatement,0.0,1.25,49,nan
No start-of-list reinstatement,0.0,1.25,50,nan
No start-of-list reinstatement,0.0,1.25,51,nan
No start-of-list reinstatement,0.0,1.25,52,nan
No start-of-list reinstatement,0.0,1.25,53,nan
No start-of-list reinstatement,0.0,1.25,54,nan
No start-of-list reinstatement,0.0,1.25,55,nan
No start-of-list reinstatement,0.0,1.25,56,nan
No start-of-list reinstatement,0.0,1.25,57,nan
No start-of-list reinstatement,0.0,1.25,58,nan
No start-of-list reinstatement,0.0,1.25,59,nan
No start-of-list reinstatement,0.0,1.25,60,nan
No start-of-list reinstatement,0.0,1.25,61,nan
No start-of-list reinstatement,0.0,1.25,62,nan
No start-of-list reinstatement,0.0,1.25,63,nan
No start-of-list reinstatement,0.0,1.5,-63,0.0
No start-of-list reinstatement,0.0,1.5,-62,0.00011326310777803883
No start-of-list reinstatement,0.0,1.5,-61,0.0
No start-of-list reinstatement,0.0,1.5,-60,0.0
No start-of-list reinstatement,0.0,1.5,-59,0.0
No start-of-list reinstatement,0.0,1.5,-58,0.0
No start-of-list reinstatement,0.0,1.5,-57,0.0
No start-of-list reinstatement,0.0,1.5,-56,0.0
No start-of-list reinstatement,0.0,1.5,-55,0.0
No start-of-list reinstatement,0.0,1.5,-54,0.0
No start-of-list reinstatement,0.0,1.5,-53,0.0
No start-of-list reinstatement,0.0,1.5,-52,0.0
No start-of-list reinstatement,0.0,1.5,-51,0.0
No start-of-list reinstatement,0.0,1.5,-50,0.0
No start-of-list reinstatement,0.0,1.5,-49,0.0
No start-of-list reinstatement,0.0,1.5,-48,0.0
No start-of-list reinstatement,0.0,1.5,-47,0.0
No start-of-list reinstatement,0.0,1.5,-46,0.0
No start-of-list reinstatement,0.0,1.5,-45,0.0
No start-of-list reinstatement,0.0,1.5,-44,0.0
No start-of-list reinstatement,0.0,1.5,-43,0.0
No start-of-list reinstatement,0.0,1.5,-42,0.0
No start-of-list reinstatement,0.0,1.5,-41,0.0
No start-of-list reinstatement,0.0,1.5,-40,0.0
No start-of-list reinstatement,0.0,1.5,-39,0.0
No start-of-list reinstatement,0.0,1.5,-38,0.0
No start-of-list reinstatement,0.0,1.5,-37,0.0
No start-of-list reinstatement,0.0,1.5,-36,0.0
No start-of-list reinstatement,0.0,1.5,-35,0.0
No start-of-list reinstatement,0.0,1.5,-34,0.0
No start-of-list reinstatement,0.0,1.5,-33,0.0
No start-of-list reinstatement,0.0,1.5,-32,0.0
No start-of-list reinstatement,0.0,1.5,-31,0.0
No start-of-list reinstatement,0.0,1.5,-30,0.0
No start-of-list reinstatement,0.0,1.5,-29,0.0
No start-of-list reinstatement,0.0,1.5,-28,0.0
No start-of-list reinstatement,0.0,1.5,-27,0.0
No start-of-list reinstatement,0.0,1.5,-26,0.0
No start-of-list reinstatement,0.0,1.5,-25,6.027364361216314e-05
No start-of-list reinstatement,0.0,1.5,-24,0.0
No start-of-list reinstatement,0.0,1.5,-23,6.0271824622759596e-05
No start-of-list reinstatement,0.0,1.5,-22,0.00012054364924551919
No start-of-list reinstatement,0.0,1.5,-21,0.00024109457444865257
No start-of-list reinstatement,0.0,1.5,-20,0.0003013591340277344
No start-of-list reinstatement,0.0,1.5,-19,0.0005725823575630784
No start-of-list reinstatement,0.0,1.5,-18,0.0009342132834717631
No start-of-list reinstatement,0.0,1.5,-17,0.001959011424332857
No start-of-list reinstatement,0.0,1.5,-16,0.003737867111340165
No start-of-list reinstatement,0.0,1.5,-15,0.0038887045811861753
No start-of-list reinstatement,0.0,1.5,-14,0.005396767985075712
No start-of-list reinstatement,0.0,1.5,-13,0.0058823530562222
No start-of-list reinstatement,0.0,1.5,-12,0.008595729246735573
No start-of-list reinstatement,0.0,1.5,-11,0.008420608006417751
No start-of-list reinstatement,0.0,1.5,-10,0.00921199657022953
No start-of-list reinstatement,0.0,1.5,-9,0.009588916786015034
No start-of-list reinstatement,0.0,1.5,-8,0.013325661420822144
No start-of-list reinstatement,0.0,1.5,-7,0.016677826642990112
No start-of-list reinstatement,0.0,1.5,-6,0.026492709293961525
No start-of-list reinstatement,0.0,1.5,-5,0.04005615413188934
No start-of-list reinstatement,0.0,1.5,-4,0.06518537551164627
No start-of-list reinstatement,0.0,1.5,-3,0.10296548902988434
No start-of-list reinstatement,0.0,1.5,-2,0.15973114967346191
No start-of-list reinstatement,0.0,1.5,-1,0.21849636733531952
No start-of-list reinstatement,0.0,1.5,0,nan
No start-of-list reinstatement,0.0,1.5,1,0.40518757700920105
No start-of-list reinstatement,0.0,1.5,2,0.27630019187927246
No start-of-list reinstatement,0.0,1.5,3,0.19436457753181458
No start-of-list reinstatement,0.0,1.5,4,0.1242319792509079
No start-of-list reinstatement,0.0,1.5,5,0.08322686702013016
No start-of-list reinstatement,0.0,1.5,6,0.05233805254101753
No start-of-list reinstatement,0.0,1.5,7,0.03504560887813568
No start-of-list reinstatement,0.0,1.5,8,0.016853932291269302
No start-of-list reinstatement,0.0,1.5,9,0.018950438126921654
No start-of-list reinstatement,0.0,1.5,10,0.00938511360436678
No start-of-list reinstatement,0.0,1.5,11,0.008073394186794758
No start-of-list reinstatement,0.0,1.5,12,0.005877413786947727
No start-of-list reinstatement,0.0,1.5,13,0.008407517336308956
No start-of-list reinstatement,0.0,1.5,14,0.0035252643283456564
No start-of-list reinstatement,0.0,1.5,15,0.0043541365303099155
No start-of-list reinstatement,0.0,1.5,16,0.002722322940826416
No start-of-list reinstatement,0.0,1.5,17,0.004878048785030842
No start-of-list reinstatement,0.0,1.5,18,0.0
No start-of-list reinstatement,0.0,1.5,19,0.0
No start-of-list reinstatement,0.0,1.5,20,0.0
No start-of-list reinstatement,0.0,1.5,21,0.004950494971126318
No start-of-list reinstatement,0.0,1.5,22,0.0
No start-of-list reinstatement,0.0,1.5,23,0.0
No start-of-list reinstatement,0.0,1.5,24,0.0
No start-of-list reinstatement,0.0,1.5,25,0.029411764815449715
No start-of-list reinstatement,0.0,1.5,26,0.0
No start-of-list reinstatement,0.0,1.5,27,0.0
No start-of-list reinstatement,0.0,1.5,28,0.0
No start-of-list reinstatement,0.0,1.5,29,0.0
No start-of-list reinstatement,0.0,1.5,30,0.0
No start-of-list reinstatement,0.0,1.5,31,0.0
No start-of-list reinstatement,0.0,1.5,32,0.0
No start-of-list reinstatement,0.0,1.5,33,0.0
No start-of-list reinstatement,0.0,1.5,34,0.0
No start-of-list reinstatement,0.0,1.5,35,0.0
No start-of-list reinstatement,0.0,1.5,36,0.0
No start-of-list reinstatement,0.0,1.5,37,0.0
No start-of-list reinstatement,0.0,1.5,38,0.0
No start-of-list reinstatement,0.0,1.5,39,0.0
No start-of-list reinstatement,0.0,1.5,40,0.0
No start-of-list reinstatement,0.0,1.5,41,0.0
No start-of-list reinstatement,0.0,1.5,42,0.0
No start-of-list reinstatement,0.0,1.5,43,0.0
No start-of-list reinstatement,0.0,1.5,44,0.0
No start-of-list reinstatement,0.0,1.5,45,0.0
No start-of-list reinstatement,0.0,1.5,46,0.0
No start-of-list reinstatement,0.0,1.5,47,0.0
No start-of-list reinstatement,0.0,1.5,48,0.0
No start-of-list reinstatement,0.0,1.5,49,0.0
No start-of-list reinstatement,0.0,1.5,50,0.0
No start-of-list reinstatement,0.0,1.5,51,0.0
No start-of-list reinstatement,0.0,1.5,52,0.0
No start-of-list reinstatement,0.0,1.5,53,0.0
No start-of-list reinstatement,0.0,1.5,54,0.0
No start-of-list reinstatement,0.0,1.5,55,0.0
No start-of-list reinstatement,0.0,1.5,56,0.0
No start-of-list reinstatement,0.0,1.5,57,0.0
No start-of-list reinstatement,0.0,1.5,58,0.0
No start-of-list reinstatement,0.0,1.5,59,0.0
No start-of-list reinstatement,0.0,1.5,60,0.0
No start-of-list reinstatement,0.0,1.5,61,0.0
No start-of-list reinstatement,0.0,1.5,62,nan
No start-of-list reinstatement,0.0,1.5,63,nan
No start-of-list reinstatement,0.0,1.75,-63,0.0
No start-of-list reinstatement,0.0,1.75,-62,0.0
No start-of-list reinstatement,0.0,1.75,-61,0.0
No start-of-list reinstatement,0.0,1.75,-60,0.0
No start-of-list reinstatement,0.0,1.75,-59,0.0
No start-of-list reinstatement,0.0,1.75,-58,0.0
No start-of-list reinstatement,0.0,1.75,-57,0.0
No start-of-list reinstatement,0.0,1.75,-56,0.0
No start-of-list reinstatement,0.0,1.75,-55,0.0
No start-of-list reinstatement,0.0,1.75,-54,0.0
No start-of-list reinstatement,0.0,1.75,-53,0.0
No start-of-list reinstatement,0.0,1.75,-52,0.0
No start-of-list reinstatement,0.0,1.75,-51,0.0
No start-of-list reinstatement,0.0,1.75,-50,0.0
No start-of-list reinstatement,0.0,1.75,-49,0.0
No start-of-list reinstatement,0.0,1.75,-48,0.0
No start-of-list reinstatement,0.0,1.75,-47,0.0
No start-of-list reinstatement,0.0,1.75,-46,0.0
No start-of-list reinstatement,0.0,1.75,-45,0.0
No start-of-list reinstatement,0.0,1.75,-44,0.0
No start-of-list reinstatement,0.0,1.75,-43,0.0
No start-of-list reinstatement,0.0,1.75,-42,0.0
No start-of-list reinstatement,0.0,1.75,-41,0.0
No start-of-list reinstatement,0.0,1.75,-40,0.0
No start-of-list reinstatement,0.0,1.75,-39,0.0
No start-of-list reinstatement,0.0,1.75,-38,0.0
No start-of-list reinstatement,0.0,1.75,-37,0.0
No start-of-list reinstatement,0.0,1.75,-36,0.0
No start-of-list reinstatement,0.0,1.75,-35,0.0
No start-of-list reinstatement,0.0,1.75,-34,0.0
No start-of-list reinstatement,0.0,1.75,-33,0.0
No start-of-list reinstatement,0.0,1.75,-32,0.0
No start-of-list reinstatement,0.0,1.75,-31,0.0
No start-of-list reinstatement,0.0,1.75,-30,0.0
No start-of-list reinstatement,0.0,1.75,-29,0.0
No start-of-list reinstatement,0.0,1.75,-28,0.0
No start-of-list reinstatement,0.0,1.75,-27,0.0
No start-of-list reinstatement,0.0,1.75,-26,0.0
No start-of-list reinstatement,0.0,1.75,-25,0.0
No start-of-list reinstatement,0.0,1.75,-24,0.0
No start-of-list reinstatement,0.0,1.75,-23,0.0
No start-of-list reinstatement,0.0,1.75,-22,3.0153178158798255e-05
No start-of-list reinstatement,0.0,1.75,-21,6.030635631759651e-05
No start-of-list reinstatement,0.0,1.75,-20,0.00021107224165461957
No start-of-list reinstatement,0.0,1.75,-19,0.00030153177795000374
No start-of-list reinstatement,0.0,1.75,-18,0.00045229768147692084
No start-of-list reinstatement,0.0,1.75,-17,0.0010855471482500434
No start-of-list reinstatement,0.0,1.75,-16,0.0016887816600501537
No start-of-list reinstatement,0.0,1.75,-15,0.002714031608775258
No start-of-list reinstatement,0.0,1.75,-14,0.003981180023401976
No start-of-list reinstatement,0.0,1.75,-13,0.0044031604193151
No start-of-list reinstatement,0.0,1.75,-12,0.00615328922867775
No start-of-list reinstatement,0.0,1.75,-11,0.007543526124209166
No start-of-list reinstatement,0.0,1.75,-10,0.007937226444482803
No start-of-list reinstatement,0.0,1.75,-9,0.007068632170557976
No start-of-list reinstatement,0.0,1.75,-8,0.01042957790195942
No start-of-list reinstatement,0.0,1.75,-7,0.013583166524767876
No start-of-list reinstatement,0.0,1.75,-6,0.02040567249059677
No start-of-list reinstatement,0.0,1.75,-5,0.03578363358974457
No start-of-list reinstatement,0.0,1.75,-4,0.063866026699543
No start-of-list reinstatement,0.0,1.75,-3,0.1074860468506813
No start-of-list reinstatement,0.0,1.75,-2,0.17573010921478271
No start-of-list reinstatement,0.0,1.75,-1,0.2587466239929199
No start-of-list reinstatement,0.0,1.75,0,nan
No start-of-list reinstatement,0.0,1.75,1,0.4853060245513916
No start-of-list reinstatement,0.0,1.75,2,0.3155771493911743
No start-of-list reinstatement,0.0,1.75,3,0.21459943056106567
No start-of-list reinstatement,0.0,1.75,4,0.12630480527877808
No start-of-list reinstatement,0.0,1.75,5,0.07409410178661346
No start-of-list reinstatement,0.0,1.75,6,0.0419955812394619
No start-of-list reinstatement,0.0,1.75,7,0.023962803184986115
No start-of-list reinstatement,0.0,1.75,8,0.018065033480525017
No start-of-list reinstatement,0.0,1.75,9,0.013728964142501354
No start-of-list reinstatement,0.0,1.75,10,0.0061006611213088036
No start-of-list reinstatement,0.0,1.75,11,0.00909090880304575
No start-of-list reinstatement,0.0,1.75,12,0.007507507689297199
No start-of-list reinstatement,0.0,1.75,13,0.0037629350554198027
No start-of-list reinstatement,0.0,1.75,14,0.004907975438982248
No start-of-list reinstatement,0.0,1.75,15,0.004926108289510012
No start-of-list reinstatement,0.0,1.75,16,0.002197802299633622
No start-of-list reinstatement,0.0,1.75,17,0.0
No start-of-list reinstatement,0.0,1.75,18,0.0
No start-of-list reinstatement,0.0,1.75,19,0.0
No start-of-list reinstatement,0.0,1.75,20,0.0
No start-of-list reinstatement,0.0,1.75,21,0.0
No start-of-list reinstatement,0.0,1.75,22,0.0
No start-of-list reinstatement,0.0,1.75,23,0.0
No start-of-list reinstatement,0.0,1.75,24,0.0
No start-of-list reinstatement,0.0,1.75,25,0.0
No start-of-list reinstatement,0.0,1.75,26,0.0
No start-of-list reinstatement,0.0,1.75,27,0.0
No start-of-list reinstatement,0.0,1.75,28,0.0
No start-of-list reinstatement,0.0,1.75,29,0.0
No start-of-list reinstatement,0.0,1.75,30,0.0
No start-of-list reinstatement,0.0,1.75,31,nan
No start-of-list reinstatement,0.0,1.75,32,nan
No start-of-list reinstatement,0.0,1.75,33,nan
No start-of-list reinstatement,0.0,1.75,34,nan
No start-of-list reinstatement,0.0,1.75,35,nan
No start-of-list reinstatement,0.0,1.75,36,nan
No start-of-list reinstatement,0.0,1.75,37,nan
No start-of-list reinstatement,0.0,1.75,38,nan
No start-of-list reinstatement,0.0,1.75,39,nan
No start-of-list reinstatement,0.0,1.75,40,nan
No start-of-list reinstatement,0.0,1.75,41,nan
No start-of-list reinstatement,0.0,1.75,42,nan
No start-of-list reinstatement,0.0,1.75,43,nan
No start-of-list reinstatement,0.0,1.75,44,nan
No start-of-list reinstatement,0.0,1.75,45,nan
No start-of-list reinstatement,0.0,1.75,46,nan
No start-of-list reinstatement,0.0,1.75,47,nan
No start-of-list reinstatement,0.0,1.75,48,nan
No start-of-list reinstatement,0.0,1.75,49,nan
No start-of-list reinstatement,0.0,1.75,50,nan
No start-of-list reinstatement,0.0,1.75,51,nan
No start-of-list reinstatement,0.0,1.75,52,nan
No start-of-list reinstatement,0.0,1.75,53,nan
No start-of-list reinstatement,0.0,1.75,54,nan
No start-of-list reinstatement,0.0,1.75,55,nan
No start-of-list reinstatement,0.0,1.75,56,nan
No start-of-list reinstatement,0.0,1.75,57,nan
No start-of-list reinstatement,0.0,1.75,58,nan
No start-of-list reinstatement,0.0,1.75,59,nan
No start-of-list reinstatement,0.0,1.75,60,nan
No start-of-list reinstatement,0.0,1.75,61,nan
No start-of-list reinstatement,0.0,1.75,62,nan
No start-of-list reinstatement,0.0,1.75,63,nan
No start-of-list reinstatement,0.0,2.0,-63,0.0
No start-of-list reinstatement,0.0,2.0,-62,0.0
No start-of-list reinstatement,0.0,2.0,-61,0.0
No start-of-list reinstatement,0.0,2.0,-60,0.0
No start-of-list reinstatement,0.0,2.0,-59,0.0
No start-of-list reinstatement,0.0,2.0,-58,0.0
No start-of-list reinstatement,0.0,2.0,-57,0.0
No start-of-list reinstatement,0.0,2.0,-56,0.0
No start-of-list reinstatement,0.0,2.0,-55,0.0
No start-of-list reinstatement,0.0,2.0,-54,0.0
No start-of-list reinstatement,0.0,2.0,-53,0.0
No start-of-list reinstatement,0.0,2.0,-52,0.0
No start-of-list reinstatement,0.0,2.0,-51,0.0
No start-of-list reinstatement,0.0,2.0,-50,0.0
No start-of-list reinstatement,0.0,2.0,-49,3.1823823519516736e-05
No start-of-list reinstatement,0.0,2.0,-48,0.0
No start-of-list reinstatement,0.0,2.0,-47,0.0
No start-of-list reinstatement,0.0,2.0,-46,0.0
No start-of-list reinstatement,0.0,2.0,-45,0.0
No start-of-list reinstatement,0.0,2.0,-44,0.0
No start-of-list reinstatement,0.0,2.0,-43,0.0
No start-of-list reinstatement,0.0,2.0,-42,0.0
No start-of-list reinstatement,0.0,2.0,-41,0.0
No start-of-list reinstatement,0.0,2.0,-40,0.0
No start-of-list reinstatement,0.0,2.0,-39,0.0
No start-of-list reinstatement,0.0,2.0,-38,0.0
No start-of-list reinstatement,0.0,2.0,-37,0.0
No start-of-list reinstatement,0.0,2.0,-36,0.0
No start-of-list reinstatement,0.0,2.0,-35,0.0
No start-of-list reinstatement,0.0,2.0,-34,0.0
No start-of-list reinstatement,0.0,2.0,-33,0.0
No start-of-list reinstatement,0.0,2.0,-32,0.0
No start-of-list reinstatement,0.0,2.0,-31,0.0
No start-of-list reinstatement,0.0,2.0,-30,0.0
No start-of-list reinstatement,0.0,2.0,-29,0.0
No start-of-list reinstatement,0.0,2.0,-28,0.0
No start-of-list reinstatement,0.0,2.0,-27,0.0
No start-of-list reinstatement,0.0,2.0,-26,0.0
No start-of-list reinstatement,0.0,2.0,-25,0.0
No start-of-list reinstatement,0.0,2.0,-24,0.0
No start-of-list reinstatement,0.0,2.0,-23,2.9921306122560054e-05
No start-of-list reinstatement,0.0,2.0,-22,2.9922202884336002e-05
No start-of-list reinstatement,0.0,2.0,-21,2.9921306122560054e-05
No start-of-list reinstatement,0.0,2.0,-20,8.97666031960398e-05
No start-of-list reinstatement,0.0,2.0,-19,0.00011968522449024022
No start-of-list reinstatement,0.0,2.0,-18,0.00029921307577751577
No start-of-list reinstatement,0.0,2.0,-17,0.000209449150133878
No start-of-list reinstatement,0.0,2.0,-16,0.0011070884065702558
No start-of-list reinstatement,0.0,2.0,-15,0.0019150209845975041
No start-of-list reinstatement,0.0,2.0,-14,0.0025135402102023363
No start-of-list reinstatement,0.0,2.0,-13,0.0038903518579900265
No start-of-list reinstatement,0.0,2.0,-12,0.0049979048781096935
No start-of-list reinstatement,0.0,2.0,-11,0.006853824947029352
No start-of-list reinstatement,0.0,2.0,-10,0.007902299053966999
No start-of-list reinstatement,0.0,2.0,-9,0.007605701219290495
No start-of-list reinstatement,0.0,2.0,-8,0.00742915365844965
No start-of-list reinstatement,0.0,2.0,-7,0.010081310756504536
No start-of-list reinstatement,0.0,2.0,-6,0.016193600371479988
No start-of-list reinstatement,0.0,2.0,-5,0.029169827699661255
No start-of-list reinstatement,0.0,2.0,-4,0.0557013601064682
No start-of-list reinstatement,0.0,2.0,-3,0.10735911130905151
No start-of-list reinstatement,0.0,2.0,-2,0.19580736756324768
No start-of-list reinstatement,0.0,2.0,-1,0.29407575726509094
No start-of-list reinstatement,0.0,2.0,0,nan
No start-of-list reinstatement,0.0,2.0,1,0.5597177743911743
No start-of-list reinstatement,0.0,2.0,2,0.3453076481819153
No start-of-list reinstatement,0.0,2.0,3,0.20245885848999023
No start-of-list reinstatement,0.0,2.0,4,0.12464509159326553
No start-of-list reinstatement,0.0,2.0,5,0.0692167580127716
No start-of-list reinstatement,0.0,2.0,6,0.028102032840251923
No start-of-list reinstatement,0.0,2.0,7,0.020143885165452957
No start-of-list reinstatement,0.0,2.0,8,0.010111761279404163
No start-of-list reinstatement,0.0,2.0,9,0.01016138680279255
No start-of-list reinstatement,0.0,2.0,10,0.00800000037997961
No start-of-list reinstatement,0.0,2.0,11,0.0036166366189718246
No start-of-list reinstatement,0.0,2.0,12,0.0011402508243918419
No start-of-list reinstatement,0.0,2.0,13,0.002994012087583542
No start-of-list reinstatement,0.0,2.0,14,0.0
No start-of-list reinstatement,0.0,2.0,15,0.0
No start-of-list reinstatement,0.0,2.0,16,0.0
No start-of-list reinstatement,0.0,2.0,17,0.0
No start-of-list reinstatement,0.0,2.0,18,0.0
No start-of-list reinstatement,0.0,2.0,19,0.0
No start-of-list reinstatement,0.0,2.0,20,0.022727273404598236
No start-of-list reinstatement,0.0,2.0,21,0.0
No start-of-list reinstatement,0.0,2.0,22,0.0
No start-of-list reinstatement,0.0,2.0,23,0.0
No start-of-list reinstatement,0.0,2.0,24,0.0
No start-of-list reinstatement,0.0,2.0,25,0.0
No start-of-list reinstatement,0.0,2.0,26,0.0
No start-of-list reinstatement,0.0,2.0,27,0.0
No start-of-list reinstatement,0.0,2.0,28,0.0
No start-of-list reinstatement,0.0,2.0,29,0.0
No start-of-list reinstatement,0.0,2.0,30,0.0
No start-of-list reinstatement,0.0,2.0,31,0.0
No start-of-list reinstatement,0.0,2.0,32,0.0
No start-of-list reinstatement,0.0,2.0,33,0.0
No start-of-list reinstatement,0.0,2.0,34,0.0
No start-of-list reinstatement,0.0,2.0,35,0.0
No start-of-list reinstatement,0.0,2.0,36,0.0
No start-of-list reinstatement,0.0,2.0,37,0.0
No start-of-list reinstatement,0.0,2.0,38,0.0
No start-of-list reinstatement,0.0,2.0,39,0.0
No start-of-list reinstatement,0.0,2.0,40,0.0
No start-of-list reinstatement,0.0,2.0,41,0.0
No start-of-list reinstatement,0.0,2.0,42,0.0
No start-of-list reinstatement,0.0,2.0,43,0.0
No start-of-list reinstatement,0.0,2.0,44,0.0
No start-of-list reinstatement,0.0,2.0,45,0.0
No start-of-list reinstatement,0.0,2.0,46,0.0
No start-of-list reinstatement,0.0,2.0,47,0.0
No start-of-list reinstatement,0.0,2.0,48,0.0
No start-of-list reinstatement,0.0,2.0,49,nan
No start-of-list reinstatement,0.0,2.0,50,nan
No start-of-list reinstatement,0.0,2.0,51,nan
No start-of-list reinstatement,0.0,2.0,52,nan
No start-of-list reinstatement,0.0,2.0,53,nan
No start-of-list reinstatement,0.0,2.0,54,nan
No start-of-list reinstatement,0.0,2.0,55,nan
No start-of-list reinstatement,0.0,2.0,56,nan
No start-of-list reinstatement,0.0,2.0,57,nan
No start-of-list reinstatement,0.0,2.0,58,nan
No start-of-list reinstatement,0.0,2.0,59,nan
No start-of-list reinstatement,0.0,2.0,60,nan
No start-of-list reinstatement,0.0,2.0,61,nan
No start-of-list reinstatement,0.0,2.0,62,nan
No start-of-list reinstatement,0.0,2.0,63,nan
With start-of-list reinstatement,1.0,0.0,-63,0.010438413359224796
With start-of-list reinstatement,1.0,0.0,-62,0.00927835050970316
With start-of-list reinstatement,1.0,0.0,-61,0.014550264924764633
With start-of-list reinstatement,1.0,0.0,-60,0.015075377188622952
With start-of-list reinstatement,1.0,0.0,-59,0.014551334083080292
With start-of-list reinstatement,1.0,0.0,-58,0.0162491537630558
With start-of-list reinstatement,1.0,0.0,-57,0.020252421498298645
With start-of-list reinstatement,1.0,0.0,-56,0.01741803251206875
With start-of-list reinstatement,1.0,0.0,-55,0.017748819664120674
With start-of-list reinstatement,1.0,0.0,-54,0.015970515087246895
With start-of-list reinstatement,1.0,0.0,-53,0.017504654824733734
With start-of-list reinstatement,1.0,0.0,-52,0.019308943301439285
With start-of-list reinstatement,1.0,0.0,-51,0.018250472843647003
With start-of-list reinstatement,1.0,0.0,-50,0.01582232490181923
With start-of-list reinstatement,1.0,0.0,-49,0.017043905332684517
With start-of-list reinstatement,1.0,0.0,-48,0.01642475090920925
With start-of-list reinstatement,1.0,0.0,-47,0.017381923273205757
With start-of-list reinstatement,1.0,0.0,-46,0.017292378470301628
With start-of-list reinstatement,1.0,0.0,-45,0.01855625957250595
With start-of-list reinstatement,1.0,0.0,-44,0.016158724203705788
With start-of-list reinstatement,1.0,0.0,-43,0.016472868621349335
With start-of-list reinstatement,1.0,0.0,-42,0.015420343726873398
With start-of-list reinstatement,1.0,0.0,-41,0.016558930277824402
With start-of-list reinstatement,1.0,0.0,-40,0.01730457693338394
With start-of-list reinstatement,1.0,0.0,-39,0.017556753009557724
With start-of-list reinstatement,1.0,0.0,-38,0.015838168561458588
With start-of-list reinstatement,1.0,0.0,-37,0.016511399298906326
With start-of-list reinstatement,1.0,0.0,-36,0.016867469996213913
With start-of-list reinstatement,1.0,0.0,-35,0.01628825254738331
With start-of-list reinstatement,1.0,0.0,-34,0.014649768359959126
With start-of-list reinstatement,1.0,0.0,-33,0.017879527062177658
With start-of-list reinstatement,1.0,0.0,-32,0.01688435859978199
With start-of-list reinstatement,1.0,0.0,-31,0.01725519262254238
With start-of-list reinstatement,1.0,0.0,-30,0.01662977784872055
With start-of-list reinstatement,1.0,0.0,-29,0.017061665654182434
With start-of-list reinstatement,1.0,0.0,-28,0.01660056598484516
With start-of-list reinstatement,1.0,0.0,-27,0.015349787659943104
With start-of-list reinstatement,1.0,0.0,-26,0.01670258678495884
With start-of-list reinstatement,1.0,0.0,-25,0.01587551087141037
With start-of-list reinstatement,1.0,0.0,-24,0.015898089855909348
With start-of-list reinstatement,1.0,0.0,-23,0.016925526782870293
With start-of-list reinstatement,1.0,0.0,-22,0.017636770382523537
With start-of-list reinstatement,1.0,0.0,-21,0.016842205077409744
With start-of-list reinstatement,1.0,0.0,-20,0.01773691736161709
With start-of-list reinstatement,1.0,0.0,-19,0.01687457412481308
With start-of-list reinstatement,1.0,0.0,-18,0.0162833109498024
With start-of-list reinstatement,1.0,0.0,-17,0.017213650047779083
With start-of-list reinstatement,1.0,0.0,-16,0.018053608015179634
With start-of-list reinstatement,1.0,0.0,-15,0.016581950709223747
With start-of-list reinstatement,1.0,0.0,-14,0.017110422253608704
With start-of-list reinstatement,1.0,0.0,-13,0.01778830774128437
With start-of-list reinstatement,1.0,0.0,-12,0.018254466354846954
With start-of-list reinstatement,1.0,0.0,-11,0.016563305631279945
With start-of-list reinstatement,1.0,0.0,-10,0.016194332391023636
With start-of-list reinstatement,1.0,0.0,-9,0.01580060087144375
With start-of-list reinstatement,1.0,0.0,-8,0.016504181548953056
With start-of-list reinstatement,1.0,0.0,-7,0.01723521389067173
With start-of-list reinstatement,1.0,0.0,-6,0.015769096091389656
With start-of-list reinstatement,1.0,0.0,-5,0.01820388436317444
With start-of-list reinstatement,1.0,0.0,-4,0.016102127730846405
With start-of-list reinstatement,1.0,0.0,-3,0.01434254925698042
With start-of-list reinstatement,1.0,0.0,-2,0.016955848783254623
With start-of-list reinstatement,1.0,0.0,-1,0.01741945929825306
With start-of-list reinstatement,1.0,0.0,0,nan
With start-of-list reinstatement,1.0,0.0,1,0.016443321481347084
With start-of-list reinstatement,1.0,0.0,2,0.016763081774115562
With start-of-list reinstatement,1.0,0.0,3,0.01537997554987669
With start-of-list reinstatement,1.0,0.0,4,0.017253724858164787
With start-of-list reinstatement,1.0,0.0,5,0.017393112182617188
With start-of-list reinstatement,1.0,0.0,6,0.016674287617206573
With start-of-list reinstatement,1.0,0.0,7,0.016186213120818138
With start-of-list reinstatement,1.0,0.0,8,0.017353657633066177
With start-of-list reinstatement,1.0,0.0,9,0.017405180260539055
With start-of-list reinstatement,1.0,0.0,10,0.01634085550904274
With start-of-list reinstatement,1.0,0.0,11,0.016413606703281403
With start-of-list reinstatement,1.0,0.0,12,0.016307558864355087
With start-of-list reinstatement,1.0,0.0,13,0.017643757164478302
With start-of-list reinstatement,1.0,0.0,14,0.01675041951239109
With start-of-list reinstatement,1.0,0.0,15,0.01714523509144783
With start-of-list reinstatement,1.0,0.0,16,0.01621621660888195
With start-of-list reinstatement,1.0,0.0,17,0.01679290272295475
With start-of-list reinstatement,1.0,0.0,18,0.01702957972884178
With start-of-list reinstatement,1.0,0.0,19,0.016770441085100174
With start-of-list reinstatement,1.0,0.0,20,0.016335785388946533
With start-of-list reinstatement,1.0,0.0,21,0.01699340157210827
With start-of-list reinstatement,1.0,0.0,22,0.01688336953520775
With start-of-list reinstatement,1.0,0.0,23,0.01589912362396717
With start-of-list reinstatement,1.0,0.0,24,0.016754355281591415
With start-of-list reinstatement,1.0,0.0,25,0.016569403931498528
With start-of-list reinstatement,1.0,0.0,26,0.017154498025774956
With start-of-list reinstatement,1.0,0.0,27,0.015484295785427094
With start-of-list reinstatement,1.0,0.0,28,0.01657802425324917
With start-of-list reinstatement,1.0,0.0,29,0.01754182204604149
With start-of-list reinstatement,1.0,0.0,30,0.014257472939789295
With start-of-list reinstatement,1.0,0.0,31,0.0166174303740263
With start-of-list reinstatement,1.0,0.0,32,0.016200294718146324
With start-of-list reinstatement,1.0,0.0,33,0.01752767525613308
With start-of-list reinstatement,1.0,0.0,34,0.016454748809337616
With start-of-list reinstatement,1.0,0.0,35,0.01808585412800312
With start-of-list reinstatement,1.0,0.0,36,0.018263842910528183
With start-of-list reinstatement,1.0,0.0,37,0.018184561282396317
With start-of-list reinstatement,1.0,0.0,38,0.016941213980317116
With start-of-list reinstatement,1.0,0.0,39,0.01673436164855957
With start-of-list reinstatement,1.0,0.0,40,0.018477708101272583
With start-of-list reinstatement,1.0,0.0,41,0.017683465033769608
With start-of-list reinstatement,1.0,0.0,42,0.01804315485060215
With start-of-list reinstatement,1.0,0.0,43,0.017336562275886536
With start-of-list reinstatement,1.0,0.0,44,0.017501264810562134
With start-of-list reinstatement,1.0,0.0,45,0.015551265329122543
With start-of-list reinstatement,1.0,0.0,46,0.016410140320658684
With start-of-list reinstatement,1.0,0.0,47,0.014499700628221035
With start-of-list reinstatement,1.0,0.0,48,0.01518244482576847
With start-of-list reinstatement,1.0,0.0,49,0.019991839304566383
With start-of-list reinstatement,1.0,0.0,50,0.0179169699549675
With start-of-list reinstatement,1.0,0.0,51,0.01706484705209732
With start-of-list reinstatement,1.0,0.0,52,0.01499148178845644
With start-of-list reinstatement,1.0,0.0,53,0.018275799229741096
With start-of-list reinstatement,1.0,0.0,54,0.017094017937779427
With start-of-list reinstatement,1.0,0.0,55,0.012434998527169228
With start-of-list reinstatement,1.0,0.0,56,0.016112789511680603
With start-of-list reinstatement,1.0,0.0,57,0.019607843831181526
With start-of-list reinstatement,1.0,0.0,58,0.014965081587433815
With start-of-list reinstatement,1.0,0.0,59,0.019739439710974693
With start-of-list reinstatement,1.0,0.0,60,0.019461078569293022
With start-of-list reinstatement,1.0,0.0,61,0.018766755238175392
With start-of-list reinstatement,1.0,0.0,62,0.013806706294417381
With start-of-list reinstatement,1.0,0.0,63,0.0191938579082489
With start-of-list reinstatement,1.0,0.25,-63,0.03691275045275688
With start-of-list reinstatement,1.0,0.25,-62,0.016740087419748306
With start-of-list reinstatement,1.0,0.25,-61,0.022578729316592216
With start-of-list reinstatement,1.0,0.25,-60,0.024412713944911957
With start-of-list reinstatement,1.0,0.25,-59,0.019267095252871513
With start-of-list reinstatement,1.0,0.25,-58,0.016129031777381897
With start-of-list reinstatement,1.0,0.25,-57,0.016366157680749893
With start-of-list reinstatement,1.0,0.25,-56,0.014921661466360092
With start-of-list reinstatement,1.0,0.25,-55,0.01632014289498329
With start-of-list reinstatement,1.0,0.25,-54,0.01683911494910717
With start-of-list reinstatement,1.0,0.25,-53,0.013878608122467995
With start-of-list reinstatement,1.0,0.25,-52,0.012935495004057884
With start-of-list reinstatement,1.0,0.25,-51,0.015647685155272484
With start-of-list reinstatement,1.0,0.25,-50,0.0108744902536273
With start-of-list reinstatement,1.0,0.25,-49,0.012029436416924
With start-of-list reinstatement,1.0,0.25,-48,0.010947930626571178
With start-of-list reinstatement,1.0,0.25,-47,0.011942480690777302
With start-of-list reinstatement,1.0,0.25,-46,0.010662177577614784
With start-of-list reinstatement,1.0,0.25,-45,0.010083160363137722
With start-of-list reinstatement,1.0,0.25,-44,0.01034616120159626
With start-of-list reinstatement,1.0,0.25,-43,0.011173691600561142
With start-of-list reinstatement,1.0,0.25,-42,0.011242654174566269
With start-of-list reinstatement,1.0,0.25,-41,0.010639148764312267
With start-of-list reinstatement,1.0,0.25,-40,0.011685766279697418
With start-of-list reinstatement,1.0,0.25,-39,0.01124955527484417
With start-of-list reinstatement,1.0,0.25,-38,0.010948904789984226
With start-of-list reinstatement,1.0,0.25,-37,0.008656620979309082
With start-of-list reinstatement,1.0,0.25,-36,0.00925812404602766
With start-of-list reinstatement,1.0,0.25,-35,0.010628357529640198
With start-of-list reinstatement,1.0,0.25,-34,0.010203512385487556
With start-of-list reinstatement,1.0,0.25,-33,0.009495865553617477
With start-of-list reinstatement,1.0,0.25,-32,0.011514841578900814
With start-of-list reinstatement,1.0,0.25,-31,0.010560519993305206
With start-of-list reinstatement,1.0,0.25,-30,0.011439225636422634
With start-of-list reinstatement,1.0,0.25,-29,0.010556861758232117
With start-of-list reinstatement,1.0,0.25,-28,0.01170312613248825
With start-of-list reinstatement,1.0,0.25,-27,0.01066484022885561
With start-of-list reinstatement,1.0,0.25,-26,0.011939865536987782
With start-of-list reinstatement,1.0,0.25,-25,0.012603632174432278
With start-of-list reinstatement,1.0,0.25,-24,0.012583971954882145
With start-of-list reinstatement,1.0,0.25,-23,0.013441363349556923
With start-of-list reinstatement,1.0,0.25,-22,0.01214556209743023
With start-of-list reinstatement,1.0,0.25,-21,0.014649681746959686
With start-of-list reinstatement,1.0,0.25,-20,0.013669678941369057
With start-of-list reinstatement,1.0,0.25,-19,0.012731225229799747
With start-of-list reinstatement,1.0,0.25,-18,0.015882018953561783
With start-of-list reinstatement,1.0,0.25,-17,0.013483243063092232
With start-of-list reinstatement,1.0,0.25,-16,0.015086024068295956
With start-of-list reinstatement,1.0,0.25,-15,0.014127354137599468
With start-of-list reinstatement,1.0,0.25,-14,0.013705938123166561
With start-of-list reinstatement,1.0,0.25,-13,0.015186396427452564
With start-of-list reinstatement,1.0,0.25,-12,0.015999682247638702
With start-of-list reinstatement,1.0,0.25,-11,0.01751025952398777
With start-of-list reinstatement,1.0,0.25,-10,0.017244039103388786
With start-of-list reinstatement,1.0,0.25,-9,0.017342794686555862
With start-of-list reinstatement,1.0,0.25,-8,0.0205428097397089
With start-of-list reinstatement,1.0,0.25,-7,0.019280394539237022
With start-of-list reinstatement,1.0,0.25,-6,0.022279035300016403
With start-of-list reinstatement,1.0,0.25,-5,0.021701637655496597
With start-of-list reinstatement,1.0,0.25,-4,0.022356066852808
With start-of-list reinstatement,1.0,0.25,-3,0.02580329403281212
With start-of-list reinstatement,1.0,0.25,-2,0.03014764003455639
With start-of-list reinstatement,1.0,0.25,-1,0.028245922178030014
With start-of-list reinstatement,1.0,0.25,0,nan
With start-of-list reinstatement,1.0,0.25,1,0.037251655012369156
With start-of-list reinstatement,1.0,0.25,2,0.032956305891275406
With start-of-list reinstatement,1.0,0.25,3,0.03263276070356369
With start-of-list reinstatement,1.0,0.25,4,0.029726268723607063
With start-of-list reinstatement,1.0,0.25,5,0.026839522644877434
With start-of-list reinstatement,1.0,0.25,6,0.02575412578880787
With start-of-list reinstatement,1.0,0.25,7,0.020172495394945145
With start-of-list reinstatement,1.0,0.25,8,0.02128436416387558
With start-of-list reinstatement,1.0,0.25,9,0.019333532080054283
With start-of-list reinstatement,1.0,0.25,10,0.018856585025787354
With start-of-list reinstatement,1.0,0.25,11,0.01630517840385437
With start-of-list reinstatement,1.0,0.25,12,0.015486725606024265
With start-of-list reinstatement,1.0,0.25,13,0.01622917316854
With start-of-list reinstatement,1.0,0.25,14,0.013924353756010532
With start-of-list reinstatement,1.0,0.25,15,0.014108489267528057
With start-of-list reinstatement,1.0,0.25,16,0.014827970415353775
With start-of-list reinstatement,1.0,0.25,17,0.014197662472724915
With start-of-list reinstatement,1.0,0.25,18,0.014026111923158169
With start-of-list reinstatement,1.0,0.25,19,0.01458465401083231
With start-of-list reinstatement,1.0,0.25,20,0.013279527425765991
With start-of-list reinstatement,1.0,0.25,21,0.013493180274963379
With start-of-list reinstatement,1.0,0.25,22,0.014930625446140766
With start-of-list reinstatement,1.0,0.25,23,0.015961065888404846
With start-of-list reinstatement,1.0,0.25,24,0.013109938241541386
With start-of-list reinstatement,1.0,0.25,25,0.015561108477413654
With start-of-list reinstatement,1.0,0.25,26,0.01435179729014635
With start-of-list reinstatement,1.0,0.25,27,0.01553084421902895
With start-of-list reinstatement,1.0,0.25,28,0.01651759445667267
With start-of-list reinstatement,1.0,0.25,29,0.019077135249972343
With start-of-list reinstatement,1.0,0.25,30,0.017740294337272644
With start-of-list reinstatement,1.0,0.25,31,0.017621487379074097
With start-of-list reinstatement,1.0,0.25,32,0.019709713757038116
With start-of-list reinstatement,1.0,0.25,33,0.020433591678738594
With start-of-list reinstatement,1.0,0.25,34,0.018470102921128273
With start-of-list reinstatement,1.0,0.25,35,0.017086714506149292
With start-of-list reinstatement,1.0,0.25,36,0.016849054023623466
With start-of-list reinstatement,1.0,0.25,37,0.014700704254209995
With start-of-list reinstatement,1.0,0.25,38,0.012904382310807705
With start-of-list reinstatement,1.0,0.25,39,0.015704894438385963
With start-of-list reinstatement,1.0,0.25,40,0.013981420546770096
With start-of-list reinstatement,1.0,0.25,41,0.01281193271279335
With start-of-list reinstatement,1.0,0.25,42,0.014141215942800045
With start-of-list reinstatement,1.0,0.25,43,0.01109430193901062
With start-of-list reinstatement,1.0,0.25,44,0.011562500149011612
With start-of-list reinstatement,1.0,0.25,45,0.010782834142446518
With start-of-list reinstatement,1.0,0.25,46,0.011357246898114681
With start-of-list reinstatement,1.0,0.25,47,0.010623394511640072
With start-of-list reinstatement,1.0,0.25,48,0.010434568859636784
With start-of-list reinstatement,1.0,0.25,49,0.009441282600164413
With start-of-list reinstatement,1.0,0.25,50,0.012211855500936508
With start-of-list reinstatement,1.0,0.25,51,0.011875092051923275
With start-of-list reinstatement,1.0,0.25,52,0.011216700077056885
With start-of-list reinstatement,1.0,0.25,53,0.008885163813829422
With start-of-list reinstatement,1.0,0.25,54,0.01069421786814928
With start-of-list reinstatement,1.0,0.25,55,0.00974155031144619
With start-of-list reinstatement,1.0,0.25,56,0.012510974891483784
With start-of-list reinstatement,1.0,0.25,57,0.01613692007958889
With start-of-list reinstatement,1.0,0.25,58,0.01593959704041481
With start-of-list reinstatement,1.0,0.25,59,0.014654348604381084
With start-of-list reinstatement,1.0,0.25,60,0.016034414991736412
With start-of-list reinstatement,1.0,0.25,61,0.012845849618315697
With start-of-list reinstatement,1.0,0.25,62,0.017972681671380997
With start-of-list reinstatement,1.0,0.25,63,0.02556818164885044
With start-of-list reinstatement,1.0,0.5,-63,0.059541985392570496
With start-of-list reinstatement,1.0,0.5,-62,0.05469953641295433
With start-of-list reinstatement,1.0,0.5,-61,0.03934426233172417
With start-of-list reinstatement,1.0,0.5,-60,0.027554048225283623
With start-of-list reinstatement,1.0,0.5,-59,0.020711081102490425
With start-of-list reinstatement,1.0,0.5,-58,0.021948285400867462
With start-of-list reinstatement,1.0,0.5,-57,0.014534884132444859
With start-of-list reinstatement,1.0,0.5,-56,0.011700095608830452
With start-of-list reinstatement,1.0,0.5,-55,0.010255291126668453
With start-of-list reinstatement,1.0,0.5,-54,0.009937132708728313
With start-of-list reinstatement,1.0,0.5,-53,0.009633547626435757
With start-of-list reinstatement,1.0,0.5,-52,0.009120171889662743
With start-of-list reinstatement,1.0,0.5,-51,0.00714893639087677
With start-of-list reinstatement,1.0,0.5,-50,0.00592948729172349
With start-of-list reinstatement,1.0,0.5,-49,0.009193993173539639
With start-of-list reinstatement,1.0,0.5,-48,0.0051222010515630245
With start-of-list reinstatement,1.0,0.5,-47,0.00402336148545146
With start-of-list reinstatement,1.0,0.5,-46,0.00527302548289299
With start-of-list reinstatement,1.0,0.5,-45,0.004443034064024687
With start-of-list reinstatement,1.0,0.5,-44,0.0044392975978553295
With start-of-list reinstatement,1.0,0.5,-43,0.00432480126619339
With start-of-list reinstatement,1.0,0.5,-42,0.004083632957190275
With start-of-list reinstatement,1.0,0.5,-41,0.003625651588663459
With start-of-list reinstatement,1.0,0.5,-40,0.00416990602388978
With start-of-list reinstatement,1.0,0.5,-39,0.00364624778740108
With start-of-list reinstatement,1.0,0.5,-38,0.004608294926583767
With start-of-list reinstatement,1.0,0.5,-37,0.0035945787094533443
With start-of-list reinstatement,1.0,0.5,-36,0.003976031672209501
With start-of-list reinstatement,1.0,0.5,-35,0.003921568859368563
With start-of-list reinstatement,1.0,0.5,-34,0.004599676467478275
With start-of-list reinstatement,1.0,0.5,-33,0.005648353602737188
With start-of-list reinstatement,1.0,0.5,-32,0.006177677307277918
With start-of-list reinstatement,1.0,0.5,-31,0.005948023404926062
With start-of-list reinstatement,1.0,0.5,-30,0.006663040723651648
With start-of-list reinstatement,1.0,0.5,-29,0.006407363805919886
With start-of-list reinstatement,1.0,0.5,-28,0.006471037399023771
With start-of-list reinstatement,1.0,0.5,-27,0.00668181199580431
With start-of-list reinstatement,1.0,0.5,-26,0.0077691455371677876
With start-of-list reinstatement,1.0,0.5,-25,0.008507074788212776
With start-of-list reinstatement,1.0,0.5,-24,0.007351646199822426
With start-of-list reinstatement,1.0,0.5,-23,0.0073853954672813416
With start-of-list reinstatement,1.0,0.5,-22,0.008486747741699219
With start-of-list reinstatement,1.0,0.5,-21,0.009167171083390713
With start-of-list reinstatement,1.0,0.5,-20,0.008830497972667217
With start-of-list reinstatement,1.0,0.5,-19,0.007876037620007992
With start-of-list reinstatement,1.0,0.5,-18,0.009488957934081554
With start-of-list reinstatement,1.0,0.5,-17,0.010922075249254704
With start-of-list reinstatement,1.0,0.5,-16,0.010871375910937786
With start-of-list reinstatement,1.0,0.5,-15,0.009465939365327358
With start-of-list reinstatement,1.0,0.5,-14,0.00923948734998703
With start-of-list reinstatement,1.0,0.5,-13,0.012553495354950428
With start-of-list reinstatement,1.0,0.5,-12,0.012305699288845062
With start-of-list reinstatement,1.0,0.5,-11,0.014969819225370884
With start-of-list reinstatement,1.0,0.5,-10,0.016527606174349785
With start-of-list reinstatement,1.0,0.5,-9,0.01886867545545101
With start-of-list reinstatement,1.0,0.5,-8,0.02078813500702381
With start-of-list reinstatement,1.0,0.5,-7,0.024344421923160553
With start-of-list reinstatement,1.0,0.5,-6,0.0304667167365551
With start-of-list reinstatement,1.0,0.5,-5,0.03037193976342678
With start-of-list reinstatement,1.0,0.5,-4,0.034981075674295425
With start-of-list reinstatement,1.0,0.5,-3,0.03926149383187294
With start-of-list reinstatement,1.0,0.5,-2,0.046350717544555664
With start-of-list reinstatement,1.0,0.5,-1,0.052568305283784866
With start-of-list reinstatement,1.0,0.5,0,nan
With start-of-list reinstatement,1.0,0.5,1,0.07710859924554825
With start-of-list reinstatement,1.0,0.5,2,0.06581053882837296
With start-of-list reinstatement,1.0,0.5,3,0.05327495560050011
With start-of-list reinstatement,1.0,0.5,4,0.0445198230445385
With start-of-list reinstatement,1.0,0.5,5,0.03922269120812416
With start-of-list reinstatement,1.0,0.5,6,0.03211042284965515
With start-of-list reinstatement,1.0,0.5,7,0.02733253315091133
With start-of-list reinstatement,1.0,0.5,8,0.024410774931311607
With start-of-list reinstatement,1.0,0.5,9,0.02092576213181019
With start-of-list reinstatement,1.0,0.5,10,0.01739649847149849
With start-of-list reinstatement,1.0,0.5,11,0.015208552591502666
With start-of-list reinstatement,1.0,0.5,12,0.012607754208147526
With start-of-list reinstatement,1.0,0.5,13,0.011696578934788704
With start-of-list reinstatement,1.0,0.5,14,0.010032538324594498
With start-of-list reinstatement,1.0,0.5,15,0.0086091673001647
With start-of-list reinstatement,1.0,0.5,16,0.00790969468653202
With start-of-list reinstatement,1.0,0.5,17,0.007110670208930969
With start-of-list reinstatement,1.0,0.5,18,0.00896880216896534
With start-of-list reinstatement,1.0,0.5,19,0.008081800304353237
With start-of-list reinstatement,1.0,0.5,20,0.010690444149076939
With start-of-list reinstatement,1.0,0.5,21,0.008477898314595222
With start-of-list reinstatement,1.0,0.5,22,0.010657375678420067
With start-of-list reinstatement,1.0,0.5,23,0.011329305358231068
With start-of-list reinstatement,1.0,0.5,24,0.012140210717916489
With start-of-list reinstatement,1.0,0.5,25,0.010895738378167152
With start-of-list reinstatement,1.0,0.5,26,0.013813391327857971
With start-of-list reinstatement,1.0,0.5,27,0.013502510264515877
With start-of-list reinstatement,1.0,0.5,28,0.016282619908452034
With start-of-list reinstatement,1.0,0.5,29,0.016397282481193542
With start-of-list reinstatement,1.0,0.5,30,0.020273135975003242
With start-of-list reinstatement,1.0,0.5,31,0.02342027984559536
With start-of-list reinstatement,1.0,0.5,32,0.02390800043940544
With start-of-list reinstatement,1.0,0.5,33,0.020066551864147186
With start-of-list reinstatement,1.0,0.5,34,0.020022135227918625
With start-of-list reinstatement,1.0,0.5,35,0.015024704858660698
With start-of-list reinstatement,1.0,0.5,36,0.015522629022598267
With start-of-list reinstatement,1.0,0.5,37,0.013390139676630497
With start-of-list reinstatement,1.0,0.5,38,0.010804199613630772
With start-of-list reinstatement,1.0,0.5,39,0.012196372263133526
With start-of-list reinstatement,1.0,0.5,40,0.010318852961063385
With start-of-list reinstatement,1.0,0.5,41,0.008553248830139637
With start-of-list reinstatement,1.0,0.5,42,0.009382247924804688
With start-of-list reinstatement,1.0,0.5,43,0.007562040816992521
With start-of-list reinstatement,1.0,0.5,44,0.006699081510305405
With start-of-list reinstatement,1.0,0.5,45,0.007494764868170023
With start-of-list reinstatement,1.0,0.5,46,0.0055049993097782135
With start-of-list reinstatement,1.0,0.5,47,0.006206896621733904
With start-of-list reinstatement,1.0,0.5,48,0.0042583392933011055
With start-of-list reinstatement,1.0,0.5,49,0.005031292326748371
With start-of-list reinstatement,1.0,0.5,50,0.0043234992772340775
With start-of-list reinstatement,1.0,0.5,51,0.00569913862273097
With start-of-list reinstatement,1.0,0.5,52,0.005978034343570471
With start-of-list reinstatement,1.0,0.5,53,0.004677678924053907
With start-of-list reinstatement,1.0,0.5,54,0.008013561367988586
With start-of-list reinstatement,1.0,0.5,55,0.009332023561000824
With start-of-list reinstatement,1.0,0.5,56,0.010162957943975925
With start-of-list reinstatement,1.0,0.5,57,0.010488176718354225
With start-of-list reinstatement,1.0,0.5,58,0.010798221454024315
With start-of-list reinstatement,1.0,0.5,59,0.010453789494931698
With start-of-list reinstatement,1.0,0.5,60,0.016361620277166367
With start-of-list reinstatement,1.0,0.5,61,0.019853709265589714
With start-of-list reinstatement,1.0,0.5,62,0.014733840711414814
With start-of-list reinstatement,1.0,0.5,63,0.023870417848229408
With start-of-list reinstatement,1.0,0.75,-63,0.07427055388689041
With start-of-list reinstatement,1.0,0.75,-62,0.03897944837808609
With start-of-list reinstatement,1.0,0.75,-61,0.03169185668230057
With start-of-list reinstatement,1.0,0.75,-60,0.02055576629936695
With start-of-list reinstatement,1.0,0.75,-59,0.02327806130051613
With start-of-list reinstatement,1.0,0.75,-58,0.012788434512913227
With start-of-list reinstatement,1.0,0.75,-57,0.011357899755239487
With start-of-list reinstatement,1.0,0.75,-56,0.011835692450404167
With start-of-list reinstatement,1.0,0.75,-55,0.0075806803070008755
With start-of-list reinstatement,1.0,0.75,-54,0.004933196119964123
With start-of-list reinstatement,1.0,0.75,-53,0.004914487712085247
With start-of-list reinstatement,1.0,0.75,-52,0.003966005519032478
With start-of-list reinstatement,1.0,0.75,-51,0.003077480010688305
With start-of-list reinstatement,1.0,0.75,-50,0.004726063460111618
With start-of-list reinstatement,1.0,0.75,-49,0.0020290834363549948
With start-of-list reinstatement,1.0,0.75,-48,0.0016361256130039692
With start-of-list reinstatement,1.0,0.75,-47,0.0021888224873691797
With start-of-list reinstatement,1.0,0.75,-46,0.002352326177060604
With start-of-list reinstatement,1.0,0.75,-45,0.0014194464311003685
With start-of-list reinstatement,1.0,0.75,-44,0.0021572646219283342
With start-of-list reinstatement,1.0,0.75,-43,0.0019712201319634914
With start-of-list reinstatement,1.0,0.75,-42,0.0011727559613063931
With start-of-list reinstatement,1.0,0.75,-41,0.002509410260245204
With start-of-list reinstatement,1.0,0.75,-40,0.0015509887598454952
With start-of-list reinstatement,1.0,0.75,-39,0.0016620899550616741
With start-of-list reinstatement,1.0,0.75,-38,0.0016246953746303916
With start-of-list reinstatement,1.0,0.75,-37,0.0018992150435224175
With start-of-list reinstatement,1.0,0.75,-36,0.001974392682313919
With start-of-list reinstatement,1.0,0.75,-35,0.0023097291123121977
With start-of-list reinstatement,1.0,0.75,-34,0.0022415542043745518
With start-of-list reinstatement,1.0,0.75,-33,0.003039051778614521
With start-of-list reinstatement,1.0,0.75,-32,0.003224874846637249
With start-of-list reinstatement,1.0,0.75,-31,0.0036543116439133883
With start-of-list reinstatement,1.0,0.75,-30,0.003460693173110485
With start-of-list reinstatement,1.0,0.75,-29,0.00471284007653594
With start-of-list reinstatement,1.0,0.75,-28,0.0030294684693217278
With start-of-list reinstatement,1.0,0.75,-27,0.005088827107101679
With start-of-list reinstatement,1.0,0.75,-26,0.003994008991867304
With start-of-list reinstatement,1.0,0.75,-25,0.0037025329656898975
With start-of-list reinstatement,1.0,0.75,-24,0.004757416434586048
With start-of-list reinstatement,1.0,0.75,-23,0.005185979884117842
With start-of-list reinstatement,1.0,0.75,-22,0.005035426001995802
With start-of-list reinstatement,1.0,0.75,-21,0.004478737246245146
With start-of-list reinstatement,1.0,0.75,-20,0.0046770209446549416
With start-of-list reinstatement,1.0,0.75,-19,0.005403268150985241
With start-of-list reinstatement,1.0,0.75,-18,0.005520262755453587
With start-of-list reinstatement,1.0,0.75,-17,0.005842853337526321
With start-of-list reinstatement,1.0,0.75,-16,0.006159719079732895
With start-of-list reinstatement,1.0,0.75,-15,0.00723758339881897
With start-of-list reinstatement,1.0,0.75,-14,0.007097109220921993
With start-of-list reinstatement,1.0,0.75,-13,0.00788453221321106
With start-of-list reinstatement,1.0,0.75,-12,0.0081034479662776
With start-of-list reinstatement,1.0,0.75,-11,0.011282404884696007
With start-of-list reinstatement,1.0,0.75,-10,0.012402032501995564
With start-of-list reinstatement,1.0,0.75,-9,0.014775997959077358
With start-of-list reinstatement,1.0,0.75,-8,0.018862249329686165
With start-of-list reinstatement,1.0,0.75,-7,0.022782960906624794
With start-of-list reinstatement,1.0,0.75,-6,0.028566526249051094
With start-of-list reinstatement,1.0,0.75,-5,0.0371369831264019
With start-of-list reinstatement,1.0,0.75,-4,0.04463070258498192
With start-of-list reinstatement,1.0,0.75,-3,0.05304750055074692
With start-of-list reinstatement,1.0,0.75,-2,0.06777133047580719
With start-of-list reinstatement,1.0,0.75,-1,0.08146893978118896
With start-of-list reinstatement,1.0,0.75,0,nan
With start-of-list reinstatement,1.0,0.75,1,0.13264510035514832
With start-of-list reinstatement,1.0,0.75,2,0.1041124239563942
With start-of-list reinstatement,1.0,0.75,3,0.07706867903470993
With start-of-list reinstatement,1.0,0.75,4,0.060066740959882736
With start-of-list reinstatement,1.0,0.75,5,0.04810773953795433
With start-of-list reinstatement,1.0,0.75,6,0.03610629588365555
With start-of-list reinstatement,1.0,0.75,7,0.028338467702269554
With start-of-list reinstatement,1.0,0.75,8,0.021187519654631615
With start-of-list reinstatement,1.0,0.75,9,0.015484624542295933
With start-of-list reinstatement,1.0,0.75,10,0.012502291239798069
With start-of-list reinstatement,1.0,0.75,11,0.009655426256358624
With start-of-list reinstatement,1.0,0.75,12,0.007406035903841257
With start-of-list reinstatement,1.0,0.75,13,0.005516418721526861
With start-of-list reinstatement,1.0,0.75,14,0.005064715631306171
With start-of-list reinstatement,1.0,0.75,15,0.004544766154140234
With start-of-list reinstatement,1.0,0.75,16,0.0034431309904903173
With start-of-list reinstatement,1.0,0.75,17,0.0035944227129220963
With start-of-list reinstatement,1.0,0.75,18,0.004822822753340006
With start-of-list reinstatement,1.0,0.75,19,0.005388434045016766
With start-of-list reinstatement,1.0,0.75,20,0.005189778748899698
With start-of-list reinstatement,1.0,0.75,21,0.005873445421457291
With start-of-list reinstatement,1.0,0.75,22,0.007196660619229078
With start-of-list reinstatement,1.0,0.75,23,0.007794820237904787
With start-of-list reinstatement,1.0,0.75,24,0.009643405675888062
With start-of-list reinstatement,1.0,0.75,25,0.010749678127467632
With start-of-list reinstatement,1.0,0.75,26,0.011728983372449875
With start-of-list reinstatement,1.0,0.75,27,0.011139401234686375
With start-of-list reinstatement,1.0,0.75,28,0.014281827956438065
With start-of-list reinstatement,1.0,0.75,29,0.018085574731230736
With start-of-list reinstatement,1.0,0.75,30,0.018191972747445107
With start-of-list reinstatement,1.0,0.75,31,0.023081613704562187
With start-of-list reinstatement,1.0,0.75,32,0.02509615384042263
With start-of-list reinstatement,1.0,0.75,33,0.02112540788948536
With start-of-list reinstatement,1.0,0.75,34,0.01924734190106392
With start-of-list reinstatement,1.0,0.75,35,0.014164035208523273
With start-of-list reinstatement,1.0,0.75,36,0.01042463630437851
With start-of-list reinstatement,1.0,0.75,37,0.009200690314173698
With start-of-list reinstatement,1.0,0.75,38,0.007471980061382055
With start-of-list reinstatement,1.0,0.75,39,0.009206866845488548
With start-of-list reinstatement,1.0,0.75,40,0.005093704909086227
With start-of-list reinstatement,1.0,0.75,41,0.005497685167938471
With start-of-list reinstatement,1.0,0.75,42,0.0042553190141916275
With start-of-list reinstatement,1.0,0.75,43,0.0030100010335445404
With start-of-list reinstatement,1.0,0.75,44,0.002831478137522936
With start-of-list reinstatement,1.0,0.75,45,0.002846206771209836
With start-of-list reinstatement,1.0,0.75,46,0.0034636319614946842
With start-of-list reinstatement,1.0,0.75,47,0.002001401036977768
With start-of-list reinstatement,1.0,0.75,48,0.0014210313092917204
With start-of-list reinstatement,1.0,0.75,49,0.0012378791579976678
With start-of-list reinstatement,1.0,0.75,50,0.0013662638375535607
With start-of-list reinstatement,1.0,0.75,51,0.0013983005192130804
With start-of-list reinstatement,1.0,0.75,52,0.0027621258050203323
With start-of-list reinstatement,1.0,0.75,53,0.002053388161584735
With start-of-list reinstatement,1.0,0.75,54,0.0026103465352207422
With start-of-list reinstatement,1.0,0.75,55,0.0031079065520316362
With start-of-list reinstatement,1.0,0.75,56,0.004720692522823811
With start-of-list reinstatement,1.0,0.75,57,0.006682444829493761
With start-of-list reinstatement,1.0,0.75,58,0.006314839702099562
With start-of-list reinstatement,1.0,0.75,59,0.008689839392900467
With start-of-list reinstatement,1.0,0.75,60,0.01006456557661295
With start-of-list reinstatement,1.0,0.75,61,0.01272264588624239
With start-of-list reinstatement,1.0,0.75,62,0.01562011893838644
With start-of-list reinstatement,1.0,0.75,63,0.020578419789671898
With start-of-list reinstatement,1.0,1.0,-63,0.09478022158145905
With start-of-list reinstatement,1.0,1.0,-62,0.0736914575099945
With start-of-list reinstatement,1.0,1.0,-61,0.03512195125222206
With start-of-list reinstatement,1.0,1.0,-60,0.019999999552965164
With start-of-list reinstatement,1.0,1.0,-59,0.018679119646549225
With start-of-list reinstatement,1.0,1.0,-58,0.008311071433126926
With start-of-list reinstatement,1.0,1.0,-57,0.006209503393620253
With start-of-list reinstatement,1.0,1.0,-56,0.004841997753828764
With start-of-list reinstatement,1.0,1.0,-55,0.0033824595157057047
With start-of-list reinstatement,1.0,1.0,-54,0.0039507318288087845
With start-of-list reinstatement,1.0,1.0,-53,0.0029411765281111
With start-of-list reinstatement,1.0,1.0,-52,0.0031000885646790266
With start-of-list reinstatement,1.0,1.0,-51,0.0010845987126231194
With start-of-list reinstatement,1.0,1.0,-50,0.0014871468301862478
With start-of-list reinstatement,1.0,1.0,-49,0.00020911752653773874
With start-of-list reinstatement,1.0,1.0,-48,0.0006137479795143008
With start-of-list reinstatement,1.0,1.0,-47,0.0012965364148840308
With start-of-list reinstatement,1.0,1.0,-46,0.0003372681385371834
With start-of-list reinstatement,1.0,1.0,-45,0.0010792475659400225
With start-of-list reinstatement,1.0,1.0,-44,0.0009850830538198352
With start-of-list reinstatement,1.0,1.0,-43,0.0003888528735842556
With start-of-list reinstatement,1.0,1.0,-42,0.0009638554183766246
With start-of-list reinstatement,1.0,1.0,-41,0.00022254367650020868
With start-of-list reinstatement,1.0,1.0,-40,0.0007215007208287716
With start-of-list reinstatement,1.0,1.0,-39,0.0005769785493612289
With start-of-list reinstatement,1.0,1.0,-38,0.0005366726545616984
With start-of-list reinstatement,1.0,1.0,-37,0.0010865931399166584
With start-of-list reinstatement,1.0,1.0,-36,0.0012435876997187734
With start-of-list reinstatement,1.0,1.0,-35,0.0010193679481744766
With start-of-list reinstatement,1.0,1.0,-34,0.0013619340024888515
With start-of-list reinstatement,1.0,1.0,-33,0.0019676294177770615
With start-of-list reinstatement,1.0,1.0,-32,0.00243975012563169
With start-of-list reinstatement,1.0,1.0,-31,0.0024691359139978886
With start-of-list reinstatement,1.0,1.0,-30,0.0025593945756554604
With start-of-list reinstatement,1.0,1.0,-29,0.0024582103360444307
With start-of-list reinstatement,1.0,1.0,-28,0.002795248059555888
With start-of-list reinstatement,1.0,1.0,-27,0.0025932786520570517
With start-of-list reinstatement,1.0,1.0,-26,0.002566251205280423
With start-of-list reinstatement,1.0,1.0,-25,0.002907127607613802
With start-of-list reinstatement,1.0,1.0,-24,0.002467232057824731
With start-of-list reinstatement,1.0,1.0,-23,0.0024038462433964014
With start-of-list reinstatement,1.0,1.0,-22,0.0040718684904277325
With start-of-list reinstatement,1.0,1.0,-21,0.00268205045722425
With start-of-list reinstatement,1.0,1.0,-20,0.0024749974254518747
With start-of-list reinstatement,1.0,1.0,-19,0.0029701972380280495
With start-of-list reinstatement,1.0,1.0,-18,0.003317916765809059
With start-of-list reinstatement,1.0,1.0,-17,0.0034569138661026955
With start-of-list reinstatement,1.0,1.0,-16,0.004545908886939287
With start-of-list reinstatement,1.0,1.0,-15,0.004246815107762814
With start-of-list reinstatement,1.0,1.0,-14,0.004650930408388376
With start-of-list reinstatement,1.0,1.0,-13,0.004611528944224119
With start-of-list reinstatement,1.0,1.0,-12,0.005157478153705597
With start-of-list reinstatement,1.0,1.0,-11,0.0071220784448087215
With start-of-list reinstatement,1.0,1.0,-10,0.008024876937270164
With start-of-list reinstatement,1.0,1.0,-9,0.009461975656449795
With start-of-list reinstatement,1.0,1.0,-8,0.01509054284542799
With start-of-list reinstatement,1.0,1.0,-7,0.01848781667649746
With start-of-list reinstatement,1.0,1.0,-6,0.028292926028370857
With start-of-list reinstatement,1.0,1.0,-5,0.036942992359399796
With start-of-list reinstatement,1.0,1.0,-4,0.04701591655611992
With start-of-list reinstatement,1.0,1.0,-3,0.06406846642494202
With start-of-list reinstatement,1.0,1.0,-2,0.07893867045640945
With start-of-list reinstatement,1.0,1.0,-1,0.10888858884572983
With start-of-list reinstatement,1.0,1.0,0,nan
With start-of-list reinstatement,1.0,1.0,1,0.2019951045513153
With start-of-list reinstatement,1.0,1.0,2,0.13952428102493286
With start-of-list reinstatement,1.0,1.0,3,0.0912776067852974
With start-of-list reinstatement,1.0,1.0,4,0.06704920530319214
With start-of-list reinstatement,1.0,1.0,5,0.0460149347782135
With start-of-list reinstatement,1.0,1.0,6,0.03329969570040703
With start-of-list reinstatement,1.0,1.0,7,0.022732004523277283
With start-of-list reinstatement,1.0,1.0,8,0.013970945961773396
With start-of-list reinstatement,1.0,1.0,9,0.012835675850510597
With start-of-list reinstatement,1.0,1.0,10,0.007145097944885492
With start-of-list reinstatement,1.0,1.0,11,0.005311157088726759
With start-of-list reinstatement,1.0,1.0,12,0.0036706868559122086
With start-of-list reinstatement,1.0,1.0,13,0.0036529679782688618
With start-of-list reinstatement,1.0,1.0,14,0.0021901936270296574
With start-of-list reinstatement,1.0,1.0,15,0.0016687969909980893
With start-of-list reinstatement,1.0,1.0,16,0.0016789311775937676
With start-of-list reinstatement,1.0,1.0,17,0.002151086460798979
With start-of-list reinstatement,1.0,1.0,18,0.002794857369735837
With start-of-list reinstatement,1.0,1.0,19,0.0030936102848500013
With start-of-list reinstatement,1.0,1.0,20,0.003678628709167242
With start-of-list reinstatement,1.0,1.0,21,0.00442228838801384
With start-of-list reinstatement,1.0,1.0,22,0.005729707423597574
With start-of-list reinstatement,1.0,1.0,23,0.007426805328577757
With start-of-list reinstatement,1.0,1.0,24,0.007698811590671539
With start-of-list reinstatement,1.0,1.0,25,0.01059106457978487
With start-of-list reinstatement,1.0,1.0,26,0.011476442217826843
With start-of-list reinstatement,1.0,1.0,27,0.013247733004391193
With start-of-list reinstatement,1.0,1.0,28,0.013009446673095226
With start-of-list reinstatement,1.0,1.0,29,0.015537779778242111
With start-of-list reinstatement,1.0,1.0,30,0.018620476126670837
With start-of-list reinstatement,1.0,1.0,31,0.019336646422743797
With start-of-list reinstatement,1.0,1.0,32,0.022181417793035507
With start-of-list reinstatement,1.0,1.0,33,0.014010122045874596
With start-of-list reinstatement,1.0,1.0,34,0.012172765098512173
With start-of-list reinstatement,1.0,1.0,35,0.0076928711496293545
With start-of-list reinstatement,1.0,1.0,36,0.006156101357191801
With start-of-list reinstatement,1.0,1.0,37,0.005346810445189476
With start-of-list reinstatement,1.0,1.0,38,0.0038086867425590754
With start-of-list reinstatement,1.0,1.0,39,0.002636783057823777
With start-of-list reinstatement,1.0,1.0,40,0.0019793270621448755
With start-of-list reinstatement,1.0,1.0,41,0.0015391380293294787
With start-of-list reinstatement,1.0,1.0,42,0.0014684287598356605
With start-of-list reinstatement,1.0,1.0,43,0.0011754333972930908
With start-of-list reinstatement,1.0,1.0,44,0.0009565857471898198
With start-of-list reinstatement,1.0,1.0,45,0.001400353736244142
With start-of-list reinstatement,1.0,1.0,46,0.00081300811143592
With start-of-list reinstatement,1.0,1.0,47,0.00037078236346133053
With start-of-list reinstatement,1.0,1.0,48,0.00014908684534020722
With start-of-list reinstatement,1.0,1.0,49,7.500187348341569e-05
With start-of-list reinstatement,1.0,1.0,50,0.00030326005071401596
With start-of-list reinstatement,1.0,1.0,51,0.00038337678415700793
With start-of-list reinstatement,1.0,1.0,52,0.0004678362456616014
With start-of-list reinstatement,1.0,1.0,53,0.0006346688023768365
With start-of-list reinstatement,1.0,1.0,54,0.0007328393403440714
With start-of-list reinstatement,1.0,1.0,55,0.0010936317266896367
With start-of-list reinstatement,1.0,1.0,56,0.0016665204893797636
With start-of-list reinstatement,1.0,1.0,57,0.0010231606429442763
With start-of-list reinstatement,1.0,1.0,58,0.002899130340665579
With start-of-list reinstatement,1.0,1.0,59,0.0036343613173812628
With start-of-list reinstatement,1.0,1.0,60,0.0051715439185500145
With start-of-list reinstatement,1.0,1.0,61,0.007313728332519531
With start-of-list reinstatement,1.0,1.0,62,0.010638297535479069
With start-of-list reinstatement,1.0,1.0,63,0.022105658426880836
With start-of-list reinstatement,1.0,1.25,-63,0.12078651785850525
With start-of-list reinstatement,1.0,1.25,-62,0.05377146974205971
With start-of-list reinstatement,1.0,1.25,-61,0.025343189015984535
With start-of-list reinstatement,1.0,1.25,-60,0.018906699493527412
With start-of-list reinstatement,1.0,1.25,-59,0.006258692592382431
With start-of-list reinstatement,1.0,1.25,-58,0.004330343566834927
With start-of-list reinstatement,1.0,1.25,-57,0.003106467192992568
With start-of-list reinstatement,1.0,1.25,-56,0.0026525198481976986
With start-of-list reinstatement,1.0,1.25,-55,0.0010160020319744945
With start-of-list reinstatement,1.0,1.25,-54,0.001234872848726809
With start-of-list reinstatement,1.0,1.25,-53,0.0007234145305119455
With start-of-list reinstatement,1.0,1.25,-52,0.0002380385558353737
With start-of-list reinstatement,1.0,1.25,-51,0.00023507287551183254
With start-of-list reinstatement,1.0,1.25,-50,0.0006976744043640792
With start-of-list reinstatement,1.0,1.25,-49,0.00023052097822073847
With start-of-list reinstatement,1.0,1.25,-48,0.0
With start-of-list reinstatement,1.0,1.25,-47,0.00021431632922030985
With start-of-list reinstatement,1.0,1.25,-46,0.0
With start-of-list reinstatement,1.0,1.25,-45,0.0
With start-of-list reinstatement,1.0,1.25,-44,0.000355682015651837
With start-of-list reinstatement,1.0,1.25,-43,0.00016758839774411172
With start-of-list reinstatement,1.0,1.25,-42,0.00031372549710795283
With start-of-list reinstatement,1.0,1.25,-41,0.0
With start-of-list reinstatement,1.0,1.25,-40,0.00027609054814092815
With start-of-list reinstatement,1.0,1.25,-39,0.00012883277668152004
With start-of-list reinstatement,1.0,1.25,-38,0.00036223133793100715
With start-of-list reinstatement,1.0,1.25,-37,0.0005579734570346773
With start-of-list reinstatement,1.0,1.25,-36,0.00020796505850739777
With start-of-list reinstatement,1.0,1.25,-35,0.0006720430101267993
With start-of-list reinstatement,1.0,1.25,-34,0.000534854712896049
With start-of-list reinstatement,1.0,1.25,-33,0.0010603589471429586
With start-of-list reinstatement,1.0,1.25,-32,0.0009079903247766197
With start-of-list reinstatement,1.0,1.25,-31,0.001782658277079463
With start-of-list reinstatement,1.0,1.25,-30,0.0015662240330129862
With start-of-list reinstatement,1.0,1.25,-29,0.001640527625568211
With start-of-list reinstatement,1.0,1.25,-28,0.0015852885553613305
With start-of-list reinstatement,1.0,1.25,-27,0.0011202390305697918
With start-of-list reinstatement,1.0,1.25,-26,0.0011620083823800087
With start-of-list reinstatement,1.0,1.25,-25,0.0015617491444572806
With start-of-list reinstatement,1.0,1.25,-24,0.0016070471610873938
With start-of-list reinstatement,1.0,1.25,-23,0.0017704337369650602
With start-of-list reinstatement,1.0,1.25,-22,0.001583484816364944
With start-of-list reinstatement,1.0,1.25,-21,0.0011681560426950455
With start-of-list reinstatement,1.0,1.25,-20,0.0020386765245348215
With start-of-list reinstatement,1.0,1.25,-19,0.0014523062855005264
With start-of-list reinstatement,1.0,1.25,-18,0.0016241299454122782
With start-of-list reinstatement,1.0,1.25,-17,0.0014483517734333873
With start-of-list reinstatement,1.0,1.25,-16,0.002717862604185939
With start-of-list reinstatement,1.0,1.25,-15,0.002724479651078582
With start-of-list reinstatement,1.0,1.25,-14,0.002086593536660075
With start-of-list reinstatement,1.0,1.25,-13,0.0023819205816835165
With start-of-list reinstatement,1.0,1.25,-12,0.00373395555652678
With start-of-list reinstatement,1.0,1.25,-11,0.0039831302128732204
With start-of-list reinstatement,1.0,1.25,-10,0.006266104523092508
With start-of-list reinstatement,1.0,1.25,-9,0.00839201919734478
With start-of-list reinstatement,1.0,1.25,-8,0.010970862582325935
With start-of-list reinstatement,1.0,1.25,-7,0.012741107493638992
With start-of-list reinstatement,1.0,1.25,-6,0.019194645807147026
With start-of-list reinstatement,1.0,1.25,-5,0.0313195176422596
With start-of-list reinstatement,1.0,1.25,-4,0.04757750406861305
With start-of-list reinstatement,1.0,1.25,-3,0.07054294645786285
With start-of-list reinstatement,1.0,1.25,-2,0.10197637230157852
With start-of-list reinstatement,1.0,1.25,-1,0.1434534788131714
With start-of-list reinstatement,1.0,1.25,0,nan
With start-of-list reinstatement,1.0,1.25,1,0.2718120813369751
With start-of-list reinstatement,1.0,1.25,2,0.1674782931804657
With start-of-list reinstatement,1.0,1.25,3,0.10040482878684998
With start-of-list reinstatement,1.0,1.25,4,0.06569495052099228
With start-of-list reinstatement,1.0,1.25,5,0.04112621396780014
With start-of-list reinstatement,1.0,1.25,6,0.02464703656733036
With start-of-list reinstatement,1.0,1.25,7,0.01731571927666664
With start-of-list reinstatement,1.0,1.25,8,0.010881580412387848
With start-of-list reinstatement,1.0,1.25,9,0.006949486676603556
With start-of-list reinstatement,1.0,1.25,10,0.004424931947141886
With start-of-list reinstatement,1.0,1.25,11,0.003220444545149803
With start-of-list reinstatement,1.0,1.25,12,0.001526293926872313
With start-of-list reinstatement,1.0,1.25,13,0.0010429341346025467
With start-of-list reinstatement,1.0,1.25,14,0.00045311954454518855
With start-of-list reinstatement,1.0,1.25,15,0.0006643124506808817
With start-of-list reinstatement,1.0,1.25,16,0.0003509264497552067
With start-of-list reinstatement,1.0,1.25,17,0.0006030721124261618
With start-of-list reinstatement,1.0,1.25,18,0.0011481055989861488
With start-of-list reinstatement,1.0,1.25,19,0.0015266620321199298
With start-of-list reinstatement,1.0,1.25,20,0.0027311311569064856
With start-of-list reinstatement,1.0,1.25,21,0.003265030449256301
With start-of-list reinstatement,1.0,1.25,22,0.004435098264366388
With start-of-list reinstatement,1.0,1.25,23,0.006180808413773775
With start-of-list reinstatement,1.0,1.25,24,0.007949572056531906
With start-of-list reinstatement,1.0,1.25,25,0.009681823663413525
With start-of-list reinstatement,1.0,1.25,26,0.011342641897499561
With start-of-list reinstatement,1.0,1.25,27,0.012947448529303074
With start-of-list reinstatement,1.0,1.25,28,0.013878433965146542
With start-of-list reinstatement,1.0,1.25,29,0.016787884756922722
With start-of-list reinstatement,1.0,1.25,30,0.01799076609313488
With start-of-list reinstatement,1.0,1.25,31,0.01536432933062315
With start-of-list reinstatement,1.0,1.25,32,0.0166003480553627
With start-of-list reinstatement,1.0,1.25,33,0.01013114582747221
With start-of-list reinstatement,1.0,1.25,34,0.007082945201545954
With start-of-list reinstatement,1.0,1.25,35,0.004288111347705126
With start-of-list reinstatement,1.0,1.25,36,0.003541032550856471
With start-of-list reinstatement,1.0,1.25,37,0.002298850566148758
With start-of-list reinstatement,1.0,1.25,38,0.0013048341497778893
With start-of-list reinstatement,1.0,1.25,39,0.001242313184775412
With start-of-list reinstatement,1.0,1.25,40,0.0009317927761003375
With start-of-list reinstatement,1.0,1.25,41,0.0006212337757460773
With start-of-list reinstatement,1.0,1.25,42,0.00043489065137691796
With start-of-list reinstatement,1.0,1.25,43,0.0004971105372533202
With start-of-list reinstatement,1.0,1.25,44,6.21619910816662e-05
With start-of-list reinstatement,1.0,1.25,45,0.0004976053023710847
With start-of-list reinstatement,1.0,1.25,46,0.0003733665216714144
With start-of-list reinstatement,1.0,1.25,47,6.23247105977498e-05
With start-of-list reinstatement,1.0,1.25,48,6.244926044018939e-05
With start-of-list reinstatement,1.0,1.25,49,6.258605571929365e-05
With start-of-list reinstatement,1.0,1.25,50,6.286935968091711e-05
With start-of-list reinstatement,1.0,1.25,51,6.321911496343091e-05
With start-of-list reinstatement,1.0,1.25,52,0.00012742099352180958
With start-of-list reinstatement,1.0,1.25,53,0.0
With start-of-list reinstatement,1.0,1.25,54,0.0001310100924456492
With start-of-list reinstatement,1.0,1.25,55,0.0003356380620971322
With start-of-list reinstatement,1.0,1.25,56,0.0006248698337003589
With start-of-list reinstatement,1.0,1.25,57,0.0005828355206176639
With start-of-list reinstatement,1.0,1.25,58,0.0008591736550442874
With start-of-list reinstatement,1.0,1.25,59,0.0012861185241490602
With start-of-list reinstatement,1.0,1.25,60,0.0018675053725019097
With start-of-list reinstatement,1.0,1.25,61,0.005042622331529856
With start-of-list reinstatement,1.0,1.25,62,0.005642217118293047
With start-of-list reinstatement,1.0,1.25,63,0.0119011290371418
With start-of-list reinstatement,1.0,1.5,-63,0.14861996471881866
With start-of-list reinstatement,1.0,1.5,-62,0.06222222372889519
With start-of-list reinstatement,1.0,1.5,-61,0.027068832889199257
With start-of-list reinstatement,1.0,1.5,-60,0.012285011820495129
With start-of-list reinstatement,1.0,1.5,-59,0.00826446246355772
With start-of-list reinstatement,1.0,1.5,-58,0.004092769231647253
With start-of-list reinstatement,1.0,1.5,-57,0.0016632017213851213
With start-of-list reinstatement,1.0,1.5,-56,0.0031298904214054346
With start-of-list reinstatement,1.0,1.5,-55,0.0
With start-of-list reinstatement,1.0,1.5,-54,0.0
With start-of-list reinstatement,1.0,1.5,-53,0.0007238509133458138
With start-of-list reinstatement,1.0,1.5,-52,0.0
With start-of-list reinstatement,1.0,1.5,-51,0.0
With start-of-list reinstatement,1.0,1.5,-50,0.0
With start-of-list reinstatement,1.0,1.5,-49,0.0
With start-of-list reinstatement,1.0,1.5,-48,0.0
With start-of-list reinstatement,1.0,1.5,-47,0.00033795202034525573
With start-of-list reinstatement,1.0,1.5,-46,0.0
With start-of-list reinstatement,1.0,1.5,-45,0.0003142677596770227
With start-of-list reinstatement,1.0,1.5,-44,0.0
With start-of-list reinstatement,1.0,1.5,-43,0.0002871912729460746
With start-of-list reinstatement,1.0,1.5,-42,0.0
With start-of-list reinstatement,1.0,1.5,-41,0.0002577984123490751
With start-of-list reinstatement,1.0,1.5,-40,0.0
With start-of-list reinstatement,1.0,1.5,-39,0.00022316447575576603
With start-of-list reinstatement,1.0,1.5,-38,0.0002054653741652146
With start-of-list reinstatement,1.0,1.5,-37,0.00037757219979539514
With start-of-list reinstatement,1.0,1.5,-36,0.0
With start-of-list reinstatement,1.0,1.5,-35,0.0004606879665516317
With start-of-list reinstatement,1.0,1.5,-34,0.00027506533660925925
With start-of-list reinstatement,1.0,1.5,-33,0.00048756704200059175
With start-of-list reinstatement,1.0,1.5,-32,0.0013049151748418808
With start-of-list reinstatement,1.0,1.5,-31,0.000892060634214431
With start-of-list reinstatement,1.0,1.5,-30,0.000830564764328301
With start-of-list reinstatement,1.0,1.5,-29,0.0010350181255489588
With start-of-list reinstatement,1.0,1.5,-28,0.0010762480087578297
With start-of-list reinstatement,1.0,1.5,-27,0.0005571474321186543
With start-of-list reinstatement,1.0,1.5,-26,0.001002390286885202
With start-of-list reinstatement,1.0,1.5,-25,0.0007538067293353379
With start-of-list reinstatement,1.0,1.5,-24,0.0011117699323222041
With start-of-list reinstatement,1.0,1.5,-23,0.0007325470796786249
With start-of-list reinstatement,1.0,1.5,-22,0.001378309796564281
With start-of-list reinstatement,1.0,1.5,-21,0.0006480881129391491
With start-of-list reinstatement,1.0,1.5,-20,0.0010043762158602476
With start-of-list reinstatement,1.0,1.5,-19,0.0007874579168856144
With start-of-list reinstatement,1.0,1.5,-18,0.0010010725818574429
With start-of-list reinstatement,1.0,1.5,-17,0.00035724492045119405
With start-of-list reinstatement,1.0,1.5,-16,0.0014989293413236737
With start-of-list reinstatement,1.0,1.5,-15,0.0014283673372119665
With start-of-list reinstatement,1.0,1.5,-14,0.0008576942491345108
With start-of-list reinstatement,1.0,1.5,-13,0.001144574023783207
With start-of-list reinstatement,1.0,1.5,-12,0.0016511126887053251
With start-of-list reinstatement,1.0,1.5,-11,0.002878940664231777
With start-of-list reinstatement,1.0,1.5,-10,0.002960930112749338
With start-of-list reinstatement,1.0,1.5,-9,0.004563894588500261
With start-of-list reinstatement,1.0,1.5,-8,0.00596754252910614
With start-of-list reinstatement,1.0,1.5,-7,0.010317518375813961
With start-of-list reinstatement,1.0,1.5,-6,0.016143105924129486
With start-of-list reinstatement,1.0,1.5,-5,0.026522522792220116
With start-of-list reinstatement,1.0,1.5,-4,0.04288054630160332
With start-of-list reinstatement,1.0,1.5,-3,0.06675805151462555
With start-of-list reinstatement,1.0,1.5,-2,0.11108959466218948
With start-of-list reinstatement,1.0,1.5,-1,0.15981894731521606
With start-of-list reinstatement,1.0,1.5,0,nan
With start-of-list reinstatement,1.0,1.5,1,0.3359292447566986
With start-of-list reinstatement,1.0,1.5,2,0.18241840600967407
With start-of-list reinstatement,1.0,1.5,3,0.10231795907020569
With start-of-list reinstatement,1.0,1.5,4,0.056184250861406326
With start-of-list reinstatement,1.0,1.5,5,0.03247225284576416
With start-of-list reinstatement,1.0,1.5,6,0.019921502098441124
With start-of-list reinstatement,1.0,1.5,7,0.011105984449386597
With start-of-list reinstatement,1.0,1.5,8,0.0074132648296654224
With start-of-list reinstatement,1.0,1.5,9,0.003393404185771942
With start-of-list reinstatement,1.0,1.5,10,0.002141892211511731
With start-of-list reinstatement,1.0,1.5,11,0.0010885341325774789
With start-of-list reinstatement,1.0,1.5,12,0.0006598917534574866
With start-of-list reinstatement,1.0,1.5,13,0.0002311909629497677
With start-of-list reinstatement,1.0,1.5,14,0.00019829467055387795
With start-of-list reinstatement,1.0,1.5,15,0.00016537125338800251
With start-of-list reinstatement,1.0,1.5,16,0.0001324810436926782
With start-of-list reinstatement,1.0,1.5,17,0.0004321808519307524
With start-of-list reinstatement,1.0,1.5,18,0.0007349011139012873
With start-of-list reinstatement,1.0,1.5,19,0.000906983797904104
With start-of-list reinstatement,1.0,1.5,20,0.0012853036168962717
With start-of-list reinstatement,1.0,1.5,21,0.0027291644364595413
With start-of-list reinstatement,1.0,1.5,22,0.004171982407569885
With start-of-list reinstatement,1.0,1.5,23,0.006391896400600672
With start-of-list reinstatement,1.0,1.5,24,0.00804070197045803
With start-of-list reinstatement,1.0,1.5,25,0.010726883076131344
With start-of-list reinstatement,1.0,1.5,26,0.013712449930608273
With start-of-list reinstatement,1.0,1.5,27,0.015173745341598988
With start-of-list reinstatement,1.0,1.5,28,0.013799484819173813
With start-of-list reinstatement,1.0,1.5,29,0.013531227596104145
With start-of-list reinstatement,1.0,1.5,30,0.015135863795876503
With start-of-list reinstatement,1.0,1.5,31,0.01227023359388113
With start-of-list reinstatement,1.0,1.5,32,0.011082205921411514
With start-of-list reinstatement,1.0,1.5,33,0.006240898743271828
With start-of-list reinstatement,1.0,1.5,34,0.00405616220086813
With start-of-list reinstatement,1.0,1.5,35,0.002236205618828535
With start-of-list reinstatement,1.0,1.5,36,0.0009879881981760263
With start-of-list reinstatement,1.0,1.5,37,0.000988039537332952
With start-of-list reinstatement,1.0,1.5,38,0.0007799906306900084
With start-of-list reinstatement,1.0,1.5,39,0.0003639956412371248
With start-of-list reinstatement,1.0,1.5,40,0.0003119800239801407
With start-of-list reinstatement,1.0,1.5,41,0.00031201247475109994
With start-of-list reinstatement,1.0,1.5,42,5.2002080337842926e-05
With start-of-list reinstatement,1.0,1.5,43,0.00020801913342438638
With start-of-list reinstatement,1.0,1.5,44,0.00010400956671219319
With start-of-list reinstatement,1.0,1.5,45,0.0001560549280839041
With start-of-list reinstatement,1.0,1.5,46,5.2023722673766315e-05
With start-of-list reinstatement,1.0,1.5,47,5.20508001500275e-05
With start-of-list reinstatement,1.0,1.5,48,0.0
With start-of-list reinstatement,1.0,1.5,49,5.21648398716934e-05
With start-of-list reinstatement,1.0,1.5,50,0.0
With start-of-list reinstatement,1.0,1.5,51,0.0
With start-of-list reinstatement,1.0,1.5,52,0.0
With start-of-list reinstatement,1.0,1.5,53,0.0
With start-of-list reinstatement,1.0,1.5,54,0.0
With start-of-list reinstatement,1.0,1.5,55,0.00021943057072348893
With start-of-list reinstatement,1.0,1.5,56,0.00011304544750601053
With start-of-list reinstatement,1.0,1.5,57,0.0004143973346799612
With start-of-list reinstatement,1.0,1.5,58,0.0002532126381993294
With start-of-list reinstatement,1.0,1.5,59,0.0006979341269470751
With start-of-list reinstatement,1.0,1.5,60,0.0012057877611368895
With start-of-list reinstatement,1.0,1.5,61,0.001684502582065761
With start-of-list reinstatement,1.0,1.5,62,0.004565578419715166
With start-of-list reinstatement,1.0,1.5,63,0.008064515888690948
With start-of-list reinstatement,1.0,1.75,-63,0.17404130101203918
With start-of-list reinstatement,1.0,1.75,-62,0.04272151738405228
With start-of-list reinstatement,1.0,1.75,-61,0.029867256060242653
With start-of-list reinstatement,1.0,1.75,-60,0.012259194627404213
With start-of-list reinstatement,1.0,1.75,-59,0.004437869880348444
With start-of-list reinstatement,1.0,1.75,-58,0.0013071895809844136
With start-of-list reinstatement,1.0,1.75,-57,0.001196888042613864
With start-of-list reinstatement,1.0,1.75,-56,0.0
With start-of-list reinstatement,1.0,1.75,-55,0.0
With start-of-list reinstatement,1.0,1.75,-54,0.0
With start-of-list reinstatement,1.0,1.75,-53,0.001583113451488316
With start-of-list reinstatement,1.0,1.75,-52,0.0
With start-of-list reinstatement,1.0,1.75,-51,0.0
With start-of-list reinstatement,1.0,1.75,-50,0.0
With start-of-list reinstatement,1.0,1.75,-49,0.0
With start-of-list reinstatement,1.0,1.75,-48,0.0
With start-of-list reinstatement,1.0,1.75,-47,0.0
With start-of-list reinstatement,1.0,1.75,-46,0.0
With start-of-list reinstatement,1.0,1.75,-45,0.0004764173354487866
With start-of-list reinstatement,1.0,1.75,-44,0.0
With start-of-list reinstatement,1.0,1.75,-43,0.0
With start-of-list reinstatement,1.0,1.75,-42,0.0004297378472983837
With start-of-list reinstatement,1.0,1.75,-41,0.0
With start-of-list reinstatement,1.0,1.75,-40,0.0
With start-of-list reinstatement,1.0,1.75,-39,0.0
With start-of-list reinstatement,1.0,1.75,-38,0.0
With start-of-list reinstatement,1.0,1.75,-37,0.0
With start-of-list reinstatement,1.0,1.75,-36,0.0005282619968056679
With start-of-list reinstatement,1.0,1.75,-35,0.00022993791208136827
With start-of-list reinstatement,1.0,1.75,-34,0.00041017227340489626
With start-of-list reinstatement,1.0,1.75,-33,0.00035542919067665935
With start-of-list reinstatement,1.0,1.75,-32,0.0004640371189452708
With start-of-list reinstatement,1.0,1.75,-31,0.0006825006566941738
With start-of-list reinstatement,1.0,1.75,-30,0.0006150818080641329
With start-of-list reinstatement,1.0,1.75,-29,0.0003357206878717989
With start-of-list reinstatement,1.0,1.75,-28,0.0007340604206547141
With start-of-list reinstatement,1.0,1.75,-27,0.0008821799419820309
With start-of-list reinstatement,1.0,1.75,-26,0.0007512442534789443
With start-of-list reinstatement,1.0,1.75,-25,0.0010855798609554768
With start-of-list reinstatement,1.0,1.75,-24,0.0004419303440954536
With start-of-list reinstatement,1.0,1.75,-23,0.0002606655762065202
With start-of-list reinstatement,1.0,1.75,-22,0.00043107164674438536
With start-of-list reinstatement,1.0,1.75,-21,0.00025700335390865803
With start-of-list reinstatement,1.0,1.75,-20,0.0003414425882510841
With start-of-list reinstatement,1.0,1.75,-19,0.0005113345687277615
With start-of-list reinstatement,1.0,1.75,-18,0.0008519339025951922
With start-of-list reinstatement,1.0,1.75,-17,0.00042578557622618973
With start-of-list reinstatement,1.0,1.75,-16,0.0006806773017160594
With start-of-list reinstatement,1.0,1.75,-15,0.0005958967958576977
With start-of-list reinstatement,1.0,1.75,-14,0.0005964045412838459
With start-of-list reinstatement,1.0,1.75,-13,0.0011079859687015414
With start-of-list reinstatement,1.0,1.75,-12,0.0012803004356101155
With start-of-list reinstatement,1.0,1.75,-11,0.001452743075788021
With start-of-list reinstatement,1.0,1.75,-10,0.0018832391360774636
With start-of-list reinstatement,1.0,1.75,-9,0.002233868930488825
With start-of-list reinstatement,1.0,1.75,-8,0.002766490913927555
With start-of-list reinstatement,1.0,1.75,-7,0.004502554424107075
With start-of-list reinstatement,1.0,1.75,-6,0.012803875841200352
With start-of-list reinstatement,1.0,1.75,-5,0.021160874515771866
With start-of-list reinstatement,1.0,1.75,-4,0.037151187658309937
With start-of-list reinstatement,1.0,1.75,-3,0.06331666558980942
With start-of-list reinstatement,1.0,1.75,-2,0.11190817505121231
With start-of-list reinstatement,1.0,1.75,-1,0.17831914126873016
With start-of-list reinstatement,1.0,1.75,0,nan
With start-of-list reinstatement,1.0,1.75,1,0.4021664261817932
With start-of-list reinstatement,1.0,1.75,2,0.1890430897474289
With start-of-list reinstatement,1.0,1.75,3,0.09886312484741211
With start-of-list reinstatement,1.0,1.75,4,0.04715379327535629
With start-of-list reinstatement,1.0,1.75,5,0.025084571912884712
With start-of-list reinstatement,1.0,1.75,6,0.013657201081514359
With start-of-list reinstatement,1.0,1.75,7,0.006643990054726601
With start-of-list reinstatement,1.0,1.75,8,0.003463726257905364
With start-of-list reinstatement,1.0,1.75,9,0.0015572858974337578
With start-of-list reinstatement,1.0,1.75,10,0.0011127006728202105
With start-of-list reinstatement,1.0,1.75,11,0.00044516517664305866
With start-of-list reinstatement,1.0,1.75,12,0.0003817522374447435
With start-of-list reinstatement,1.0,1.75,13,3.1827876227907836e-05
With start-of-list reinstatement,1.0,1.75,14,3.1843075703363866e-05
With start-of-list reinstatement,1.0,1.75,15,6.37145567452535e-05
With start-of-list reinstatement,1.0,1.75,16,0.0001912228763103485
With start-of-list reinstatement,1.0,1.75,17,0.000255476770689711
With start-of-list reinstatement,1.0,1.75,18,0.0003200614592060447
With start-of-list reinstatement,1.0,1.75,19,0.000738173199351877
With start-of-list reinstatement,1.0,1.75,20,0.0008695652359165251
With start-of-list reinstatement,1.0,1.75,21,0.0022949124686419964
With start-of-list reinstatement,1.0,1.75,22,0.0037712538614869118
With start-of-list reinstatement,1.0,1.75,23,0.004593326710164547
With start-of-list reinstatement,1.0,1.75,24,0.00863041914999485
With start-of-list reinstatement,1.0,1.75,25,0.011142249219119549
With start-of-list reinstatement,1.0,1.75,26,0.013935359194874763
With start-of-list reinstatement,1.0,1.75,27,0.014840789139270782
With start-of-list reinstatement,1.0,1.75,28,0.01662873476743698
With start-of-list reinstatement,1.0,1.75,29,0.014051522128283978
With start-of-list reinstatement,1.0,1.75,30,0.011404537595808506
With start-of-list reinstatement,1.0,1.75,31,0.010081427171826363
With start-of-list reinstatement,1.0,1.75,32,0.006883488968014717
With start-of-list reinstatement,1.0,1.75,33,0.0037878789007663727
With start-of-list reinstatement,1.0,1.75,34,0.0023096820805221796
With start-of-list reinstatement,1.0,1.75,35,0.0012471707304939628
With start-of-list reinstatement,1.0,1.75,36,0.0002771618601400405
With start-of-list reinstatement,1.0,1.75,37,0.0004618937673512846
With start-of-list reinstatement,1.0,1.75,38,0.0003233256284147501
With start-of-list reinstatement,1.0,1.75,39,0.0001847575040301308
With start-of-list reinstatement,1.0,1.75,40,0.0002309468836756423
With start-of-list reinstatement,1.0,1.75,41,4.61893760075327e-05
With start-of-list reinstatement,1.0,1.75,42,0.0
With start-of-list reinstatement,1.0,1.75,43,0.0001385681243846193
With start-of-list reinstatement,1.0,1.75,44,4.61893760075327e-05
With start-of-list reinstatement,1.0,1.75,45,9.238302300218493e-05
With start-of-list reinstatement,1.0,1.75,46,9.239155770046636e-05
With start-of-list reinstatement,1.0,1.75,47,0.0
With start-of-list reinstatement,1.0,1.75,48,0.0
With start-of-list reinstatement,1.0,1.75,49,0.0
With start-of-list reinstatement,1.0,1.75,50,0.0
With start-of-list reinstatement,1.0,1.75,51,0.0
With start-of-list reinstatement,1.0,1.75,52,0.0
With start-of-list reinstatement,1.0,1.75,53,0.0
With start-of-list reinstatement,1.0,1.75,54,0.0
With start-of-list reinstatement,1.0,1.75,55,0.0
With start-of-list reinstatement,1.0,1.75,56,0.0
With start-of-list reinstatement,1.0,1.75,57,0.0
With start-of-list reinstatement,1.0,1.75,58,0.0001660486013861373
With start-of-list reinstatement,1.0,1.75,59,6.131207919679582e-05
With start-of-list reinstatement,1.0,1.75,60,0.0004995004856027663
With start-of-list reinstatement,1.0,1.75,61,0.0008882572292350233
With start-of-list reinstatement,1.0,1.75,62,0.0011272545671090484
With start-of-list reinstatement,1.0,1.75,63,0.003842459060251713
With start-of-list reinstatement,1.0,2.0,-63,0.15420560538768768
With start-of-list reinstatement,1.0,2.0,-62,0.04146341606974602
With start-of-list reinstatement,1.0,2.0,-61,0.017006803303956985
With start-of-list reinstatement,1.0,2.0,-60,0.004010695032775402
With start-of-list reinstatement,1.0,2.0,-59,0.00334075721912086
With start-of-list reinstatement,1.0,2.0,-58,0.000985221704468131
With start-of-list reinstatement,1.0,2.0,-57,0.0
With start-of-list reinstatement,1.0,2.0,-56,0.0008389261784031987
With start-of-list reinstatement,1.0,2.0,-55,0.0
With start-of-list reinstatement,1.0,2.0,-54,0.0
With start-of-list reinstatement,1.0,2.0,-53,0.0
With start-of-list reinstatement,1.0,2.0,-52,0.0
With start-of-list reinstatement,1.0,2.0,-51,0.0
With start-of-list reinstatement,1.0,2.0,-50,0.0
With start-of-list reinstatement,1.0,2.0,-49,0.0
With start-of-list reinstatement,1.0,2.0,-48,0.0
With start-of-list reinstatement,1.0,2.0,-47,0.0
With start-of-list reinstatement,1.0,2.0,-46,0.0
With start-of-list reinstatement,1.0,2.0,-45,0.0
With start-of-list reinstatement,1.0,2.0,-44,0.0
With start-of-list reinstatement,1.0,2.0,-43,0.0
With start-of-list reinstatement,1.0,2.0,-42,0.0
With start-of-list reinstatement,1.0,2.0,-41,0.0
With start-of-list reinstatement,1.0,2.0,-40,0.0
With start-of-list reinstatement,1.0,2.0,-39,0.0
With start-of-list reinstatement,1.0,2.0,-38,0.0
With start-of-list reinstatement,1.0,2.0,-37,0.0
With start-of-list reinstatement,1.0,2.0,-36,0.0
With start-of-list reinstatement,1.0,2.0,-35,0.0003606202662922442
With start-of-list reinstatement,1.0,2.0,-34,0.0003105590003542602
With start-of-list reinstatement,1.0,2.0,-33,0.0002592016535345465
With start-of-list reinstatement,1.0,2.0,-32,0.0
With start-of-list reinstatement,1.0,2.0,-31,0.00018422992434352636
With start-of-list reinstatement,1.0,2.0,-30,0.0007983394316397607
With start-of-list reinstatement,1.0,2.0,-29,0.00028477859450504184
With start-of-list reinstatement,1.0,2.0,-28,0.0006481721648015082
With start-of-list reinstatement,1.0,2.0,-27,0.0014285714132711291
With start-of-list reinstatement,1.0,2.0,-26,0.0005631264648400247
With start-of-list reinstatement,1.0,2.0,-25,0.0007482629735022783
With start-of-list reinstatement,1.0,2.0,-24,0.00041271152440458536
With start-of-list reinstatement,1.0,2.0,-23,0.0005055611836723983
With start-of-list reinstatement,1.0,2.0,-22,0.0002994012029375881
With start-of-list reinstatement,1.0,2.0,-21,0.0003972589038312435
With start-of-list reinstatement,1.0,2.0,-20,0.0001979805965675041
With start-of-list reinstatement,1.0,2.0,-19,9.88044630503282e-05
With start-of-list reinstatement,1.0,2.0,-18,0.0
With start-of-list reinstatement,1.0,2.0,-17,0.00019735543173737824
With start-of-list reinstatement,1.0,2.0,-16,0.0001972970349015668
With start-of-list reinstatement,1.0,2.0,-15,0.00019725810852833092
With start-of-list reinstatement,1.0,2.0,-14,0.00019733596127480268
With start-of-list reinstatement,1.0,2.0,-13,0.0005927096935920417
With start-of-list reinstatement,1.0,2.0,-12,0.0007908263942226768
With start-of-list reinstatement,1.0,2.0,-11,0.001187413465231657
With start-of-list reinstatement,1.0,2.0,-10,0.0015832178760319948
With start-of-list reinstatement,1.0,2.0,-9,0.0016858389135450125
With start-of-list reinstatement,1.0,2.0,-8,0.002690583001822233
With start-of-list reinstatement,1.0,2.0,-7,0.003591022454202175
With start-of-list reinstatement,1.0,2.0,-6,0.0073874411173164845
With start-of-list reinstatement,1.0,2.0,-5,0.015241488814353943
With start-of-list reinstatement,1.0,2.0,-4,0.02741185575723648
With start-of-list reinstatement,1.0,2.0,-3,0.05731593817472458
With start-of-list reinstatement,1.0,2.0,-2,0.10569386184215546
With start-of-list reinstatement,1.0,2.0,-1,0.19262143969535828
With start-of-list reinstatement,1.0,2.0,0,nan
With start-of-list reinstatement,1.0,2.0,1,0.45366644859313965
With start-of-list reinstatement,1.0,2.0,2,0.19349336624145508
With start-of-list reinstatement,1.0,2.0,3,0.08774866163730621
With start-of-list reinstatement,1.0,2.0,4,0.041223570704460144
With start-of-list reinstatement,1.0,2.0,5,0.019804758951067924
With start-of-list reinstatement,1.0,2.0,6,0.009314351715147495
With start-of-list reinstatement,1.0,2.0,7,0.004140335600823164
With start-of-list reinstatement,1.0,2.0,8,0.0022103232331573963
With start-of-list reinstatement,1.0,2.0,9,0.0009651307482272387
With start-of-list reinstatement,1.0,2.0,10,0.00037375028477981687
With start-of-list reinstatement,1.0,2.0,11,0.0002804175019264221
With start-of-list reinstatement,1.0,2.0,12,0.00012466107727959752
With start-of-list reinstatement,1.0,2.0,13,3.1175957701634616e-05
With start-of-list reinstatement,1.0,2.0,14,3.118081804132089e-05
With start-of-list reinstatement,1.0,2.0,15,3.118859604001045e-05
With start-of-list reinstatement,1.0,2.0,16,3.118957101833075e-05
With start-of-list reinstatement,1.0,2.0,17,0.0002496645029168576
With start-of-list reinstatement,1.0,2.0,18,0.0001873887376859784
With start-of-list reinstatement,1.0,2.0,19,0.0007190646138042212
With start-of-list reinstatement,1.0,2.0,20,0.0007517383783124387
With start-of-list reinstatement,1.0,2.0,21,0.0017578002298250794
With start-of-list reinstatement,1.0,2.0,22,0.002739035990089178
With start-of-list reinstatement,1.0,2.0,23,0.00563237676396966
With start-of-list reinstatement,1.0,2.0,24,0.009728867560625076
With start-of-list reinstatement,1.0,2.0,25,0.013610707595944405
With start-of-list reinstatement,1.0,2.0,26,0.01595831848680973
With start-of-list reinstatement,1.0,2.0,27,0.015616098418831825
With start-of-list reinstatement,1.0,2.0,28,0.014740402810275555
With start-of-list reinstatement,1.0,2.0,29,0.01231907494366169
With start-of-list reinstatement,1.0,2.0,30,0.008335533551871777
With start-of-list reinstatement,1.0,2.0,31,0.007482993416488171
With start-of-list reinstatement,1.0,2.0,32,0.004596614744514227
With start-of-list reinstatement,1.0,2.0,33,0.001632582861930132
With start-of-list reinstatement,1.0,2.0,34,0.0012029041536152363
With start-of-list reinstatement,1.0,2.0,35,0.0004725694889202714
With start-of-list reinstatement,1.0,2.0,36,0.00025775411631911993
With start-of-list reinstatement,1.0,2.0,37,0.00017183607269544154
With start-of-list reinstatement,1.0,2.0,38,0.0
With start-of-list reinstatement,1.0,2.0,39,0.0
With start-of-list reinstatement,1.0,2.0,40,8.591803634772077e-05
With start-of-list reinstatement,1.0,2.0,41,4.2959018173860386e-05
With start-of-list reinstatement,1.0,2.0,42,0.0
With start-of-list reinstatement,1.0,2.0,43,0.0
With start-of-list reinstatement,1.0,2.0,44,0.0
With start-of-list reinstatement,1.0,2.0,45,0.0
With start-of-list reinstatement,1.0,2.0,46,0.0
With start-of-list reinstatement,1.0,2.0,47,0.0
With start-of-list reinstatement,1.0,2.0,48,0.0
With start-of-list reinstatement,1.0,2.0,49,0.0
With start-of-list reinstatement,1.0,2.0,50,0.0
With start-of-list reinstatement,1.0,2.0,51,0.0
With start-of-list reinstatement,1.0,2.0,52,0.0
With start-of-list reinstatement,1.0,2.0,53,0.0
With start-of-list reinstatement,1.0,2.0,54,0.0
With start-of-list reinstatement,1.0,2.0,55,0.0
With start-of-list reinstatement,1.0,2.0,56,0.0
With start-of-list reinstatement,1.0,2.0,57,4.756468842970207e-05
With start-of-list reinstatement,1.0,2.0,58,5.100219277665019e-05
With start-of-list reinstatement,1.0,2.0,59,0.00011338511103531346
With start-of-list reinstatement,1.0,2.0,60,0.0001980459492187947
With start-of-list reinstatement,1.0,2.0,61,0.00016543966194149107
With start-of-list reinstatement,1.0,2.0,62,0.0009399600676260889
With start-of-list reinstatement,1.0,2.0,63,0.001355932210572064
