retrieval_setting,start_drift_scale,film_item_support_boost,rejected_recall_drift_scale,reminder_condition,task_condition,task_mcf_scale,film_source_start_drift_rate,film_cue_reinstatement,cue_interval,first_cue_after,experiment_count,position,phase,recall_probability
Unguided recall,0.0,0.0,1.0,No reminder,Weak task encoding,1.0,0.0,0.9,4,0,5000,1,film,0.08659999817609787
Unguided recall,0.0,0.0,1.0,No reminder,Weak task encoding,1.0,0.0,0.9,4,0,5000,2,film,0.10779999941587448
Unguided recall,0.0,0.0,1.0,No reminder,Weak task encoding,1.0,0.0,0.9,4,0,5000,3,film,0.13259999454021454
Unguided recall,0.0,0.0,1.0,No reminder,Weak task encoding,1.0,0.0,0.9,4,0,5000,4,film,0.15379999577999115
Unguided recall,0.0,0.0,1.0,No reminder,Weak task encoding,1.0,0.0,0.9,4,0,5000,5,film,0.1762000024318695
Unguided recall,0.0,0.0,1.0,No reminder,Weak task encoding,1.0,0.0,0.9,4,0,5000,6,film,0.19900000095367432
Unguided recall,0.0,0.0,1.0,No reminder,Weak task encoding,1.0,0.0,0.9,4,0,5000,7,film,0.21199999749660492
Unguided recall,0.0,0.0,1.0,No reminder,Weak task encoding,1.0,0.0,0.9,4,0,5000,8,film,0.23360000550746918
Unguided recall,0.0,0.0,1.0,No reminder,Weak task encoding,1.0,0.0,0.9,4,0,5000,9,film,0.23839999735355377
Unguided recall,0.0,0.0,1.0,No reminder,Weak task encoding,1.0,0.0,0.9,4,0,5000,10,film,0.2451999932527542
Unguided recall,0.0,0.0,1.0,No reminder,Weak task encoding,1.0,0.0,0.9,4,0,5000,11,film,0.24740000069141388
Unguided recall,0.0,0.0,1.0,No reminder,Weak task encoding,1.0,0.0,0.9,4,0,5000,12,film,0.25780001282691956
Unguided recall,0.0,0.0,1.0,No reminder,Weak task encoding,1.0,0.0,0.9,4,0,5000,13,film,0.25440001487731934
Unguided recall,0.0,0.0,1.0,No reminder,Weak task encoding,1.0,0.0,0.9,4,0,5000,14,film,0.24480000138282776
Unguided recall,0.0,0.0,1.0,No reminder,Weak task encoding,1.0,0.0,0.9,4,0,5000,15,film,0.2345999926328659
Unguided recall,0.0,0.0,1.0,No reminder,Weak task encoding,1.0,0.0,0.9,4,0,5000,16,film,0.2313999980688095
Unguided recall,0.0,0.0,1.0,No reminder,Weak task encoding,1.0,0.0,0.9,4,0,5000,17,break,0.13259999454021454
Unguided recall,0.0,0.0,1.0,No reminder,Weak task encoding,1.0,0.0,0.9,4,0,5000,18,break,0.11299999803304672
Unguided recall,0.0,0.0,1.0,No reminder,Weak task encoding,1.0,0.0,0.9,4,0,5000,19,break,0.09300000220537186
Unguided recall,0.0,0.0,1.0,No reminder,Weak task encoding,1.0,0.0,0.9,4,0,5000,20,break,0.07599999755620956
Unguided recall,0.0,0.0,1.0,No reminder,Weak task encoding,1.0,0.0,0.9,4,0,5000,21,break,0.058400001376867294
Unguided recall,0.0,0.0,1.0,No reminder,Weak task encoding,1.0,0.0,0.9,4,0,5000,22,break,0.052400000393390656
Unguided recall,0.0,0.0,1.0,No reminder,Weak task encoding,1.0,0.0,0.9,4,0,5000,23,break,0.04859999939799309
Unguided recall,0.0,0.0,1.0,No reminder,Weak task encoding,1.0,0.0,0.9,4,0,5000,24,break,0.03400000184774399
Unguided recall,0.0,0.0,1.0,No reminder,Weak task encoding,1.0,0.0,0.9,4,0,5000,25,break,0.02979999966919422
Unguided recall,0.0,0.0,1.0,No reminder,Weak task encoding,1.0,0.0,0.9,4,0,5000,26,break,0.026599999517202377
Unguided recall,0.0,0.0,1.0,No reminder,Weak task encoding,1.0,0.0,0.9,4,0,5000,27,break,0.017999999225139618
Unguided recall,0.0,0.0,1.0,No reminder,Weak task encoding,1.0,0.0,0.9,4,0,5000,28,break,0.01899999938905239
Unguided recall,0.0,0.0,1.0,No reminder,Weak task encoding,1.0,0.0,0.9,4,0,5000,29,break,0.014600000344216824
Unguided recall,0.0,0.0,1.0,No reminder,Weak task encoding,1.0,0.0,0.9,4,0,5000,30,break,0.011800000444054604
Unguided recall,0.0,0.0,1.0,No reminder,Weak task encoding,1.0,0.0,0.9,4,0,5000,31,break,0.011599999852478504
Unguided recall,0.0,0.0,1.0,No reminder,Weak task encoding,1.0,0.0,0.9,4,0,5000,32,break,0.009399999864399433
Unguided recall,0.0,0.0,1.0,No reminder,Weak task encoding,1.0,0.0,0.9,4,0,5000,33,task,0.010999999940395355
Unguided recall,0.0,0.0,1.0,No reminder,Weak task encoding,1.0,0.0,0.9,4,0,5000,34,task,0.007400000002235174
Unguided recall,0.0,0.0,1.0,No reminder,Weak task encoding,1.0,0.0,0.9,4,0,5000,35,task,0.005200000014156103
Unguided recall,0.0,0.0,1.0,No reminder,Weak task encoding,1.0,0.0,0.9,4,0,5000,36,task,0.004800000227987766
Unguided recall,0.0,0.0,1.0,No reminder,Weak task encoding,1.0,0.0,0.9,4,0,5000,37,task,0.005400000140070915
Unguided recall,0.0,0.0,1.0,No reminder,Weak task encoding,1.0,0.0,0.9,4,0,5000,38,task,0.004999999888241291
Unguided recall,0.0,0.0,1.0,No reminder,Weak task encoding,1.0,0.0,0.9,4,0,5000,39,task,0.00860000029206276
Unguided recall,0.0,0.0,1.0,No reminder,Weak task encoding,1.0,0.0,0.9,4,0,5000,40,task,0.005799999926239252
Unguided recall,0.0,0.0,1.0,No reminder,Weak task encoding,1.0,0.0,0.9,4,0,5000,41,task,0.007400000002235174
Unguided recall,0.0,0.0,1.0,No reminder,Weak task encoding,1.0,0.0,0.9,4,0,5000,42,task,0.00860000029206276
Unguided recall,0.0,0.0,1.0,No reminder,Weak task encoding,1.0,0.0,0.9,4,0,5000,43,task,0.009800000116229057
Unguided recall,0.0,0.0,1.0,No reminder,Weak task encoding,1.0,0.0,0.9,4,0,5000,44,task,0.009800000116229057
Unguided recall,0.0,0.0,1.0,No reminder,Weak task encoding,1.0,0.0,0.9,4,0,5000,45,task,0.0142000000923872
Unguided recall,0.0,0.0,1.0,No reminder,Weak task encoding,1.0,0.0,0.9,4,0,5000,46,task,0.015799999237060547
Unguided recall,0.0,0.0,1.0,No reminder,Weak task encoding,1.0,0.0,0.9,4,0,5000,47,task,0.02280000038444996
Unguided recall,0.0,0.0,1.0,No reminder,Weak task encoding,1.0,0.0,0.9,4,0,5000,48,task,0.021400000900030136
Unguided recall,0.0,0.0,1.0,No reminder,Weak task encoding,1.0,0.0,0.9,4,0,5000,49,filler,0.028599999845027924
Unguided recall,0.0,0.0,1.0,No reminder,Weak task encoding,1.0,0.0,0.9,4,0,5000,50,filler,0.03660000115633011
Unguided recall,0.0,0.0,1.0,No reminder,Weak task encoding,1.0,0.0,0.9,4,0,5000,51,filler,0.04439999908208847
Unguided recall,0.0,0.0,1.0,No reminder,Weak task encoding,1.0,0.0,0.9,4,0,5000,52,filler,0.0560000017285347
Unguided recall,0.0,0.0,1.0,No reminder,Weak task encoding,1.0,0.0,0.9,4,0,5000,53,filler,0.07639999687671661
Unguided recall,0.0,0.0,1.0,No reminder,Weak task encoding,1.0,0.0,0.9,4,0,5000,54,filler,0.09740000218153
Unguided recall,0.0,0.0,1.0,No reminder,Weak task encoding,1.0,0.0,0.9,4,0,5000,55,filler,0.11900000274181366
Unguided recall,0.0,0.0,1.0,No reminder,Weak task encoding,1.0,0.0,0.9,4,0,5000,56,filler,0.15919999778270721
Unguided recall,0.0,0.0,1.0,No reminder,Weak task encoding,1.0,0.0,0.9,4,0,5000,57,filler,0.18279999494552612
Unguided recall,0.0,0.0,1.0,No reminder,Weak task encoding,1.0,0.0,0.9,4,0,5000,58,filler,0.22840000689029694
Unguided recall,0.0,0.0,1.0,No reminder,Weak task encoding,1.0,0.0,0.9,4,0,5000,59,filler,0.274399995803833
Unguided recall,0.0,0.0,1.0,No reminder,Weak task encoding,1.0,0.0,0.9,4,0,5000,60,filler,0.3264000117778778
Unguided recall,0.0,0.0,1.0,No reminder,Weak task encoding,1.0,0.0,0.9,4,0,5000,61,filler,0.39820000529289246
Unguided recall,0.0,0.0,1.0,No reminder,Weak task encoding,1.0,0.0,0.9,4,0,5000,62,filler,0.4465999901294708
Unguided recall,0.0,0.0,1.0,No reminder,Weak task encoding,1.0,0.0,0.9,4,0,5000,63,filler,0.4880000054836273
Unguided recall,0.0,0.0,1.0,No reminder,Weak task encoding,1.0,0.0,0.9,4,0,5000,64,filler,0.5386000275611877
Unguided recall,0.0,0.0,1.0,No reminder,Strong task encoding,2.0,0.0,0.9,4,0,5000,1,film,0.0722000002861023
Unguided recall,0.0,0.0,1.0,No reminder,Strong task encoding,2.0,0.0,0.9,4,0,5000,2,film,0.07919999957084656
Unguided recall,0.0,0.0,1.0,No reminder,Strong task encoding,2.0,0.0,0.9,4,0,5000,3,film,0.10140000283718109
Unguided recall,0.0,0.0,1.0,No reminder,Strong task encoding,2.0,0.0,0.9,4,0,5000,4,film,0.11559999734163284
Unguided recall,0.0,0.0,1.0,No reminder,Strong task encoding,2.0,0.0,0.9,4,0,5000,5,film,0.12620000541210175
Unguided recall,0.0,0.0,1.0,No reminder,Strong task encoding,2.0,0.0,0.9,4,0,5000,6,film,0.14640000462532043
Unguided recall,0.0,0.0,1.0,No reminder,Strong task encoding,2.0,0.0,0.9,4,0,5000,7,film,0.16339999437332153
Unguided recall,0.0,0.0,1.0,No reminder,Strong task encoding,2.0,0.0,0.9,4,0,5000,8,film,0.15919999778270721
Unguided recall,0.0,0.0,1.0,No reminder,Strong task encoding,2.0,0.0,0.9,4,0,5000,9,film,0.18199999630451202
Unguided recall,0.0,0.0,1.0,No reminder,Strong task encoding,2.0,0.0,0.9,4,0,5000,10,film,0.18700000643730164
Unguided recall,0.0,0.0,1.0,No reminder,Strong task encoding,2.0,0.0,0.9,4,0,5000,11,film,0.1860000044107437
Unguided recall,0.0,0.0,1.0,No reminder,Strong task encoding,2.0,0.0,0.9,4,0,5000,12,film,0.18860000371932983
Unguided recall,0.0,0.0,1.0,No reminder,Strong task encoding,2.0,0.0,0.9,4,0,5000,13,film,0.1850000023841858
Unguided recall,0.0,0.0,1.0,No reminder,Strong task encoding,2.0,0.0,0.9,4,0,5000,14,film,0.18860000371932983
Unguided recall,0.0,0.0,1.0,No reminder,Strong task encoding,2.0,0.0,0.9,4,0,5000,15,film,0.18199999630451202
Unguided recall,0.0,0.0,1.0,No reminder,Strong task encoding,2.0,0.0,0.9,4,0,5000,16,film,0.18119999766349792
Unguided recall,0.0,0.0,1.0,No reminder,Strong task encoding,2.0,0.0,0.9,4,0,5000,17,break,0.10300000011920929
Unguided recall,0.0,0.0,1.0,No reminder,Strong task encoding,2.0,0.0,0.9,4,0,5000,18,break,0.08420000225305557
Unguided recall,0.0,0.0,1.0,No reminder,Strong task encoding,2.0,0.0,0.9,4,0,5000,19,break,0.06859999895095825
Unguided recall,0.0,0.0,1.0,No reminder,Strong task encoding,2.0,0.0,0.9,4,0,5000,20,break,0.052400000393390656
Unguided recall,0.0,0.0,1.0,No reminder,Strong task encoding,2.0,0.0,0.9,4,0,5000,21,break,0.04399999976158142
Unguided recall,0.0,0.0,1.0,No reminder,Strong task encoding,2.0,0.0,0.9,4,0,5000,22,break,0.03959999978542328
Unguided recall,0.0,0.0,1.0,No reminder,Strong task encoding,2.0,0.0,0.9,4,0,5000,23,break,0.033799998462200165
Unguided recall,0.0,0.0,1.0,No reminder,Strong task encoding,2.0,0.0,0.9,4,0,5000,24,break,0.024399999529123306
Unguided recall,0.0,0.0,1.0,No reminder,Strong task encoding,2.0,0.0,0.9,4,0,5000,25,break,0.015599999576807022
Unguided recall,0.0,0.0,1.0,No reminder,Strong task encoding,2.0,0.0,0.9,4,0,5000,26,break,0.013399999588727951
Unguided recall,0.0,0.0,1.0,No reminder,Strong task encoding,2.0,0.0,0.9,4,0,5000,27,break,0.012799999676644802
Unguided recall,0.0,0.0,1.0,No reminder,Strong task encoding,2.0,0.0,0.9,4,0,5000,28,break,0.009999999776482582
Unguided recall,0.0,0.0,1.0,No reminder,Strong task encoding,2.0,0.0,0.9,4,0,5000,29,break,0.007199999876320362
Unguided recall,0.0,0.0,1.0,No reminder,Strong task encoding,2.0,0.0,0.9,4,0,5000,30,break,0.004000000189989805
Unguided recall,0.0,0.0,1.0,No reminder,Strong task encoding,2.0,0.0,0.9,4,0,5000,31,break,0.004800000227987766
Unguided recall,0.0,0.0,1.0,No reminder,Strong task encoding,2.0,0.0,0.9,4,0,5000,32,break,0.005799999926239252
Unguided recall,0.0,0.0,1.0,No reminder,Strong task encoding,2.0,0.0,0.9,4,0,5000,33,task,0.050599999725818634
Unguided recall,0.0,0.0,1.0,No reminder,Strong task encoding,2.0,0.0,0.9,4,0,5000,34,task,0.05820000171661377
Unguided recall,0.0,0.0,1.0,No reminder,Strong task encoding,2.0,0.0,0.9,4,0,5000,35,task,0.06639999896287918
Unguided recall,0.0,0.0,1.0,No reminder,Strong task encoding,2.0,0.0,0.9,4,0,5000,36,task,0.07240000367164612
Unguided recall,0.0,0.0,1.0,No reminder,Strong task encoding,2.0,0.0,0.9,4,0,5000,37,task,0.08020000159740448
Unguided recall,0.0,0.0,1.0,No reminder,Strong task encoding,2.0,0.0,0.9,4,0,5000,38,task,0.08380000293254852
Unguided recall,0.0,0.0,1.0,No reminder,Strong task encoding,2.0,0.0,0.9,4,0,5000,39,task,0.10180000215768814
Unguided recall,0.0,0.0,1.0,No reminder,Strong task encoding,2.0,0.0,0.9,4,0,5000,40,task,0.11060000211000443
Unguided recall,0.0,0.0,1.0,No reminder,Strong task encoding,2.0,0.0,0.9,4,0,5000,41,task,0.13500000536441803
Unguided recall,0.0,0.0,1.0,No reminder,Strong task encoding,2.0,0.0,0.9,4,0,5000,42,task,0.14579999446868896
Unguided recall,0.0,0.0,1.0,No reminder,Strong task encoding,2.0,0.0,0.9,4,0,5000,43,task,0.1656000018119812
Unguided recall,0.0,0.0,1.0,No reminder,Strong task encoding,2.0,0.0,0.9,4,0,5000,44,task,0.17100000381469727
Unguided recall,0.0,0.0,1.0,No reminder,Strong task encoding,2.0,0.0,0.9,4,0,5000,45,task,0.19099999964237213
Unguided recall,0.0,0.0,1.0,No reminder,Strong task encoding,2.0,0.0,0.9,4,0,5000,46,task,0.20759999752044678
Unguided recall,0.0,0.0,1.0,No reminder,Strong task encoding,2.0,0.0,0.9,4,0,5000,47,task,0.22220000624656677
Unguided recall,0.0,0.0,1.0,No reminder,Strong task encoding,2.0,0.0,0.9,4,0,5000,48,task,0.24560000002384186
Unguided recall,0.0,0.0,1.0,No reminder,Strong task encoding,2.0,0.0,0.9,4,0,5000,49,filler,0.04259999841451645
Unguided recall,0.0,0.0,1.0,No reminder,Strong task encoding,2.0,0.0,0.9,4,0,5000,50,filler,0.03319999948143959
Unguided recall,0.0,0.0,1.0,No reminder,Strong task encoding,2.0,0.0,0.9,4,0,5000,51,filler,0.036400001496076584
Unguided recall,0.0,0.0,1.0,No reminder,Strong task encoding,2.0,0.0,0.9,4,0,5000,52,filler,0.04179999977350235
Unguided recall,0.0,0.0,1.0,No reminder,Strong task encoding,2.0,0.0,0.9,4,0,5000,53,filler,0.051600001752376556
Unguided recall,0.0,0.0,1.0,No reminder,Strong task encoding,2.0,0.0,0.9,4,0,5000,54,filler,0.06360000371932983
Unguided recall,0.0,0.0,1.0,No reminder,Strong task encoding,2.0,0.0,0.9,4,0,5000,55,filler,0.07760000228881836
Unguided recall,0.0,0.0,1.0,No reminder,Strong task encoding,2.0,0.0,0.9,4,0,5000,56,filler,0.08879999816417694
Unguided recall,0.0,0.0,1.0,No reminder,Strong task encoding,2.0,0.0,0.9,4,0,5000,57,filler,0.11339999735355377
Unguided recall,0.0,0.0,1.0,No reminder,Strong task encoding,2.0,0.0,0.9,4,0,5000,58,filler,0.15440000593662262
Unguided recall,0.0,0.0,1.0,No reminder,Strong task encoding,2.0,0.0,0.9,4,0,5000,59,filler,0.17520000040531158
Unguided recall,0.0,0.0,1.0,No reminder,Strong task encoding,2.0,0.0,0.9,4,0,5000,60,filler,0.22699999809265137
Unguided recall,0.0,0.0,1.0,No reminder,Strong task encoding,2.0,0.0,0.9,4,0,5000,61,filler,0.2741999924182892
Unguided recall,0.0,0.0,1.0,No reminder,Strong task encoding,2.0,0.0,0.9,4,0,5000,62,filler,0.3357999920845032
Unguided recall,0.0,0.0,1.0,No reminder,Strong task encoding,2.0,0.0,0.9,4,0,5000,63,filler,0.39100000262260437
Unguided recall,0.0,0.0,1.0,No reminder,Strong task encoding,2.0,0.0,0.9,4,0,5000,64,filler,0.43540000915527344
Unguided recall,0.0,0.0,1.0,With reminder,Weak task encoding,1.0,0.0,0.9,4,0,5000,1,film,0.07599999755620956
Unguided recall,0.0,0.0,1.0,With reminder,Weak task encoding,1.0,0.0,0.9,4,0,5000,2,film,0.09160000085830688
Unguided recall,0.0,0.0,1.0,With reminder,Weak task encoding,1.0,0.0,0.9,4,0,5000,3,film,0.1111999973654747
Unguided recall,0.0,0.0,1.0,With reminder,Weak task encoding,1.0,0.0,0.9,4,0,5000,4,film,0.12559999525547028
Unguided recall,0.0,0.0,1.0,With reminder,Weak task encoding,1.0,0.0,0.9,4,0,5000,5,film,0.1462000012397766
Unguided recall,0.0,0.0,1.0,With reminder,Weak task encoding,1.0,0.0,0.9,4,0,5000,6,film,0.1607999950647354
Unguided recall,0.0,0.0,1.0,With reminder,Weak task encoding,1.0,0.0,0.9,4,0,5000,7,film,0.17820000648498535
Unguided recall,0.0,0.0,1.0,With reminder,Weak task encoding,1.0,0.0,0.9,4,0,5000,8,film,0.19460000097751617
Unguided recall,0.0,0.0,1.0,With reminder,Weak task encoding,1.0,0.0,0.9,4,0,5000,9,film,0.18960000574588776
Unguided recall,0.0,0.0,1.0,With reminder,Weak task encoding,1.0,0.0,0.9,4,0,5000,10,film,0.2003999948501587
Unguided recall,0.0,0.0,1.0,With reminder,Weak task encoding,1.0,0.0,0.9,4,0,5000,11,film,0.21279999613761902
Unguided recall,0.0,0.0,1.0,With reminder,Weak task encoding,1.0,0.0,0.9,4,0,5000,12,film,0.22519999742507935
Unguided recall,0.0,0.0,1.0,With reminder,Weak task encoding,1.0,0.0,0.9,4,0,5000,13,film,0.23240000009536743
Unguided recall,0.0,0.0,1.0,With reminder,Weak task encoding,1.0,0.0,0.9,4,0,5000,14,film,0.2215999960899353
Unguided recall,0.0,0.0,1.0,With reminder,Weak task encoding,1.0,0.0,0.9,4,0,5000,15,film,0.2134000062942505
Unguided recall,0.0,0.0,1.0,With reminder,Weak task encoding,1.0,0.0,0.9,4,0,5000,16,film,0.20999999344348907
Unguided recall,0.0,0.0,1.0,With reminder,Weak task encoding,1.0,0.0,0.9,4,0,5000,17,break,0.12540000677108765
Unguided recall,0.0,0.0,1.0,With reminder,Weak task encoding,1.0,0.0,0.9,4,0,5000,18,break,0.09860000014305115
Unguided recall,0.0,0.0,1.0,With reminder,Weak task encoding,1.0,0.0,0.9,4,0,5000,19,break,0.08299999684095383
Unguided recall,0.0,0.0,1.0,With reminder,Weak task encoding,1.0,0.0,0.9,4,0,5000,20,break,0.06520000100135803
Unguided recall,0.0,0.0,1.0,With reminder,Weak task encoding,1.0,0.0,0.9,4,0,5000,21,break,0.04520000144839287
Unguided recall,0.0,0.0,1.0,With reminder,Weak task encoding,1.0,0.0,0.9,4,0,5000,22,break,0.041999999433755875
Unguided recall,0.0,0.0,1.0,With reminder,Weak task encoding,1.0,0.0,0.9,4,0,5000,23,break,0.035599999129772186
Unguided recall,0.0,0.0,1.0,With reminder,Weak task encoding,1.0,0.0,0.9,4,0,5000,24,break,0.027400000020861626
Unguided recall,0.0,0.0,1.0,With reminder,Weak task encoding,1.0,0.0,0.9,4,0,5000,25,break,0.01860000006854534
Unguided recall,0.0,0.0,1.0,With reminder,Weak task encoding,1.0,0.0,0.9,4,0,5000,26,break,0.017400000244379044
Unguided recall,0.0,0.0,1.0,With reminder,Weak task encoding,1.0,0.0,0.9,4,0,5000,27,break,0.01600000075995922
Unguided recall,0.0,0.0,1.0,With reminder,Weak task encoding,1.0,0.0,0.9,4,0,5000,28,break,0.009800000116229057
Unguided recall,0.0,0.0,1.0,With reminder,Weak task encoding,1.0,0.0,0.9,4,0,5000,29,break,0.010599999688565731
Unguided recall,0.0,0.0,1.0,With reminder,Weak task encoding,1.0,0.0,0.9,4,0,5000,30,break,0.008200000040233135
Unguided recall,0.0,0.0,1.0,With reminder,Weak task encoding,1.0,0.0,0.9,4,0,5000,31,break,0.00559999980032444
Unguided recall,0.0,0.0,1.0,With reminder,Weak task encoding,1.0,0.0,0.9,4,0,5000,32,break,0.004600000102072954
Unguided recall,0.0,0.0,1.0,With reminder,Weak task encoding,1.0,0.0,0.9,4,0,5000,33,task,0.1459999978542328
Unguided recall,0.0,0.0,1.0,With reminder,Weak task encoding,1.0,0.0,0.9,4,0,5000,34,task,0.11860000342130661
Unguided recall,0.0,0.0,1.0,With reminder,Weak task encoding,1.0,0.0,0.9,4,0,5000,35,task,0.09640000015497208
Unguided recall,0.0,0.0,1.0,With reminder,Weak task encoding,1.0,0.0,0.9,4,0,5000,36,task,0.08479999750852585
Unguided recall,0.0,0.0,1.0,With reminder,Weak task encoding,1.0,0.0,0.9,4,0,5000,37,task,0.07159999758005142
Unguided recall,0.0,0.0,1.0,With reminder,Weak task encoding,1.0,0.0,0.9,4,0,5000,38,task,0.05779999867081642
Unguided recall,0.0,0.0,1.0,With reminder,Weak task encoding,1.0,0.0,0.9,4,0,5000,39,task,0.057999998331069946
Unguided recall,0.0,0.0,1.0,With reminder,Weak task encoding,1.0,0.0,0.9,4,0,5000,40,task,0.04639999940991402
Unguided recall,0.0,0.0,1.0,With reminder,Weak task encoding,1.0,0.0,0.9,4,0,5000,41,task,0.0414000004529953
Unguided recall,0.0,0.0,1.0,With reminder,Weak task encoding,1.0,0.0,0.9,4,0,5000,42,task,0.035999998450279236
Unguided recall,0.0,0.0,1.0,With reminder,Weak task encoding,1.0,0.0,0.9,4,0,5000,43,task,0.035599999129772186
Unguided recall,0.0,0.0,1.0,With reminder,Weak task encoding,1.0,0.0,0.9,4,0,5000,44,task,0.031199999153614044
Unguided recall,0.0,0.0,1.0,With reminder,Weak task encoding,1.0,0.0,0.9,4,0,5000,45,task,0.03180000185966492
Unguided recall,0.0,0.0,1.0,With reminder,Weak task encoding,1.0,0.0,0.9,4,0,5000,46,task,0.029600000008940697
Unguided recall,0.0,0.0,1.0,With reminder,Weak task encoding,1.0,0.0,0.9,4,0,5000,47,task,0.03480000048875809
Unguided recall,0.0,0.0,1.0,With reminder,Weak task encoding,1.0,0.0,0.9,4,0,5000,48,task,0.03759999945759773
Unguided recall,0.0,0.0,1.0,With reminder,Weak task encoding,1.0,0.0,0.9,4,0,5000,49,filler,0.03779999911785126
Unguided recall,0.0,0.0,1.0,With reminder,Weak task encoding,1.0,0.0,0.9,4,0,5000,50,filler,0.04839999973773956
Unguided recall,0.0,0.0,1.0,With reminder,Weak task encoding,1.0,0.0,0.9,4,0,5000,51,filler,0.0560000017285347
Unguided recall,0.0,0.0,1.0,With reminder,Weak task encoding,1.0,0.0,0.9,4,0,5000,52,filler,0.06679999828338623
Unguided recall,0.0,0.0,1.0,With reminder,Weak task encoding,1.0,0.0,0.9,4,0,5000,53,filler,0.08259999752044678
Unguided recall,0.0,0.0,1.0,With reminder,Weak task encoding,1.0,0.0,0.9,4,0,5000,54,filler,0.10140000283718109
Unguided recall,0.0,0.0,1.0,With reminder,Weak task encoding,1.0,0.0,0.9,4,0,5000,55,filler,0.11860000342130661
Unguided recall,0.0,0.0,1.0,With reminder,Weak task encoding,1.0,0.0,0.9,4,0,5000,56,filler,0.1420000046491623
Unguided recall,0.0,0.0,1.0,With reminder,Weak task encoding,1.0,0.0,0.9,4,0,5000,57,filler,0.18619999289512634
Unguided recall,0.0,0.0,1.0,With reminder,Weak task encoding,1.0,0.0,0.9,4,0,5000,58,filler,0.20999999344348907
Unguided recall,0.0,0.0,1.0,With reminder,Weak task encoding,1.0,0.0,0.9,4,0,5000,59,filler,0.2556000053882599
Unguided recall,0.0,0.0,1.0,With reminder,Weak task encoding,1.0,0.0,0.9,4,0,5000,60,filler,0.29739999771118164
Unguided recall,0.0,0.0,1.0,With reminder,Weak task encoding,1.0,0.0,0.9,4,0,5000,61,filler,0.3612000048160553
Unguided recall,0.0,0.0,1.0,With reminder,Weak task encoding,1.0,0.0,0.9,4,0,5000,62,filler,0.4007999897003174
Unguided recall,0.0,0.0,1.0,With reminder,Weak task encoding,1.0,0.0,0.9,4,0,5000,63,filler,0.4537999927997589
Unguided recall,0.0,0.0,1.0,With reminder,Weak task encoding,1.0,0.0,0.9,4,0,5000,64,filler,0.49480000138282776
Unguided recall,0.0,0.0,1.0,With reminder,Strong task encoding,2.0,0.0,0.9,4,0,5000,1,film,0.025599999353289604
Unguided recall,0.0,0.0,1.0,With reminder,Strong task encoding,2.0,0.0,0.9,4,0,5000,2,film,0.03180000185966492
Unguided recall,0.0,0.0,1.0,With reminder,Strong task encoding,2.0,0.0,0.9,4,0,5000,3,film,0.03519999980926514
Unguided recall,0.0,0.0,1.0,With reminder,Strong task encoding,2.0,0.0,0.9,4,0,5000,4,film,0.0414000004529953
Unguided recall,0.0,0.0,1.0,With reminder,Strong task encoding,2.0,0.0,0.9,4,0,5000,5,film,0.05119999870657921
Unguided recall,0.0,0.0,1.0,With reminder,Strong task encoding,2.0,0.0,0.9,4,0,5000,6,film,0.050999999046325684
Unguided recall,0.0,0.0,1.0,With reminder,Strong task encoding,2.0,0.0,0.9,4,0,5000,7,film,0.05660000070929527
Unguided recall,0.0,0.0,1.0,With reminder,Strong task encoding,2.0,0.0,0.9,4,0,5000,8,film,0.05739999935030937
Unguided recall,0.0,0.0,1.0,With reminder,Strong task encoding,2.0,0.0,0.9,4,0,5000,9,film,0.058400001376867294
Unguided recall,0.0,0.0,1.0,With reminder,Strong task encoding,2.0,0.0,0.9,4,0,5000,10,film,0.06300000101327896
Unguided recall,0.0,0.0,1.0,With reminder,Strong task encoding,2.0,0.0,0.9,4,0,5000,11,film,0.05460000038146973
Unguided recall,0.0,0.0,1.0,With reminder,Strong task encoding,2.0,0.0,0.9,4,0,5000,12,film,0.06239999830722809
Unguided recall,0.0,0.0,1.0,With reminder,Strong task encoding,2.0,0.0,0.9,4,0,5000,13,film,0.05739999935030937
Unguided recall,0.0,0.0,1.0,With reminder,Strong task encoding,2.0,0.0,0.9,4,0,5000,14,film,0.052799999713897705
Unguided recall,0.0,0.0,1.0,With reminder,Strong task encoding,2.0,0.0,0.9,4,0,5000,15,film,0.046799998730421066
Unguided recall,0.0,0.0,1.0,With reminder,Strong task encoding,2.0,0.0,0.9,4,0,5000,16,film,0.04699999839067459
Unguided recall,0.0,0.0,1.0,With reminder,Strong task encoding,2.0,0.0,0.9,4,0,5000,17,break,0.02879999950528145
Unguided recall,0.0,0.0,1.0,With reminder,Strong task encoding,2.0,0.0,0.9,4,0,5000,18,break,0.01860000006854534
Unguided recall,0.0,0.0,1.0,With reminder,Strong task encoding,2.0,0.0,0.9,4,0,5000,19,break,0.014000000432133675
Unguided recall,0.0,0.0,1.0,With reminder,Strong task encoding,2.0,0.0,0.9,4,0,5000,20,break,0.010400000028312206
Unguided recall,0.0,0.0,1.0,With reminder,Strong task encoding,2.0,0.0,0.9,4,0,5000,21,break,0.007400000002235174
Unguided recall,0.0,0.0,1.0,With reminder,Strong task encoding,2.0,0.0,0.9,4,0,5000,22,break,0.006399999838322401
Unguided recall,0.0,0.0,1.0,With reminder,Strong task encoding,2.0,0.0,0.9,4,0,5000,23,break,0.00419999985024333
Unguided recall,0.0,0.0,1.0,With reminder,Strong task encoding,2.0,0.0,0.9,4,0,5000,24,break,0.0026000000070780516
Unguided recall,0.0,0.0,1.0,With reminder,Strong task encoding,2.0,0.0,0.9,4,0,5000,25,break,0.002400000113993883
Unguided recall,0.0,0.0,1.0,With reminder,Strong task encoding,2.0,0.0,0.9,4,0,5000,26,break,0.0007999999797903001
Unguided recall,0.0,0.0,1.0,With reminder,Strong task encoding,2.0,0.0,0.9,4,0,5000,27,break,0.0012000000569969416
Unguided recall,0.0,0.0,1.0,With reminder,Strong task encoding,2.0,0.0,0.9,4,0,5000,28,break,0.0012000000569969416
Unguided recall,0.0,0.0,1.0,With reminder,Strong task encoding,2.0,0.0,0.9,4,0,5000,29,break,0.0007999999797903001
Unguided recall,0.0,0.0,1.0,With reminder,Strong task encoding,2.0,0.0,0.9,4,0,5000,30,break,0.00019999999494757503
Unguided recall,0.0,0.0,1.0,With reminder,Strong task encoding,2.0,0.0,0.9,4,0,5000,31,break,0.0
Unguided recall,0.0,0.0,1.0,With reminder,Strong task encoding,2.0,0.0,0.9,4,0,5000,32,break,0.0007999999797903001
Unguided recall,0.0,0.0,1.0,With reminder,Strong task encoding,2.0,0.0,0.9,4,0,5000,33,task,0.3513999879360199
Unguided recall,0.0,0.0,1.0,With reminder,Strong task encoding,2.0,0.0,0.9,4,0,5000,34,task,0.3553999960422516
Unguided recall,0.0,0.0,1.0,With reminder,Strong task encoding,2.0,0.0,0.9,4,0,5000,35,task,0.3499999940395355
Unguided recall,0.0,0.0,1.0,With reminder,Strong task encoding,2.0,0.0,0.9,4,0,5000,36,task,0.3614000082015991
Unguided recall,0.0,0.0,1.0,With reminder,Strong task encoding,2.0,0.0,0.9,4,0,5000,37,task,0.3472000062465668
Unguided recall,0.0,0.0,1.0,With reminder,Strong task encoding,2.0,0.0,0.9,4,0,5000,38,task,0.3463999927043915
Unguided recall,0.0,0.0,1.0,With reminder,Strong task encoding,2.0,0.0,0.9,4,0,5000,39,task,0.34200000762939453
Unguided recall,0.0,0.0,1.0,With reminder,Strong task encoding,2.0,0.0,0.9,4,0,5000,40,task,0.34540000557899475
Unguided recall,0.0,0.0,1.0,With reminder,Strong task encoding,2.0,0.0,0.9,4,0,5000,41,task,0.34220001101493835
Unguided recall,0.0,0.0,1.0,With reminder,Strong task encoding,2.0,0.0,0.9,4,0,5000,42,task,0.32339999079704285
Unguided recall,0.0,0.0,1.0,With reminder,Strong task encoding,2.0,0.0,0.9,4,0,5000,43,task,0.3174000084400177
Unguided recall,0.0,0.0,1.0,With reminder,Strong task encoding,2.0,0.0,0.9,4,0,5000,44,task,0.31380000710487366
Unguided recall,0.0,0.0,1.0,With reminder,Strong task encoding,2.0,0.0,0.9,4,0,5000,45,task,0.2996000051498413
Unguided recall,0.0,0.0,1.0,With reminder,Strong task encoding,2.0,0.0,0.9,4,0,5000,46,task,0.2971999943256378
Unguided recall,0.0,0.0,1.0,With reminder,Strong task encoding,2.0,0.0,0.9,4,0,5000,47,task,0.2842000126838684
Unguided recall,0.0,0.0,1.0,With reminder,Strong task encoding,2.0,0.0,0.9,4,0,5000,48,task,0.2815999984741211
Unguided recall,0.0,0.0,1.0,With reminder,Strong task encoding,2.0,0.0,0.9,4,0,5000,49,filler,0.03180000185966492
Unguided recall,0.0,0.0,1.0,With reminder,Strong task encoding,2.0,0.0,0.9,4,0,5000,50,filler,0.02759999968111515
Unguided recall,0.0,0.0,1.0,With reminder,Strong task encoding,2.0,0.0,0.9,4,0,5000,51,filler,0.026399999856948853
Unguided recall,0.0,0.0,1.0,With reminder,Strong task encoding,2.0,0.0,0.9,4,0,5000,52,filler,0.027400000020861626
Unguided recall,0.0,0.0,1.0,With reminder,Strong task encoding,2.0,0.0,0.9,4,0,5000,53,filler,0.029999999329447746
Unguided recall,0.0,0.0,1.0,With reminder,Strong task encoding,2.0,0.0,0.9,4,0,5000,54,filler,0.033799998462200165
Unguided recall,0.0,0.0,1.0,With reminder,Strong task encoding,2.0,0.0,0.9,4,0,5000,55,filler,0.03720000013709068
Unguided recall,0.0,0.0,1.0,With reminder,Strong task encoding,2.0,0.0,0.9,4,0,5000,56,filler,0.05139999836683273
Unguided recall,0.0,0.0,1.0,With reminder,Strong task encoding,2.0,0.0,0.9,4,0,5000,57,filler,0.05739999935030937
Unguided recall,0.0,0.0,1.0,With reminder,Strong task encoding,2.0,0.0,0.9,4,0,5000,58,filler,0.07720000296831131
Unguided recall,0.0,0.0,1.0,With reminder,Strong task encoding,2.0,0.0,0.9,4,0,5000,59,filler,0.09539999812841415
Unguided recall,0.0,0.0,1.0,With reminder,Strong task encoding,2.0,0.0,0.9,4,0,5000,60,filler,0.12860000133514404
Unguided recall,0.0,0.0,1.0,With reminder,Strong task encoding,2.0,0.0,0.9,4,0,5000,61,filler,0.1501999944448471
Unguided recall,0.0,0.0,1.0,With reminder,Strong task encoding,2.0,0.0,0.9,4,0,5000,62,filler,0.1881999969482422
Unguided recall,0.0,0.0,1.0,With reminder,Strong task encoding,2.0,0.0,0.9,4,0,5000,63,filler,0.22120000422000885
Unguided recall,0.0,0.0,1.0,With reminder,Strong task encoding,2.0,0.0,0.9,4,0,5000,64,filler,0.2653999924659729
Start-of-film reinstatement,1.5,0.0,1.0,No reminder,Weak task encoding,1.0,0.0,0.9,4,0,5000,1,film,0.3806000053882599
Start-of-film reinstatement,1.5,0.0,1.0,No reminder,Weak task encoding,1.0,0.0,0.9,4,0,5000,2,film,0.35659998655319214
Start-of-film reinstatement,1.5,0.0,1.0,No reminder,Weak task encoding,1.0,0.0,0.9,4,0,5000,3,film,0.3846000134944916
Start-of-film reinstatement,1.5,0.0,1.0,No reminder,Weak task encoding,1.0,0.0,0.9,4,0,5000,4,film,0.3970000147819519
Start-of-film reinstatement,1.5,0.0,1.0,No reminder,Weak task encoding,1.0,0.0,0.9,4,0,5000,5,film,0.4230000078678131
Start-of-film reinstatement,1.5,0.0,1.0,No reminder,Weak task encoding,1.0,0.0,0.9,4,0,5000,6,film,0.4277999997138977
Start-of-film reinstatement,1.5,0.0,1.0,No reminder,Weak task encoding,1.0,0.0,0.9,4,0,5000,7,film,0.448199987411499
Start-of-film reinstatement,1.5,0.0,1.0,No reminder,Weak task encoding,1.0,0.0,0.9,4,0,5000,8,film,0.4528000056743622
Start-of-film reinstatement,1.5,0.0,1.0,No reminder,Weak task encoding,1.0,0.0,0.9,4,0,5000,9,film,0.4505999982357025
Start-of-film reinstatement,1.5,0.0,1.0,No reminder,Weak task encoding,1.0,0.0,0.9,4,0,5000,10,film,0.462799996137619
Start-of-film reinstatement,1.5,0.0,1.0,No reminder,Weak task encoding,1.0,0.0,0.9,4,0,5000,11,film,0.4415999948978424
Start-of-film reinstatement,1.5,0.0,1.0,No reminder,Weak task encoding,1.0,0.0,0.9,4,0,5000,12,film,0.45559999346733093
Start-of-film reinstatement,1.5,0.0,1.0,No reminder,Weak task encoding,1.0,0.0,0.9,4,0,5000,13,film,0.4291999936103821
Start-of-film reinstatement,1.5,0.0,1.0,No reminder,Weak task encoding,1.0,0.0,0.9,4,0,5000,14,film,0.4108000099658966
Start-of-film reinstatement,1.5,0.0,1.0,No reminder,Weak task encoding,1.0,0.0,0.9,4,0,5000,15,film,0.4074000120162964
Start-of-film reinstatement,1.5,0.0,1.0,No reminder,Weak task encoding,1.0,0.0,0.9,4,0,5000,16,film,0.3578000068664551
Start-of-film reinstatement,1.5,0.0,1.0,No reminder,Weak task encoding,1.0,0.0,0.9,4,0,5000,17,break,0.19099999964237213
Start-of-film reinstatement,1.5,0.0,1.0,No reminder,Weak task encoding,1.0,0.0,0.9,4,0,5000,18,break,0.15139999985694885
Start-of-film reinstatement,1.5,0.0,1.0,No reminder,Weak task encoding,1.0,0.0,0.9,4,0,5000,19,break,0.11339999735355377
Start-of-film reinstatement,1.5,0.0,1.0,No reminder,Weak task encoding,1.0,0.0,0.9,4,0,5000,20,break,0.09920000284910202
Start-of-film reinstatement,1.5,0.0,1.0,No reminder,Weak task encoding,1.0,0.0,0.9,4,0,5000,21,break,0.07880000025033951
Start-of-film reinstatement,1.5,0.0,1.0,No reminder,Weak task encoding,1.0,0.0,0.9,4,0,5000,22,break,0.06360000371932983
Start-of-film reinstatement,1.5,0.0,1.0,No reminder,Weak task encoding,1.0,0.0,0.9,4,0,5000,23,break,0.0551999993622303
Start-of-film reinstatement,1.5,0.0,1.0,No reminder,Weak task encoding,1.0,0.0,0.9,4,0,5000,24,break,0.042399998754262924
Start-of-film reinstatement,1.5,0.0,1.0,No reminder,Weak task encoding,1.0,0.0,0.9,4,0,5000,25,break,0.033799998462200165
Start-of-film reinstatement,1.5,0.0,1.0,No reminder,Weak task encoding,1.0,0.0,0.9,4,0,5000,26,break,0.0272000003606081
Start-of-film reinstatement,1.5,0.0,1.0,No reminder,Weak task encoding,1.0,0.0,0.9,4,0,5000,27,break,0.020800000056624413
Start-of-film reinstatement,1.5,0.0,1.0,No reminder,Weak task encoding,1.0,0.0,0.9,4,0,5000,28,break,0.014800000004470348
Start-of-film reinstatement,1.5,0.0,1.0,No reminder,Weak task encoding,1.0,0.0,0.9,4,0,5000,29,break,0.01080000028014183
Start-of-film reinstatement,1.5,0.0,1.0,No reminder,Weak task encoding,1.0,0.0,0.9,4,0,5000,30,break,0.009999999776482582
Start-of-film reinstatement,1.5,0.0,1.0,No reminder,Weak task encoding,1.0,0.0,0.9,4,0,5000,31,break,0.006599999964237213
Start-of-film reinstatement,1.5,0.0,1.0,No reminder,Weak task encoding,1.0,0.0,0.9,4,0,5000,32,break,0.00839999970048666
Start-of-film reinstatement,1.5,0.0,1.0,No reminder,Weak task encoding,1.0,0.0,0.9,4,0,5000,33,task,0.00559999980032444
Start-of-film reinstatement,1.5,0.0,1.0,No reminder,Weak task encoding,1.0,0.0,0.9,4,0,5000,34,task,0.004399999976158142
Start-of-film reinstatement,1.5,0.0,1.0,No reminder,Weak task encoding,1.0,0.0,0.9,4,0,5000,35,task,0.003000000026077032
Start-of-film reinstatement,1.5,0.0,1.0,No reminder,Weak task encoding,1.0,0.0,0.9,4,0,5000,36,task,0.003800000064074993
Start-of-film reinstatement,1.5,0.0,1.0,No reminder,Weak task encoding,1.0,0.0,0.9,4,0,5000,37,task,0.0026000000070780516
Start-of-film reinstatement,1.5,0.0,1.0,No reminder,Weak task encoding,1.0,0.0,0.9,4,0,5000,38,task,0.0020000000949949026
Start-of-film reinstatement,1.5,0.0,1.0,No reminder,Weak task encoding,1.0,0.0,0.9,4,0,5000,39,task,0.0020000000949949026
Start-of-film reinstatement,1.5,0.0,1.0,No reminder,Weak task encoding,1.0,0.0,0.9,4,0,5000,40,task,0.0015999999595806003
Start-of-film reinstatement,1.5,0.0,1.0,No reminder,Weak task encoding,1.0,0.0,0.9,4,0,5000,41,task,0.0010000000474974513
Start-of-film reinstatement,1.5,0.0,1.0,No reminder,Weak task encoding,1.0,0.0,0.9,4,0,5000,42,task,0.0007999999797903001
Start-of-film reinstatement,1.5,0.0,1.0,No reminder,Weak task encoding,1.0,0.0,0.9,4,0,5000,43,task,0.0006000000284984708
Start-of-film reinstatement,1.5,0.0,1.0,No reminder,Weak task encoding,1.0,0.0,0.9,4,0,5000,44,task,0.0006000000284984708
Start-of-film reinstatement,1.5,0.0,1.0,No reminder,Weak task encoding,1.0,0.0,0.9,4,0,5000,45,task,0.0
Start-of-film reinstatement,1.5,0.0,1.0,No reminder,Weak task encoding,1.0,0.0,0.9,4,0,5000,46,task,0.0006000000284984708
Start-of-film reinstatement,1.5,0.0,1.0,No reminder,Weak task encoding,1.0,0.0,0.9,4,0,5000,47,task,0.00019999999494757503
Start-of-film reinstatement,1.5,0.0,1.0,No reminder,Weak task encoding,1.0,0.0,0.9,4,0,5000,48,task,0.00019999999494757503
Start-of-film reinstatement,1.5,0.0,1.0,No reminder,Weak task encoding,1.0,0.0,0.9,4,0,5000,49,filler,0.0
Start-of-film reinstatement,1.5,0.0,1.0,No reminder,Weak task encoding,1.0,0.0,0.9,4,0,5000,50,filler,0.0
Start-of-film reinstatement,1.5,0.0,1.0,No reminder,Weak task encoding,1.0,0.0,0.9,4,0,5000,51,filler,0.0
Start-of-film reinstatement,1.5,0.0,1.0,No reminder,Weak task encoding,1.0,0.0,0.9,4,0,5000,52,filler,0.00019999999494757503
Start-of-film reinstatement,1.5,0.0,1.0,No reminder,Weak task encoding,1.0,0.0,0.9,4,0,5000,53,filler,0.0
Start-of-film reinstatement,1.5,0.0,1.0,No reminder,Weak task encoding,1.0,0.0,0.9,4,0,5000,54,filler,0.0
Start-of-film reinstatement,1.5,0.0,1.0,No reminder,Weak task encoding,1.0,0.0,0.9,4,0,5000,55,filler,0.0
Start-of-film reinstatement,1.5,0.0,1.0,No reminder,Weak task encoding,1.0,0.0,0.9,4,0,5000,56,filler,0.0
Start-of-film reinstatement,1.5,0.0,1.0,No reminder,Weak task encoding,1.0,0.0,0.9,4,0,5000,57,filler,0.0
Start-of-film reinstatement,1.5,0.0,1.0,No reminder,Weak task encoding,1.0,0.0,0.9,4,0,5000,58,filler,0.0
Start-of-film reinstatement,1.5,0.0,1.0,No reminder,Weak task encoding,1.0,0.0,0.9,4,0,5000,59,filler,0.0
Start-of-film reinstatement,1.5,0.0,1.0,No reminder,Weak task encoding,1.0,0.0,0.9,4,0,5000,60,filler,0.0
Start-of-film reinstatement,1.5,0.0,1.0,No reminder,Weak task encoding,1.0,0.0,0.9,4,0,5000,61,filler,0.0
Start-of-film reinstatement,1.5,0.0,1.0,No reminder,Weak task encoding,1.0,0.0,0.9,4,0,5000,62,filler,0.0
Start-of-film reinstatement,1.5,0.0,1.0,No reminder,Weak task encoding,1.0,0.0,0.9,4,0,5000,63,filler,0.0
Start-of-film reinstatement,1.5,0.0,1.0,No reminder,Weak task encoding,1.0,0.0,0.9,4,0,5000,64,filler,0.0
Start-of-film reinstatement,1.5,0.0,1.0,No reminder,Strong task encoding,2.0,0.0,0.9,4,0,5000,1,film,0.37599998712539673
Start-of-film reinstatement,1.5,0.0,1.0,No reminder,Strong task encoding,2.0,0.0,0.9,4,0,5000,2,film,0.36340001225471497
Start-of-film reinstatement,1.5,0.0,1.0,No reminder,Strong task encoding,2.0,0.0,0.9,4,0,5000,3,film,0.37380000948905945
Start-of-film reinstatement,1.5,0.0,1.0,No reminder,Strong task encoding,2.0,0.0,0.9,4,0,5000,4,film,0.39419999718666077
Start-of-film reinstatement,1.5,0.0,1.0,No reminder,Strong task encoding,2.0,0.0,0.9,4,0,5000,5,film,0.41659998893737793
Start-of-film reinstatement,1.5,0.0,1.0,No reminder,Strong task encoding,2.0,0.0,0.9,4,0,5000,6,film,0.430400013923645
Start-of-film reinstatement,1.5,0.0,1.0,No reminder,Strong task encoding,2.0,0.0,0.9,4,0,5000,7,film,0.438400000333786
Start-of-film reinstatement,1.5,0.0,1.0,No reminder,Strong task encoding,2.0,0.0,0.9,4,0,5000,8,film,0.44020000100135803
Start-of-film reinstatement,1.5,0.0,1.0,No reminder,Strong task encoding,2.0,0.0,0.9,4,0,5000,9,film,0.4438000023365021
Start-of-film reinstatement,1.5,0.0,1.0,No reminder,Strong task encoding,2.0,0.0,0.9,4,0,5000,10,film,0.444599986076355
Start-of-film reinstatement,1.5,0.0,1.0,No reminder,Strong task encoding,2.0,0.0,0.9,4,0,5000,11,film,0.44040000438690186
Start-of-film reinstatement,1.5,0.0,1.0,No reminder,Strong task encoding,2.0,0.0,0.9,4,0,5000,12,film,0.44279998540878296
Start-of-film reinstatement,1.5,0.0,1.0,No reminder,Strong task encoding,2.0,0.0,0.9,4,0,5000,13,film,0.41940000653266907
Start-of-film reinstatement,1.5,0.0,1.0,No reminder,Strong task encoding,2.0,0.0,0.9,4,0,5000,14,film,0.39419999718666077
Start-of-film reinstatement,1.5,0.0,1.0,No reminder,Strong task encoding,2.0,0.0,0.9,4,0,5000,15,film,0.37599998712539673
Start-of-film reinstatement,1.5,0.0,1.0,No reminder,Strong task encoding,2.0,0.0,0.9,4,0,5000,16,film,0.35679998993873596
Start-of-film reinstatement,1.5,0.0,1.0,No reminder,Strong task encoding,2.0,0.0,0.9,4,0,5000,17,break,0.19460000097751617
Start-of-film reinstatement,1.5,0.0,1.0,No reminder,Strong task encoding,2.0,0.0,0.9,4,0,5000,18,break,0.14419999718666077
Start-of-film reinstatement,1.5,0.0,1.0,No reminder,Strong task encoding,2.0,0.0,0.9,4,0,5000,19,break,0.11680000275373459
Start-of-film reinstatement,1.5,0.0,1.0,No reminder,Strong task encoding,2.0,0.0,0.9,4,0,5000,20,break,0.0843999981880188
Start-of-film reinstatement,1.5,0.0,1.0,No reminder,Strong task encoding,2.0,0.0,0.9,4,0,5000,21,break,0.07559999823570251
Start-of-film reinstatement,1.5,0.0,1.0,No reminder,Strong task encoding,2.0,0.0,0.9,4,0,5000,22,break,0.05380000174045563
Start-of-film reinstatement,1.5,0.0,1.0,No reminder,Strong task encoding,2.0,0.0,0.9,4,0,5000,23,break,0.0414000004529953
Start-of-film reinstatement,1.5,0.0,1.0,No reminder,Strong task encoding,2.0,0.0,0.9,4,0,5000,24,break,0.0284000001847744
Start-of-film reinstatement,1.5,0.0,1.0,No reminder,Strong task encoding,2.0,0.0,0.9,4,0,5000,25,break,0.02459999918937683
Start-of-film reinstatement,1.5,0.0,1.0,No reminder,Strong task encoding,2.0,0.0,0.9,4,0,5000,26,break,0.01679999940097332
Start-of-film reinstatement,1.5,0.0,1.0,No reminder,Strong task encoding,2.0,0.0,0.9,4,0,5000,27,break,0.01600000075995922
Start-of-film reinstatement,1.5,0.0,1.0,No reminder,Strong task encoding,2.0,0.0,0.9,4,0,5000,28,break,0.010599999688565731
Start-of-film reinstatement,1.5,0.0,1.0,No reminder,Strong task encoding,2.0,0.0,0.9,4,0,5000,29,break,0.004800000227987766
Start-of-film reinstatement,1.5,0.0,1.0,No reminder,Strong task encoding,2.0,0.0,0.9,4,0,5000,30,break,0.007799999788403511
Start-of-film reinstatement,1.5,0.0,1.0,No reminder,Strong task encoding,2.0,0.0,0.9,4,0,5000,31,break,0.00559999980032444
Start-of-film reinstatement,1.5,0.0,1.0,No reminder,Strong task encoding,2.0,0.0,0.9,4,0,5000,32,break,0.005799999926239252
Start-of-film reinstatement,1.5,0.0,1.0,No reminder,Strong task encoding,2.0,0.0,0.9,4,0,5000,33,task,0.03420000150799751
Start-of-film reinstatement,1.5,0.0,1.0,No reminder,Strong task encoding,2.0,0.0,0.9,4,0,5000,34,task,0.027400000020861626
Start-of-film reinstatement,1.5,0.0,1.0,No reminder,Strong task encoding,2.0,0.0,0.9,4,0,5000,35,task,0.024000000208616257
Start-of-film reinstatement,1.5,0.0,1.0,No reminder,Strong task encoding,2.0,0.0,0.9,4,0,5000,36,task,0.020999999716877937
Start-of-film reinstatement,1.5,0.0,1.0,No reminder,Strong task encoding,2.0,0.0,0.9,4,0,5000,37,task,0.02019999921321869
Start-of-film reinstatement,1.5,0.0,1.0,No reminder,Strong task encoding,2.0,0.0,0.9,4,0,5000,38,task,0.017799999564886093
Start-of-film reinstatement,1.5,0.0,1.0,No reminder,Strong task encoding,2.0,0.0,0.9,4,0,5000,39,task,0.017999999225139618
Start-of-film reinstatement,1.5,0.0,1.0,No reminder,Strong task encoding,2.0,0.0,0.9,4,0,5000,40,task,0.01360000018030405
Start-of-film reinstatement,1.5,0.0,1.0,No reminder,Strong task encoding,2.0,0.0,0.9,4,0,5000,41,task,0.012600000016391277
Start-of-film reinstatement,1.5,0.0,1.0,No reminder,Strong task encoding,2.0,0.0,0.9,4,0,5000,42,task,0.009600000455975533
Start-of-film reinstatement,1.5,0.0,1.0,No reminder,Strong task encoding,2.0,0.0,0.9,4,0,5000,43,task,0.007600000128149986
Start-of-film reinstatement,1.5,0.0,1.0,No reminder,Strong task encoding,2.0,0.0,0.9,4,0,5000,44,task,0.008799999952316284
Start-of-film reinstatement,1.5,0.0,1.0,No reminder,Strong task encoding,2.0,0.0,0.9,4,0,5000,45,task,0.004999999888241291
Start-of-film reinstatement,1.5,0.0,1.0,No reminder,Strong task encoding,2.0,0.0,0.9,4,0,5000,46,task,0.005799999926239252
Start-of-film reinstatement,1.5,0.0,1.0,No reminder,Strong task encoding,2.0,0.0,0.9,4,0,5000,47,task,0.003599999938160181
Start-of-film reinstatement,1.5,0.0,1.0,No reminder,Strong task encoding,2.0,0.0,0.9,4,0,5000,48,task,0.0031999999191612005
Start-of-film reinstatement,1.5,0.0,1.0,No reminder,Strong task encoding,2.0,0.0,0.9,4,0,5000,49,filler,0.0007999999797903001
Start-of-film reinstatement,1.5,0.0,1.0,No reminder,Strong task encoding,2.0,0.0,0.9,4,0,5000,50,filler,0.00019999999494757503
Start-of-film reinstatement,1.5,0.0,1.0,No reminder,Strong task encoding,2.0,0.0,0.9,4,0,5000,51,filler,0.00039999998989515007
Start-of-film reinstatement,1.5,0.0,1.0,No reminder,Strong task encoding,2.0,0.0,0.9,4,0,5000,52,filler,0.0
Start-of-film reinstatement,1.5,0.0,1.0,No reminder,Strong task encoding,2.0,0.0,0.9,4,0,5000,53,filler,0.0
Start-of-film reinstatement,1.5,0.0,1.0,No reminder,Strong task encoding,2.0,0.0,0.9,4,0,5000,54,filler,0.0
Start-of-film reinstatement,1.5,0.0,1.0,No reminder,Strong task encoding,2.0,0.0,0.9,4,0,5000,55,filler,0.0
Start-of-film reinstatement,1.5,0.0,1.0,No reminder,Strong task encoding,2.0,0.0,0.9,4,0,5000,56,filler,0.00019999999494757503
Start-of-film reinstatement,1.5,0.0,1.0,No reminder,Strong task encoding,2.0,0.0,0.9,4,0,5000,57,filler,0.0
Start-of-film reinstatement,1.5,0.0,1.0,No reminder,Strong task encoding,2.0,0.0,0.9,4,0,5000,58,filler,0.0
Start-of-film reinstatement,1.5,0.0,1.0,No reminder,Strong task encoding,2.0,0.0,0.9,4,0,5000,59,filler,0.00019999999494757503
Start-of-film reinstatement,1.5,0.0,1.0,No reminder,Strong task encoding,2.0,0.0,0.9,4,0,5000,60,filler,0.0
Start-of-film reinstatement,1.5,0.0,1.0,No reminder,Strong task encoding,2.0,0.0,0.9,4,0,5000,61,filler,0.0
Start-of-film reinstatement,1.5,0.0,1.0,No reminder,Strong task encoding,2.0,0.0,0.9,4,0,5000,62,filler,0.0
Start-of-film reinstatement,1.5,0.0,1.0,No reminder,Strong task encoding,2.0,0.0,0.9,4,0,5000,63,filler,0.0
Start-of-film reinstatement,1.5,0.0,1.0,No reminder,Strong task encoding,2.0,0.0,0.9,4,0,5000,64,filler,0.0
Start-of-film reinstatement,1.5,0.0,1.0,With reminder,Weak task encoding,1.0,0.0,0.9,4,0,5000,1,film,0.3594000041484833
Start-of-film reinstatement,1.5,0.0,1.0,With reminder,Weak task encoding,1.0,0.0,0.9,4,0,5000,2,film,0.34200000762939453
Start-of-film reinstatement,1.5,0.0,1.0,With reminder,Weak task encoding,1.0,0.0,0.9,4,0,5000,3,film,0.335999995470047
Start-of-film reinstatement,1.5,0.0,1.0,With reminder,Weak task encoding,1.0,0.0,0.9,4,0,5000,4,film,0.367000013589859
Start-of-film reinstatement,1.5,0.0,1.0,With reminder,Weak task encoding,1.0,0.0,0.9,4,0,5000,5,film,0.36980000138282776
Start-of-film reinstatement,1.5,0.0,1.0,With reminder,Weak task encoding,1.0,0.0,0.9,4,0,5000,6,film,0.3889999985694885
Start-of-film reinstatement,1.5,0.0,1.0,With reminder,Weak task encoding,1.0,0.0,0.9,4,0,5000,7,film,0.4004000127315521
Start-of-film reinstatement,1.5,0.0,1.0,With reminder,Weak task encoding,1.0,0.0,0.9,4,0,5000,8,film,0.4009999930858612
Start-of-film reinstatement,1.5,0.0,1.0,With reminder,Weak task encoding,1.0,0.0,0.9,4,0,5000,9,film,0.4050000011920929
Start-of-film reinstatement,1.5,0.0,1.0,With reminder,Weak task encoding,1.0,0.0,0.9,4,0,5000,10,film,0.38940000534057617
Start-of-film reinstatement,1.5,0.0,1.0,With reminder,Weak task encoding,1.0,0.0,0.9,4,0,5000,11,film,0.391400009393692
Start-of-film reinstatement,1.5,0.0,1.0,With reminder,Weak task encoding,1.0,0.0,0.9,4,0,5000,12,film,0.3824000060558319
Start-of-film reinstatement,1.5,0.0,1.0,With reminder,Weak task encoding,1.0,0.0,0.9,4,0,5000,13,film,0.3779999911785126
Start-of-film reinstatement,1.5,0.0,1.0,With reminder,Weak task encoding,1.0,0.0,0.9,4,0,5000,14,film,0.36820000410079956
Start-of-film reinstatement,1.5,0.0,1.0,With reminder,Weak task encoding,1.0,0.0,0.9,4,0,5000,15,film,0.3465999960899353
Start-of-film reinstatement,1.5,0.0,1.0,With reminder,Weak task encoding,1.0,0.0,0.9,4,0,5000,16,film,0.3107999861240387
Start-of-film reinstatement,1.5,0.0,1.0,With reminder,Weak task encoding,1.0,0.0,0.9,4,0,5000,17,break,0.16019999980926514
Start-of-film reinstatement,1.5,0.0,1.0,With reminder,Weak task encoding,1.0,0.0,0.9,4,0,5000,18,break,0.13259999454021454
Start-of-film reinstatement,1.5,0.0,1.0,With reminder,Weak task encoding,1.0,0.0,0.9,4,0,5000,19,break,0.10379999876022339
Start-of-film reinstatement,1.5,0.0,1.0,With reminder,Weak task encoding,1.0,0.0,0.9,4,0,5000,20,break,0.08560000360012054
Start-of-film reinstatement,1.5,0.0,1.0,With reminder,Weak task encoding,1.0,0.0,0.9,4,0,5000,21,break,0.0689999982714653
Start-of-film reinstatement,1.5,0.0,1.0,With reminder,Weak task encoding,1.0,0.0,0.9,4,0,5000,22,break,0.050200000405311584
Start-of-film reinstatement,1.5,0.0,1.0,With reminder,Weak task encoding,1.0,0.0,0.9,4,0,5000,23,break,0.03819999843835831
Start-of-film reinstatement,1.5,0.0,1.0,With reminder,Weak task encoding,1.0,0.0,0.9,4,0,5000,24,break,0.02800000086426735
Start-of-film reinstatement,1.5,0.0,1.0,With reminder,Weak task encoding,1.0,0.0,0.9,4,0,5000,25,break,0.023399999365210533
Start-of-film reinstatement,1.5,0.0,1.0,With reminder,Weak task encoding,1.0,0.0,0.9,4,0,5000,26,break,0.01759999990463257
Start-of-film reinstatement,1.5,0.0,1.0,With reminder,Weak task encoding,1.0,0.0,0.9,4,0,5000,27,break,0.017000000923871994
Start-of-film reinstatement,1.5,0.0,1.0,With reminder,Weak task encoding,1.0,0.0,0.9,4,0,5000,28,break,0.010400000028312206
Start-of-film reinstatement,1.5,0.0,1.0,With reminder,Weak task encoding,1.0,0.0,0.9,4,0,5000,29,break,0.01080000028014183
Start-of-film reinstatement,1.5,0.0,1.0,With reminder,Weak task encoding,1.0,0.0,0.9,4,0,5000,30,break,0.004999999888241291
Start-of-film reinstatement,1.5,0.0,1.0,With reminder,Weak task encoding,1.0,0.0,0.9,4,0,5000,31,break,0.007000000216066837
Start-of-film reinstatement,1.5,0.0,1.0,With reminder,Weak task encoding,1.0,0.0,0.9,4,0,5000,32,break,0.004800000227987766
Start-of-film reinstatement,1.5,0.0,1.0,With reminder,Weak task encoding,1.0,0.0,0.9,4,0,5000,33,task,0.21140000224113464
Start-of-film reinstatement,1.5,0.0,1.0,With reminder,Weak task encoding,1.0,0.0,0.9,4,0,5000,34,task,0.17720000445842743
Start-of-film reinstatement,1.5,0.0,1.0,With reminder,Weak task encoding,1.0,0.0,0.9,4,0,5000,35,task,0.13439999520778656
Start-of-film reinstatement,1.5,0.0,1.0,With reminder,Weak task encoding,1.0,0.0,0.9,4,0,5000,36,task,0.10279999673366547
Start-of-film reinstatement,1.5,0.0,1.0,With reminder,Weak task encoding,1.0,0.0,0.9,4,0,5000,37,task,0.07900000363588333
Start-of-film reinstatement,1.5,0.0,1.0,With reminder,Weak task encoding,1.0,0.0,0.9,4,0,5000,38,task,0.061400000005960464
Start-of-film reinstatement,1.5,0.0,1.0,With reminder,Weak task encoding,1.0,0.0,0.9,4,0,5000,39,task,0.05400000140070915
Start-of-film reinstatement,1.5,0.0,1.0,With reminder,Weak task encoding,1.0,0.0,0.9,4,0,5000,40,task,0.03500000014901161
Start-of-film reinstatement,1.5,0.0,1.0,With reminder,Weak task encoding,1.0,0.0,0.9,4,0,5000,41,task,0.030400000512599945
Start-of-film reinstatement,1.5,0.0,1.0,With reminder,Weak task encoding,1.0,0.0,0.9,4,0,5000,42,task,0.027000000700354576
Start-of-film reinstatement,1.5,0.0,1.0,With reminder,Weak task encoding,1.0,0.0,0.9,4,0,5000,43,task,0.017999999225139618
Start-of-film reinstatement,1.5,0.0,1.0,With reminder,Weak task encoding,1.0,0.0,0.9,4,0,5000,44,task,0.015200000256299973
Start-of-film reinstatement,1.5,0.0,1.0,With reminder,Weak task encoding,1.0,0.0,0.9,4,0,5000,45,task,0.011599999852478504
Start-of-film reinstatement,1.5,0.0,1.0,With reminder,Weak task encoding,1.0,0.0,0.9,4,0,5000,46,task,0.00860000029206276
Start-of-film reinstatement,1.5,0.0,1.0,With reminder,Weak task encoding,1.0,0.0,0.9,4,0,5000,47,task,0.009200000204145908
Start-of-film reinstatement,1.5,0.0,1.0,With reminder,Weak task encoding,1.0,0.0,0.9,4,0,5000,48,task,0.00419999985024333
Start-of-film reinstatement,1.5,0.0,1.0,With reminder,Weak task encoding,1.0,0.0,0.9,4,0,5000,49,filler,0.006399999838322401
Start-of-film reinstatement,1.5,0.0,1.0,With reminder,Weak task encoding,1.0,0.0,0.9,4,0,5000,50,filler,0.003800000064074993
Start-of-film reinstatement,1.5,0.0,1.0,With reminder,Weak task encoding,1.0,0.0,0.9,4,0,5000,51,filler,0.002400000113993883
Start-of-film reinstatement,1.5,0.0,1.0,With reminder,Weak task encoding,1.0,0.0,0.9,4,0,5000,52,filler,0.002400000113993883
Start-of-film reinstatement,1.5,0.0,1.0,With reminder,Weak task encoding,1.0,0.0,0.9,4,0,5000,53,filler,0.0017999999690800905
Start-of-film reinstatement,1.5,0.0,1.0,With reminder,Weak task encoding,1.0,0.0,0.9,4,0,5000,54,filler,0.0010000000474974513
Start-of-film reinstatement,1.5,0.0,1.0,With reminder,Weak task encoding,1.0,0.0,0.9,4,0,5000,55,filler,0.00139999995008111
Start-of-film reinstatement,1.5,0.0,1.0,With reminder,Weak task encoding,1.0,0.0,0.9,4,0,5000,56,filler,0.0007999999797903001
Start-of-film reinstatement,1.5,0.0,1.0,With reminder,Weak task encoding,1.0,0.0,0.9,4,0,5000,57,filler,0.00039999998989515007
Start-of-film reinstatement,1.5,0.0,1.0,With reminder,Weak task encoding,1.0,0.0,0.9,4,0,5000,58,filler,0.00039999998989515007
Start-of-film reinstatement,1.5,0.0,1.0,With reminder,Weak task encoding,1.0,0.0,0.9,4,0,5000,59,filler,0.0006000000284984708
Start-of-film reinstatement,1.5,0.0,1.0,With reminder,Weak task encoding,1.0,0.0,0.9,4,0,5000,60,filler,0.00039999998989515007
Start-of-film reinstatement,1.5,0.0,1.0,With reminder,Weak task encoding,1.0,0.0,0.9,4,0,5000,61,filler,0.00039999998989515007
Start-of-film reinstatement,1.5,0.0,1.0,With reminder,Weak task encoding,1.0,0.0,0.9,4,0,5000,62,filler,0.00019999999494757503
Start-of-film reinstatement,1.5,0.0,1.0,With reminder,Weak task encoding,1.0,0.0,0.9,4,0,5000,63,filler,0.00039999998989515007
Start-of-film reinstatement,1.5,0.0,1.0,With reminder,Weak task encoding,1.0,0.0,0.9,4,0,5000,64,filler,0.0006000000284984708
Start-of-film reinstatement,1.5,0.0,1.0,With reminder,Strong task encoding,2.0,0.0,0.9,4,0,5000,1,film,0.2345999926328659
Start-of-film reinstatement,1.5,0.0,1.0,With reminder,Strong task encoding,2.0,0.0,0.9,4,0,5000,2,film,0.20579999685287476
Start-of-film reinstatement,1.5,0.0,1.0,With reminder,Strong task encoding,2.0,0.0,0.9,4,0,5000,3,film,0.19040000438690186
Start-of-film reinstatement,1.5,0.0,1.0,With reminder,Strong task encoding,2.0,0.0,0.9,4,0,5000,4,film,0.19380000233650208
Start-of-film reinstatement,1.5,0.0,1.0,With reminder,Strong task encoding,2.0,0.0,0.9,4,0,5000,5,film,0.18619999289512634
Start-of-film reinstatement,1.5,0.0,1.0,With reminder,Strong task encoding,2.0,0.0,0.9,4,0,5000,6,film,0.1873999983072281
Start-of-film reinstatement,1.5,0.0,1.0,With reminder,Strong task encoding,2.0,0.0,0.9,4,0,5000,7,film,0.17440000176429749
Start-of-film reinstatement,1.5,0.0,1.0,With reminder,Strong task encoding,2.0,0.0,0.9,4,0,5000,8,film,0.17260000109672546
Start-of-film reinstatement,1.5,0.0,1.0,With reminder,Strong task encoding,2.0,0.0,0.9,4,0,5000,9,film,0.15559999644756317
Start-of-film reinstatement,1.5,0.0,1.0,With reminder,Strong task encoding,2.0,0.0,0.9,4,0,5000,10,film,0.15080000460147858
Start-of-film reinstatement,1.5,0.0,1.0,With reminder,Strong task encoding,2.0,0.0,0.9,4,0,5000,11,film,0.1428000032901764
Start-of-film reinstatement,1.5,0.0,1.0,With reminder,Strong task encoding,2.0,0.0,0.9,4,0,5000,12,film,0.12020000070333481
Start-of-film reinstatement,1.5,0.0,1.0,With reminder,Strong task encoding,2.0,0.0,0.9,4,0,5000,13,film,0.10559999942779541
Start-of-film reinstatement,1.5,0.0,1.0,With reminder,Strong task encoding,2.0,0.0,0.9,4,0,5000,14,film,0.10700000077486038
Start-of-film reinstatement,1.5,0.0,1.0,With reminder,Strong task encoding,2.0,0.0,0.9,4,0,5000,15,film,0.09040000289678574
Start-of-film reinstatement,1.5,0.0,1.0,With reminder,Strong task encoding,2.0,0.0,0.9,4,0,5000,16,film,0.0828000009059906
Start-of-film reinstatement,1.5,0.0,1.0,With reminder,Strong task encoding,2.0,0.0,0.9,4,0,5000,17,break,0.03999999910593033
Start-of-film reinstatement,1.5,0.0,1.0,With reminder,Strong task encoding,2.0,0.0,0.9,4,0,5000,18,break,0.025200000032782555
Start-of-film reinstatement,1.5,0.0,1.0,With reminder,Strong task encoding,2.0,0.0,0.9,4,0,5000,19,break,0.01759999990463257
Start-of-film reinstatement,1.5,0.0,1.0,With reminder,Strong task encoding,2.0,0.0,0.9,4,0,5000,20,break,0.01600000075995922
Start-of-film reinstatement,1.5,0.0,1.0,With reminder,Strong task encoding,2.0,0.0,0.9,4,0,5000,21,break,0.008200000040233135
Start-of-film reinstatement,1.5,0.0,1.0,With reminder,Strong task encoding,2.0,0.0,0.9,4,0,5000,22,break,0.006800000090152025
Start-of-film reinstatement,1.5,0.0,1.0,With reminder,Strong task encoding,2.0,0.0,0.9,4,0,5000,23,break,0.003599999938160181
Start-of-film reinstatement,1.5,0.0,1.0,With reminder,Strong task encoding,2.0,0.0,0.9,4,0,5000,24,break,0.00419999985024333
Start-of-film reinstatement,1.5,0.0,1.0,With reminder,Strong task encoding,2.0,0.0,0.9,4,0,5000,25,break,0.0017999999690800905
Start-of-film reinstatement,1.5,0.0,1.0,With reminder,Strong task encoding,2.0,0.0,0.9,4,0,5000,26,break,0.0020000000949949026
Start-of-film reinstatement,1.5,0.0,1.0,With reminder,Strong task encoding,2.0,0.0,0.9,4,0,5000,27,break,0.0015999999595806003
Start-of-film reinstatement,1.5,0.0,1.0,With reminder,Strong task encoding,2.0,0.0,0.9,4,0,5000,28,break,0.0015999999595806003
Start-of-film reinstatement,1.5,0.0,1.0,With reminder,Strong task encoding,2.0,0.0,0.9,4,0,5000,29,break,0.0010000000474974513
Start-of-film reinstatement,1.5,0.0,1.0,With reminder,Strong task encoding,2.0,0.0,0.9,4,0,5000,30,break,0.00039999998989515007
Start-of-film reinstatement,1.5,0.0,1.0,With reminder,Strong task encoding,2.0,0.0,0.9,4,0,5000,31,break,0.0006000000284984708
Start-of-film reinstatement,1.5,0.0,1.0,With reminder,Strong task encoding,2.0,0.0,0.9,4,0,5000,32,break,0.0
Start-of-film reinstatement,1.5,0.0,1.0,With reminder,Strong task encoding,2.0,0.0,0.9,4,0,5000,33,task,0.5120000243186951
Start-of-film reinstatement,1.5,0.0,1.0,With reminder,Strong task encoding,2.0,0.0,0.9,4,0,5000,34,task,0.49480000138282776
Start-of-film reinstatement,1.5,0.0,1.0,With reminder,Strong task encoding,2.0,0.0,0.9,4,0,5000,35,task,0.47279998660087585
Start-of-film reinstatement,1.5,0.0,1.0,With reminder,Strong task encoding,2.0,0.0,0.9,4,0,5000,36,task,0.4406000077724457
Start-of-film reinstatement,1.5,0.0,1.0,With reminder,Strong task encoding,2.0,0.0,0.9,4,0,5000,37,task,0.42080000042915344
Start-of-film reinstatement,1.5,0.0,1.0,With reminder,Strong task encoding,2.0,0.0,0.9,4,0,5000,38,task,0.3880000114440918
Start-of-film reinstatement,1.5,0.0,1.0,With reminder,Strong task encoding,2.0,0.0,0.9,4,0,5000,39,task,0.3476000130176544
Start-of-film reinstatement,1.5,0.0,1.0,With reminder,Strong task encoding,2.0,0.0,0.9,4,0,5000,40,task,0.3264000117778778
Start-of-film reinstatement,1.5,0.0,1.0,With reminder,Strong task encoding,2.0,0.0,0.9,4,0,5000,41,task,0.290800005197525
Start-of-film reinstatement,1.5,0.0,1.0,With reminder,Strong task encoding,2.0,0.0,0.9,4,0,5000,42,task,0.2529999911785126
Start-of-film reinstatement,1.5,0.0,1.0,With reminder,Strong task encoding,2.0,0.0,0.9,4,0,5000,43,task,0.23880000412464142
Start-of-film reinstatement,1.5,0.0,1.0,With reminder,Strong task encoding,2.0,0.0,0.9,4,0,5000,44,task,0.20499999821186066
Start-of-film reinstatement,1.5,0.0,1.0,With reminder,Strong task encoding,2.0,0.0,0.9,4,0,5000,45,task,0.18039999902248383
Start-of-film reinstatement,1.5,0.0,1.0,With reminder,Strong task encoding,2.0,0.0,0.9,4,0,5000,46,task,0.1518000066280365
Start-of-film reinstatement,1.5,0.0,1.0,With reminder,Strong task encoding,2.0,0.0,0.9,4,0,5000,47,task,0.12540000677108765
Start-of-film reinstatement,1.5,0.0,1.0,With reminder,Strong task encoding,2.0,0.0,0.9,4,0,5000,48,task,0.10760000348091125
Start-of-film reinstatement,1.5,0.0,1.0,With reminder,Strong task encoding,2.0,0.0,0.9,4,0,5000,49,filler,0.008999999612569809
Start-of-film reinstatement,1.5,0.0,1.0,With reminder,Strong task encoding,2.0,0.0,0.9,4,0,5000,50,filler,0.009200000204145908
Start-of-film reinstatement,1.5,0.0,1.0,With reminder,Strong task encoding,2.0,0.0,0.9,4,0,5000,51,filler,0.004399999976158142
Start-of-film reinstatement,1.5,0.0,1.0,With reminder,Strong task encoding,2.0,0.0,0.9,4,0,5000,52,filler,0.004399999976158142
Start-of-film reinstatement,1.5,0.0,1.0,With reminder,Strong task encoding,2.0,0.0,0.9,4,0,5000,53,filler,0.002199999988079071
Start-of-film reinstatement,1.5,0.0,1.0,With reminder,Strong task encoding,2.0,0.0,0.9,4,0,5000,54,filler,0.00279999990016222
Start-of-film reinstatement,1.5,0.0,1.0,With reminder,Strong task encoding,2.0,0.0,0.9,4,0,5000,55,filler,0.0010000000474974513
Start-of-film reinstatement,1.5,0.0,1.0,With reminder,Strong task encoding,2.0,0.0,0.9,4,0,5000,56,filler,0.0010000000474974513
Start-of-film reinstatement,1.5,0.0,1.0,With reminder,Strong task encoding,2.0,0.0,0.9,4,0,5000,57,filler,0.0010000000474974513
Start-of-film reinstatement,1.5,0.0,1.0,With reminder,Strong task encoding,2.0,0.0,0.9,4,0,5000,58,filler,0.0007999999797903001
Start-of-film reinstatement,1.5,0.0,1.0,With reminder,Strong task encoding,2.0,0.0,0.9,4,0,5000,59,filler,0.0006000000284984708
Start-of-film reinstatement,1.5,0.0,1.0,With reminder,Strong task encoding,2.0,0.0,0.9,4,0,5000,60,filler,0.00039999998989515007
Start-of-film reinstatement,1.5,0.0,1.0,With reminder,Strong task encoding,2.0,0.0,0.9,4,0,5000,61,filler,0.00039999998989515007
Start-of-film reinstatement,1.5,0.0,1.0,With reminder,Strong task encoding,2.0,0.0,0.9,4,0,5000,62,filler,0.0
Start-of-film reinstatement,1.5,0.0,1.0,With reminder,Strong task encoding,2.0,0.0,0.9,4,0,5000,63,filler,0.00019999999494757503
Start-of-film reinstatement,1.5,0.0,1.0,With reminder,Strong task encoding,2.0,0.0,0.9,4,0,5000,64,filler,0.00039999998989515007
Start-of-film reinstatement + film-item boost,1.5,0.5,1.0,No reminder,Weak task encoding,1.0,0.0,0.9,4,0,5000,1,film,0.41260001063346863
Start-of-film reinstatement + film-item boost,1.5,0.5,1.0,No reminder,Weak task encoding,1.0,0.0,0.9,4,0,5000,2,film,0.41620001196861267
Start-of-film reinstatement + film-item boost,1.5,0.5,1.0,No reminder,Weak task encoding,1.0,0.0,0.9,4,0,5000,3,film,0.4406000077724457
Start-of-film reinstatement + film-item boost,1.5,0.5,1.0,No reminder,Weak task encoding,1.0,0.0,0.9,4,0,5000,4,film,0.45419999957084656
Start-of-film reinstatement + film-item boost,1.5,0.5,1.0,No reminder,Weak task encoding,1.0,0.0,0.9,4,0,5000,5,film,0.4535999894142151
Start-of-film reinstatement + film-item boost,1.5,0.5,1.0,No reminder,Weak task encoding,1.0,0.0,0.9,4,0,5000,6,film,0.475600004196167
Start-of-film reinstatement + film-item boost,1.5,0.5,1.0,No reminder,Weak task encoding,1.0,0.0,0.9,4,0,5000,7,film,0.49239999055862427
Start-of-film reinstatement + film-item boost,1.5,0.5,1.0,No reminder,Weak task encoding,1.0,0.0,0.9,4,0,5000,8,film,0.49720001220703125
Start-of-film reinstatement + film-item boost,1.5,0.5,1.0,No reminder,Weak task encoding,1.0,0.0,0.9,4,0,5000,9,film,0.5131999850273132
Start-of-film reinstatement + film-item boost,1.5,0.5,1.0,No reminder,Weak task encoding,1.0,0.0,0.9,4,0,5000,10,film,0.5127999782562256
Start-of-film reinstatement + film-item boost,1.5,0.5,1.0,No reminder,Weak task encoding,1.0,0.0,0.9,4,0,5000,11,film,0.4952000081539154
Start-of-film reinstatement + film-item boost,1.5,0.5,1.0,No reminder,Weak task encoding,1.0,0.0,0.9,4,0,5000,12,film,0.49480000138282776
Start-of-film reinstatement + film-item boost,1.5,0.5,1.0,No reminder,Weak task encoding,1.0,0.0,0.9,4,0,5000,13,film,0.483599990606308
Start-of-film reinstatement + film-item boost,1.5,0.5,1.0,No reminder,Weak task encoding,1.0,0.0,0.9,4,0,5000,14,film,0.460999995470047
Start-of-film reinstatement + film-item boost,1.5,0.5,1.0,No reminder,Weak task encoding,1.0,0.0,0.9,4,0,5000,15,film,0.45320001244544983
Start-of-film reinstatement + film-item boost,1.5,0.5,1.0,No reminder,Weak task encoding,1.0,0.0,0.9,4,0,5000,16,film,0.421999990940094
Start-of-film reinstatement + film-item boost,1.5,0.5,1.0,No reminder,Weak task encoding,1.0,0.0,0.9,4,0,5000,17,break,0.041600000113248825
Start-of-film reinstatement + film-item boost,1.5,0.5,1.0,No reminder,Weak task encoding,1.0,0.0,0.9,4,0,5000,18,break,0.03020000085234642
Start-of-film reinstatement + film-item boost,1.5,0.5,1.0,No reminder,Weak task encoding,1.0,0.0,0.9,4,0,5000,19,break,0.02239999920129776
Start-of-film reinstatement + film-item boost,1.5,0.5,1.0,No reminder,Weak task encoding,1.0,0.0,0.9,4,0,5000,20,break,0.013399999588727951
Start-of-film reinstatement + film-item boost,1.5,0.5,1.0,No reminder,Weak task encoding,1.0,0.0,0.9,4,0,5000,21,break,0.007799999788403511
Start-of-film reinstatement + film-item boost,1.5,0.5,1.0,No reminder,Weak task encoding,1.0,0.0,0.9,4,0,5000,22,break,0.009399999864399433
Start-of-film reinstatement + film-item boost,1.5,0.5,1.0,No reminder,Weak task encoding,1.0,0.0,0.9,4,0,5000,23,break,0.006800000090152025
Start-of-film reinstatement + film-item boost,1.5,0.5,1.0,No reminder,Weak task encoding,1.0,0.0,0.9,4,0,5000,24,break,0.002400000113993883
Start-of-film reinstatement + film-item boost,1.5,0.5,1.0,No reminder,Weak task encoding,1.0,0.0,0.9,4,0,5000,25,break,0.0015999999595806003
Start-of-film reinstatement + film-item boost,1.5,0.5,1.0,No reminder,Weak task encoding,1.0,0.0,0.9,4,0,5000,26,break,0.0020000000949949026
Start-of-film reinstatement + film-item boost,1.5,0.5,1.0,No reminder,Weak task encoding,1.0,0.0,0.9,4,0,5000,27,break,0.0015999999595806003
Start-of-film reinstatement + film-item boost,1.5,0.5,1.0,No reminder,Weak task encoding,1.0,0.0,0.9,4,0,5000,28,break,0.0012000000569969416
Start-of-film reinstatement + film-item boost,1.5,0.5,1.0,No reminder,Weak task encoding,1.0,0.0,0.9,4,0,5000,29,break,0.0010000000474974513
Start-of-film reinstatement + film-item boost,1.5,0.5,1.0,No reminder,Weak task encoding,1.0,0.0,0.9,4,0,5000,30,break,0.0
Start-of-film reinstatement + film-item boost,1.5,0.5,1.0,No reminder,Weak task encoding,1.0,0.0,0.9,4,0,5000,31,break,0.00019999999494757503
Start-of-film reinstatement + film-item boost,1.5,0.5,1.0,No reminder,Weak task encoding,1.0,0.0,0.9,4,0,5000,32,break,0.00019999999494757503
Start-of-film reinstatement + film-item boost,1.5,0.5,1.0,No reminder,Weak task encoding,1.0,0.0,0.9,4,0,5000,33,task,0.0006000000284984708
Start-of-film reinstatement + film-item boost,1.5,0.5,1.0,No reminder,Weak task encoding,1.0,0.0,0.9,4,0,5000,34,task,0.00019999999494757503
Start-of-film reinstatement + film-item boost,1.5,0.5,1.0,No reminder,Weak task encoding,1.0,0.0,0.9,4,0,5000,35,task,0.0
Start-of-film reinstatement + film-item boost,1.5,0.5,1.0,No reminder,Weak task encoding,1.0,0.0,0.9,4,0,5000,36,task,0.00019999999494757503
Start-of-film reinstatement + film-item boost,1.5,0.5,1.0,No reminder,Weak task encoding,1.0,0.0,0.9,4,0,5000,37,task,0.0
Start-of-film reinstatement + film-item boost,1.5,0.5,1.0,No reminder,Weak task encoding,1.0,0.0,0.9,4,0,5000,38,task,0.0
Start-of-film reinstatement + film-item boost,1.5,0.5,1.0,No reminder,Weak task encoding,1.0,0.0,0.9,4,0,5000,39,task,0.0
Start-of-film reinstatement + film-item boost,1.5,0.5,1.0,No reminder,Weak task encoding,1.0,0.0,0.9,4,0,5000,40,task,0.0
Start-of-film reinstatement + film-item boost,1.5,0.5,1.0,No reminder,Weak task encoding,1.0,0.0,0.9,4,0,5000,41,task,0.0
Start-of-film reinstatement + film-item boost,1.5,0.5,1.0,No reminder,Weak task encoding,1.0,0.0,0.9,4,0,5000,42,task,0.0
Start-of-film reinstatement + film-item boost,1.5,0.5,1.0,No reminder,Weak task encoding,1.0,0.0,0.9,4,0,5000,43,task,0.0
Start-of-film reinstatement + film-item boost,1.5,0.5,1.0,No reminder,Weak task encoding,1.0,0.0,0.9,4,0,5000,44,task,0.0
Start-of-film reinstatement + film-item boost,1.5,0.5,1.0,No reminder,Weak task encoding,1.0,0.0,0.9,4,0,5000,45,task,0.0
Start-of-film reinstatement + film-item boost,1.5,0.5,1.0,No reminder,Weak task encoding,1.0,0.0,0.9,4,0,5000,46,task,0.0
Start-of-film reinstatement + film-item boost,1.5,0.5,1.0,No reminder,Weak task encoding,1.0,0.0,0.9,4,0,5000,47,task,0.0
Start-of-film reinstatement + film-item boost,1.5,0.5,1.0,No reminder,Weak task encoding,1.0,0.0,0.9,4,0,5000,48,task,0.0
Start-of-film reinstatement + film-item boost,1.5,0.5,1.0,No reminder,Weak task encoding,1.0,0.0,0.9,4,0,5000,49,filler,0.0
Start-of-film reinstatement + film-item boost,1.5,0.5,1.0,No reminder,Weak task encoding,1.0,0.0,0.9,4,0,5000,50,filler,0.0
Start-of-film reinstatement + film-item boost,1.5,0.5,1.0,No reminder,Weak task encoding,1.0,0.0,0.9,4,0,5000,51,filler,0.0
Start-of-film reinstatement + film-item boost,1.5,0.5,1.0,No reminder,Weak task encoding,1.0,0.0,0.9,4,0,5000,52,filler,0.0
Start-of-film reinstatement + film-item boost,1.5,0.5,1.0,No reminder,Weak task encoding,1.0,0.0,0.9,4,0,5000,53,filler,0.0
Start-of-film reinstatement + film-item boost,1.5,0.5,1.0,No reminder,Weak task encoding,1.0,0.0,0.9,4,0,5000,54,filler,0.0
Start-of-film reinstatement + film-item boost,1.5,0.5,1.0,No reminder,Weak task encoding,1.0,0.0,0.9,4,0,5000,55,filler,0.0
Start-of-film reinstatement + film-item boost,1.5,0.5,1.0,No reminder,Weak task encoding,1.0,0.0,0.9,4,0,5000,56,filler,0.0
Start-of-film reinstatement + film-item boost,1.5,0.5,1.0,No reminder,Weak task encoding,1.0,0.0,0.9,4,0,5000,57,filler,0.0
Start-of-film reinstatement + film-item boost,1.5,0.5,1.0,No reminder,Weak task encoding,1.0,0.0,0.9,4,0,5000,58,filler,0.0
Start-of-film reinstatement + film-item boost,1.5,0.5,1.0,No reminder,Weak task encoding,1.0,0.0,0.9,4,0,5000,59,filler,0.0
Start-of-film reinstatement + film-item boost,1.5,0.5,1.0,No reminder,Weak task encoding,1.0,0.0,0.9,4,0,5000,60,filler,0.0
Start-of-film reinstatement + film-item boost,1.5,0.5,1.0,No reminder,Weak task encoding,1.0,0.0,0.9,4,0,5000,61,filler,0.0
Start-of-film reinstatement + film-item boost,1.5,0.5,1.0,No reminder,Weak task encoding,1.0,0.0,0.9,4,0,5000,62,filler,0.0
Start-of-film reinstatement + film-item boost,1.5,0.5,1.0,No reminder,Weak task encoding,1.0,0.0,0.9,4,0,5000,63,filler,0.0
Start-of-film reinstatement + film-item boost,1.5,0.5,1.0,No reminder,Weak task encoding,1.0,0.0,0.9,4,0,5000,64,filler,0.0
Start-of-film reinstatement + film-item boost,1.5,0.5,1.0,No reminder,Strong task encoding,2.0,0.0,0.9,4,0,5000,1,film,0.40639999508857727
Start-of-film reinstatement + film-item boost,1.5,0.5,1.0,No reminder,Strong task encoding,2.0,0.0,0.9,4,0,5000,2,film,0.4113999903202057
Start-of-film reinstatement + film-item boost,1.5,0.5,1.0,No reminder,Strong task encoding,2.0,0.0,0.9,4,0,5000,3,film,0.4327999949455261
Start-of-film reinstatement + film-item boost,1.5,0.5,1.0,No reminder,Strong task encoding,2.0,0.0,0.9,4,0,5000,4,film,0.45899999141693115
Start-of-film reinstatement + film-item boost,1.5,0.5,1.0,No reminder,Strong task encoding,2.0,0.0,0.9,4,0,5000,5,film,0.4731999933719635
Start-of-film reinstatement + film-item boost,1.5,0.5,1.0,No reminder,Strong task encoding,2.0,0.0,0.9,4,0,5000,6,film,0.48739999532699585
Start-of-film reinstatement + film-item boost,1.5,0.5,1.0,No reminder,Strong task encoding,2.0,0.0,0.9,4,0,5000,7,film,0.4862000048160553
Start-of-film reinstatement + film-item boost,1.5,0.5,1.0,No reminder,Strong task encoding,2.0,0.0,0.9,4,0,5000,8,film,0.49799999594688416
Start-of-film reinstatement + film-item boost,1.5,0.5,1.0,No reminder,Strong task encoding,2.0,0.0,0.9,4,0,5000,9,film,0.5139999985694885
Start-of-film reinstatement + film-item boost,1.5,0.5,1.0,No reminder,Strong task encoding,2.0,0.0,0.9,4,0,5000,10,film,0.5144000053405762
Start-of-film reinstatement + film-item boost,1.5,0.5,1.0,No reminder,Strong task encoding,2.0,0.0,0.9,4,0,5000,11,film,0.5027999877929688
Start-of-film reinstatement + film-item boost,1.5,0.5,1.0,No reminder,Strong task encoding,2.0,0.0,0.9,4,0,5000,12,film,0.4912000000476837
Start-of-film reinstatement + film-item boost,1.5,0.5,1.0,No reminder,Strong task encoding,2.0,0.0,0.9,4,0,5000,13,film,0.49079999327659607
Start-of-film reinstatement + film-item boost,1.5,0.5,1.0,No reminder,Strong task encoding,2.0,0.0,0.9,4,0,5000,14,film,0.4724000096321106
Start-of-film reinstatement + film-item boost,1.5,0.5,1.0,No reminder,Strong task encoding,2.0,0.0,0.9,4,0,5000,15,film,0.45579999685287476
Start-of-film reinstatement + film-item boost,1.5,0.5,1.0,No reminder,Strong task encoding,2.0,0.0,0.9,4,0,5000,16,film,0.4169999957084656
Start-of-film reinstatement + film-item boost,1.5,0.5,1.0,No reminder,Strong task encoding,2.0,0.0,0.9,4,0,5000,17,break,0.041600000113248825
Start-of-film reinstatement + film-item boost,1.5,0.5,1.0,No reminder,Strong task encoding,2.0,0.0,0.9,4,0,5000,18,break,0.03099999949336052
Start-of-film reinstatement + film-item boost,1.5,0.5,1.0,No reminder,Strong task encoding,2.0,0.0,0.9,4,0,5000,19,break,0.021199999377131462
Start-of-film reinstatement + film-item boost,1.5,0.5,1.0,No reminder,Strong task encoding,2.0,0.0,0.9,4,0,5000,20,break,0.016200000420212746
Start-of-film reinstatement + film-item boost,1.5,0.5,1.0,No reminder,Strong task encoding,2.0,0.0,0.9,4,0,5000,21,break,0.010400000028312206
Start-of-film reinstatement + film-item boost,1.5,0.5,1.0,No reminder,Strong task encoding,2.0,0.0,0.9,4,0,5000,22,break,0.007000000216066837
Start-of-film reinstatement + film-item boost,1.5,0.5,1.0,No reminder,Strong task encoding,2.0,0.0,0.9,4,0,5000,23,break,0.005400000140070915
Start-of-film reinstatement + film-item boost,1.5,0.5,1.0,No reminder,Strong task encoding,2.0,0.0,0.9,4,0,5000,24,break,0.002400000113993883
Start-of-film reinstatement + film-item boost,1.5,0.5,1.0,No reminder,Strong task encoding,2.0,0.0,0.9,4,0,5000,25,break,0.0020000000949949026
Start-of-film reinstatement + film-item boost,1.5,0.5,1.0,No reminder,Strong task encoding,2.0,0.0,0.9,4,0,5000,26,break,0.0010000000474974513
Start-of-film reinstatement + film-item boost,1.5,0.5,1.0,No reminder,Strong task encoding,2.0,0.0,0.9,4,0,5000,27,break,0.002199999988079071
Start-of-film reinstatement + film-item boost,1.5,0.5,1.0,No reminder,Strong task encoding,2.0,0.0,0.9,4,0,5000,28,break,0.0006000000284984708
Start-of-film reinstatement + film-item boost,1.5,0.5,1.0,No reminder,Strong task encoding,2.0,0.0,0.9,4,0,5000,29,break,0.0006000000284984708
Start-of-film reinstatement + film-item boost,1.5,0.5,1.0,No reminder,Strong task encoding,2.0,0.0,0.9,4,0,5000,30,break,0.00039999998989515007
Start-of-film reinstatement + film-item boost,1.5,0.5,1.0,No reminder,Strong task encoding,2.0,0.0,0.9,4,0,5000,31,break,0.00039999998989515007
Start-of-film reinstatement + film-item boost,1.5,0.5,1.0,No reminder,Strong task encoding,2.0,0.0,0.9,4,0,5000,32,break,0.00019999999494757503
Start-of-film reinstatement + film-item boost,1.5,0.5,1.0,No reminder,Strong task encoding,2.0,0.0,0.9,4,0,5000,33,task,0.0015999999595806003
Start-of-film reinstatement + film-item boost,1.5,0.5,1.0,No reminder,Strong task encoding,2.0,0.0,0.9,4,0,5000,34,task,0.0017999999690800905
Start-of-film reinstatement + film-item boost,1.5,0.5,1.0,No reminder,Strong task encoding,2.0,0.0,0.9,4,0,5000,35,task,0.002199999988079071
Start-of-film reinstatement + film-item boost,1.5,0.5,1.0,No reminder,Strong task encoding,2.0,0.0,0.9,4,0,5000,36,task,0.0
Start-of-film reinstatement + film-item boost,1.5,0.5,1.0,No reminder,Strong task encoding,2.0,0.0,0.9,4,0,5000,37,task,0.00039999998989515007
Start-of-film reinstatement + film-item boost,1.5,0.5,1.0,No reminder,Strong task encoding,2.0,0.0,0.9,4,0,5000,38,task,0.0006000000284984708
Start-of-film reinstatement + film-item boost,1.5,0.5,1.0,No reminder,Strong task encoding,2.0,0.0,0.9,4,0,5000,39,task,0.00039999998989515007
Start-of-film reinstatement + film-item boost,1.5,0.5,1.0,No reminder,Strong task encoding,2.0,0.0,0.9,4,0,5000,40,task,0.0007999999797903001
Start-of-film reinstatement + film-item boost,1.5,0.5,1.0,No reminder,Strong task encoding,2.0,0.0,0.9,4,0,5000,41,task,0.00019999999494757503
Start-of-film reinstatement + film-item boost,1.5,0.5,1.0,No reminder,Strong task encoding,2.0,0.0,0.9,4,0,5000,42,task,0.00019999999494757503
Start-of-film reinstatement + film-item boost,1.5,0.5,1.0,No reminder,Strong task encoding,2.0,0.0,0.9,4,0,5000,43,task,0.0
Start-of-film reinstatement + film-item boost,1.5,0.5,1.0,No reminder,Strong task encoding,2.0,0.0,0.9,4,0,5000,44,task,0.00039999998989515007
Start-of-film reinstatement + film-item boost,1.5,0.5,1.0,No reminder,Strong task encoding,2.0,0.0,0.9,4,0,5000,45,task,0.00019999999494757503
Start-of-film reinstatement + film-item boost,1.5,0.5,1.0,No reminder,Strong task encoding,2.0,0.0,0.9,4,0,5000,46,task,0.00019999999494757503
Start-of-film reinstatement + film-item boost,1.5,0.5,1.0,No reminder,Strong task encoding,2.0,0.0,0.9,4,0,5000,47,task,0.0
Start-of-film reinstatement + film-item boost,1.5,0.5,1.0,No reminder,Strong task encoding,2.0,0.0,0.9,4,0,5000,48,task,0.0
Start-of-film reinstatement + film-item boost,1.5,0.5,1.0,No reminder,Strong task encoding,2.0,0.0,0.9,4,0,5000,49,filler,0.0
Start-of-film reinstatement + film-item boost,1.5,0.5,1.0,No reminder,Strong task encoding,2.0,0.0,0.9,4,0,5000,50,filler,0.0
Start-of-film reinstatement + film-item boost,1.5,0.5,1.0,No reminder,Strong task encoding,2.0,0.0,0.9,4,0,5000,51,filler,0.0
Start-of-film reinstatement + film-item boost,1.5,0.5,1.0,No reminder,Strong task encoding,2.0,0.0,0.9,4,0,5000,52,filler,0.0
Start-of-film reinstatement + film-item boost,1.5,0.5,1.0,No reminder,Strong task encoding,2.0,0.0,0.9,4,0,5000,53,filler,0.0
Start-of-film reinstatement + film-item boost,1.5,0.5,1.0,No reminder,Strong task encoding,2.0,0.0,0.9,4,0,5000,54,filler,0.0
Start-of-film reinstatement + film-item boost,1.5,0.5,1.0,No reminder,Strong task encoding,2.0,0.0,0.9,4,0,5000,55,filler,0.0
Start-of-film reinstatement + film-item boost,1.5,0.5,1.0,No reminder,Strong task encoding,2.0,0.0,0.9,4,0,5000,56,filler,0.0
Start-of-film reinstatement + film-item boost,1.5,0.5,1.0,No reminder,Strong task encoding,2.0,0.0,0.9,4,0,5000,57,filler,0.0
Start-of-film reinstatement + film-item boost,1.5,0.5,1.0,No reminder,Strong task encoding,2.0,0.0,0.9,4,0,5000,58,filler,0.0
Start-of-film reinstatement + film-item boost,1.5,0.5,1.0,No reminder,Strong task encoding,2.0,0.0,0.9,4,0,5000,59,filler,0.0
Start-of-film reinstatement + film-item boost,1.5,0.5,1.0,No reminder,Strong task encoding,2.0,0.0,0.9,4,0,5000,60,filler,0.0
Start-of-film reinstatement + film-item boost,1.5,0.5,1.0,No reminder,Strong task encoding,2.0,0.0,0.9,4,0,5000,61,filler,0.0
Start-of-film reinstatement + film-item boost,1.5,0.5,1.0,No reminder,Strong task encoding,2.0,0.0,0.9,4,0,5000,62,filler,0.0
Start-of-film reinstatement + film-item boost,1.5,0.5,1.0,No reminder,Strong task encoding,2.0,0.0,0.9,4,0,5000,63,filler,0.0
Start-of-film reinstatement + film-item boost,1.5,0.5,1.0,No reminder,Strong task encoding,2.0,0.0,0.9,4,0,5000,64,filler,0.0
Start-of-film reinstatement + film-item boost,1.5,0.5,1.0,With reminder,Weak task encoding,1.0,0.0,0.9,4,0,5000,1,film,0.39500001072883606
Start-of-film reinstatement + film-item boost,1.5,0.5,1.0,With reminder,Weak task encoding,1.0,0.0,0.9,4,0,5000,2,film,0.40220001339912415
Start-of-film reinstatement + film-item boost,1.5,0.5,1.0,With reminder,Weak task encoding,1.0,0.0,0.9,4,0,5000,3,film,0.4189999997615814
Start-of-film reinstatement + film-item boost,1.5,0.5,1.0,With reminder,Weak task encoding,1.0,0.0,0.9,4,0,5000,4,film,0.44519999623298645
Start-of-film reinstatement + film-item boost,1.5,0.5,1.0,With reminder,Weak task encoding,1.0,0.0,0.9,4,0,5000,5,film,0.4575999975204468
Start-of-film reinstatement + film-item boost,1.5,0.5,1.0,With reminder,Weak task encoding,1.0,0.0,0.9,4,0,5000,6,film,0.46720001101493835
Start-of-film reinstatement + film-item boost,1.5,0.5,1.0,With reminder,Weak task encoding,1.0,0.0,0.9,4,0,5000,7,film,0.48980000615119934
Start-of-film reinstatement + film-item boost,1.5,0.5,1.0,With reminder,Weak task encoding,1.0,0.0,0.9,4,0,5000,8,film,0.49399998784065247
Start-of-film reinstatement + film-item boost,1.5,0.5,1.0,With reminder,Weak task encoding,1.0,0.0,0.9,4,0,5000,9,film,0.5067999958992004
Start-of-film reinstatement + film-item boost,1.5,0.5,1.0,With reminder,Weak task encoding,1.0,0.0,0.9,4,0,5000,10,film,0.4952000081539154
Start-of-film reinstatement + film-item boost,1.5,0.5,1.0,With reminder,Weak task encoding,1.0,0.0,0.9,4,0,5000,11,film,0.483599990606308
Start-of-film reinstatement + film-item boost,1.5,0.5,1.0,With reminder,Weak task encoding,1.0,0.0,0.9,4,0,5000,12,film,0.4893999993801117
Start-of-film reinstatement + film-item boost,1.5,0.5,1.0,With reminder,Weak task encoding,1.0,0.0,0.9,4,0,5000,13,film,0.47620001435279846
Start-of-film reinstatement + film-item boost,1.5,0.5,1.0,With reminder,Weak task encoding,1.0,0.0,0.9,4,0,5000,14,film,0.4618000090122223
Start-of-film reinstatement + film-item boost,1.5,0.5,1.0,With reminder,Weak task encoding,1.0,0.0,0.9,4,0,5000,15,film,0.44279998540878296
Start-of-film reinstatement + film-item boost,1.5,0.5,1.0,With reminder,Weak task encoding,1.0,0.0,0.9,4,0,5000,16,film,0.420199990272522
Start-of-film reinstatement + film-item boost,1.5,0.5,1.0,With reminder,Weak task encoding,1.0,0.0,0.9,4,0,5000,17,break,0.04340000078082085
Start-of-film reinstatement + film-item boost,1.5,0.5,1.0,With reminder,Weak task encoding,1.0,0.0,0.9,4,0,5000,18,break,0.029400000348687172
Start-of-film reinstatement + film-item boost,1.5,0.5,1.0,With reminder,Weak task encoding,1.0,0.0,0.9,4,0,5000,19,break,0.025200000032782555
Start-of-film reinstatement + film-item boost,1.5,0.5,1.0,With reminder,Weak task encoding,1.0,0.0,0.9,4,0,5000,20,break,0.01720000058412552
Start-of-film reinstatement + film-item boost,1.5,0.5,1.0,With reminder,Weak task encoding,1.0,0.0,0.9,4,0,5000,21,break,0.00839999970048666
Start-of-film reinstatement + film-item boost,1.5,0.5,1.0,With reminder,Weak task encoding,1.0,0.0,0.9,4,0,5000,22,break,0.00800000037997961
Start-of-film reinstatement + film-item boost,1.5,0.5,1.0,With reminder,Weak task encoding,1.0,0.0,0.9,4,0,5000,23,break,0.004399999976158142
Start-of-film reinstatement + film-item boost,1.5,0.5,1.0,With reminder,Weak task encoding,1.0,0.0,0.9,4,0,5000,24,break,0.003800000064074993
Start-of-film reinstatement + film-item boost,1.5,0.5,1.0,With reminder,Weak task encoding,1.0,0.0,0.9,4,0,5000,25,break,0.002199999988079071
Start-of-film reinstatement + film-item boost,1.5,0.5,1.0,With reminder,Weak task encoding,1.0,0.0,0.9,4,0,5000,26,break,0.0017999999690800905
Start-of-film reinstatement + film-item boost,1.5,0.5,1.0,With reminder,Weak task encoding,1.0,0.0,0.9,4,0,5000,27,break,0.00139999995008111
Start-of-film reinstatement + film-item boost,1.5,0.5,1.0,With reminder,Weak task encoding,1.0,0.0,0.9,4,0,5000,28,break,0.00139999995008111
Start-of-film reinstatement + film-item boost,1.5,0.5,1.0,With reminder,Weak task encoding,1.0,0.0,0.9,4,0,5000,29,break,0.00039999998989515007
Start-of-film reinstatement + film-item boost,1.5,0.5,1.0,With reminder,Weak task encoding,1.0,0.0,0.9,4,0,5000,30,break,0.00019999999494757503
Start-of-film reinstatement + film-item boost,1.5,0.5,1.0,With reminder,Weak task encoding,1.0,0.0,0.9,4,0,5000,31,break,0.0007999999797903001
Start-of-film reinstatement + film-item boost,1.5,0.5,1.0,With reminder,Weak task encoding,1.0,0.0,0.9,4,0,5000,32,break,0.00039999998989515007
Start-of-film reinstatement + film-item boost,1.5,0.5,1.0,With reminder,Weak task encoding,1.0,0.0,0.9,4,0,5000,33,task,0.057999998331069946
Start-of-film reinstatement + film-item boost,1.5,0.5,1.0,With reminder,Weak task encoding,1.0,0.0,0.9,4,0,5000,34,task,0.03739999979734421
Start-of-film reinstatement + film-item boost,1.5,0.5,1.0,With reminder,Weak task encoding,1.0,0.0,0.9,4,0,5000,35,task,0.026399999856948853
Start-of-film reinstatement + film-item boost,1.5,0.5,1.0,With reminder,Weak task encoding,1.0,0.0,0.9,4,0,5000,36,task,0.015599999576807022
Start-of-film reinstatement + film-item boost,1.5,0.5,1.0,With reminder,Weak task encoding,1.0,0.0,0.9,4,0,5000,37,task,0.014399999752640724
Start-of-film reinstatement + film-item boost,1.5,0.5,1.0,With reminder,Weak task encoding,1.0,0.0,0.9,4,0,5000,38,task,0.010400000028312206
Start-of-film reinstatement + film-item boost,1.5,0.5,1.0,With reminder,Weak task encoding,1.0,0.0,0.9,4,0,5000,39,task,0.007400000002235174
Start-of-film reinstatement + film-item boost,1.5,0.5,1.0,With reminder,Weak task encoding,1.0,0.0,0.9,4,0,5000,40,task,0.00559999980032444
Start-of-film reinstatement + film-item boost,1.5,0.5,1.0,With reminder,Weak task encoding,1.0,0.0,0.9,4,0,5000,41,task,0.0031999999191612005
Start-of-film reinstatement + film-item boost,1.5,0.5,1.0,With reminder,Weak task encoding,1.0,0.0,0.9,4,0,5000,42,task,0.0007999999797903001
Start-of-film reinstatement + film-item boost,1.5,0.5,1.0,With reminder,Weak task encoding,1.0,0.0,0.9,4,0,5000,43,task,0.002199999988079071
Start-of-film reinstatement + film-item boost,1.5,0.5,1.0,With reminder,Weak task encoding,1.0,0.0,0.9,4,0,5000,44,task,0.0020000000949949026
Start-of-film reinstatement + film-item boost,1.5,0.5,1.0,With reminder,Weak task encoding,1.0,0.0,0.9,4,0,5000,45,task,0.0006000000284984708
Start-of-film reinstatement + film-item boost,1.5,0.5,1.0,With reminder,Weak task encoding,1.0,0.0,0.9,4,0,5000,46,task,0.0007999999797903001
Start-of-film reinstatement + film-item boost,1.5,0.5,1.0,With reminder,Weak task encoding,1.0,0.0,0.9,4,0,5000,47,task,0.00019999999494757503
Start-of-film reinstatement + film-item boost,1.5,0.5,1.0,With reminder,Weak task encoding,1.0,0.0,0.9,4,0,5000,48,task,0.0
Start-of-film reinstatement + film-item boost,1.5,0.5,1.0,With reminder,Weak task encoding,1.0,0.0,0.9,4,0,5000,49,filler,0.00019999999494757503
Start-of-film reinstatement + film-item boost,1.5,0.5,1.0,With reminder,Weak task encoding,1.0,0.0,0.9,4,0,5000,50,filler,0.00019999999494757503
Start-of-film reinstatement + film-item boost,1.5,0.5,1.0,With reminder,Weak task encoding,1.0,0.0,0.9,4,0,5000,51,filler,0.00019999999494757503
Start-of-film reinstatement + film-item boost,1.5,0.5,1.0,With reminder,Weak task encoding,1.0,0.0,0.9,4,0,5000,52,filler,0.0
Start-of-film reinstatement + film-item boost,1.5,0.5,1.0,With reminder,Weak task encoding,1.0,0.0,0.9,4,0,5000,53,filler,0.0
Start-of-film reinstatement + film-item boost,1.5,0.5,1.0,With reminder,Weak task encoding,1.0,0.0,0.9,4,0,5000,54,filler,0.0
Start-of-film reinstatement + film-item boost,1.5,0.5,1.0,With reminder,Weak task encoding,1.0,0.0,0.9,4,0,5000,55,filler,0.0
Start-of-film reinstatement + film-item boost,1.5,0.5,1.0,With reminder,Weak task encoding,1.0,0.0,0.9,4,0,5000,56,filler,0.0
Start-of-film reinstatement + film-item boost,1.5,0.5,1.0,With reminder,Weak task encoding,1.0,0.0,0.9,4,0,5000,57,filler,0.0
Start-of-film reinstatement + film-item boost,1.5,0.5,1.0,With reminder,Weak task encoding,1.0,0.0,0.9,4,0,5000,58,filler,0.0
Start-of-film reinstatement + film-item boost,1.5,0.5,1.0,With reminder,Weak task encoding,1.0,0.0,0.9,4,0,5000,59,filler,0.0
Start-of-film reinstatement + film-item boost,1.5,0.5,1.0,With reminder,Weak task encoding,1.0,0.0,0.9,4,0,5000,60,filler,0.00019999999494757503
Start-of-film reinstatement + film-item boost,1.5,0.5,1.0,With reminder,Weak task encoding,1.0,0.0,0.9,4,0,5000,61,filler,0.0
Start-of-film reinstatement + film-item boost,1.5,0.5,1.0,With reminder,Weak task encoding,1.0,0.0,0.9,4,0,5000,62,filler,0.0
Start-of-film reinstatement + film-item boost,1.5,0.5,1.0,With reminder,Weak task encoding,1.0,0.0,0.9,4,0,5000,63,filler,0.0
Start-of-film reinstatement + film-item boost,1.5,0.5,1.0,With reminder,Weak task encoding,1.0,0.0,0.9,4,0,5000,64,filler,0.0
Start-of-film reinstatement + film-item boost,1.5,0.5,1.0,With reminder,Strong task encoding,2.0,0.0,0.9,4,0,5000,1,film,0.32679998874664307
Start-of-film reinstatement + film-item boost,1.5,0.5,1.0,With reminder,Strong task encoding,2.0,0.0,0.9,4,0,5000,2,film,0.3009999990463257
Start-of-film reinstatement + film-item boost,1.5,0.5,1.0,With reminder,Strong task encoding,2.0,0.0,0.9,4,0,5000,3,film,0.335999995470047
Start-of-film reinstatement + film-item boost,1.5,0.5,1.0,With reminder,Strong task encoding,2.0,0.0,0.9,4,0,5000,4,film,0.34220001101493835
Start-of-film reinstatement + film-item boost,1.5,0.5,1.0,With reminder,Strong task encoding,2.0,0.0,0.9,4,0,5000,5,film,0.3610000014305115
Start-of-film reinstatement + film-item boost,1.5,0.5,1.0,With reminder,Strong task encoding,2.0,0.0,0.9,4,0,5000,6,film,0.3668000102043152
Start-of-film reinstatement + film-item boost,1.5,0.5,1.0,With reminder,Strong task encoding,2.0,0.0,0.9,4,0,5000,7,film,0.367000013589859
Start-of-film reinstatement + film-item boost,1.5,0.5,1.0,With reminder,Strong task encoding,2.0,0.0,0.9,4,0,5000,8,film,0.37299999594688416
Start-of-film reinstatement + film-item boost,1.5,0.5,1.0,With reminder,Strong task encoding,2.0,0.0,0.9,4,0,5000,9,film,0.3840000033378601
Start-of-film reinstatement + film-item boost,1.5,0.5,1.0,With reminder,Strong task encoding,2.0,0.0,0.9,4,0,5000,10,film,0.3797999918460846
Start-of-film reinstatement + film-item boost,1.5,0.5,1.0,With reminder,Strong task encoding,2.0,0.0,0.9,4,0,5000,11,film,0.36820000410079956
Start-of-film reinstatement + film-item boost,1.5,0.5,1.0,With reminder,Strong task encoding,2.0,0.0,0.9,4,0,5000,12,film,0.3646000027656555
Start-of-film reinstatement + film-item boost,1.5,0.5,1.0,With reminder,Strong task encoding,2.0,0.0,0.9,4,0,5000,13,film,0.34940001368522644
Start-of-film reinstatement + film-item boost,1.5,0.5,1.0,With reminder,Strong task encoding,2.0,0.0,0.9,4,0,5000,14,film,0.3546000123023987
Start-of-film reinstatement + film-item boost,1.5,0.5,1.0,With reminder,Strong task encoding,2.0,0.0,0.9,4,0,5000,15,film,0.32519999146461487
Start-of-film reinstatement + film-item boost,1.5,0.5,1.0,With reminder,Strong task encoding,2.0,0.0,0.9,4,0,5000,16,film,0.3174000084400177
Start-of-film reinstatement + film-item boost,1.5,0.5,1.0,With reminder,Strong task encoding,2.0,0.0,0.9,4,0,5000,17,break,0.02539999969303608
Start-of-film reinstatement + film-item boost,1.5,0.5,1.0,With reminder,Strong task encoding,2.0,0.0,0.9,4,0,5000,18,break,0.01600000075995922
Start-of-film reinstatement + film-item boost,1.5,0.5,1.0,With reminder,Strong task encoding,2.0,0.0,0.9,4,0,5000,19,break,0.0142000000923872
Start-of-film reinstatement + film-item boost,1.5,0.5,1.0,With reminder,Strong task encoding,2.0,0.0,0.9,4,0,5000,20,break,0.00839999970048666
Start-of-film reinstatement + film-item boost,1.5,0.5,1.0,With reminder,Strong task encoding,2.0,0.0,0.9,4,0,5000,21,break,0.005400000140070915
Start-of-film reinstatement + film-item boost,1.5,0.5,1.0,With reminder,Strong task encoding,2.0,0.0,0.9,4,0,5000,22,break,0.004000000189989805
Start-of-film reinstatement + film-item boost,1.5,0.5,1.0,With reminder,Strong task encoding,2.0,0.0,0.9,4,0,5000,23,break,0.00279999990016222
Start-of-film reinstatement + film-item boost,1.5,0.5,1.0,With reminder,Strong task encoding,2.0,0.0,0.9,4,0,5000,24,break,0.0020000000949949026
Start-of-film reinstatement + film-item boost,1.5,0.5,1.0,With reminder,Strong task encoding,2.0,0.0,0.9,4,0,5000,25,break,0.002199999988079071
Start-of-film reinstatement + film-item boost,1.5,0.5,1.0,With reminder,Strong task encoding,2.0,0.0,0.9,4,0,5000,26,break,0.0012000000569969416
Start-of-film reinstatement + film-item boost,1.5,0.5,1.0,With reminder,Strong task encoding,2.0,0.0,0.9,4,0,5000,27,break,0.00139999995008111
Start-of-film reinstatement + film-item boost,1.5,0.5,1.0,With reminder,Strong task encoding,2.0,0.0,0.9,4,0,5000,28,break,0.0
Start-of-film reinstatement + film-item boost,1.5,0.5,1.0,With reminder,Strong task encoding,2.0,0.0,0.9,4,0,5000,29,break,0.0
Start-of-film reinstatement + film-item boost,1.5,0.5,1.0,With reminder,Strong task encoding,2.0,0.0,0.9,4,0,5000,30,break,0.00039999998989515007
Start-of-film reinstatement + film-item boost,1.5,0.5,1.0,With reminder,Strong task encoding,2.0,0.0,0.9,4,0,5000,31,break,0.0
Start-of-film reinstatement + film-item boost,1.5,0.5,1.0,With reminder,Strong task encoding,2.0,0.0,0.9,4,0,5000,32,break,0.0006000000284984708
Start-of-film reinstatement + film-item boost,1.5,0.5,1.0,With reminder,Strong task encoding,2.0,0.0,0.9,4,0,5000,33,task,0.36719998717308044
Start-of-film reinstatement + film-item boost,1.5,0.5,1.0,With reminder,Strong task encoding,2.0,0.0,0.9,4,0,5000,34,task,0.2955999970436096
Start-of-film reinstatement + film-item boost,1.5,0.5,1.0,With reminder,Strong task encoding,2.0,0.0,0.9,4,0,5000,35,task,0.2531999945640564
Start-of-film reinstatement + film-item boost,1.5,0.5,1.0,With reminder,Strong task encoding,2.0,0.0,0.9,4,0,5000,36,task,0.20800000429153442
Start-of-film reinstatement + film-item boost,1.5,0.5,1.0,With reminder,Strong task encoding,2.0,0.0,0.9,4,0,5000,37,task,0.17479999363422394
Start-of-film reinstatement + film-item boost,1.5,0.5,1.0,With reminder,Strong task encoding,2.0,0.0,0.9,4,0,5000,38,task,0.14100000262260437
Start-of-film reinstatement + film-item boost,1.5,0.5,1.0,With reminder,Strong task encoding,2.0,0.0,0.9,4,0,5000,39,task,0.11699999868869781
Start-of-film reinstatement + film-item boost,1.5,0.5,1.0,With reminder,Strong task encoding,2.0,0.0,0.9,4,0,5000,40,task,0.09139999747276306
Start-of-film reinstatement + film-item boost,1.5,0.5,1.0,With reminder,Strong task encoding,2.0,0.0,0.9,4,0,5000,41,task,0.07599999755620956
Start-of-film reinstatement + film-item boost,1.5,0.5,1.0,With reminder,Strong task encoding,2.0,0.0,0.9,4,0,5000,42,task,0.05460000038146973
Start-of-film reinstatement + film-item boost,1.5,0.5,1.0,With reminder,Strong task encoding,2.0,0.0,0.9,4,0,5000,43,task,0.05040000006556511
Start-of-film reinstatement + film-item boost,1.5,0.5,1.0,With reminder,Strong task encoding,2.0,0.0,0.9,4,0,5000,44,task,0.038600001484155655
Start-of-film reinstatement + film-item boost,1.5,0.5,1.0,With reminder,Strong task encoding,2.0,0.0,0.9,4,0,5000,45,task,0.02979999966919422
Start-of-film reinstatement + film-item boost,1.5,0.5,1.0,With reminder,Strong task encoding,2.0,0.0,0.9,4,0,5000,46,task,0.026200000196695328
Start-of-film reinstatement + film-item boost,1.5,0.5,1.0,With reminder,Strong task encoding,2.0,0.0,0.9,4,0,5000,47,task,0.02019999921321869
Start-of-film reinstatement + film-item boost,1.5,0.5,1.0,With reminder,Strong task encoding,2.0,0.0,0.9,4,0,5000,48,task,0.013199999928474426
Start-of-film reinstatement + film-item boost,1.5,0.5,1.0,With reminder,Strong task encoding,2.0,0.0,0.9,4,0,5000,49,filler,0.0006000000284984708
Start-of-film reinstatement + film-item boost,1.5,0.5,1.0,With reminder,Strong task encoding,2.0,0.0,0.9,4,0,5000,50,filler,0.00019999999494757503
Start-of-film reinstatement + film-item boost,1.5,0.5,1.0,With reminder,Strong task encoding,2.0,0.0,0.9,4,0,5000,51,filler,0.00039999998989515007
Start-of-film reinstatement + film-item boost,1.5,0.5,1.0,With reminder,Strong task encoding,2.0,0.0,0.9,4,0,5000,52,filler,0.00039999998989515007
Start-of-film reinstatement + film-item boost,1.5,0.5,1.0,With reminder,Strong task encoding,2.0,0.0,0.9,4,0,5000,53,filler,0.0007999999797903001
Start-of-film reinstatement + film-item boost,1.5,0.5,1.0,With reminder,Strong task encoding,2.0,0.0,0.9,4,0,5000,54,filler,0.00019999999494757503
Start-of-film reinstatement + film-item boost,1.5,0.5,1.0,With reminder,Strong task encoding,2.0,0.0,0.9,4,0,5000,55,filler,0.00019999999494757503
Start-of-film reinstatement + film-item boost,1.5,0.5,1.0,With reminder,Strong task encoding,2.0,0.0,0.9,4,0,5000,56,filler,0.0
Start-of-film reinstatement + film-item boost,1.5,0.5,1.0,With reminder,Strong task encoding,2.0,0.0,0.9,4,0,5000,57,filler,0.0
Start-of-film reinstatement + film-item boost,1.5,0.5,1.0,With reminder,Strong task encoding,2.0,0.0,0.9,4,0,5000,58,filler,0.0
Start-of-film reinstatement + film-item boost,1.5,0.5,1.0,With reminder,Strong task encoding,2.0,0.0,0.9,4,0,5000,59,filler,0.0
Start-of-film reinstatement + film-item boost,1.5,0.5,1.0,With reminder,Strong task encoding,2.0,0.0,0.9,4,0,5000,60,filler,0.0
Start-of-film reinstatement + film-item boost,1.5,0.5,1.0,With reminder,Strong task encoding,2.0,0.0,0.9,4,0,5000,61,filler,0.0
Start-of-film reinstatement + film-item boost,1.5,0.5,1.0,With reminder,Strong task encoding,2.0,0.0,0.9,4,0,5000,62,filler,0.0
Start-of-film reinstatement + film-item boost,1.5,0.5,1.0,With reminder,Strong task encoding,2.0,0.0,0.9,4,0,5000,63,filler,0.0
Start-of-film reinstatement + film-item boost,1.5,0.5,1.0,With reminder,Strong task encoding,2.0,0.0,0.9,4,0,5000,64,filler,0.0
Start-of-film reinstatement + film-item boost,1.5,0.75,1.0,No reminder,Weak task encoding,1.0,0.0,0.9,4,0,5000,1,film,0.40860000252723694
Start-of-film reinstatement + film-item boost,1.5,0.75,1.0,No reminder,Weak task encoding,1.0,0.0,0.9,4,0,5000,2,film,0.4253999888896942
Start-of-film reinstatement + film-item boost,1.5,0.75,1.0,No reminder,Weak task encoding,1.0,0.0,0.9,4,0,5000,3,film,0.45019999146461487
Start-of-film reinstatement + film-item boost,1.5,0.75,1.0,No reminder,Weak task encoding,1.0,0.0,0.9,4,0,5000,4,film,0.46779999136924744
Start-of-film reinstatement + film-item boost,1.5,0.75,1.0,No reminder,Weak task encoding,1.0,0.0,0.9,4,0,5000,5,film,0.4828000068664551
Start-of-film reinstatement + film-item boost,1.5,0.75,1.0,No reminder,Weak task encoding,1.0,0.0,0.9,4,0,5000,6,film,0.49559998512268066
Start-of-film reinstatement + film-item boost,1.5,0.75,1.0,No reminder,Weak task encoding,1.0,0.0,0.9,4,0,5000,7,film,0.5023999810218811
Start-of-film reinstatement + film-item boost,1.5,0.75,1.0,No reminder,Weak task encoding,1.0,0.0,0.9,4,0,5000,8,film,0.4991999864578247
Start-of-film reinstatement + film-item boost,1.5,0.75,1.0,No reminder,Weak task encoding,1.0,0.0,0.9,4,0,5000,9,film,0.5027999877929688
Start-of-film reinstatement + film-item boost,1.5,0.75,1.0,No reminder,Weak task encoding,1.0,0.0,0.9,4,0,5000,10,film,0.5189999938011169
Start-of-film reinstatement + film-item boost,1.5,0.75,1.0,No reminder,Weak task encoding,1.0,0.0,0.9,4,0,5000,11,film,0.508400022983551
Start-of-film reinstatement + film-item boost,1.5,0.75,1.0,No reminder,Weak task encoding,1.0,0.0,0.9,4,0,5000,12,film,0.49079999327659607
Start-of-film reinstatement + film-item boost,1.5,0.75,1.0,No reminder,Weak task encoding,1.0,0.0,0.9,4,0,5000,13,film,0.47679999470710754
Start-of-film reinstatement + film-item boost,1.5,0.75,1.0,No reminder,Weak task encoding,1.0,0.0,0.9,4,0,5000,14,film,0.47099998593330383
Start-of-film reinstatement + film-item boost,1.5,0.75,1.0,No reminder,Weak task encoding,1.0,0.0,0.9,4,0,5000,15,film,0.4519999921321869
Start-of-film reinstatement + film-item boost,1.5,0.75,1.0,No reminder,Weak task encoding,1.0,0.0,0.9,4,0,5000,16,film,0.43299999833106995
Start-of-film reinstatement + film-item boost,1.5,0.75,1.0,No reminder,Weak task encoding,1.0,0.0,0.9,4,0,5000,17,break,0.023800000548362732
Start-of-film reinstatement + film-item boost,1.5,0.75,1.0,No reminder,Weak task encoding,1.0,0.0,0.9,4,0,5000,18,break,0.017000000923871994
Start-of-film reinstatement + film-item boost,1.5,0.75,1.0,No reminder,Weak task encoding,1.0,0.0,0.9,4,0,5000,19,break,0.010999999940395355
Start-of-film reinstatement + film-item boost,1.5,0.75,1.0,No reminder,Weak task encoding,1.0,0.0,0.9,4,0,5000,20,break,0.006800000090152025
Start-of-film reinstatement + film-item boost,1.5,0.75,1.0,No reminder,Weak task encoding,1.0,0.0,0.9,4,0,5000,21,break,0.00559999980032444
Start-of-film reinstatement + film-item boost,1.5,0.75,1.0,No reminder,Weak task encoding,1.0,0.0,0.9,4,0,5000,22,break,0.002400000113993883
Start-of-film reinstatement + film-item boost,1.5,0.75,1.0,No reminder,Weak task encoding,1.0,0.0,0.9,4,0,5000,23,break,0.004000000189989805
Start-of-film reinstatement + film-item boost,1.5,0.75,1.0,No reminder,Weak task encoding,1.0,0.0,0.9,4,0,5000,24,break,0.0026000000070780516
Start-of-film reinstatement + film-item boost,1.5,0.75,1.0,No reminder,Weak task encoding,1.0,0.0,0.9,4,0,5000,25,break,0.0010000000474974513
Start-of-film reinstatement + film-item boost,1.5,0.75,1.0,No reminder,Weak task encoding,1.0,0.0,0.9,4,0,5000,26,break,0.0010000000474974513
Start-of-film reinstatement + film-item boost,1.5,0.75,1.0,No reminder,Weak task encoding,1.0,0.0,0.9,4,0,5000,27,break,0.00039999998989515007
Start-of-film reinstatement + film-item boost,1.5,0.75,1.0,No reminder,Weak task encoding,1.0,0.0,0.9,4,0,5000,28,break,0.00019999999494757503
Start-of-film reinstatement + film-item boost,1.5,0.75,1.0,No reminder,Weak task encoding,1.0,0.0,0.9,4,0,5000,29,break,0.0
Start-of-film reinstatement + film-item boost,1.5,0.75,1.0,No reminder,Weak task encoding,1.0,0.0,0.9,4,0,5000,30,break,0.0
Start-of-film reinstatement + film-item boost,1.5,0.75,1.0,No reminder,Weak task encoding,1.0,0.0,0.9,4,0,5000,31,break,0.00039999998989515007
Start-of-film reinstatement + film-item boost,1.5,0.75,1.0,No reminder,Weak task encoding,1.0,0.0,0.9,4,0,5000,32,break,0.00039999998989515007
Start-of-film reinstatement + film-item boost,1.5,0.75,1.0,No reminder,Weak task encoding,1.0,0.0,0.9,4,0,5000,33,task,0.00019999999494757503
Start-of-film reinstatement + film-item boost,1.5,0.75,1.0,No reminder,Weak task encoding,1.0,0.0,0.9,4,0,5000,34,task,0.0
Start-of-film reinstatement + film-item boost,1.5,0.75,1.0,No reminder,Weak task encoding,1.0,0.0,0.9,4,0,5000,35,task,0.0
Start-of-film reinstatement + film-item boost,1.5,0.75,1.0,No reminder,Weak task encoding,1.0,0.0,0.9,4,0,5000,36,task,0.0
Start-of-film reinstatement + film-item boost,1.5,0.75,1.0,No reminder,Weak task encoding,1.0,0.0,0.9,4,0,5000,37,task,0.0
Start-of-film reinstatement + film-item boost,1.5,0.75,1.0,No reminder,Weak task encoding,1.0,0.0,0.9,4,0,5000,38,task,0.0
Start-of-film reinstatement + film-item boost,1.5,0.75,1.0,No reminder,Weak task encoding,1.0,0.0,0.9,4,0,5000,39,task,0.0
Start-of-film reinstatement + film-item boost,1.5,0.75,1.0,No reminder,Weak task encoding,1.0,0.0,0.9,4,0,5000,40,task,0.0
Start-of-film reinstatement + film-item boost,1.5,0.75,1.0,No reminder,Weak task encoding,1.0,0.0,0.9,4,0,5000,41,task,0.0
Start-of-film reinstatement + film-item boost,1.5,0.75,1.0,No reminder,Weak task encoding,1.0,0.0,0.9,4,0,5000,42,task,0.0
Start-of-film reinstatement + film-item boost,1.5,0.75,1.0,No reminder,Weak task encoding,1.0,0.0,0.9,4,0,5000,43,task,0.0
Start-of-film reinstatement + film-item boost,1.5,0.75,1.0,No reminder,Weak task encoding,1.0,0.0,0.9,4,0,5000,44,task,0.0
Start-of-film reinstatement + film-item boost,1.5,0.75,1.0,No reminder,Weak task encoding,1.0,0.0,0.9,4,0,5000,45,task,0.0
Start-of-film reinstatement + film-item boost,1.5,0.75,1.0,No reminder,Weak task encoding,1.0,0.0,0.9,4,0,5000,46,task,0.0
Start-of-film reinstatement + film-item boost,1.5,0.75,1.0,No reminder,Weak task encoding,1.0,0.0,0.9,4,0,5000,47,task,0.0
Start-of-film reinstatement + film-item boost,1.5,0.75,1.0,No reminder,Weak task encoding,1.0,0.0,0.9,4,0,5000,48,task,0.0
Start-of-film reinstatement + film-item boost,1.5,0.75,1.0,No reminder,Weak task encoding,1.0,0.0,0.9,4,0,5000,49,filler,0.0
Start-of-film reinstatement + film-item boost,1.5,0.75,1.0,No reminder,Weak task encoding,1.0,0.0,0.9,4,0,5000,50,filler,0.0
Start-of-film reinstatement + film-item boost,1.5,0.75,1.0,No reminder,Weak task encoding,1.0,0.0,0.9,4,0,5000,51,filler,0.0
Start-of-film reinstatement + film-item boost,1.5,0.75,1.0,No reminder,Weak task encoding,1.0,0.0,0.9,4,0,5000,52,filler,0.0
Start-of-film reinstatement + film-item boost,1.5,0.75,1.0,No reminder,Weak task encoding,1.0,0.0,0.9,4,0,5000,53,filler,0.0
Start-of-film reinstatement + film-item boost,1.5,0.75,1.0,No reminder,Weak task encoding,1.0,0.0,0.9,4,0,5000,54,filler,0.0
Start-of-film reinstatement + film-item boost,1.5,0.75,1.0,No reminder,Weak task encoding,1.0,0.0,0.9,4,0,5000,55,filler,0.0
Start-of-film reinstatement + film-item boost,1.5,0.75,1.0,No reminder,Weak task encoding,1.0,0.0,0.9,4,0,5000,56,filler,0.0
Start-of-film reinstatement + film-item boost,1.5,0.75,1.0,No reminder,Weak task encoding,1.0,0.0,0.9,4,0,5000,57,filler,0.0
Start-of-film reinstatement + film-item boost,1.5,0.75,1.0,No reminder,Weak task encoding,1.0,0.0,0.9,4,0,5000,58,filler,0.0
Start-of-film reinstatement + film-item boost,1.5,0.75,1.0,No reminder,Weak task encoding,1.0,0.0,0.9,4,0,5000,59,filler,0.0
Start-of-film reinstatement + film-item boost,1.5,0.75,1.0,No reminder,Weak task encoding,1.0,0.0,0.9,4,0,5000,60,filler,0.0
Start-of-film reinstatement + film-item boost,1.5,0.75,1.0,No reminder,Weak task encoding,1.0,0.0,0.9,4,0,5000,61,filler,0.0
Start-of-film reinstatement + film-item boost,1.5,0.75,1.0,No reminder,Weak task encoding,1.0,0.0,0.9,4,0,5000,62,filler,0.0
Start-of-film reinstatement + film-item boost,1.5,0.75,1.0,No reminder,Weak task encoding,1.0,0.0,0.9,4,0,5000,63,filler,0.0
Start-of-film reinstatement + film-item boost,1.5,0.75,1.0,No reminder,Weak task encoding,1.0,0.0,0.9,4,0,5000,64,filler,0.0
Start-of-film reinstatement + film-item boost,1.5,0.75,1.0,No reminder,Strong task encoding,2.0,0.0,0.9,4,0,5000,1,film,0.4309999942779541
Start-of-film reinstatement + film-item boost,1.5,0.75,1.0,No reminder,Strong task encoding,2.0,0.0,0.9,4,0,5000,2,film,0.43720000982284546
Start-of-film reinstatement + film-item boost,1.5,0.75,1.0,No reminder,Strong task encoding,2.0,0.0,0.9,4,0,5000,3,film,0.4474000036716461
Start-of-film reinstatement + film-item boost,1.5,0.75,1.0,No reminder,Strong task encoding,2.0,0.0,0.9,4,0,5000,4,film,0.4474000036716461
Start-of-film reinstatement + film-item boost,1.5,0.75,1.0,No reminder,Strong task encoding,2.0,0.0,0.9,4,0,5000,5,film,0.47279998660087585
Start-of-film reinstatement + film-item boost,1.5,0.75,1.0,No reminder,Strong task encoding,2.0,0.0,0.9,4,0,5000,6,film,0.48919999599456787
Start-of-film reinstatement + film-item boost,1.5,0.75,1.0,No reminder,Strong task encoding,2.0,0.0,0.9,4,0,5000,7,film,0.498199999332428
Start-of-film reinstatement + film-item boost,1.5,0.75,1.0,No reminder,Strong task encoding,2.0,0.0,0.9,4,0,5000,8,film,0.49300000071525574
Start-of-film reinstatement + film-item boost,1.5,0.75,1.0,No reminder,Strong task encoding,2.0,0.0,0.9,4,0,5000,9,film,0.5171999931335449
Start-of-film reinstatement + film-item boost,1.5,0.75,1.0,No reminder,Strong task encoding,2.0,0.0,0.9,4,0,5000,10,film,0.5108000040054321
Start-of-film reinstatement + film-item boost,1.5,0.75,1.0,No reminder,Strong task encoding,2.0,0.0,0.9,4,0,5000,11,film,0.5117999911308289
Start-of-film reinstatement + film-item boost,1.5,0.75,1.0,No reminder,Strong task encoding,2.0,0.0,0.9,4,0,5000,12,film,0.49160000681877136
Start-of-film reinstatement + film-item boost,1.5,0.75,1.0,No reminder,Strong task encoding,2.0,0.0,0.9,4,0,5000,13,film,0.4984000027179718
Start-of-film reinstatement + film-item boost,1.5,0.75,1.0,No reminder,Strong task encoding,2.0,0.0,0.9,4,0,5000,14,film,0.4740000069141388
Start-of-film reinstatement + film-item boost,1.5,0.75,1.0,No reminder,Strong task encoding,2.0,0.0,0.9,4,0,5000,15,film,0.4564000070095062
Start-of-film reinstatement + film-item boost,1.5,0.75,1.0,No reminder,Strong task encoding,2.0,0.0,0.9,4,0,5000,16,film,0.43059998750686646
Start-of-film reinstatement + film-item boost,1.5,0.75,1.0,No reminder,Strong task encoding,2.0,0.0,0.9,4,0,5000,17,break,0.025800000876188278
Start-of-film reinstatement + film-item boost,1.5,0.75,1.0,No reminder,Strong task encoding,2.0,0.0,0.9,4,0,5000,18,break,0.013000000268220901
Start-of-film reinstatement + film-item boost,1.5,0.75,1.0,No reminder,Strong task encoding,2.0,0.0,0.9,4,0,5000,19,break,0.010999999940395355
Start-of-film reinstatement + film-item boost,1.5,0.75,1.0,No reminder,Strong task encoding,2.0,0.0,0.9,4,0,5000,20,break,0.009800000116229057
Start-of-film reinstatement + film-item boost,1.5,0.75,1.0,No reminder,Strong task encoding,2.0,0.0,0.9,4,0,5000,21,break,0.005400000140070915
Start-of-film reinstatement + film-item boost,1.5,0.75,1.0,No reminder,Strong task encoding,2.0,0.0,0.9,4,0,5000,22,break,0.004000000189989805
Start-of-film reinstatement + film-item boost,1.5,0.75,1.0,No reminder,Strong task encoding,2.0,0.0,0.9,4,0,5000,23,break,0.0031999999191612005
Start-of-film reinstatement + film-item boost,1.5,0.75,1.0,No reminder,Strong task encoding,2.0,0.0,0.9,4,0,5000,24,break,0.0015999999595806003
Start-of-film reinstatement + film-item boost,1.5,0.75,1.0,No reminder,Strong task encoding,2.0,0.0,0.9,4,0,5000,25,break,0.0015999999595806003
Start-of-film reinstatement + film-item boost,1.5,0.75,1.0,No reminder,Strong task encoding,2.0,0.0,0.9,4,0,5000,26,break,0.0010000000474974513
Start-of-film reinstatement + film-item boost,1.5,0.75,1.0,No reminder,Strong task encoding,2.0,0.0,0.9,4,0,5000,27,break,0.0
Start-of-film reinstatement + film-item boost,1.5,0.75,1.0,No reminder,Strong task encoding,2.0,0.0,0.9,4,0,5000,28,break,0.0
Start-of-film reinstatement + film-item boost,1.5,0.75,1.0,No reminder,Strong task encoding,2.0,0.0,0.9,4,0,5000,29,break,0.0
Start-of-film reinstatement + film-item boost,1.5,0.75,1.0,No reminder,Strong task encoding,2.0,0.0,0.9,4,0,5000,30,break,0.00019999999494757503
Start-of-film reinstatement + film-item boost,1.5,0.75,1.0,No reminder,Strong task encoding,2.0,0.0,0.9,4,0,5000,31,break,0.0
Start-of-film reinstatement + film-item boost,1.5,0.75,1.0,No reminder,Strong task encoding,2.0,0.0,0.9,4,0,5000,32,break,0.0
Start-of-film reinstatement + film-item boost,1.5,0.75,1.0,No reminder,Strong task encoding,2.0,0.0,0.9,4,0,5000,33,task,0.0007999999797903001
Start-of-film reinstatement + film-item boost,1.5,0.75,1.0,No reminder,Strong task encoding,2.0,0.0,0.9,4,0,5000,34,task,0.00019999999494757503
Start-of-film reinstatement + film-item boost,1.5,0.75,1.0,No reminder,Strong task encoding,2.0,0.0,0.9,4,0,5000,35,task,0.00019999999494757503
Start-of-film reinstatement + film-item boost,1.5,0.75,1.0,No reminder,Strong task encoding,2.0,0.0,0.9,4,0,5000,36,task,0.00039999998989515007
Start-of-film reinstatement + film-item boost,1.5,0.75,1.0,No reminder,Strong task encoding,2.0,0.0,0.9,4,0,5000,37,task,0.0006000000284984708
Start-of-film reinstatement + film-item boost,1.5,0.75,1.0,No reminder,Strong task encoding,2.0,0.0,0.9,4,0,5000,38,task,0.00019999999494757503
Start-of-film reinstatement + film-item boost,1.5,0.75,1.0,No reminder,Strong task encoding,2.0,0.0,0.9,4,0,5000,39,task,0.0
Start-of-film reinstatement + film-item boost,1.5,0.75,1.0,No reminder,Strong task encoding,2.0,0.0,0.9,4,0,5000,40,task,0.0
Start-of-film reinstatement + film-item boost,1.5,0.75,1.0,No reminder,Strong task encoding,2.0,0.0,0.9,4,0,5000,41,task,0.0
Start-of-film reinstatement + film-item boost,1.5,0.75,1.0,No reminder,Strong task encoding,2.0,0.0,0.9,4,0,5000,42,task,0.0
Start-of-film reinstatement + film-item boost,1.5,0.75,1.0,No reminder,Strong task encoding,2.0,0.0,0.9,4,0,5000,43,task,0.00019999999494757503
Start-of-film reinstatement + film-item boost,1.5,0.75,1.0,No reminder,Strong task encoding,2.0,0.0,0.9,4,0,5000,44,task,0.0
Start-of-film reinstatement + film-item boost,1.5,0.75,1.0,No reminder,Strong task encoding,2.0,0.0,0.9,4,0,5000,45,task,0.0
Start-of-film reinstatement + film-item boost,1.5,0.75,1.0,No reminder,Strong task encoding,2.0,0.0,0.9,4,0,5000,46,task,0.00019999999494757503
Start-of-film reinstatement + film-item boost,1.5,0.75,1.0,No reminder,Strong task encoding,2.0,0.0,0.9,4,0,5000,47,task,0.0
Start-of-film reinstatement + film-item boost,1.5,0.75,1.0,No reminder,Strong task encoding,2.0,0.0,0.9,4,0,5000,48,task,0.00019999999494757503
Start-of-film reinstatement + film-item boost,1.5,0.75,1.0,No reminder,Strong task encoding,2.0,0.0,0.9,4,0,5000,49,filler,0.0
Start-of-film reinstatement + film-item boost,1.5,0.75,1.0,No reminder,Strong task encoding,2.0,0.0,0.9,4,0,5000,50,filler,0.0
Start-of-film reinstatement + film-item boost,1.5,0.75,1.0,No reminder,Strong task encoding,2.0,0.0,0.9,4,0,5000,51,filler,0.0
Start-of-film reinstatement + film-item boost,1.5,0.75,1.0,No reminder,Strong task encoding,2.0,0.0,0.9,4,0,5000,52,filler,0.0
Start-of-film reinstatement + film-item boost,1.5,0.75,1.0,No reminder,Strong task encoding,2.0,0.0,0.9,4,0,5000,53,filler,0.0
Start-of-film reinstatement + film-item boost,1.5,0.75,1.0,No reminder,Strong task encoding,2.0,0.0,0.9,4,0,5000,54,filler,0.0
Start-of-film reinstatement + film-item boost,1.5,0.75,1.0,No reminder,Strong task encoding,2.0,0.0,0.9,4,0,5000,55,filler,0.0
Start-of-film reinstatement + film-item boost,1.5,0.75,1.0,No reminder,Strong task encoding,2.0,0.0,0.9,4,0,5000,56,filler,0.0
Start-of-film reinstatement + film-item boost,1.5,0.75,1.0,No reminder,Strong task encoding,2.0,0.0,0.9,4,0,5000,57,filler,0.0
Start-of-film reinstatement + film-item boost,1.5,0.75,1.0,No reminder,Strong task encoding,2.0,0.0,0.9,4,0,5000,58,filler,0.0
Start-of-film reinstatement + film-item boost,1.5,0.75,1.0,No reminder,Strong task encoding,2.0,0.0,0.9,4,0,5000,59,filler,0.0
Start-of-film reinstatement + film-item boost,1.5,0.75,1.0,No reminder,Strong task encoding,2.0,0.0,0.9,4,0,5000,60,filler,0.0
Start-of-film reinstatement + film-item boost,1.5,0.75,1.0,No reminder,Strong task encoding,2.0,0.0,0.9,4,0,5000,61,filler,0.0
Start-of-film reinstatement + film-item boost,1.5,0.75,1.0,No reminder,Strong task encoding,2.0,0.0,0.9,4,0,5000,62,filler,0.0
Start-of-film reinstatement + film-item boost,1.5,0.75,1.0,No reminder,Strong task encoding,2.0,0.0,0.9,4,0,5000,63,filler,0.0
Start-of-film reinstatement + film-item boost,1.5,0.75,1.0,No reminder,Strong task encoding,2.0,0.0,0.9,4,0,5000,64,filler,0.0
Start-of-film reinstatement + film-item boost,1.5,0.75,1.0,With reminder,Weak task encoding,1.0,0.0,0.9,4,0,5000,1,film,0.4147999882698059
Start-of-film reinstatement + film-item boost,1.5,0.75,1.0,With reminder,Weak task encoding,1.0,0.0,0.9,4,0,5000,2,film,0.42260000109672546
Start-of-film reinstatement + film-item boost,1.5,0.75,1.0,With reminder,Weak task encoding,1.0,0.0,0.9,4,0,5000,3,film,0.43220001459121704
Start-of-film reinstatement + film-item boost,1.5,0.75,1.0,With reminder,Weak task encoding,1.0,0.0,0.9,4,0,5000,4,film,0.44940000772476196
Start-of-film reinstatement + film-item boost,1.5,0.75,1.0,With reminder,Weak task encoding,1.0,0.0,0.9,4,0,5000,5,film,0.4715999960899353
Start-of-film reinstatement + film-item boost,1.5,0.75,1.0,With reminder,Weak task encoding,1.0,0.0,0.9,4,0,5000,6,film,0.48420000076293945
Start-of-film reinstatement + film-item boost,1.5,0.75,1.0,With reminder,Weak task encoding,1.0,0.0,0.9,4,0,5000,7,film,0.4885999858379364
Start-of-film reinstatement + film-item boost,1.5,0.75,1.0,With reminder,Weak task encoding,1.0,0.0,0.9,4,0,5000,8,film,0.5031999945640564
Start-of-film reinstatement + film-item boost,1.5,0.75,1.0,With reminder,Weak task encoding,1.0,0.0,0.9,4,0,5000,9,film,0.49459999799728394
Start-of-film reinstatement + film-item boost,1.5,0.75,1.0,With reminder,Weak task encoding,1.0,0.0,0.9,4,0,5000,10,film,0.5055999755859375
Start-of-film reinstatement + film-item boost,1.5,0.75,1.0,With reminder,Weak task encoding,1.0,0.0,0.9,4,0,5000,11,film,0.4893999993801117
Start-of-film reinstatement + film-item boost,1.5,0.75,1.0,With reminder,Weak task encoding,1.0,0.0,0.9,4,0,5000,12,film,0.5009999871253967
Start-of-film reinstatement + film-item boost,1.5,0.75,1.0,With reminder,Weak task encoding,1.0,0.0,0.9,4,0,5000,13,film,0.4860000014305115
Start-of-film reinstatement + film-item boost,1.5,0.75,1.0,With reminder,Weak task encoding,1.0,0.0,0.9,4,0,5000,14,film,0.4726000130176544
Start-of-film reinstatement + film-item boost,1.5,0.75,1.0,With reminder,Weak task encoding,1.0,0.0,0.9,4,0,5000,15,film,0.4560000002384186
Start-of-film reinstatement + film-item boost,1.5,0.75,1.0,With reminder,Weak task encoding,1.0,0.0,0.9,4,0,5000,16,film,0.4359999895095825
Start-of-film reinstatement + film-item boost,1.5,0.75,1.0,With reminder,Weak task encoding,1.0,0.0,0.9,4,0,5000,17,break,0.02500000037252903
Start-of-film reinstatement + film-item boost,1.5,0.75,1.0,With reminder,Weak task encoding,1.0,0.0,0.9,4,0,5000,18,break,0.0142000000923872
Start-of-film reinstatement + film-item boost,1.5,0.75,1.0,With reminder,Weak task encoding,1.0,0.0,0.9,4,0,5000,19,break,0.010999999940395355
Start-of-film reinstatement + film-item boost,1.5,0.75,1.0,With reminder,Weak task encoding,1.0,0.0,0.9,4,0,5000,20,break,0.006800000090152025
Start-of-film reinstatement + film-item boost,1.5,0.75,1.0,With reminder,Weak task encoding,1.0,0.0,0.9,4,0,5000,21,break,0.004999999888241291
Start-of-film reinstatement + film-item boost,1.5,0.75,1.0,With reminder,Weak task encoding,1.0,0.0,0.9,4,0,5000,22,break,0.00419999985024333
Start-of-film reinstatement + film-item boost,1.5,0.75,1.0,With reminder,Weak task encoding,1.0,0.0,0.9,4,0,5000,23,break,0.00279999990016222
Start-of-film reinstatement + film-item boost,1.5,0.75,1.0,With reminder,Weak task encoding,1.0,0.0,0.9,4,0,5000,24,break,0.0015999999595806003
Start-of-film reinstatement + film-item boost,1.5,0.75,1.0,With reminder,Weak task encoding,1.0,0.0,0.9,4,0,5000,25,break,0.00139999995008111
Start-of-film reinstatement + film-item boost,1.5,0.75,1.0,With reminder,Weak task encoding,1.0,0.0,0.9,4,0,5000,26,break,0.0007999999797903001
Start-of-film reinstatement + film-item boost,1.5,0.75,1.0,With reminder,Weak task encoding,1.0,0.0,0.9,4,0,5000,27,break,0.0007999999797903001
Start-of-film reinstatement + film-item boost,1.5,0.75,1.0,With reminder,Weak task encoding,1.0,0.0,0.9,4,0,5000,28,break,0.0007999999797903001
Start-of-film reinstatement + film-item boost,1.5,0.75,1.0,With reminder,Weak task encoding,1.0,0.0,0.9,4,0,5000,29,break,0.0
Start-of-film reinstatement + film-item boost,1.5,0.75,1.0,With reminder,Weak task encoding,1.0,0.0,0.9,4,0,5000,30,break,0.00019999999494757503
Start-of-film reinstatement + film-item boost,1.5,0.75,1.0,With reminder,Weak task encoding,1.0,0.0,0.9,4,0,5000,31,break,0.0
Start-of-film reinstatement + film-item boost,1.5,0.75,1.0,With reminder,Weak task encoding,1.0,0.0,0.9,4,0,5000,32,break,0.0
Start-of-film reinstatement + film-item boost,1.5,0.75,1.0,With reminder,Weak task encoding,1.0,0.0,0.9,4,0,5000,33,task,0.03139999881386757
Start-of-film reinstatement + film-item boost,1.5,0.75,1.0,With reminder,Weak task encoding,1.0,0.0,0.9,4,0,5000,34,task,0.02539999969303608
Start-of-film reinstatement + film-item boost,1.5,0.75,1.0,With reminder,Weak task encoding,1.0,0.0,0.9,4,0,5000,35,task,0.01360000018030405
Start-of-film reinstatement + film-item boost,1.5,0.75,1.0,With reminder,Weak task encoding,1.0,0.0,0.9,4,0,5000,36,task,0.008200000040233135
Start-of-film reinstatement + film-item boost,1.5,0.75,1.0,With reminder,Weak task encoding,1.0,0.0,0.9,4,0,5000,37,task,0.008799999952316284
Start-of-film reinstatement + film-item boost,1.5,0.75,1.0,With reminder,Weak task encoding,1.0,0.0,0.9,4,0,5000,38,task,0.003599999938160181
Start-of-film reinstatement + film-item boost,1.5,0.75,1.0,With reminder,Weak task encoding,1.0,0.0,0.9,4,0,5000,39,task,0.003599999938160181
Start-of-film reinstatement + film-item boost,1.5,0.75,1.0,With reminder,Weak task encoding,1.0,0.0,0.9,4,0,5000,40,task,0.0026000000070780516
Start-of-film reinstatement + film-item boost,1.5,0.75,1.0,With reminder,Weak task encoding,1.0,0.0,0.9,4,0,5000,41,task,0.0015999999595806003
Start-of-film reinstatement + film-item boost,1.5,0.75,1.0,With reminder,Weak task encoding,1.0,0.0,0.9,4,0,5000,42,task,0.0010000000474974513
Start-of-film reinstatement + film-item boost,1.5,0.75,1.0,With reminder,Weak task encoding,1.0,0.0,0.9,4,0,5000,43,task,0.0010000000474974513
Start-of-film reinstatement + film-item boost,1.5,0.75,1.0,With reminder,Weak task encoding,1.0,0.0,0.9,4,0,5000,44,task,0.00039999998989515007
Start-of-film reinstatement + film-item boost,1.5,0.75,1.0,With reminder,Weak task encoding,1.0,0.0,0.9,4,0,5000,45,task,0.0006000000284984708
Start-of-film reinstatement + film-item boost,1.5,0.75,1.0,With reminder,Weak task encoding,1.0,0.0,0.9,4,0,5000,46,task,0.0
Start-of-film reinstatement + film-item boost,1.5,0.75,1.0,With reminder,Weak task encoding,1.0,0.0,0.9,4,0,5000,47,task,0.00019999999494757503
Start-of-film reinstatement + film-item boost,1.5,0.75,1.0,With reminder,Weak task encoding,1.0,0.0,0.9,4,0,5000,48,task,0.00019999999494757503
Start-of-film reinstatement + film-item boost,1.5,0.75,1.0,With reminder,Weak task encoding,1.0,0.0,0.9,4,0,5000,49,filler,0.0
Start-of-film reinstatement + film-item boost,1.5,0.75,1.0,With reminder,Weak task encoding,1.0,0.0,0.9,4,0,5000,50,filler,0.0
Start-of-film reinstatement + film-item boost,1.5,0.75,1.0,With reminder,Weak task encoding,1.0,0.0,0.9,4,0,5000,51,filler,0.0
Start-of-film reinstatement + film-item boost,1.5,0.75,1.0,With reminder,Weak task encoding,1.0,0.0,0.9,4,0,5000,52,filler,0.00019999999494757503
Start-of-film reinstatement + film-item boost,1.5,0.75,1.0,With reminder,Weak task encoding,1.0,0.0,0.9,4,0,5000,53,filler,0.0
Start-of-film reinstatement + film-item boost,1.5,0.75,1.0,With reminder,Weak task encoding,1.0,0.0,0.9,4,0,5000,54,filler,0.0
Start-of-film reinstatement + film-item boost,1.5,0.75,1.0,With reminder,Weak task encoding,1.0,0.0,0.9,4,0,5000,55,filler,0.0
Start-of-film reinstatement + film-item boost,1.5,0.75,1.0,With reminder,Weak task encoding,1.0,0.0,0.9,4,0,5000,56,filler,0.0
Start-of-film reinstatement + film-item boost,1.5,0.75,1.0,With reminder,Weak task encoding,1.0,0.0,0.9,4,0,5000,57,filler,0.0
Start-of-film reinstatement + film-item boost,1.5,0.75,1.0,With reminder,Weak task encoding,1.0,0.0,0.9,4,0,5000,58,filler,0.0
Start-of-film reinstatement + film-item boost,1.5,0.75,1.0,With reminder,Weak task encoding,1.0,0.0,0.9,4,0,5000,59,filler,0.0
Start-of-film reinstatement + film-item boost,1.5,0.75,1.0,With reminder,Weak task encoding,1.0,0.0,0.9,4,0,5000,60,filler,0.0
Start-of-film reinstatement + film-item boost,1.5,0.75,1.0,With reminder,Weak task encoding,1.0,0.0,0.9,4,0,5000,61,filler,0.0
Start-of-film reinstatement + film-item boost,1.5,0.75,1.0,With reminder,Weak task encoding,1.0,0.0,0.9,4,0,5000,62,filler,0.0
Start-of-film reinstatement + film-item boost,1.5,0.75,1.0,With reminder,Weak task encoding,1.0,0.0,0.9,4,0,5000,63,filler,0.0
Start-of-film reinstatement + film-item boost,1.5,0.75,1.0,With reminder,Weak task encoding,1.0,0.0,0.9,4,0,5000,64,filler,0.0
Start-of-film reinstatement + film-item boost,1.5,0.75,1.0,With reminder,Strong task encoding,2.0,0.0,0.9,4,0,5000,1,film,0.3693999946117401
Start-of-film reinstatement + film-item boost,1.5,0.75,1.0,With reminder,Strong task encoding,2.0,0.0,0.9,4,0,5000,2,film,0.3646000027656555
Start-of-film reinstatement + film-item boost,1.5,0.75,1.0,With reminder,Strong task encoding,2.0,0.0,0.9,4,0,5000,3,film,0.38760000467300415
Start-of-film reinstatement + film-item boost,1.5,0.75,1.0,With reminder,Strong task encoding,2.0,0.0,0.9,4,0,5000,4,film,0.4007999897003174
Start-of-film reinstatement + film-item boost,1.5,0.75,1.0,With reminder,Strong task encoding,2.0,0.0,0.9,4,0,5000,5,film,0.4065999984741211
Start-of-film reinstatement + film-item boost,1.5,0.75,1.0,With reminder,Strong task encoding,2.0,0.0,0.9,4,0,5000,6,film,0.4146000146865845
Start-of-film reinstatement + film-item boost,1.5,0.75,1.0,With reminder,Strong task encoding,2.0,0.0,0.9,4,0,5000,7,film,0.42179998755455017
Start-of-film reinstatement + film-item boost,1.5,0.75,1.0,With reminder,Strong task encoding,2.0,0.0,0.9,4,0,5000,8,film,0.4169999957084656
Start-of-film reinstatement + film-item boost,1.5,0.75,1.0,With reminder,Strong task encoding,2.0,0.0,0.9,4,0,5000,9,film,0.4221999943256378
Start-of-film reinstatement + film-item boost,1.5,0.75,1.0,With reminder,Strong task encoding,2.0,0.0,0.9,4,0,5000,10,film,0.43700000643730164
Start-of-film reinstatement + film-item boost,1.5,0.75,1.0,With reminder,Strong task encoding,2.0,0.0,0.9,4,0,5000,11,film,0.41119998693466187
Start-of-film reinstatement + film-item boost,1.5,0.75,1.0,With reminder,Strong task encoding,2.0,0.0,0.9,4,0,5000,12,film,0.423799991607666
Start-of-film reinstatement + film-item boost,1.5,0.75,1.0,With reminder,Strong task encoding,2.0,0.0,0.9,4,0,5000,13,film,0.4171999990940094
Start-of-film reinstatement + film-item boost,1.5,0.75,1.0,With reminder,Strong task encoding,2.0,0.0,0.9,4,0,5000,14,film,0.4050000011920929
Start-of-film reinstatement + film-item boost,1.5,0.75,1.0,With reminder,Strong task encoding,2.0,0.0,0.9,4,0,5000,15,film,0.39719998836517334
Start-of-film reinstatement + film-item boost,1.5,0.75,1.0,With reminder,Strong task encoding,2.0,0.0,0.9,4,0,5000,16,film,0.36660000681877136
Start-of-film reinstatement + film-item boost,1.5,0.75,1.0,With reminder,Strong task encoding,2.0,0.0,0.9,4,0,5000,17,break,0.01679999940097332
Start-of-film reinstatement + film-item boost,1.5,0.75,1.0,With reminder,Strong task encoding,2.0,0.0,0.9,4,0,5000,18,break,0.01140000019222498
Start-of-film reinstatement + film-item boost,1.5,0.75,1.0,With reminder,Strong task encoding,2.0,0.0,0.9,4,0,5000,19,break,0.007799999788403511
Start-of-film reinstatement + film-item boost,1.5,0.75,1.0,With reminder,Strong task encoding,2.0,0.0,0.9,4,0,5000,20,break,0.005799999926239252
Start-of-film reinstatement + film-item boost,1.5,0.75,1.0,With reminder,Strong task encoding,2.0,0.0,0.9,4,0,5000,21,break,0.003800000064074993
Start-of-film reinstatement + film-item boost,1.5,0.75,1.0,With reminder,Strong task encoding,2.0,0.0,0.9,4,0,5000,22,break,0.0017999999690800905
Start-of-film reinstatement + film-item boost,1.5,0.75,1.0,With reminder,Strong task encoding,2.0,0.0,0.9,4,0,5000,23,break,0.0017999999690800905
Start-of-film reinstatement + film-item boost,1.5,0.75,1.0,With reminder,Strong task encoding,2.0,0.0,0.9,4,0,5000,24,break,0.00019999999494757503
Start-of-film reinstatement + film-item boost,1.5,0.75,1.0,With reminder,Strong task encoding,2.0,0.0,0.9,4,0,5000,25,break,0.0012000000569969416
Start-of-film reinstatement + film-item boost,1.5,0.75,1.0,With reminder,Strong task encoding,2.0,0.0,0.9,4,0,5000,26,break,0.00019999999494757503
Start-of-film reinstatement + film-item boost,1.5,0.75,1.0,With reminder,Strong task encoding,2.0,0.0,0.9,4,0,5000,27,break,0.00019999999494757503
Start-of-film reinstatement + film-item boost,1.5,0.75,1.0,With reminder,Strong task encoding,2.0,0.0,0.9,4,0,5000,28,break,0.00019999999494757503
Start-of-film reinstatement + film-item boost,1.5,0.75,1.0,With reminder,Strong task encoding,2.0,0.0,0.9,4,0,5000,29,break,0.0
Start-of-film reinstatement + film-item boost,1.5,0.75,1.0,With reminder,Strong task encoding,2.0,0.0,0.9,4,0,5000,30,break,0.00019999999494757503
Start-of-film reinstatement + film-item boost,1.5,0.75,1.0,With reminder,Strong task encoding,2.0,0.0,0.9,4,0,5000,31,break,0.0
Start-of-film reinstatement + film-item boost,1.5,0.75,1.0,With reminder,Strong task encoding,2.0,0.0,0.9,4,0,5000,32,break,0.00019999999494757503
Start-of-film reinstatement + film-item boost,1.5,0.75,1.0,With reminder,Strong task encoding,2.0,0.0,0.9,4,0,5000,33,task,0.257999986410141
Start-of-film reinstatement + film-item boost,1.5,0.75,1.0,With reminder,Strong task encoding,2.0,0.0,0.9,4,0,5000,34,task,0.20440000295639038
Start-of-film reinstatement + film-item boost,1.5,0.75,1.0,With reminder,Strong task encoding,2.0,0.0,0.9,4,0,5000,35,task,0.15440000593662262
Start-of-film reinstatement + film-item boost,1.5,0.75,1.0,With reminder,Strong task encoding,2.0,0.0,0.9,4,0,5000,36,task,0.11680000275373459
Start-of-film reinstatement + film-item boost,1.5,0.75,1.0,With reminder,Strong task encoding,2.0,0.0,0.9,4,0,5000,37,task,0.09619999676942825
Start-of-film reinstatement + film-item boost,1.5,0.75,1.0,With reminder,Strong task encoding,2.0,0.0,0.9,4,0,5000,38,task,0.07760000228881836
Start-of-film reinstatement + film-item boost,1.5,0.75,1.0,With reminder,Strong task encoding,2.0,0.0,0.9,4,0,5000,39,task,0.05959999933838844
Start-of-film reinstatement + film-item boost,1.5,0.75,1.0,With reminder,Strong task encoding,2.0,0.0,0.9,4,0,5000,40,task,0.04439999908208847
Start-of-film reinstatement + film-item boost,1.5,0.75,1.0,With reminder,Strong task encoding,2.0,0.0,0.9,4,0,5000,41,task,0.03240000084042549
Start-of-film reinstatement + film-item boost,1.5,0.75,1.0,With reminder,Strong task encoding,2.0,0.0,0.9,4,0,5000,42,task,0.020400000736117363
Start-of-film reinstatement + film-item boost,1.5,0.75,1.0,With reminder,Strong task encoding,2.0,0.0,0.9,4,0,5000,43,task,0.01860000006854534
Start-of-film reinstatement + film-item boost,1.5,0.75,1.0,With reminder,Strong task encoding,2.0,0.0,0.9,4,0,5000,44,task,0.015399999916553497
Start-of-film reinstatement + film-item boost,1.5,0.75,1.0,With reminder,Strong task encoding,2.0,0.0,0.9,4,0,5000,45,task,0.01140000019222498
Start-of-film reinstatement + film-item boost,1.5,0.75,1.0,With reminder,Strong task encoding,2.0,0.0,0.9,4,0,5000,46,task,0.009200000204145908
Start-of-film reinstatement + film-item boost,1.5,0.75,1.0,With reminder,Strong task encoding,2.0,0.0,0.9,4,0,5000,47,task,0.006800000090152025
Start-of-film reinstatement + film-item boost,1.5,0.75,1.0,With reminder,Strong task encoding,2.0,0.0,0.9,4,0,5000,48,task,0.003800000064074993
Start-of-film reinstatement + film-item boost,1.5,0.75,1.0,With reminder,Strong task encoding,2.0,0.0,0.9,4,0,5000,49,filler,0.0
Start-of-film reinstatement + film-item boost,1.5,0.75,1.0,With reminder,Strong task encoding,2.0,0.0,0.9,4,0,5000,50,filler,0.00019999999494757503
Start-of-film reinstatement + film-item boost,1.5,0.75,1.0,With reminder,Strong task encoding,2.0,0.0,0.9,4,0,5000,51,filler,0.0
Start-of-film reinstatement + film-item boost,1.5,0.75,1.0,With reminder,Strong task encoding,2.0,0.0,0.9,4,0,5000,52,filler,0.00019999999494757503
Start-of-film reinstatement + film-item boost,1.5,0.75,1.0,With reminder,Strong task encoding,2.0,0.0,0.9,4,0,5000,53,filler,0.0
Start-of-film reinstatement + film-item boost,1.5,0.75,1.0,With reminder,Strong task encoding,2.0,0.0,0.9,4,0,5000,54,filler,0.0
Start-of-film reinstatement + film-item boost,1.5,0.75,1.0,With reminder,Strong task encoding,2.0,0.0,0.9,4,0,5000,55,filler,0.00019999999494757503
Start-of-film reinstatement + film-item boost,1.5,0.75,1.0,With reminder,Strong task encoding,2.0,0.0,0.9,4,0,5000,56,filler,0.0
Start-of-film reinstatement + film-item boost,1.5,0.75,1.0,With reminder,Strong task encoding,2.0,0.0,0.9,4,0,5000,57,filler,0.0
Start-of-film reinstatement + film-item boost,1.5,0.75,1.0,With reminder,Strong task encoding,2.0,0.0,0.9,4,0,5000,58,filler,0.0
Start-of-film reinstatement + film-item boost,1.5,0.75,1.0,With reminder,Strong task encoding,2.0,0.0,0.9,4,0,5000,59,filler,0.00019999999494757503
Start-of-film reinstatement + film-item boost,1.5,0.75,1.0,With reminder,Strong task encoding,2.0,0.0,0.9,4,0,5000,60,filler,0.0
Start-of-film reinstatement + film-item boost,1.5,0.75,1.0,With reminder,Strong task encoding,2.0,0.0,0.9,4,0,5000,61,filler,0.0
Start-of-film reinstatement + film-item boost,1.5,0.75,1.0,With reminder,Strong task encoding,2.0,0.0,0.9,4,0,5000,62,filler,0.0
Start-of-film reinstatement + film-item boost,1.5,0.75,1.0,With reminder,Strong task encoding,2.0,0.0,0.9,4,0,5000,63,filler,0.0
Start-of-film reinstatement + film-item boost,1.5,0.75,1.0,With reminder,Strong task encoding,2.0,0.0,0.9,4,0,5000,64,filler,0.0
Start-of-film reinstatement + film-item boost,1.5,1.0,1.0,No reminder,Weak task encoding,1.0,0.0,0.9,4,0,5000,1,film,0.4336000084877014
Start-of-film reinstatement + film-item boost,1.5,1.0,1.0,No reminder,Weak task encoding,1.0,0.0,0.9,4,0,5000,2,film,0.43700000643730164
Start-of-film reinstatement + film-item boost,1.5,1.0,1.0,No reminder,Weak task encoding,1.0,0.0,0.9,4,0,5000,3,film,0.44699999690055847
Start-of-film reinstatement + film-item boost,1.5,1.0,1.0,No reminder,Weak task encoding,1.0,0.0,0.9,4,0,5000,4,film,0.4657999873161316
Start-of-film reinstatement + film-item boost,1.5,1.0,1.0,No reminder,Weak task encoding,1.0,0.0,0.9,4,0,5000,5,film,0.47279998660087585
Start-of-film reinstatement + film-item boost,1.5,1.0,1.0,No reminder,Weak task encoding,1.0,0.0,0.9,4,0,5000,6,film,0.49079999327659607
Start-of-film reinstatement + film-item boost,1.5,1.0,1.0,No reminder,Weak task encoding,1.0,0.0,0.9,4,0,5000,7,film,0.49300000071525574
Start-of-film reinstatement + film-item boost,1.5,1.0,1.0,No reminder,Weak task encoding,1.0,0.0,0.9,4,0,5000,8,film,0.5070000290870667
Start-of-film reinstatement + film-item boost,1.5,1.0,1.0,No reminder,Weak task encoding,1.0,0.0,0.9,4,0,5000,9,film,0.5113999843597412
Start-of-film reinstatement + film-item boost,1.5,1.0,1.0,No reminder,Weak task encoding,1.0,0.0,0.9,4,0,5000,10,film,0.5008000135421753
Start-of-film reinstatement + film-item boost,1.5,1.0,1.0,No reminder,Weak task encoding,1.0,0.0,0.9,4,0,5000,11,film,0.5008000135421753
Start-of-film reinstatement + film-item boost,1.5,1.0,1.0,No reminder,Weak task encoding,1.0,0.0,0.9,4,0,5000,12,film,0.4909999966621399
Start-of-film reinstatement + film-item boost,1.5,1.0,1.0,No reminder,Weak task encoding,1.0,0.0,0.9,4,0,5000,13,film,0.4887999892234802
Start-of-film reinstatement + film-item boost,1.5,1.0,1.0,No reminder,Weak task encoding,1.0,0.0,0.9,4,0,5000,14,film,0.48179998993873596
Start-of-film reinstatement + film-item boost,1.5,1.0,1.0,No reminder,Weak task encoding,1.0,0.0,0.9,4,0,5000,15,film,0.4602000117301941
Start-of-film reinstatement + film-item boost,1.5,1.0,1.0,No reminder,Weak task encoding,1.0,0.0,0.9,4,0,5000,16,film,0.4325999915599823
Start-of-film reinstatement + film-item boost,1.5,1.0,1.0,No reminder,Weak task encoding,1.0,0.0,0.9,4,0,5000,17,break,0.014600000344216824
Start-of-film reinstatement + film-item boost,1.5,1.0,1.0,No reminder,Weak task encoding,1.0,0.0,0.9,4,0,5000,18,break,0.009800000116229057
Start-of-film reinstatement + film-item boost,1.5,1.0,1.0,No reminder,Weak task encoding,1.0,0.0,0.9,4,0,5000,19,break,0.005799999926239252
Start-of-film reinstatement + film-item boost,1.5,1.0,1.0,No reminder,Weak task encoding,1.0,0.0,0.9,4,0,5000,20,break,0.004000000189989805
Start-of-film reinstatement + film-item boost,1.5,1.0,1.0,No reminder,Weak task encoding,1.0,0.0,0.9,4,0,5000,21,break,0.0026000000070780516
Start-of-film reinstatement + film-item boost,1.5,1.0,1.0,No reminder,Weak task encoding,1.0,0.0,0.9,4,0,5000,22,break,0.0017999999690800905
Start-of-film reinstatement + film-item boost,1.5,1.0,1.0,No reminder,Weak task encoding,1.0,0.0,0.9,4,0,5000,23,break,0.0015999999595806003
Start-of-film reinstatement + film-item boost,1.5,1.0,1.0,No reminder,Weak task encoding,1.0,0.0,0.9,4,0,5000,24,break,0.0015999999595806003
Start-of-film reinstatement + film-item boost,1.5,1.0,1.0,No reminder,Weak task encoding,1.0,0.0,0.9,4,0,5000,25,break,0.00039999998989515007
Start-of-film reinstatement + film-item boost,1.5,1.0,1.0,No reminder,Weak task encoding,1.0,0.0,0.9,4,0,5000,26,break,0.00019999999494757503
Start-of-film reinstatement + film-item boost,1.5,1.0,1.0,No reminder,Weak task encoding,1.0,0.0,0.9,4,0,5000,27,break,0.00039999998989515007
Start-of-film reinstatement + film-item boost,1.5,1.0,1.0,No reminder,Weak task encoding,1.0,0.0,0.9,4,0,5000,28,break,0.00019999999494757503
Start-of-film reinstatement + film-item boost,1.5,1.0,1.0,No reminder,Weak task encoding,1.0,0.0,0.9,4,0,5000,29,break,0.0
Start-of-film reinstatement + film-item boost,1.5,1.0,1.0,No reminder,Weak task encoding,1.0,0.0,0.9,4,0,5000,30,break,0.00019999999494757503
Start-of-film reinstatement + film-item boost,1.5,1.0,1.0,No reminder,Weak task encoding,1.0,0.0,0.9,4,0,5000,31,break,0.0
Start-of-film reinstatement + film-item boost,1.5,1.0,1.0,No reminder,Weak task encoding,1.0,0.0,0.9,4,0,5000,32,break,0.0
Start-of-film reinstatement + film-item boost,1.5,1.0,1.0,No reminder,Weak task encoding,1.0,0.0,0.9,4,0,5000,33,task,0.0
Start-of-film reinstatement + film-item boost,1.5,1.0,1.0,No reminder,Weak task encoding,1.0,0.0,0.9,4,0,5000,34,task,0.0
Start-of-film reinstatement + film-item boost,1.5,1.0,1.0,No reminder,Weak task encoding,1.0,0.0,0.9,4,0,5000,35,task,0.0
Start-of-film reinstatement + film-item boost,1.5,1.0,1.0,No reminder,Weak task encoding,1.0,0.0,0.9,4,0,5000,36,task,0.0
Start-of-film reinstatement + film-item boost,1.5,1.0,1.0,No reminder,Weak task encoding,1.0,0.0,0.9,4,0,5000,37,task,0.0
Start-of-film reinstatement + film-item boost,1.5,1.0,1.0,No reminder,Weak task encoding,1.0,0.0,0.9,4,0,5000,38,task,0.0
Start-of-film reinstatement + film-item boost,1.5,1.0,1.0,No reminder,Weak task encoding,1.0,0.0,0.9,4,0,5000,39,task,0.0
Start-of-film reinstatement + film-item boost,1.5,1.0,1.0,No reminder,Weak task encoding,1.0,0.0,0.9,4,0,5000,40,task,0.0
Start-of-film reinstatement + film-item boost,1.5,1.0,1.0,No reminder,Weak task encoding,1.0,0.0,0.9,4,0,5000,41,task,0.0
Start-of-film reinstatement + film-item boost,1.5,1.0,1.0,No reminder,Weak task encoding,1.0,0.0,0.9,4,0,5000,42,task,0.0
Start-of-film reinstatement + film-item boost,1.5,1.0,1.0,No reminder,Weak task encoding,1.0,0.0,0.9,4,0,5000,43,task,0.0
Start-of-film reinstatement + film-item boost,1.5,1.0,1.0,No reminder,Weak task encoding,1.0,0.0,0.9,4,0,5000,44,task,0.0
Start-of-film reinstatement + film-item boost,1.5,1.0,1.0,No reminder,Weak task encoding,1.0,0.0,0.9,4,0,5000,45,task,0.0
Start-of-film reinstatement + film-item boost,1.5,1.0,1.0,No reminder,Weak task encoding,1.0,0.0,0.9,4,0,5000,46,task,0.0
Start-of-film reinstatement + film-item boost,1.5,1.0,1.0,No reminder,Weak task encoding,1.0,0.0,0.9,4,0,5000,47,task,0.0
Start-of-film reinstatement + film-item boost,1.5,1.0,1.0,No reminder,Weak task encoding,1.0,0.0,0.9,4,0,5000,48,task,0.0
Start-of-film reinstatement + film-item boost,1.5,1.0,1.0,No reminder,Weak task encoding,1.0,0.0,0.9,4,0,5000,49,filler,0.0
Start-of-film reinstatement + film-item boost,1.5,1.0,1.0,No reminder,Weak task encoding,1.0,0.0,0.9,4,0,5000,50,filler,0.0
Start-of-film reinstatement + film-item boost,1.5,1.0,1.0,No reminder,Weak task encoding,1.0,0.0,0.9,4,0,5000,51,filler,0.0
Start-of-film reinstatement + film-item boost,1.5,1.0,1.0,No reminder,Weak task encoding,1.0,0.0,0.9,4,0,5000,52,filler,0.0
Start-of-film reinstatement + film-item boost,1.5,1.0,1.0,No reminder,Weak task encoding,1.0,0.0,0.9,4,0,5000,53,filler,0.0
Start-of-film reinstatement + film-item boost,1.5,1.0,1.0,No reminder,Weak task encoding,1.0,0.0,0.9,4,0,5000,54,filler,0.0
Start-of-film reinstatement + film-item boost,1.5,1.0,1.0,No reminder,Weak task encoding,1.0,0.0,0.9,4,0,5000,55,filler,0.0
Start-of-film reinstatement + film-item boost,1.5,1.0,1.0,No reminder,Weak task encoding,1.0,0.0,0.9,4,0,5000,56,filler,0.0
Start-of-film reinstatement + film-item boost,1.5,1.0,1.0,No reminder,Weak task encoding,1.0,0.0,0.9,4,0,5000,57,filler,0.0
Start-of-film reinstatement + film-item boost,1.5,1.0,1.0,No reminder,Weak task encoding,1.0,0.0,0.9,4,0,5000,58,filler,0.0
Start-of-film reinstatement + film-item boost,1.5,1.0,1.0,No reminder,Weak task encoding,1.0,0.0,0.9,4,0,5000,59,filler,0.0
Start-of-film reinstatement + film-item boost,1.5,1.0,1.0,No reminder,Weak task encoding,1.0,0.0,0.9,4,0,5000,60,filler,0.0
Start-of-film reinstatement + film-item boost,1.5,1.0,1.0,No reminder,Weak task encoding,1.0,0.0,0.9,4,0,5000,61,filler,0.0
Start-of-film reinstatement + film-item boost,1.5,1.0,1.0,No reminder,Weak task encoding,1.0,0.0,0.9,4,0,5000,62,filler,0.0
Start-of-film reinstatement + film-item boost,1.5,1.0,1.0,No reminder,Weak task encoding,1.0,0.0,0.9,4,0,5000,63,filler,0.0
Start-of-film reinstatement + film-item boost,1.5,1.0,1.0,No reminder,Weak task encoding,1.0,0.0,0.9,4,0,5000,64,filler,0.0
Start-of-film reinstatement + film-item boost,1.5,1.0,1.0,No reminder,Strong task encoding,2.0,0.0,0.9,4,0,5000,1,film,0.42640000581741333
Start-of-film reinstatement + film-item boost,1.5,1.0,1.0,No reminder,Strong task encoding,2.0,0.0,0.9,4,0,5000,2,film,0.43880000710487366
Start-of-film reinstatement + film-item boost,1.5,1.0,1.0,No reminder,Strong task encoding,2.0,0.0,0.9,4,0,5000,3,film,0.4514000117778778
Start-of-film reinstatement + film-item boost,1.5,1.0,1.0,No reminder,Strong task encoding,2.0,0.0,0.9,4,0,5000,4,film,0.46959999203681946
Start-of-film reinstatement + film-item boost,1.5,1.0,1.0,No reminder,Strong task encoding,2.0,0.0,0.9,4,0,5000,5,film,0.46779999136924744
Start-of-film reinstatement + film-item boost,1.5,1.0,1.0,No reminder,Strong task encoding,2.0,0.0,0.9,4,0,5000,6,film,0.48500001430511475
Start-of-film reinstatement + film-item boost,1.5,1.0,1.0,No reminder,Strong task encoding,2.0,0.0,0.9,4,0,5000,7,film,0.5031999945640564
Start-of-film reinstatement + film-item boost,1.5,1.0,1.0,No reminder,Strong task encoding,2.0,0.0,0.9,4,0,5000,8,film,0.4896000027656555
Start-of-film reinstatement + film-item boost,1.5,1.0,1.0,No reminder,Strong task encoding,2.0,0.0,0.9,4,0,5000,9,film,0.4869999885559082
Start-of-film reinstatement + film-item boost,1.5,1.0,1.0,No reminder,Strong task encoding,2.0,0.0,0.9,4,0,5000,10,film,0.49380001425743103
Start-of-film reinstatement + film-item boost,1.5,1.0,1.0,No reminder,Strong task encoding,2.0,0.0,0.9,4,0,5000,11,film,0.5054000020027161
Start-of-film reinstatement + film-item boost,1.5,1.0,1.0,No reminder,Strong task encoding,2.0,0.0,0.9,4,0,5000,12,film,0.4957999885082245
Start-of-film reinstatement + film-item boost,1.5,1.0,1.0,No reminder,Strong task encoding,2.0,0.0,0.9,4,0,5000,13,film,0.4925999939441681
Start-of-film reinstatement + film-item boost,1.5,1.0,1.0,No reminder,Strong task encoding,2.0,0.0,0.9,4,0,5000,14,film,0.4812000095844269
Start-of-film reinstatement + film-item boost,1.5,1.0,1.0,No reminder,Strong task encoding,2.0,0.0,0.9,4,0,5000,15,film,0.4652000069618225
Start-of-film reinstatement + film-item boost,1.5,1.0,1.0,No reminder,Strong task encoding,2.0,0.0,0.9,4,0,5000,16,film,0.4442000091075897
Start-of-film reinstatement + film-item boost,1.5,1.0,1.0,No reminder,Strong task encoding,2.0,0.0,0.9,4,0,5000,17,break,0.013799999840557575
Start-of-film reinstatement + film-item boost,1.5,1.0,1.0,No reminder,Strong task encoding,2.0,0.0,0.9,4,0,5000,18,break,0.012199999764561653
Start-of-film reinstatement + film-item boost,1.5,1.0,1.0,No reminder,Strong task encoding,2.0,0.0,0.9,4,0,5000,19,break,0.004000000189989805
Start-of-film reinstatement + film-item boost,1.5,1.0,1.0,No reminder,Strong task encoding,2.0,0.0,0.9,4,0,5000,20,break,0.004800000227987766
Start-of-film reinstatement + film-item boost,1.5,1.0,1.0,No reminder,Strong task encoding,2.0,0.0,0.9,4,0,5000,21,break,0.003599999938160181
Start-of-film reinstatement + film-item boost,1.5,1.0,1.0,No reminder,Strong task encoding,2.0,0.0,0.9,4,0,5000,22,break,0.003000000026077032
Start-of-film reinstatement + film-item boost,1.5,1.0,1.0,No reminder,Strong task encoding,2.0,0.0,0.9,4,0,5000,23,break,0.0017999999690800905
Start-of-film reinstatement + film-item boost,1.5,1.0,1.0,No reminder,Strong task encoding,2.0,0.0,0.9,4,0,5000,24,break,0.0007999999797903001
Start-of-film reinstatement + film-item boost,1.5,1.0,1.0,No reminder,Strong task encoding,2.0,0.0,0.9,4,0,5000,25,break,0.0015999999595806003
Start-of-film reinstatement + film-item boost,1.5,1.0,1.0,No reminder,Strong task encoding,2.0,0.0,0.9,4,0,5000,26,break,0.00039999998989515007
Start-of-film reinstatement + film-item boost,1.5,1.0,1.0,No reminder,Strong task encoding,2.0,0.0,0.9,4,0,5000,27,break,0.0006000000284984708
Start-of-film reinstatement + film-item boost,1.5,1.0,1.0,No reminder,Strong task encoding,2.0,0.0,0.9,4,0,5000,28,break,0.00039999998989515007
Start-of-film reinstatement + film-item boost,1.5,1.0,1.0,No reminder,Strong task encoding,2.0,0.0,0.9,4,0,5000,29,break,0.00019999999494757503
Start-of-film reinstatement + film-item boost,1.5,1.0,1.0,No reminder,Strong task encoding,2.0,0.0,0.9,4,0,5000,30,break,0.0
Start-of-film reinstatement + film-item boost,1.5,1.0,1.0,No reminder,Strong task encoding,2.0,0.0,0.9,4,0,5000,31,break,0.00019999999494757503
Start-of-film reinstatement + film-item boost,1.5,1.0,1.0,No reminder,Strong task encoding,2.0,0.0,0.9,4,0,5000,32,break,0.0
Start-of-film reinstatement + film-item boost,1.5,1.0,1.0,No reminder,Strong task encoding,2.0,0.0,0.9,4,0,5000,33,task,0.0006000000284984708
Start-of-film reinstatement + film-item boost,1.5,1.0,1.0,No reminder,Strong task encoding,2.0,0.0,0.9,4,0,5000,34,task,0.00039999998989515007
Start-of-film reinstatement + film-item boost,1.5,1.0,1.0,No reminder,Strong task encoding,2.0,0.0,0.9,4,0,5000,35,task,0.00019999999494757503
Start-of-film reinstatement + film-item boost,1.5,1.0,1.0,No reminder,Strong task encoding,2.0,0.0,0.9,4,0,5000,36,task,0.00019999999494757503
Start-of-film reinstatement + film-item boost,1.5,1.0,1.0,No reminder,Strong task encoding,2.0,0.0,0.9,4,0,5000,37,task,0.00019999999494757503
Start-of-film reinstatement + film-item boost,1.5,1.0,1.0,No reminder,Strong task encoding,2.0,0.0,0.9,4,0,5000,38,task,0.0
Start-of-film reinstatement + film-item boost,1.5,1.0,1.0,No reminder,Strong task encoding,2.0,0.0,0.9,4,0,5000,39,task,0.0
Start-of-film reinstatement + film-item boost,1.5,1.0,1.0,No reminder,Strong task encoding,2.0,0.0,0.9,4,0,5000,40,task,0.0
Start-of-film reinstatement + film-item boost,1.5,1.0,1.0,No reminder,Strong task encoding,2.0,0.0,0.9,4,0,5000,41,task,0.0
Start-of-film reinstatement + film-item boost,1.5,1.0,1.0,No reminder,Strong task encoding,2.0,0.0,0.9,4,0,5000,42,task,0.0
Start-of-film reinstatement + film-item boost,1.5,1.0,1.0,No reminder,Strong task encoding,2.0,0.0,0.9,4,0,5000,43,task,0.0
Start-of-film reinstatement + film-item boost,1.5,1.0,1.0,No reminder,Strong task encoding,2.0,0.0,0.9,4,0,5000,44,task,0.0
Start-of-film reinstatement + film-item boost,1.5,1.0,1.0,No reminder,Strong task encoding,2.0,0.0,0.9,4,0,5000,45,task,0.0
Start-of-film reinstatement + film-item boost,1.5,1.0,1.0,No reminder,Strong task encoding,2.0,0.0,0.9,4,0,5000,46,task,0.0
Start-of-film reinstatement + film-item boost,1.5,1.0,1.0,No reminder,Strong task encoding,2.0,0.0,0.9,4,0,5000,47,task,0.0
Start-of-film reinstatement + film-item boost,1.5,1.0,1.0,No reminder,Strong task encoding,2.0,0.0,0.9,4,0,5000,48,task,0.0
Start-of-film reinstatement + film-item boost,1.5,1.0,1.0,No reminder,Strong task encoding,2.0,0.0,0.9,4,0,5000,49,filler,0.0
Start-of-film reinstatement + film-item boost,1.5,1.0,1.0,No reminder,Strong task encoding,2.0,0.0,0.9,4,0,5000,50,filler,0.0
Start-of-film reinstatement + film-item boost,1.5,1.0,1.0,No reminder,Strong task encoding,2.0,0.0,0.9,4,0,5000,51,filler,0.0
Start-of-film reinstatement + film-item boost,1.5,1.0,1.0,No reminder,Strong task encoding,2.0,0.0,0.9,4,0,5000,52,filler,0.0
Start-of-film reinstatement + film-item boost,1.5,1.0,1.0,No reminder,Strong task encoding,2.0,0.0,0.9,4,0,5000,53,filler,0.0
Start-of-film reinstatement + film-item boost,1.5,1.0,1.0,No reminder,Strong task encoding,2.0,0.0,0.9,4,0,5000,54,filler,0.0
Start-of-film reinstatement + film-item boost,1.5,1.0,1.0,No reminder,Strong task encoding,2.0,0.0,0.9,4,0,5000,55,filler,0.0
Start-of-film reinstatement + film-item boost,1.5,1.0,1.0,No reminder,Strong task encoding,2.0,0.0,0.9,4,0,5000,56,filler,0.0
Start-of-film reinstatement + film-item boost,1.5,1.0,1.0,No reminder,Strong task encoding,2.0,0.0,0.9,4,0,5000,57,filler,0.0
Start-of-film reinstatement + film-item boost,1.5,1.0,1.0,No reminder,Strong task encoding,2.0,0.0,0.9,4,0,5000,58,filler,0.0
Start-of-film reinstatement + film-item boost,1.5,1.0,1.0,No reminder,Strong task encoding,2.0,0.0,0.9,4,0,5000,59,filler,0.0
Start-of-film reinstatement + film-item boost,1.5,1.0,1.0,No reminder,Strong task encoding,2.0,0.0,0.9,4,0,5000,60,filler,0.0
Start-of-film reinstatement + film-item boost,1.5,1.0,1.0,No reminder,Strong task encoding,2.0,0.0,0.9,4,0,5000,61,filler,0.0
Start-of-film reinstatement + film-item boost,1.5,1.0,1.0,No reminder,Strong task encoding,2.0,0.0,0.9,4,0,5000,62,filler,0.0
Start-of-film reinstatement + film-item boost,1.5,1.0,1.0,No reminder,Strong task encoding,2.0,0.0,0.9,4,0,5000,63,filler,0.0
Start-of-film reinstatement + film-item boost,1.5,1.0,1.0,No reminder,Strong task encoding,2.0,0.0,0.9,4,0,5000,64,filler,0.0
Start-of-film reinstatement + film-item boost,1.5,1.0,1.0,With reminder,Weak task encoding,1.0,0.0,0.9,4,0,5000,1,film,0.4146000146865845
Start-of-film reinstatement + film-item boost,1.5,1.0,1.0,With reminder,Weak task encoding,1.0,0.0,0.9,4,0,5000,2,film,0.421999990940094
Start-of-film reinstatement + film-item boost,1.5,1.0,1.0,With reminder,Weak task encoding,1.0,0.0,0.9,4,0,5000,3,film,0.44760000705718994
Start-of-film reinstatement + film-item boost,1.5,1.0,1.0,With reminder,Weak task encoding,1.0,0.0,0.9,4,0,5000,4,film,0.45879998803138733
Start-of-film reinstatement + film-item boost,1.5,1.0,1.0,With reminder,Weak task encoding,1.0,0.0,0.9,4,0,5000,5,film,0.4828000068664551
Start-of-film reinstatement + film-item boost,1.5,1.0,1.0,With reminder,Weak task encoding,1.0,0.0,0.9,4,0,5000,6,film,0.4790000021457672
Start-of-film reinstatement + film-item boost,1.5,1.0,1.0,With reminder,Weak task encoding,1.0,0.0,0.9,4,0,5000,7,film,0.4950000047683716
Start-of-film reinstatement + film-item boost,1.5,1.0,1.0,With reminder,Weak task encoding,1.0,0.0,0.9,4,0,5000,8,film,0.4952000081539154
Start-of-film reinstatement + film-item boost,1.5,1.0,1.0,With reminder,Weak task encoding,1.0,0.0,0.9,4,0,5000,9,film,0.5044000148773193
Start-of-film reinstatement + film-item boost,1.5,1.0,1.0,With reminder,Weak task encoding,1.0,0.0,0.9,4,0,5000,10,film,0.5041999816894531
Start-of-film reinstatement + film-item boost,1.5,1.0,1.0,With reminder,Weak task encoding,1.0,0.0,0.9,4,0,5000,11,film,0.5081999897956848
Start-of-film reinstatement + film-item boost,1.5,1.0,1.0,With reminder,Weak task encoding,1.0,0.0,0.9,4,0,5000,12,film,0.49939998984336853
Start-of-film reinstatement + film-item boost,1.5,1.0,1.0,With reminder,Weak task encoding,1.0,0.0,0.9,4,0,5000,13,film,0.4968000054359436
Start-of-film reinstatement + film-item boost,1.5,1.0,1.0,With reminder,Weak task encoding,1.0,0.0,0.9,4,0,5000,14,film,0.4796000123023987
Start-of-film reinstatement + film-item boost,1.5,1.0,1.0,With reminder,Weak task encoding,1.0,0.0,0.9,4,0,5000,15,film,0.4487999975681305
Start-of-film reinstatement + film-item boost,1.5,1.0,1.0,With reminder,Weak task encoding,1.0,0.0,0.9,4,0,5000,16,film,0.4375999867916107
Start-of-film reinstatement + film-item boost,1.5,1.0,1.0,With reminder,Weak task encoding,1.0,0.0,0.9,4,0,5000,17,break,0.015200000256299973
Start-of-film reinstatement + film-item boost,1.5,1.0,1.0,With reminder,Weak task encoding,1.0,0.0,0.9,4,0,5000,18,break,0.012000000104308128
Start-of-film reinstatement + film-item boost,1.5,1.0,1.0,With reminder,Weak task encoding,1.0,0.0,0.9,4,0,5000,19,break,0.008799999952316284
Start-of-film reinstatement + film-item boost,1.5,1.0,1.0,With reminder,Weak task encoding,1.0,0.0,0.9,4,0,5000,20,break,0.004399999976158142
Start-of-film reinstatement + film-item boost,1.5,1.0,1.0,With reminder,Weak task encoding,1.0,0.0,0.9,4,0,5000,21,break,0.0015999999595806003
Start-of-film reinstatement + film-item boost,1.5,1.0,1.0,With reminder,Weak task encoding,1.0,0.0,0.9,4,0,5000,22,break,0.00139999995008111
Start-of-film reinstatement + film-item boost,1.5,1.0,1.0,With reminder,Weak task encoding,1.0,0.0,0.9,4,0,5000,23,break,0.0006000000284984708
Start-of-film reinstatement + film-item boost,1.5,1.0,1.0,With reminder,Weak task encoding,1.0,0.0,0.9,4,0,5000,24,break,0.0006000000284984708
Start-of-film reinstatement + film-item boost,1.5,1.0,1.0,With reminder,Weak task encoding,1.0,0.0,0.9,4,0,5000,25,break,0.00019999999494757503
Start-of-film reinstatement + film-item boost,1.5,1.0,1.0,With reminder,Weak task encoding,1.0,0.0,0.9,4,0,5000,26,break,0.0006000000284984708
Start-of-film reinstatement + film-item boost,1.5,1.0,1.0,With reminder,Weak task encoding,1.0,0.0,0.9,4,0,5000,27,break,0.0
Start-of-film reinstatement + film-item boost,1.5,1.0,1.0,With reminder,Weak task encoding,1.0,0.0,0.9,4,0,5000,28,break,0.00019999999494757503
Start-of-film reinstatement + film-item boost,1.5,1.0,1.0,With reminder,Weak task encoding,1.0,0.0,0.9,4,0,5000,29,break,0.00019999999494757503
Start-of-film reinstatement + film-item boost,1.5,1.0,1.0,With reminder,Weak task encoding,1.0,0.0,0.9,4,0,5000,30,break,0.00019999999494757503
Start-of-film reinstatement + film-item boost,1.5,1.0,1.0,With reminder,Weak task encoding,1.0,0.0,0.9,4,0,5000,31,break,0.0
Start-of-film reinstatement + film-item boost,1.5,1.0,1.0,With reminder,Weak task encoding,1.0,0.0,0.9,4,0,5000,32,break,0.00039999998989515007
Start-of-film reinstatement + film-item boost,1.5,1.0,1.0,With reminder,Weak task encoding,1.0,0.0,0.9,4,0,5000,33,task,0.019200000911951065
Start-of-film reinstatement + film-item boost,1.5,1.0,1.0,With reminder,Weak task encoding,1.0,0.0,0.9,4,0,5000,34,task,0.013000000268220901
Start-of-film reinstatement + film-item boost,1.5,1.0,1.0,With reminder,Weak task encoding,1.0,0.0,0.9,4,0,5000,35,task,0.00800000037997961
Start-of-film reinstatement + film-item boost,1.5,1.0,1.0,With reminder,Weak task encoding,1.0,0.0,0.9,4,0,5000,36,task,0.004000000189989805
Start-of-film reinstatement + film-item boost,1.5,1.0,1.0,With reminder,Weak task encoding,1.0,0.0,0.9,4,0,5000,37,task,0.004800000227987766
Start-of-film reinstatement + film-item boost,1.5,1.0,1.0,With reminder,Weak task encoding,1.0,0.0,0.9,4,0,5000,38,task,0.003800000064074993
Start-of-film reinstatement + film-item boost,1.5,1.0,1.0,With reminder,Weak task encoding,1.0,0.0,0.9,4,0,5000,39,task,0.0017999999690800905
Start-of-film reinstatement + film-item boost,1.5,1.0,1.0,With reminder,Weak task encoding,1.0,0.0,0.9,4,0,5000,40,task,0.0012000000569969416
Start-of-film reinstatement + film-item boost,1.5,1.0,1.0,With reminder,Weak task encoding,1.0,0.0,0.9,4,0,5000,41,task,0.00039999998989515007
Start-of-film reinstatement + film-item boost,1.5,1.0,1.0,With reminder,Weak task encoding,1.0,0.0,0.9,4,0,5000,42,task,0.0007999999797903001
Start-of-film reinstatement + film-item boost,1.5,1.0,1.0,With reminder,Weak task encoding,1.0,0.0,0.9,4,0,5000,43,task,0.0006000000284984708
Start-of-film reinstatement + film-item boost,1.5,1.0,1.0,With reminder,Weak task encoding,1.0,0.0,0.9,4,0,5000,44,task,0.00039999998989515007
Start-of-film reinstatement + film-item boost,1.5,1.0,1.0,With reminder,Weak task encoding,1.0,0.0,0.9,4,0,5000,45,task,0.0
Start-of-film reinstatement + film-item boost,1.5,1.0,1.0,With reminder,Weak task encoding,1.0,0.0,0.9,4,0,5000,46,task,0.0
Start-of-film reinstatement + film-item boost,1.5,1.0,1.0,With reminder,Weak task encoding,1.0,0.0,0.9,4,0,5000,47,task,0.00019999999494757503
Start-of-film reinstatement + film-item boost,1.5,1.0,1.0,With reminder,Weak task encoding,1.0,0.0,0.9,4,0,5000,48,task,0.00039999998989515007
Start-of-film reinstatement + film-item boost,1.5,1.0,1.0,With reminder,Weak task encoding,1.0,0.0,0.9,4,0,5000,49,filler,0.0
Start-of-film reinstatement + film-item boost,1.5,1.0,1.0,With reminder,Weak task encoding,1.0,0.0,0.9,4,0,5000,50,filler,0.0
Start-of-film reinstatement + film-item boost,1.5,1.0,1.0,With reminder,Weak task encoding,1.0,0.0,0.9,4,0,5000,51,filler,0.0
Start-of-film reinstatement + film-item boost,1.5,1.0,1.0,With reminder,Weak task encoding,1.0,0.0,0.9,4,0,5000,52,filler,0.0
Start-of-film reinstatement + film-item boost,1.5,1.0,1.0,With reminder,Weak task encoding,1.0,0.0,0.9,4,0,5000,53,filler,0.0
Start-of-film reinstatement + film-item boost,1.5,1.0,1.0,With reminder,Weak task encoding,1.0,0.0,0.9,4,0,5000,54,filler,0.00019999999494757503
Start-of-film reinstatement + film-item boost,1.5,1.0,1.0,With reminder,Weak task encoding,1.0,0.0,0.9,4,0,5000,55,filler,0.0
Start-of-film reinstatement + film-item boost,1.5,1.0,1.0,With reminder,Weak task encoding,1.0,0.0,0.9,4,0,5000,56,filler,0.0
Start-of-film reinstatement + film-item boost,1.5,1.0,1.0,With reminder,Weak task encoding,1.0,0.0,0.9,4,0,5000,57,filler,0.0
Start-of-film reinstatement + film-item boost,1.5,1.0,1.0,With reminder,Weak task encoding,1.0,0.0,0.9,4,0,5000,58,filler,0.0
Start-of-film reinstatement + film-item boost,1.5,1.0,1.0,With reminder,Weak task encoding,1.0,0.0,0.9,4,0,5000,59,filler,0.0
Start-of-film reinstatement + film-item boost,1.5,1.0,1.0,With reminder,Weak task encoding,1.0,0.0,0.9,4,0,5000,60,filler,0.0
Start-of-film reinstatement + film-item boost,1.5,1.0,1.0,With reminder,Weak task encoding,1.0,0.0,0.9,4,0,5000,61,filler,0.0
Start-of-film reinstatement + film-item boost,1.5,1.0,1.0,With reminder,Weak task encoding,1.0,0.0,0.9,4,0,5000,62,filler,0.0
Start-of-film reinstatement + film-item boost,1.5,1.0,1.0,With reminder,Weak task encoding,1.0,0.0,0.9,4,0,5000,63,filler,0.0
Start-of-film reinstatement + film-item boost,1.5,1.0,1.0,With reminder,Weak task encoding,1.0,0.0,0.9,4,0,5000,64,filler,0.0
Start-of-film reinstatement + film-item boost,1.5,1.0,1.0,With reminder,Strong task encoding,2.0,0.0,0.9,4,0,5000,1,film,0.3970000147819519
Start-of-film reinstatement + film-item boost,1.5,1.0,1.0,With reminder,Strong task encoding,2.0,0.0,0.9,4,0,5000,2,film,0.38940000534057617
Start-of-film reinstatement + film-item boost,1.5,1.0,1.0,With reminder,Strong task encoding,2.0,0.0,0.9,4,0,5000,3,film,0.39480000734329224
Start-of-film reinstatement + film-item boost,1.5,1.0,1.0,With reminder,Strong task encoding,2.0,0.0,0.9,4,0,5000,4,film,0.42320001125335693
Start-of-film reinstatement + film-item boost,1.5,1.0,1.0,With reminder,Strong task encoding,2.0,0.0,0.9,4,0,5000,5,film,0.4180000126361847
Start-of-film reinstatement + film-item boost,1.5,1.0,1.0,With reminder,Strong task encoding,2.0,0.0,0.9,4,0,5000,6,film,0.4440000057220459
Start-of-film reinstatement + film-item boost,1.5,1.0,1.0,With reminder,Strong task encoding,2.0,0.0,0.9,4,0,5000,7,film,0.4503999948501587
Start-of-film reinstatement + film-item boost,1.5,1.0,1.0,With reminder,Strong task encoding,2.0,0.0,0.9,4,0,5000,8,film,0.4503999948501587
Start-of-film reinstatement + film-item boost,1.5,1.0,1.0,With reminder,Strong task encoding,2.0,0.0,0.9,4,0,5000,9,film,0.4713999927043915
Start-of-film reinstatement + film-item boost,1.5,1.0,1.0,With reminder,Strong task encoding,2.0,0.0,0.9,4,0,5000,10,film,0.4657999873161316
Start-of-film reinstatement + film-item boost,1.5,1.0,1.0,With reminder,Strong task encoding,2.0,0.0,0.9,4,0,5000,11,film,0.4544000029563904
Start-of-film reinstatement + film-item boost,1.5,1.0,1.0,With reminder,Strong task encoding,2.0,0.0,0.9,4,0,5000,12,film,0.45239999890327454
Start-of-film reinstatement + film-item boost,1.5,1.0,1.0,With reminder,Strong task encoding,2.0,0.0,0.9,4,0,5000,13,film,0.44699999690055847
Start-of-film reinstatement + film-item boost,1.5,1.0,1.0,With reminder,Strong task encoding,2.0,0.0,0.9,4,0,5000,14,film,0.43880000710487366
Start-of-film reinstatement + film-item boost,1.5,1.0,1.0,With reminder,Strong task encoding,2.0,0.0,0.9,4,0,5000,15,film,0.42500001192092896
Start-of-film reinstatement + film-item boost,1.5,1.0,1.0,With reminder,Strong task encoding,2.0,0.0,0.9,4,0,5000,16,film,0.41040000319480896
Start-of-film reinstatement + film-item boost,1.5,1.0,1.0,With reminder,Strong task encoding,2.0,0.0,0.9,4,0,5000,17,break,0.012799999676644802
Start-of-film reinstatement + film-item boost,1.5,1.0,1.0,With reminder,Strong task encoding,2.0,0.0,0.9,4,0,5000,18,break,0.007000000216066837
Start-of-film reinstatement + film-item boost,1.5,1.0,1.0,With reminder,Strong task encoding,2.0,0.0,0.9,4,0,5000,19,break,0.004999999888241291
Start-of-film reinstatement + film-item boost,1.5,1.0,1.0,With reminder,Strong task encoding,2.0,0.0,0.9,4,0,5000,20,break,0.003000000026077032
Start-of-film reinstatement + film-item boost,1.5,1.0,1.0,With reminder,Strong task encoding,2.0,0.0,0.9,4,0,5000,21,break,0.00139999995008111
Start-of-film reinstatement + film-item boost,1.5,1.0,1.0,With reminder,Strong task encoding,2.0,0.0,0.9,4,0,5000,22,break,0.0015999999595806003
Start-of-film reinstatement + film-item boost,1.5,1.0,1.0,With reminder,Strong task encoding,2.0,0.0,0.9,4,0,5000,23,break,0.0010000000474974513
Start-of-film reinstatement + film-item boost,1.5,1.0,1.0,With reminder,Strong task encoding,2.0,0.0,0.9,4,0,5000,24,break,0.00139999995008111
Start-of-film reinstatement + film-item boost,1.5,1.0,1.0,With reminder,Strong task encoding,2.0,0.0,0.9,4,0,5000,25,break,0.0
Start-of-film reinstatement + film-item boost,1.5,1.0,1.0,With reminder,Strong task encoding,2.0,0.0,0.9,4,0,5000,26,break,0.00039999998989515007
Start-of-film reinstatement + film-item boost,1.5,1.0,1.0,With reminder,Strong task encoding,2.0,0.0,0.9,4,0,5000,27,break,0.00039999998989515007
Start-of-film reinstatement + film-item boost,1.5,1.0,1.0,With reminder,Strong task encoding,2.0,0.0,0.9,4,0,5000,28,break,0.0
Start-of-film reinstatement + film-item boost,1.5,1.0,1.0,With reminder,Strong task encoding,2.0,0.0,0.9,4,0,5000,29,break,0.0
Start-of-film reinstatement + film-item boost,1.5,1.0,1.0,With reminder,Strong task encoding,2.0,0.0,0.9,4,0,5000,30,break,0.00019999999494757503
Start-of-film reinstatement + film-item boost,1.5,1.0,1.0,With reminder,Strong task encoding,2.0,0.0,0.9,4,0,5000,31,break,0.0
Start-of-film reinstatement + film-item boost,1.5,1.0,1.0,With reminder,Strong task encoding,2.0,0.0,0.9,4,0,5000,32,break,0.0
Start-of-film reinstatement + film-item boost,1.5,1.0,1.0,With reminder,Strong task encoding,2.0,0.0,0.9,4,0,5000,33,task,0.18960000574588776
Start-of-film reinstatement + film-item boost,1.5,1.0,1.0,With reminder,Strong task encoding,2.0,0.0,0.9,4,0,5000,34,task,0.1324000060558319
Start-of-film reinstatement + film-item boost,1.5,1.0,1.0,With reminder,Strong task encoding,2.0,0.0,0.9,4,0,5000,35,task,0.10520000010728836
Start-of-film reinstatement + film-item boost,1.5,1.0,1.0,With reminder,Strong task encoding,2.0,0.0,0.9,4,0,5000,36,task,0.07400000095367432
Start-of-film reinstatement + film-item boost,1.5,1.0,1.0,With reminder,Strong task encoding,2.0,0.0,0.9,4,0,5000,37,task,0.05559999868273735
Start-of-film reinstatement + film-item boost,1.5,1.0,1.0,With reminder,Strong task encoding,2.0,0.0,0.9,4,0,5000,38,task,0.0414000004529953
Start-of-film reinstatement + film-item boost,1.5,1.0,1.0,With reminder,Strong task encoding,2.0,0.0,0.9,4,0,5000,39,task,0.03539999946951866
Start-of-film reinstatement + film-item boost,1.5,1.0,1.0,With reminder,Strong task encoding,2.0,0.0,0.9,4,0,5000,40,task,0.027400000020861626
Start-of-film reinstatement + film-item boost,1.5,1.0,1.0,With reminder,Strong task encoding,2.0,0.0,0.9,4,0,5000,41,task,0.017400000244379044
Start-of-film reinstatement + film-item boost,1.5,1.0,1.0,With reminder,Strong task encoding,2.0,0.0,0.9,4,0,5000,42,task,0.011599999852478504
Start-of-film reinstatement + film-item boost,1.5,1.0,1.0,With reminder,Strong task encoding,2.0,0.0,0.9,4,0,5000,43,task,0.007799999788403511
Start-of-film reinstatement + film-item boost,1.5,1.0,1.0,With reminder,Strong task encoding,2.0,0.0,0.9,4,0,5000,44,task,0.006599999964237213
Start-of-film reinstatement + film-item boost,1.5,1.0,1.0,With reminder,Strong task encoding,2.0,0.0,0.9,4,0,5000,45,task,0.00559999980032444
Start-of-film reinstatement + film-item boost,1.5,1.0,1.0,With reminder,Strong task encoding,2.0,0.0,0.9,4,0,5000,46,task,0.0031999999191612005
Start-of-film reinstatement + film-item boost,1.5,1.0,1.0,With reminder,Strong task encoding,2.0,0.0,0.9,4,0,5000,47,task,0.003800000064074993
Start-of-film reinstatement + film-item boost,1.5,1.0,1.0,With reminder,Strong task encoding,2.0,0.0,0.9,4,0,5000,48,task,0.0012000000569969416
Start-of-film reinstatement + film-item boost,1.5,1.0,1.0,With reminder,Strong task encoding,2.0,0.0,0.9,4,0,5000,49,filler,0.0
Start-of-film reinstatement + film-item boost,1.5,1.0,1.0,With reminder,Strong task encoding,2.0,0.0,0.9,4,0,5000,50,filler,0.0
Start-of-film reinstatement + film-item boost,1.5,1.0,1.0,With reminder,Strong task encoding,2.0,0.0,0.9,4,0,5000,51,filler,0.0
Start-of-film reinstatement + film-item boost,1.5,1.0,1.0,With reminder,Strong task encoding,2.0,0.0,0.9,4,0,5000,52,filler,0.0
Start-of-film reinstatement + film-item boost,1.5,1.0,1.0,With reminder,Strong task encoding,2.0,0.0,0.9,4,0,5000,53,filler,0.0
Start-of-film reinstatement + film-item boost,1.5,1.0,1.0,With reminder,Strong task encoding,2.0,0.0,0.9,4,0,5000,54,filler,0.00019999999494757503
Start-of-film reinstatement + film-item boost,1.5,1.0,1.0,With reminder,Strong task encoding,2.0,0.0,0.9,4,0,5000,55,filler,0.0
Start-of-film reinstatement + film-item boost,1.5,1.0,1.0,With reminder,Strong task encoding,2.0,0.0,0.9,4,0,5000,56,filler,0.00019999999494757503
Start-of-film reinstatement + film-item boost,1.5,1.0,1.0,With reminder,Strong task encoding,2.0,0.0,0.9,4,0,5000,57,filler,0.00019999999494757503
Start-of-film reinstatement + film-item boost,1.5,1.0,1.0,With reminder,Strong task encoding,2.0,0.0,0.9,4,0,5000,58,filler,0.0
Start-of-film reinstatement + film-item boost,1.5,1.0,1.0,With reminder,Strong task encoding,2.0,0.0,0.9,4,0,5000,59,filler,0.0
Start-of-film reinstatement + film-item boost,1.5,1.0,1.0,With reminder,Strong task encoding,2.0,0.0,0.9,4,0,5000,60,filler,0.0
Start-of-film reinstatement + film-item boost,1.5,1.0,1.0,With reminder,Strong task encoding,2.0,0.0,0.9,4,0,5000,61,filler,0.0
Start-of-film reinstatement + film-item boost,1.5,1.0,1.0,With reminder,Strong task encoding,2.0,0.0,0.9,4,0,5000,62,filler,0.0
Start-of-film reinstatement + film-item boost,1.5,1.0,1.0,With reminder,Strong task encoding,2.0,0.0,0.9,4,0,5000,63,filler,0.0
Start-of-film reinstatement + film-item boost,1.5,1.0,1.0,With reminder,Strong task encoding,2.0,0.0,0.9,4,0,5000,64,filler,0.0
Start-of-film reinstatement + film-item boost,1.5,1.25,1.0,No reminder,Weak task encoding,1.0,0.0,0.9,4,0,5000,1,film,0.4302000105381012
Start-of-film reinstatement + film-item boost,1.5,1.25,1.0,No reminder,Weak task encoding,1.0,0.0,0.9,4,0,5000,2,film,0.43959999084472656
Start-of-film reinstatement + film-item boost,1.5,1.25,1.0,No reminder,Weak task encoding,1.0,0.0,0.9,4,0,5000,3,film,0.4496000111103058
Start-of-film reinstatement + film-item boost,1.5,1.25,1.0,No reminder,Weak task encoding,1.0,0.0,0.9,4,0,5000,4,film,0.45419999957084656
Start-of-film reinstatement + film-item boost,1.5,1.25,1.0,No reminder,Weak task encoding,1.0,0.0,0.9,4,0,5000,5,film,0.48660001158714294
Start-of-film reinstatement + film-item boost,1.5,1.25,1.0,No reminder,Weak task encoding,1.0,0.0,0.9,4,0,5000,6,film,0.48660001158714294
Start-of-film reinstatement + film-item boost,1.5,1.25,1.0,No reminder,Weak task encoding,1.0,0.0,0.9,4,0,5000,7,film,0.48159998655319214
Start-of-film reinstatement + film-item boost,1.5,1.25,1.0,No reminder,Weak task encoding,1.0,0.0,0.9,4,0,5000,8,film,0.5081999897956848
Start-of-film reinstatement + film-item boost,1.5,1.25,1.0,No reminder,Weak task encoding,1.0,0.0,0.9,4,0,5000,9,film,0.5113999843597412
Start-of-film reinstatement + film-item boost,1.5,1.25,1.0,No reminder,Weak task encoding,1.0,0.0,0.9,4,0,5000,10,film,0.4925999939441681
Start-of-film reinstatement + film-item boost,1.5,1.25,1.0,No reminder,Weak task encoding,1.0,0.0,0.9,4,0,5000,11,film,0.5023999810218811
Start-of-film reinstatement + film-item boost,1.5,1.25,1.0,No reminder,Weak task encoding,1.0,0.0,0.9,4,0,5000,12,film,0.49639999866485596
Start-of-film reinstatement + film-item boost,1.5,1.25,1.0,No reminder,Weak task encoding,1.0,0.0,0.9,4,0,5000,13,film,0.4684000015258789
Start-of-film reinstatement + film-item boost,1.5,1.25,1.0,No reminder,Weak task encoding,1.0,0.0,0.9,4,0,5000,14,film,0.4715999960899353
Start-of-film reinstatement + film-item boost,1.5,1.25,1.0,No reminder,Weak task encoding,1.0,0.0,0.9,4,0,5000,15,film,0.45179998874664307
Start-of-film reinstatement + film-item boost,1.5,1.25,1.0,No reminder,Weak task encoding,1.0,0.0,0.9,4,0,5000,16,film,0.4422000050544739
Start-of-film reinstatement + film-item boost,1.5,1.25,1.0,No reminder,Weak task encoding,1.0,0.0,0.9,4,0,5000,17,break,0.00839999970048666
Start-of-film reinstatement + film-item boost,1.5,1.25,1.0,No reminder,Weak task encoding,1.0,0.0,0.9,4,0,5000,18,break,0.007400000002235174
Start-of-film reinstatement + film-item boost,1.5,1.25,1.0,No reminder,Weak task encoding,1.0,0.0,0.9,4,0,5000,19,break,0.004000000189989805
Start-of-film reinstatement + film-item boost,1.5,1.25,1.0,No reminder,Weak task encoding,1.0,0.0,0.9,4,0,5000,20,break,0.003000000026077032
Start-of-film reinstatement + film-item boost,1.5,1.25,1.0,No reminder,Weak task encoding,1.0,0.0,0.9,4,0,5000,21,break,0.0012000000569969416
Start-of-film reinstatement + film-item boost,1.5,1.25,1.0,No reminder,Weak task encoding,1.0,0.0,0.9,4,0,5000,22,break,0.0006000000284984708
Start-of-film reinstatement + film-item boost,1.5,1.25,1.0,No reminder,Weak task encoding,1.0,0.0,0.9,4,0,5000,23,break,0.0012000000569969416
Start-of-film reinstatement + film-item boost,1.5,1.25,1.0,No reminder,Weak task encoding,1.0,0.0,0.9,4,0,5000,24,break,0.0006000000284984708
Start-of-film reinstatement + film-item boost,1.5,1.25,1.0,No reminder,Weak task encoding,1.0,0.0,0.9,4,0,5000,25,break,0.0
Start-of-film reinstatement + film-item boost,1.5,1.25,1.0,No reminder,Weak task encoding,1.0,0.0,0.9,4,0,5000,26,break,0.00039999998989515007
Start-of-film reinstatement + film-item boost,1.5,1.25,1.0,No reminder,Weak task encoding,1.0,0.0,0.9,4,0,5000,27,break,0.0
Start-of-film reinstatement + film-item boost,1.5,1.25,1.0,No reminder,Weak task encoding,1.0,0.0,0.9,4,0,5000,28,break,0.00019999999494757503
Start-of-film reinstatement + film-item boost,1.5,1.25,1.0,No reminder,Weak task encoding,1.0,0.0,0.9,4,0,5000,29,break,0.0006000000284984708
Start-of-film reinstatement + film-item boost,1.5,1.25,1.0,No reminder,Weak task encoding,1.0,0.0,0.9,4,0,5000,30,break,0.0
Start-of-film reinstatement + film-item boost,1.5,1.25,1.0,No reminder,Weak task encoding,1.0,0.0,0.9,4,0,5000,31,break,0.0
Start-of-film reinstatement + film-item boost,1.5,1.25,1.0,No reminder,Weak task encoding,1.0,0.0,0.9,4,0,5000,32,break,0.0
Start-of-film reinstatement + film-item boost,1.5,1.25,1.0,No reminder,Weak task encoding,1.0,0.0,0.9,4,0,5000,33,task,0.0
Start-of-film reinstatement + film-item boost,1.5,1.25,1.0,No reminder,Weak task encoding,1.0,0.0,0.9,4,0,5000,34,task,0.0
Start-of-film reinstatement + film-item boost,1.5,1.25,1.0,No reminder,Weak task encoding,1.0,0.0,0.9,4,0,5000,35,task,0.0
Start-of-film reinstatement + film-item boost,1.5,1.25,1.0,No reminder,Weak task encoding,1.0,0.0,0.9,4,0,5000,36,task,0.0
Start-of-film reinstatement + film-item boost,1.5,1.25,1.0,No reminder,Weak task encoding,1.0,0.0,0.9,4,0,5000,37,task,0.0
Start-of-film reinstatement + film-item boost,1.5,1.25,1.0,No reminder,Weak task encoding,1.0,0.0,0.9,4,0,5000,38,task,0.0
Start-of-film reinstatement + film-item boost,1.5,1.25,1.0,No reminder,Weak task encoding,1.0,0.0,0.9,4,0,5000,39,task,0.0
Start-of-film reinstatement + film-item boost,1.5,1.25,1.0,No reminder,Weak task encoding,1.0,0.0,0.9,4,0,5000,40,task,0.0
Start-of-film reinstatement + film-item boost,1.5,1.25,1.0,No reminder,Weak task encoding,1.0,0.0,0.9,4,0,5000,41,task,0.0
Start-of-film reinstatement + film-item boost,1.5,1.25,1.0,No reminder,Weak task encoding,1.0,0.0,0.9,4,0,5000,42,task,0.0
Start-of-film reinstatement + film-item boost,1.5,1.25,1.0,No reminder,Weak task encoding,1.0,0.0,0.9,4,0,5000,43,task,0.0
Start-of-film reinstatement + film-item boost,1.5,1.25,1.0,No reminder,Weak task encoding,1.0,0.0,0.9,4,0,5000,44,task,0.0
Start-of-film reinstatement + film-item boost,1.5,1.25,1.0,No reminder,Weak task encoding,1.0,0.0,0.9,4,0,5000,45,task,0.0
Start-of-film reinstatement + film-item boost,1.5,1.25,1.0,No reminder,Weak task encoding,1.0,0.0,0.9,4,0,5000,46,task,0.0
Start-of-film reinstatement + film-item boost,1.5,1.25,1.0,No reminder,Weak task encoding,1.0,0.0,0.9,4,0,5000,47,task,0.0
Start-of-film reinstatement + film-item boost,1.5,1.25,1.0,No reminder,Weak task encoding,1.0,0.0,0.9,4,0,5000,48,task,0.0
Start-of-film reinstatement + film-item boost,1.5,1.25,1.0,No reminder,Weak task encoding,1.0,0.0,0.9,4,0,5000,49,filler,0.0
Start-of-film reinstatement + film-item boost,1.5,1.25,1.0,No reminder,Weak task encoding,1.0,0.0,0.9,4,0,5000,50,filler,0.0
Start-of-film reinstatement + film-item boost,1.5,1.25,1.0,No reminder,Weak task encoding,1.0,0.0,0.9,4,0,5000,51,filler,0.0
Start-of-film reinstatement + film-item boost,1.5,1.25,1.0,No reminder,Weak task encoding,1.0,0.0,0.9,4,0,5000,52,filler,0.0
Start-of-film reinstatement + film-item boost,1.5,1.25,1.0,No reminder,Weak task encoding,1.0,0.0,0.9,4,0,5000,53,filler,0.0
Start-of-film reinstatement + film-item boost,1.5,1.25,1.0,No reminder,Weak task encoding,1.0,0.0,0.9,4,0,5000,54,filler,0.0
Start-of-film reinstatement + film-item boost,1.5,1.25,1.0,No reminder,Weak task encoding,1.0,0.0,0.9,4,0,5000,55,filler,0.0
Start-of-film reinstatement + film-item boost,1.5,1.25,1.0,No reminder,Weak task encoding,1.0,0.0,0.9,4,0,5000,56,filler,0.0
Start-of-film reinstatement + film-item boost,1.5,1.25,1.0,No reminder,Weak task encoding,1.0,0.0,0.9,4,0,5000,57,filler,0.0
Start-of-film reinstatement + film-item boost,1.5,1.25,1.0,No reminder,Weak task encoding,1.0,0.0,0.9,4,0,5000,58,filler,0.0
Start-of-film reinstatement + film-item boost,1.5,1.25,1.0,No reminder,Weak task encoding,1.0,0.0,0.9,4,0,5000,59,filler,0.0
Start-of-film reinstatement + film-item boost,1.5,1.25,1.0,No reminder,Weak task encoding,1.0,0.0,0.9,4,0,5000,60,filler,0.0
Start-of-film reinstatement + film-item boost,1.5,1.25,1.0,No reminder,Weak task encoding,1.0,0.0,0.9,4,0,5000,61,filler,0.0
Start-of-film reinstatement + film-item boost,1.5,1.25,1.0,No reminder,Weak task encoding,1.0,0.0,0.9,4,0,5000,62,filler,0.0
Start-of-film reinstatement + film-item boost,1.5,1.25,1.0,No reminder,Weak task encoding,1.0,0.0,0.9,4,0,5000,63,filler,0.0
Start-of-film reinstatement + film-item boost,1.5,1.25,1.0,No reminder,Weak task encoding,1.0,0.0,0.9,4,0,5000,64,filler,0.0
Start-of-film reinstatement + film-item boost,1.5,1.25,1.0,No reminder,Strong task encoding,2.0,0.0,0.9,4,0,5000,1,film,0.4357999861240387
Start-of-film reinstatement + film-item boost,1.5,1.25,1.0,No reminder,Strong task encoding,2.0,0.0,0.9,4,0,5000,2,film,0.44679999351501465
Start-of-film reinstatement + film-item boost,1.5,1.25,1.0,No reminder,Strong task encoding,2.0,0.0,0.9,4,0,5000,3,film,0.45419999957084656
Start-of-film reinstatement + film-item boost,1.5,1.25,1.0,No reminder,Strong task encoding,2.0,0.0,0.9,4,0,5000,4,film,0.45179998874664307
Start-of-film reinstatement + film-item boost,1.5,1.25,1.0,No reminder,Strong task encoding,2.0,0.0,0.9,4,0,5000,5,film,0.47600001096725464
Start-of-film reinstatement + film-item boost,1.5,1.25,1.0,No reminder,Strong task encoding,2.0,0.0,0.9,4,0,5000,6,film,0.4821999967098236
Start-of-film reinstatement + film-item boost,1.5,1.25,1.0,No reminder,Strong task encoding,2.0,0.0,0.9,4,0,5000,7,film,0.5031999945640564
Start-of-film reinstatement + film-item boost,1.5,1.25,1.0,No reminder,Strong task encoding,2.0,0.0,0.9,4,0,5000,8,film,0.5045999884605408
Start-of-film reinstatement + film-item boost,1.5,1.25,1.0,No reminder,Strong task encoding,2.0,0.0,0.9,4,0,5000,9,film,0.5131999850273132
Start-of-film reinstatement + film-item boost,1.5,1.25,1.0,No reminder,Strong task encoding,2.0,0.0,0.9,4,0,5000,10,film,0.4927999973297119
Start-of-film reinstatement + film-item boost,1.5,1.25,1.0,No reminder,Strong task encoding,2.0,0.0,0.9,4,0,5000,11,film,0.49459999799728394
Start-of-film reinstatement + film-item boost,1.5,1.25,1.0,No reminder,Strong task encoding,2.0,0.0,0.9,4,0,5000,12,film,0.5076000094413757
Start-of-film reinstatement + film-item boost,1.5,1.25,1.0,No reminder,Strong task encoding,2.0,0.0,0.9,4,0,5000,13,film,0.4803999960422516
Start-of-film reinstatement + film-item boost,1.5,1.25,1.0,No reminder,Strong task encoding,2.0,0.0,0.9,4,0,5000,14,film,0.48080000281333923
Start-of-film reinstatement + film-item boost,1.5,1.25,1.0,No reminder,Strong task encoding,2.0,0.0,0.9,4,0,5000,15,film,0.4643999934196472
Start-of-film reinstatement + film-item boost,1.5,1.25,1.0,No reminder,Strong task encoding,2.0,0.0,0.9,4,0,5000,16,film,0.44519999623298645
Start-of-film reinstatement + film-item boost,1.5,1.25,1.0,No reminder,Strong task encoding,2.0,0.0,0.9,4,0,5000,17,break,0.009399999864399433
Start-of-film reinstatement + film-item boost,1.5,1.25,1.0,No reminder,Strong task encoding,2.0,0.0,0.9,4,0,5000,18,break,0.006000000052154064
Start-of-film reinstatement + film-item boost,1.5,1.25,1.0,No reminder,Strong task encoding,2.0,0.0,0.9,4,0,5000,19,break,0.0026000000070780516
Start-of-film reinstatement + film-item boost,1.5,1.25,1.0,No reminder,Strong task encoding,2.0,0.0,0.9,4,0,5000,20,break,0.0034000000450760126
Start-of-film reinstatement + film-item boost,1.5,1.25,1.0,No reminder,Strong task encoding,2.0,0.0,0.9,4,0,5000,21,break,0.0017999999690800905
Start-of-film reinstatement + film-item boost,1.5,1.25,1.0,No reminder,Strong task encoding,2.0,0.0,0.9,4,0,5000,22,break,0.0010000000474974513
Start-of-film reinstatement + film-item boost,1.5,1.25,1.0,No reminder,Strong task encoding,2.0,0.0,0.9,4,0,5000,23,break,0.0012000000569969416
Start-of-film reinstatement + film-item boost,1.5,1.25,1.0,No reminder,Strong task encoding,2.0,0.0,0.9,4,0,5000,24,break,0.0007999999797903001
Start-of-film reinstatement + film-item boost,1.5,1.25,1.0,No reminder,Strong task encoding,2.0,0.0,0.9,4,0,5000,25,break,0.0006000000284984708
Start-of-film reinstatement + film-item boost,1.5,1.25,1.0,No reminder,Strong task encoding,2.0,0.0,0.9,4,0,5000,26,break,0.0007999999797903001
Start-of-film reinstatement + film-item boost,1.5,1.25,1.0,No reminder,Strong task encoding,2.0,0.0,0.9,4,0,5000,27,break,0.0
Start-of-film reinstatement + film-item boost,1.5,1.25,1.0,No reminder,Strong task encoding,2.0,0.0,0.9,4,0,5000,28,break,0.00019999999494757503
Start-of-film reinstatement + film-item boost,1.5,1.25,1.0,No reminder,Strong task encoding,2.0,0.0,0.9,4,0,5000,29,break,0.0
Start-of-film reinstatement + film-item boost,1.5,1.25,1.0,No reminder,Strong task encoding,2.0,0.0,0.9,4,0,5000,30,break,0.0
Start-of-film reinstatement + film-item boost,1.5,1.25,1.0,No reminder,Strong task encoding,2.0,0.0,0.9,4,0,5000,31,break,0.0
Start-of-film reinstatement + film-item boost,1.5,1.25,1.0,No reminder,Strong task encoding,2.0,0.0,0.9,4,0,5000,32,break,0.0
Start-of-film reinstatement + film-item boost,1.5,1.25,1.0,No reminder,Strong task encoding,2.0,0.0,0.9,4,0,5000,33,task,0.0006000000284984708
Start-of-film reinstatement + film-item boost,1.5,1.25,1.0,No reminder,Strong task encoding,2.0,0.0,0.9,4,0,5000,34,task,0.0
Start-of-film reinstatement + film-item boost,1.5,1.25,1.0,No reminder,Strong task encoding,2.0,0.0,0.9,4,0,5000,35,task,0.0
Start-of-film reinstatement + film-item boost,1.5,1.25,1.0,No reminder,Strong task encoding,2.0,0.0,0.9,4,0,5000,36,task,0.0
Start-of-film reinstatement + film-item boost,1.5,1.25,1.0,No reminder,Strong task encoding,2.0,0.0,0.9,4,0,5000,37,task,0.0
Start-of-film reinstatement + film-item boost,1.5,1.25,1.0,No reminder,Strong task encoding,2.0,0.0,0.9,4,0,5000,38,task,0.0
Start-of-film reinstatement + film-item boost,1.5,1.25,1.0,No reminder,Strong task encoding,2.0,0.0,0.9,4,0,5000,39,task,0.0
Start-of-film reinstatement + film-item boost,1.5,1.25,1.0,No reminder,Strong task encoding,2.0,0.0,0.9,4,0,5000,40,task,0.0
Start-of-film reinstatement + film-item boost,1.5,1.25,1.0,No reminder,Strong task encoding,2.0,0.0,0.9,4,0,5000,41,task,0.0
Start-of-film reinstatement + film-item boost,1.5,1.25,1.0,No reminder,Strong task encoding,2.0,0.0,0.9,4,0,5000,42,task,0.0
Start-of-film reinstatement + film-item boost,1.5,1.25,1.0,No reminder,Strong task encoding,2.0,0.0,0.9,4,0,5000,43,task,0.0
Start-of-film reinstatement + film-item boost,1.5,1.25,1.0,No reminder,Strong task encoding,2.0,0.0,0.9,4,0,5000,44,task,0.0
Start-of-film reinstatement + film-item boost,1.5,1.25,1.0,No reminder,Strong task encoding,2.0,0.0,0.9,4,0,5000,45,task,0.0
Start-of-film reinstatement + film-item boost,1.5,1.25,1.0,No reminder,Strong task encoding,2.0,0.0,0.9,4,0,5000,46,task,0.0
Start-of-film reinstatement + film-item boost,1.5,1.25,1.0,No reminder,Strong task encoding,2.0,0.0,0.9,4,0,5000,47,task,0.0
Start-of-film reinstatement + film-item boost,1.5,1.25,1.0,No reminder,Strong task encoding,2.0,0.0,0.9,4,0,5000,48,task,0.0
Start-of-film reinstatement + film-item boost,1.5,1.25,1.0,No reminder,Strong task encoding,2.0,0.0,0.9,4,0,5000,49,filler,0.0
Start-of-film reinstatement + film-item boost,1.5,1.25,1.0,No reminder,Strong task encoding,2.0,0.0,0.9,4,0,5000,50,filler,0.0
Start-of-film reinstatement + film-item boost,1.5,1.25,1.0,No reminder,Strong task encoding,2.0,0.0,0.9,4,0,5000,51,filler,0.0
Start-of-film reinstatement + film-item boost,1.5,1.25,1.0,No reminder,Strong task encoding,2.0,0.0,0.9,4,0,5000,52,filler,0.0
Start-of-film reinstatement + film-item boost,1.5,1.25,1.0,No reminder,Strong task encoding,2.0,0.0,0.9,4,0,5000,53,filler,0.0
Start-of-film reinstatement + film-item boost,1.5,1.25,1.0,No reminder,Strong task encoding,2.0,0.0,0.9,4,0,5000,54,filler,0.0
Start-of-film reinstatement + film-item boost,1.5,1.25,1.0,No reminder,Strong task encoding,2.0,0.0,0.9,4,0,5000,55,filler,0.0
Start-of-film reinstatement + film-item boost,1.5,1.25,1.0,No reminder,Strong task encoding,2.0,0.0,0.9,4,0,5000,56,filler,0.0
Start-of-film reinstatement + film-item boost,1.5,1.25,1.0,No reminder,Strong task encoding,2.0,0.0,0.9,4,0,5000,57,filler,0.0
Start-of-film reinstatement + film-item boost,1.5,1.25,1.0,No reminder,Strong task encoding,2.0,0.0,0.9,4,0,5000,58,filler,0.0
Start-of-film reinstatement + film-item boost,1.5,1.25,1.0,No reminder,Strong task encoding,2.0,0.0,0.9,4,0,5000,59,filler,0.0
Start-of-film reinstatement + film-item boost,1.5,1.25,1.0,No reminder,Strong task encoding,2.0,0.0,0.9,4,0,5000,60,filler,0.0
Start-of-film reinstatement + film-item boost,1.5,1.25,1.0,No reminder,Strong task encoding,2.0,0.0,0.9,4,0,5000,61,filler,0.0
Start-of-film reinstatement + film-item boost,1.5,1.25,1.0,No reminder,Strong task encoding,2.0,0.0,0.9,4,0,5000,62,filler,0.0
Start-of-film reinstatement + film-item boost,1.5,1.25,1.0,No reminder,Strong task encoding,2.0,0.0,0.9,4,0,5000,63,filler,0.0
Start-of-film reinstatement + film-item boost,1.5,1.25,1.0,No reminder,Strong task encoding,2.0,0.0,0.9,4,0,5000,64,filler,0.0
Start-of-film reinstatement + film-item boost,1.5,1.25,1.0,With reminder,Weak task encoding,1.0,0.0,0.9,4,0,5000,1,film,0.42559999227523804
Start-of-film reinstatement + film-item boost,1.5,1.25,1.0,With reminder,Weak task encoding,1.0,0.0,0.9,4,0,5000,2,film,0.4368000030517578
Start-of-film reinstatement + film-item boost,1.5,1.25,1.0,With reminder,Weak task encoding,1.0,0.0,0.9,4,0,5000,3,film,0.44839999079704285
Start-of-film reinstatement + film-item boost,1.5,1.25,1.0,With reminder,Weak task encoding,1.0,0.0,0.9,4,0,5000,4,film,0.4643999934196472
Start-of-film reinstatement + film-item boost,1.5,1.25,1.0,With reminder,Weak task encoding,1.0,0.0,0.9,4,0,5000,5,film,0.4697999954223633
Start-of-film reinstatement + film-item boost,1.5,1.25,1.0,With reminder,Weak task encoding,1.0,0.0,0.9,4,0,5000,6,film,0.49320000410079956
Start-of-film reinstatement + film-item boost,1.5,1.25,1.0,With reminder,Weak task encoding,1.0,0.0,0.9,4,0,5000,7,film,0.49459999799728394
Start-of-film reinstatement + film-item boost,1.5,1.25,1.0,With reminder,Weak task encoding,1.0,0.0,0.9,4,0,5000,8,film,0.5013999938964844
Start-of-film reinstatement + film-item boost,1.5,1.25,1.0,With reminder,Weak task encoding,1.0,0.0,0.9,4,0,5000,9,film,0.49880000948905945
Start-of-film reinstatement + film-item boost,1.5,1.25,1.0,With reminder,Weak task encoding,1.0,0.0,0.9,4,0,5000,10,film,0.5067999958992004
Start-of-film reinstatement + film-item boost,1.5,1.25,1.0,With reminder,Weak task encoding,1.0,0.0,0.9,4,0,5000,11,film,0.5054000020027161
Start-of-film reinstatement + film-item boost,1.5,1.25,1.0,With reminder,Weak task encoding,1.0,0.0,0.9,4,0,5000,12,film,0.49000000953674316
Start-of-film reinstatement + film-item boost,1.5,1.25,1.0,With reminder,Weak task encoding,1.0,0.0,0.9,4,0,5000,13,film,0.49140000343322754
Start-of-film reinstatement + film-item boost,1.5,1.25,1.0,With reminder,Weak task encoding,1.0,0.0,0.9,4,0,5000,14,film,0.4763999879360199
Start-of-film reinstatement + film-item boost,1.5,1.25,1.0,With reminder,Weak task encoding,1.0,0.0,0.9,4,0,5000,15,film,0.46219998598098755
Start-of-film reinstatement + film-item boost,1.5,1.25,1.0,With reminder,Weak task encoding,1.0,0.0,0.9,4,0,5000,16,film,0.4431999921798706
Start-of-film reinstatement + film-item boost,1.5,1.25,1.0,With reminder,Weak task encoding,1.0,0.0,0.9,4,0,5000,17,break,0.01080000028014183
Start-of-film reinstatement + film-item boost,1.5,1.25,1.0,With reminder,Weak task encoding,1.0,0.0,0.9,4,0,5000,18,break,0.008799999952316284
Start-of-film reinstatement + film-item boost,1.5,1.25,1.0,With reminder,Weak task encoding,1.0,0.0,0.9,4,0,5000,19,break,0.003000000026077032
Start-of-film reinstatement + film-item boost,1.5,1.25,1.0,With reminder,Weak task encoding,1.0,0.0,0.9,4,0,5000,20,break,0.003000000026077032
Start-of-film reinstatement + film-item boost,1.5,1.25,1.0,With reminder,Weak task encoding,1.0,0.0,0.9,4,0,5000,21,break,0.00139999995008111
Start-of-film reinstatement + film-item boost,1.5,1.25,1.0,With reminder,Weak task encoding,1.0,0.0,0.9,4,0,5000,22,break,0.0007999999797903001
Start-of-film reinstatement + film-item boost,1.5,1.25,1.0,With reminder,Weak task encoding,1.0,0.0,0.9,4,0,5000,23,break,0.00019999999494757503
Start-of-film reinstatement + film-item boost,1.5,1.25,1.0,With reminder,Weak task encoding,1.0,0.0,0.9,4,0,5000,24,break,0.0007999999797903001
Start-of-film reinstatement + film-item boost,1.5,1.25,1.0,With reminder,Weak task encoding,1.0,0.0,0.9,4,0,5000,25,break,0.00039999998989515007
Start-of-film reinstatement + film-item boost,1.5,1.25,1.0,With reminder,Weak task encoding,1.0,0.0,0.9,4,0,5000,26,break,0.00019999999494757503
Start-of-film reinstatement + film-item boost,1.5,1.25,1.0,With reminder,Weak task encoding,1.0,0.0,0.9,4,0,5000,27,break,0.0
Start-of-film reinstatement + film-item boost,1.5,1.25,1.0,With reminder,Weak task encoding,1.0,0.0,0.9,4,0,5000,28,break,0.0
Start-of-film reinstatement + film-item boost,1.5,1.25,1.0,With reminder,Weak task encoding,1.0,0.0,0.9,4,0,5000,29,break,0.0
Start-of-film reinstatement + film-item boost,1.5,1.25,1.0,With reminder,Weak task encoding,1.0,0.0,0.9,4,0,5000,30,break,0.0
Start-of-film reinstatement + film-item boost,1.5,1.25,1.0,With reminder,Weak task encoding,1.0,0.0,0.9,4,0,5000,31,break,0.0
Start-of-film reinstatement + film-item boost,1.5,1.25,1.0,With reminder,Weak task encoding,1.0,0.0,0.9,4,0,5000,32,break,0.0
Start-of-film reinstatement + film-item boost,1.5,1.25,1.0,With reminder,Weak task encoding,1.0,0.0,0.9,4,0,5000,33,task,0.01080000028014183
Start-of-film reinstatement + film-item boost,1.5,1.25,1.0,With reminder,Weak task encoding,1.0,0.0,0.9,4,0,5000,34,task,0.006000000052154064
Start-of-film reinstatement + film-item boost,1.5,1.25,1.0,With reminder,Weak task encoding,1.0,0.0,0.9,4,0,5000,35,task,0.006399999838322401
Start-of-film reinstatement + film-item boost,1.5,1.25,1.0,With reminder,Weak task encoding,1.0,0.0,0.9,4,0,5000,36,task,0.004000000189989805
Start-of-film reinstatement + film-item boost,1.5,1.25,1.0,With reminder,Weak task encoding,1.0,0.0,0.9,4,0,5000,37,task,0.002400000113993883
Start-of-film reinstatement + film-item boost,1.5,1.25,1.0,With reminder,Weak task encoding,1.0,0.0,0.9,4,0,5000,38,task,0.0017999999690800905
Start-of-film reinstatement + film-item boost,1.5,1.25,1.0,With reminder,Weak task encoding,1.0,0.0,0.9,4,0,5000,39,task,0.0015999999595806003
Start-of-film reinstatement + film-item boost,1.5,1.25,1.0,With reminder,Weak task encoding,1.0,0.0,0.9,4,0,5000,40,task,0.0020000000949949026
Start-of-film reinstatement + film-item boost,1.5,1.25,1.0,With reminder,Weak task encoding,1.0,0.0,0.9,4,0,5000,41,task,0.0
Start-of-film reinstatement + film-item boost,1.5,1.25,1.0,With reminder,Weak task encoding,1.0,0.0,0.9,4,0,5000,42,task,0.00039999998989515007
Start-of-film reinstatement + film-item boost,1.5,1.25,1.0,With reminder,Weak task encoding,1.0,0.0,0.9,4,0,5000,43,task,0.00019999999494757503
Start-of-film reinstatement + film-item boost,1.5,1.25,1.0,With reminder,Weak task encoding,1.0,0.0,0.9,4,0,5000,44,task,0.0006000000284984708
Start-of-film reinstatement + film-item boost,1.5,1.25,1.0,With reminder,Weak task encoding,1.0,0.0,0.9,4,0,5000,45,task,0.0
Start-of-film reinstatement + film-item boost,1.5,1.25,1.0,With reminder,Weak task encoding,1.0,0.0,0.9,4,0,5000,46,task,0.00019999999494757503
Start-of-film reinstatement + film-item boost,1.5,1.25,1.0,With reminder,Weak task encoding,1.0,0.0,0.9,4,0,5000,47,task,0.00019999999494757503
Start-of-film reinstatement + film-item boost,1.5,1.25,1.0,With reminder,Weak task encoding,1.0,0.0,0.9,4,0,5000,48,task,0.0
Start-of-film reinstatement + film-item boost,1.5,1.25,1.0,With reminder,Weak task encoding,1.0,0.0,0.9,4,0,5000,49,filler,0.0
Start-of-film reinstatement + film-item boost,1.5,1.25,1.0,With reminder,Weak task encoding,1.0,0.0,0.9,4,0,5000,50,filler,0.0
Start-of-film reinstatement + film-item boost,1.5,1.25,1.0,With reminder,Weak task encoding,1.0,0.0,0.9,4,0,5000,51,filler,0.0
Start-of-film reinstatement + film-item boost,1.5,1.25,1.0,With reminder,Weak task encoding,1.0,0.0,0.9,4,0,5000,52,filler,0.0
Start-of-film reinstatement + film-item boost,1.5,1.25,1.0,With reminder,Weak task encoding,1.0,0.0,0.9,4,0,5000,53,filler,0.0
Start-of-film reinstatement + film-item boost,1.5,1.25,1.0,With reminder,Weak task encoding,1.0,0.0,0.9,4,0,5000,54,filler,0.0
Start-of-film reinstatement + film-item boost,1.5,1.25,1.0,With reminder,Weak task encoding,1.0,0.0,0.9,4,0,5000,55,filler,0.0
Start-of-film reinstatement + film-item boost,1.5,1.25,1.0,With reminder,Weak task encoding,1.0,0.0,0.9,4,0,5000,56,filler,0.0
Start-of-film reinstatement + film-item boost,1.5,1.25,1.0,With reminder,Weak task encoding,1.0,0.0,0.9,4,0,5000,57,filler,0.0
Start-of-film reinstatement + film-item boost,1.5,1.25,1.0,With reminder,Weak task encoding,1.0,0.0,0.9,4,0,5000,58,filler,0.0
Start-of-film reinstatement + film-item boost,1.5,1.25,1.0,With reminder,Weak task encoding,1.0,0.0,0.9,4,0,5000,59,filler,0.0
Start-of-film reinstatement + film-item boost,1.5,1.25,1.0,With reminder,Weak task encoding,1.0,0.0,0.9,4,0,5000,60,filler,0.0
Start-of-film reinstatement + film-item boost,1.5,1.25,1.0,With reminder,Weak task encoding,1.0,0.0,0.9,4,0,5000,61,filler,0.0
Start-of-film reinstatement + film-item boost,1.5,1.25,1.0,With reminder,Weak task encoding,1.0,0.0,0.9,4,0,5000,62,filler,0.0
Start-of-film reinstatement + film-item boost,1.5,1.25,1.0,With reminder,Weak task encoding,1.0,0.0,0.9,4,0,5000,63,filler,0.0
Start-of-film reinstatement + film-item boost,1.5,1.25,1.0,With reminder,Weak task encoding,1.0,0.0,0.9,4,0,5000,64,filler,0.0
Start-of-film reinstatement + film-item boost,1.5,1.25,1.0,With reminder,Strong task encoding,2.0,0.0,0.9,4,0,5000,1,film,0.4041999876499176
Start-of-film reinstatement + film-item boost,1.5,1.25,1.0,With reminder,Strong task encoding,2.0,0.0,0.9,4,0,5000,2,film,0.41679999232292175
Start-of-film reinstatement + film-item boost,1.5,1.25,1.0,With reminder,Strong task encoding,2.0,0.0,0.9,4,0,5000,3,film,0.43059998750686646
Start-of-film reinstatement + film-item boost,1.5,1.25,1.0,With reminder,Strong task encoding,2.0,0.0,0.9,4,0,5000,4,film,0.4296000003814697
Start-of-film reinstatement + film-item boost,1.5,1.25,1.0,With reminder,Strong task encoding,2.0,0.0,0.9,4,0,5000,5,film,0.454800009727478
Start-of-film reinstatement + film-item boost,1.5,1.25,1.0,With reminder,Strong task encoding,2.0,0.0,0.9,4,0,5000,6,film,0.4625999927520752
Start-of-film reinstatement + film-item boost,1.5,1.25,1.0,With reminder,Strong task encoding,2.0,0.0,0.9,4,0,5000,7,film,0.46000000834465027
Start-of-film reinstatement + film-item boost,1.5,1.25,1.0,With reminder,Strong task encoding,2.0,0.0,0.9,4,0,5000,8,film,0.4586000144481659
Start-of-film reinstatement + film-item boost,1.5,1.25,1.0,With reminder,Strong task encoding,2.0,0.0,0.9,4,0,5000,9,film,0.4684000015258789
Start-of-film reinstatement + film-item boost,1.5,1.25,1.0,With reminder,Strong task encoding,2.0,0.0,0.9,4,0,5000,10,film,0.4697999954223633
Start-of-film reinstatement + film-item boost,1.5,1.25,1.0,With reminder,Strong task encoding,2.0,0.0,0.9,4,0,5000,11,film,0.4659999907016754
Start-of-film reinstatement + film-item boost,1.5,1.25,1.0,With reminder,Strong task encoding,2.0,0.0,0.9,4,0,5000,12,film,0.45660001039505005
Start-of-film reinstatement + film-item boost,1.5,1.25,1.0,With reminder,Strong task encoding,2.0,0.0,0.9,4,0,5000,13,film,0.4551999866962433
Start-of-film reinstatement + film-item boost,1.5,1.25,1.0,With reminder,Strong task encoding,2.0,0.0,0.9,4,0,5000,14,film,0.43619999289512634
Start-of-film reinstatement + film-item boost,1.5,1.25,1.0,With reminder,Strong task encoding,2.0,0.0,0.9,4,0,5000,15,film,0.438400000333786
Start-of-film reinstatement + film-item boost,1.5,1.25,1.0,With reminder,Strong task encoding,2.0,0.0,0.9,4,0,5000,16,film,0.4092000126838684
Start-of-film reinstatement + film-item boost,1.5,1.25,1.0,With reminder,Strong task encoding,2.0,0.0,0.9,4,0,5000,17,break,0.00860000029206276
Start-of-film reinstatement + film-item boost,1.5,1.25,1.0,With reminder,Strong task encoding,2.0,0.0,0.9,4,0,5000,18,break,0.006200000178068876
Start-of-film reinstatement + film-item boost,1.5,1.25,1.0,With reminder,Strong task encoding,2.0,0.0,0.9,4,0,5000,19,break,0.003599999938160181
Start-of-film reinstatement + film-item boost,1.5,1.25,1.0,With reminder,Strong task encoding,2.0,0.0,0.9,4,0,5000,20,break,0.0026000000070780516
Start-of-film reinstatement + film-item boost,1.5,1.25,1.0,With reminder,Strong task encoding,2.0,0.0,0.9,4,0,5000,21,break,0.0010000000474974513
Start-of-film reinstatement + film-item boost,1.5,1.25,1.0,With reminder,Strong task encoding,2.0,0.0,0.9,4,0,5000,22,break,0.0012000000569969416
Start-of-film reinstatement + film-item boost,1.5,1.25,1.0,With reminder,Strong task encoding,2.0,0.0,0.9,4,0,5000,23,break,0.0006000000284984708
Start-of-film reinstatement + film-item boost,1.5,1.25,1.0,With reminder,Strong task encoding,2.0,0.0,0.9,4,0,5000,24,break,0.0007999999797903001
Start-of-film reinstatement + film-item boost,1.5,1.25,1.0,With reminder,Strong task encoding,2.0,0.0,0.9,4,0,5000,25,break,0.0006000000284984708
Start-of-film reinstatement + film-item boost,1.5,1.25,1.0,With reminder,Strong task encoding,2.0,0.0,0.9,4,0,5000,26,break,0.0010000000474974513
Start-of-film reinstatement + film-item boost,1.5,1.25,1.0,With reminder,Strong task encoding,2.0,0.0,0.9,4,0,5000,27,break,0.0
Start-of-film reinstatement + film-item boost,1.5,1.25,1.0,With reminder,Strong task encoding,2.0,0.0,0.9,4,0,5000,28,break,0.00039999998989515007
Start-of-film reinstatement + film-item boost,1.5,1.25,1.0,With reminder,Strong task encoding,2.0,0.0,0.9,4,0,5000,29,break,0.0
Start-of-film reinstatement + film-item boost,1.5,1.25,1.0,With reminder,Strong task encoding,2.0,0.0,0.9,4,0,5000,30,break,0.00039999998989515007
Start-of-film reinstatement + film-item boost,1.5,1.25,1.0,With reminder,Strong task encoding,2.0,0.0,0.9,4,0,5000,31,break,0.0
Start-of-film reinstatement + film-item boost,1.5,1.25,1.0,With reminder,Strong task encoding,2.0,0.0,0.9,4,0,5000,32,break,0.0
Start-of-film reinstatement + film-item boost,1.5,1.25,1.0,With reminder,Strong task encoding,2.0,0.0,0.9,4,0,5000,33,task,0.11599999666213989
Start-of-film reinstatement + film-item boost,1.5,1.25,1.0,With reminder,Strong task encoding,2.0,0.0,0.9,4,0,5000,34,task,0.09000000357627869
Start-of-film reinstatement + film-item boost,1.5,1.25,1.0,With reminder,Strong task encoding,2.0,0.0,0.9,4,0,5000,35,task,0.05979999899864197
Start-of-film reinstatement + film-item boost,1.5,1.25,1.0,With reminder,Strong task encoding,2.0,0.0,0.9,4,0,5000,36,task,0.0414000004529953
Start-of-film reinstatement + film-item boost,1.5,1.25,1.0,With reminder,Strong task encoding,2.0,0.0,0.9,4,0,5000,37,task,0.03420000150799751
Start-of-film reinstatement + film-item boost,1.5,1.25,1.0,With reminder,Strong task encoding,2.0,0.0,0.9,4,0,5000,38,task,0.02280000038444996
Start-of-film reinstatement + film-item boost,1.5,1.25,1.0,With reminder,Strong task encoding,2.0,0.0,0.9,4,0,5000,39,task,0.01600000075995922
Start-of-film reinstatement + film-item boost,1.5,1.25,1.0,With reminder,Strong task encoding,2.0,0.0,0.9,4,0,5000,40,task,0.013199999928474426
Start-of-film reinstatement + film-item boost,1.5,1.25,1.0,With reminder,Strong task encoding,2.0,0.0,0.9,4,0,5000,41,task,0.00800000037997961
Start-of-film reinstatement + film-item boost,1.5,1.25,1.0,With reminder,Strong task encoding,2.0,0.0,0.9,4,0,5000,42,task,0.004600000102072954
Start-of-film reinstatement + film-item boost,1.5,1.25,1.0,With reminder,Strong task encoding,2.0,0.0,0.9,4,0,5000,43,task,0.005400000140070915
Start-of-film reinstatement + film-item boost,1.5,1.25,1.0,With reminder,Strong task encoding,2.0,0.0,0.9,4,0,5000,44,task,0.003000000026077032
Start-of-film reinstatement + film-item boost,1.5,1.25,1.0,With reminder,Strong task encoding,2.0,0.0,0.9,4,0,5000,45,task,0.002400000113993883
Start-of-film reinstatement + film-item boost,1.5,1.25,1.0,With reminder,Strong task encoding,2.0,0.0,0.9,4,0,5000,46,task,0.0010000000474974513
Start-of-film reinstatement + film-item boost,1.5,1.25,1.0,With reminder,Strong task encoding,2.0,0.0,0.9,4,0,5000,47,task,0.00139999995008111
Start-of-film reinstatement + film-item boost,1.5,1.25,1.0,With reminder,Strong task encoding,2.0,0.0,0.9,4,0,5000,48,task,0.0010000000474974513
Start-of-film reinstatement + film-item boost,1.5,1.25,1.0,With reminder,Strong task encoding,2.0,0.0,0.9,4,0,5000,49,filler,0.00019999999494757503
Start-of-film reinstatement + film-item boost,1.5,1.25,1.0,With reminder,Strong task encoding,2.0,0.0,0.9,4,0,5000,50,filler,0.0
Start-of-film reinstatement + film-item boost,1.5,1.25,1.0,With reminder,Strong task encoding,2.0,0.0,0.9,4,0,5000,51,filler,0.0
Start-of-film reinstatement + film-item boost,1.5,1.25,1.0,With reminder,Strong task encoding,2.0,0.0,0.9,4,0,5000,52,filler,0.0
Start-of-film reinstatement + film-item boost,1.5,1.25,1.0,With reminder,Strong task encoding,2.0,0.0,0.9,4,0,5000,53,filler,0.0
Start-of-film reinstatement + film-item boost,1.5,1.25,1.0,With reminder,Strong task encoding,2.0,0.0,0.9,4,0,5000,54,filler,0.0
Start-of-film reinstatement + film-item boost,1.5,1.25,1.0,With reminder,Strong task encoding,2.0,0.0,0.9,4,0,5000,55,filler,0.0
Start-of-film reinstatement + film-item boost,1.5,1.25,1.0,With reminder,Strong task encoding,2.0,0.0,0.9,4,0,5000,56,filler,0.0
Start-of-film reinstatement + film-item boost,1.5,1.25,1.0,With reminder,Strong task encoding,2.0,0.0,0.9,4,0,5000,57,filler,0.0
Start-of-film reinstatement + film-item boost,1.5,1.25,1.0,With reminder,Strong task encoding,2.0,0.0,0.9,4,0,5000,58,filler,0.0
Start-of-film reinstatement + film-item boost,1.5,1.25,1.0,With reminder,Strong task encoding,2.0,0.0,0.9,4,0,5000,59,filler,0.0
Start-of-film reinstatement + film-item boost,1.5,1.25,1.0,With reminder,Strong task encoding,2.0,0.0,0.9,4,0,5000,60,filler,0.0
Start-of-film reinstatement + film-item boost,1.5,1.25,1.0,With reminder,Strong task encoding,2.0,0.0,0.9,4,0,5000,61,filler,0.0
Start-of-film reinstatement + film-item boost,1.5,1.25,1.0,With reminder,Strong task encoding,2.0,0.0,0.9,4,0,5000,62,filler,0.0
Start-of-film reinstatement + film-item boost,1.5,1.25,1.0,With reminder,Strong task encoding,2.0,0.0,0.9,4,0,5000,63,filler,0.0
Start-of-film reinstatement + film-item boost,1.5,1.25,1.0,With reminder,Strong task encoding,2.0,0.0,0.9,4,0,5000,64,filler,0.0
