retrieval_setting,start_drift_scale,film_item_support_boost,rejected_recall_drift_scale,reminder_condition,task_condition,task_mcf_scale,film_source_start_drift_rate,film_cue_reinstatement,cue_interval,first_cue_after,experiment_count,position,phase,recall_probability
Unguided recall,0.0,0.0,0.25,No reminder,Weak task encoding,1.0,0.0,0.9,4,0,5000,1,film,0.12639999389648438
Unguided recall,0.0,0.0,0.25,No reminder,Weak task encoding,1.0,0.0,0.9,4,0,5000,2,film,0.15960000455379486
Unguided recall,0.0,0.0,0.25,No reminder,Weak task encoding,1.0,0.0,0.9,4,0,5000,3,film,0.19419999420642853
Unguided recall,0.0,0.0,0.25,No reminder,Weak task encoding,1.0,0.0,0.9,4,0,5000,4,film,0.22579999268054962
Unguided recall,0.0,0.0,0.25,No reminder,Weak task encoding,1.0,0.0,0.9,4,0,5000,5,film,0.27000001072883606
Unguided recall,0.0,0.0,0.25,No reminder,Weak task encoding,1.0,0.0,0.9,4,0,5000,6,film,0.30140000581741333
Unguided recall,0.0,0.0,0.25,No reminder,Weak task encoding,1.0,0.0,0.9,4,0,5000,7,film,0.32199999690055847
Unguided recall,0.0,0.0,0.25,No reminder,Weak task encoding,1.0,0.0,0.9,4,0,5000,8,film,0.3497999906539917
Unguided recall,0.0,0.0,0.25,No reminder,Weak task encoding,1.0,0.0,0.9,4,0,5000,9,film,0.35580000281333923
Unguided recall,0.0,0.0,0.25,No reminder,Weak task encoding,1.0,0.0,0.9,4,0,5000,10,film,0.3806000053882599
Unguided recall,0.0,0.0,0.25,No reminder,Weak task encoding,1.0,0.0,0.9,4,0,5000,11,film,0.37119999527931213
Unguided recall,0.0,0.0,0.25,No reminder,Weak task encoding,1.0,0.0,0.9,4,0,5000,12,film,0.39719998836517334
Unguided recall,0.0,0.0,0.25,No reminder,Weak task encoding,1.0,0.0,0.9,4,0,5000,13,film,0.3822000026702881
Unguided recall,0.0,0.0,0.25,No reminder,Weak task encoding,1.0,0.0,0.9,4,0,5000,14,film,0.38499999046325684
Unguided recall,0.0,0.0,0.25,No reminder,Weak task encoding,1.0,0.0,0.9,4,0,5000,15,film,0.3619999885559082
Unguided recall,0.0,0.0,0.25,No reminder,Weak task encoding,1.0,0.0,0.9,4,0,5000,16,film,0.3409999907016754
Unguided recall,0.0,0.0,0.25,No reminder,Weak task encoding,1.0,0.0,0.9,4,0,5000,17,break,0.18780000507831573
Unguided recall,0.0,0.0,0.25,No reminder,Weak task encoding,1.0,0.0,0.9,4,0,5000,18,break,0.13019999861717224
Unguided recall,0.0,0.0,0.25,No reminder,Weak task encoding,1.0,0.0,0.9,4,0,5000,19,break,0.09880000352859497
Unguided recall,0.0,0.0,0.25,No reminder,Weak task encoding,1.0,0.0,0.9,4,0,5000,20,break,0.0706000030040741
Unguided recall,0.0,0.0,0.25,No reminder,Weak task encoding,1.0,0.0,0.9,4,0,5000,21,break,0.05220000073313713
Unguided recall,0.0,0.0,0.25,No reminder,Weak task encoding,1.0,0.0,0.9,4,0,5000,22,break,0.036400001496076584
Unguided recall,0.0,0.0,0.25,No reminder,Weak task encoding,1.0,0.0,0.9,4,0,5000,23,break,0.027400000020861626
Unguided recall,0.0,0.0,0.25,No reminder,Weak task encoding,1.0,0.0,0.9,4,0,5000,24,break,0.018400000408291817
Unguided recall,0.0,0.0,0.25,No reminder,Weak task encoding,1.0,0.0,0.9,4,0,5000,25,break,0.014000000432133675
Unguided recall,0.0,0.0,0.25,No reminder,Weak task encoding,1.0,0.0,0.9,4,0,5000,26,break,0.00800000037997961
Unguided recall,0.0,0.0,0.25,No reminder,Weak task encoding,1.0,0.0,0.9,4,0,5000,27,break,0.004600000102072954
Unguided recall,0.0,0.0,0.25,No reminder,Weak task encoding,1.0,0.0,0.9,4,0,5000,28,break,0.004800000227987766
Unguided recall,0.0,0.0,0.25,No reminder,Weak task encoding,1.0,0.0,0.9,4,0,5000,29,break,0.0034000000450760126
Unguided recall,0.0,0.0,0.25,No reminder,Weak task encoding,1.0,0.0,0.9,4,0,5000,30,break,0.0026000000070780516
Unguided recall,0.0,0.0,0.25,No reminder,Weak task encoding,1.0,0.0,0.9,4,0,5000,31,break,0.002400000113993883
Unguided recall,0.0,0.0,0.25,No reminder,Weak task encoding,1.0,0.0,0.9,4,0,5000,32,break,0.0010000000474974513
Unguided recall,0.0,0.0,0.25,No reminder,Weak task encoding,1.0,0.0,0.9,4,0,5000,33,task,0.002199999988079071
Unguided recall,0.0,0.0,0.25,No reminder,Weak task encoding,1.0,0.0,0.9,4,0,5000,34,task,0.00139999995008111
Unguided recall,0.0,0.0,0.25,No reminder,Weak task encoding,1.0,0.0,0.9,4,0,5000,35,task,0.0007999999797903001
Unguided recall,0.0,0.0,0.25,No reminder,Weak task encoding,1.0,0.0,0.9,4,0,5000,36,task,0.00039999998989515007
Unguided recall,0.0,0.0,0.25,No reminder,Weak task encoding,1.0,0.0,0.9,4,0,5000,37,task,0.00039999998989515007
Unguided recall,0.0,0.0,0.25,No reminder,Weak task encoding,1.0,0.0,0.9,4,0,5000,38,task,0.00039999998989515007
Unguided recall,0.0,0.0,0.25,No reminder,Weak task encoding,1.0,0.0,0.9,4,0,5000,39,task,0.0007999999797903001
Unguided recall,0.0,0.0,0.25,No reminder,Weak task encoding,1.0,0.0,0.9,4,0,5000,40,task,0.0010000000474974513
Unguided recall,0.0,0.0,0.25,No reminder,Weak task encoding,1.0,0.0,0.9,4,0,5000,41,task,0.0012000000569969416
Unguided recall,0.0,0.0,0.25,No reminder,Weak task encoding,1.0,0.0,0.9,4,0,5000,42,task,0.0007999999797903001
Unguided recall,0.0,0.0,0.25,No reminder,Weak task encoding,1.0,0.0,0.9,4,0,5000,43,task,0.00139999995008111
Unguided recall,0.0,0.0,0.25,No reminder,Weak task encoding,1.0,0.0,0.9,4,0,5000,44,task,0.0017999999690800905
Unguided recall,0.0,0.0,0.25,No reminder,Weak task encoding,1.0,0.0,0.9,4,0,5000,45,task,0.0017999999690800905
Unguided recall,0.0,0.0,0.25,No reminder,Weak task encoding,1.0,0.0,0.9,4,0,5000,46,task,0.0017999999690800905
Unguided recall,0.0,0.0,0.25,No reminder,Weak task encoding,1.0,0.0,0.9,4,0,5000,47,task,0.004600000102072954
Unguided recall,0.0,0.0,0.25,No reminder,Weak task encoding,1.0,0.0,0.9,4,0,5000,48,task,0.005200000014156103
Unguided recall,0.0,0.0,0.25,No reminder,Weak task encoding,1.0,0.0,0.9,4,0,5000,49,filler,0.006000000052154064
Unguided recall,0.0,0.0,0.25,No reminder,Weak task encoding,1.0,0.0,0.9,4,0,5000,50,filler,0.00800000037997961
Unguided recall,0.0,0.0,0.25,No reminder,Weak task encoding,1.0,0.0,0.9,4,0,5000,51,filler,0.009800000116229057
Unguided recall,0.0,0.0,0.25,No reminder,Weak task encoding,1.0,0.0,0.9,4,0,5000,52,filler,0.014399999752640724
Unguided recall,0.0,0.0,0.25,No reminder,Weak task encoding,1.0,0.0,0.9,4,0,5000,53,filler,0.02319999970495701
Unguided recall,0.0,0.0,0.25,No reminder,Weak task encoding,1.0,0.0,0.9,4,0,5000,54,filler,0.027000000700354576
Unguided recall,0.0,0.0,0.25,No reminder,Weak task encoding,1.0,0.0,0.9,4,0,5000,55,filler,0.03539999946951866
Unguided recall,0.0,0.0,0.25,No reminder,Weak task encoding,1.0,0.0,0.9,4,0,5000,56,filler,0.05299999937415123
Unguided recall,0.0,0.0,0.25,No reminder,Weak task encoding,1.0,0.0,0.9,4,0,5000,57,filler,0.07180000096559525
Unguided recall,0.0,0.0,0.25,No reminder,Weak task encoding,1.0,0.0,0.9,4,0,5000,58,filler,0.09440000355243683
Unguided recall,0.0,0.0,0.25,No reminder,Weak task encoding,1.0,0.0,0.9,4,0,5000,59,filler,0.13040000200271606
Unguided recall,0.0,0.0,0.25,No reminder,Weak task encoding,1.0,0.0,0.9,4,0,5000,60,filler,0.1876000016927719
Unguided recall,0.0,0.0,0.25,No reminder,Weak task encoding,1.0,0.0,0.9,4,0,5000,61,filler,0.25
Unguided recall,0.0,0.0,0.25,No reminder,Weak task encoding,1.0,0.0,0.9,4,0,5000,62,filler,0.3027999997138977
Unguided recall,0.0,0.0,0.25,No reminder,Weak task encoding,1.0,0.0,0.9,4,0,5000,63,filler,0.3815999925136566
Unguided recall,0.0,0.0,0.25,No reminder,Weak task encoding,1.0,0.0,0.9,4,0,5000,64,filler,0.4602000117301941
Unguided recall,0.0,0.0,0.25,No reminder,Strong task encoding,2.0,0.0,0.9,4,0,5000,1,film,0.12860000133514404
Unguided recall,0.0,0.0,0.25,No reminder,Strong task encoding,2.0,0.0,0.9,4,0,5000,2,film,0.1526000052690506
Unguided recall,0.0,0.0,0.25,No reminder,Strong task encoding,2.0,0.0,0.9,4,0,5000,3,film,0.18780000507831573
Unguided recall,0.0,0.0,0.25,No reminder,Strong task encoding,2.0,0.0,0.9,4,0,5000,4,film,0.21580000221729279
Unguided recall,0.0,0.0,0.25,No reminder,Strong task encoding,2.0,0.0,0.9,4,0,5000,5,film,0.24079999327659607
Unguided recall,0.0,0.0,0.25,No reminder,Strong task encoding,2.0,0.0,0.9,4,0,5000,6,film,0.2694000005722046
Unguided recall,0.0,0.0,0.25,No reminder,Strong task encoding,2.0,0.0,0.9,4,0,5000,7,film,0.3089999854564667
Unguided recall,0.0,0.0,0.25,No reminder,Strong task encoding,2.0,0.0,0.9,4,0,5000,8,film,0.32199999690055847
Unguided recall,0.0,0.0,0.25,No reminder,Strong task encoding,2.0,0.0,0.9,4,0,5000,9,film,0.3431999981403351
Unguided recall,0.0,0.0,0.25,No reminder,Strong task encoding,2.0,0.0,0.9,4,0,5000,10,film,0.35679998993873596
Unguided recall,0.0,0.0,0.25,No reminder,Strong task encoding,2.0,0.0,0.9,4,0,5000,11,film,0.3547999858856201
Unguided recall,0.0,0.0,0.25,No reminder,Strong task encoding,2.0,0.0,0.9,4,0,5000,12,film,0.3720000088214874
Unguided recall,0.0,0.0,0.25,No reminder,Strong task encoding,2.0,0.0,0.9,4,0,5000,13,film,0.36719998717308044
Unguided recall,0.0,0.0,0.25,No reminder,Strong task encoding,2.0,0.0,0.9,4,0,5000,14,film,0.36399999260902405
Unguided recall,0.0,0.0,0.25,No reminder,Strong task encoding,2.0,0.0,0.9,4,0,5000,15,film,0.35040000081062317
Unguided recall,0.0,0.0,0.25,No reminder,Strong task encoding,2.0,0.0,0.9,4,0,5000,16,film,0.3278000056743622
Unguided recall,0.0,0.0,0.25,No reminder,Strong task encoding,2.0,0.0,0.9,4,0,5000,17,break,0.18119999766349792
Unguided recall,0.0,0.0,0.25,No reminder,Strong task encoding,2.0,0.0,0.9,4,0,5000,18,break,0.1298000067472458
Unguided recall,0.0,0.0,0.25,No reminder,Strong task encoding,2.0,0.0,0.9,4,0,5000,19,break,0.08720000088214874
Unguided recall,0.0,0.0,0.25,No reminder,Strong task encoding,2.0,0.0,0.9,4,0,5000,20,break,0.06459999829530716
Unguided recall,0.0,0.0,0.25,No reminder,Strong task encoding,2.0,0.0,0.9,4,0,5000,21,break,0.05079999938607216
Unguided recall,0.0,0.0,0.25,No reminder,Strong task encoding,2.0,0.0,0.9,4,0,5000,22,break,0.03200000151991844
Unguided recall,0.0,0.0,0.25,No reminder,Strong task encoding,2.0,0.0,0.9,4,0,5000,23,break,0.025800000876188278
Unguided recall,0.0,0.0,0.25,No reminder,Strong task encoding,2.0,0.0,0.9,4,0,5000,24,break,0.019999999552965164
Unguided recall,0.0,0.0,0.25,No reminder,Strong task encoding,2.0,0.0,0.9,4,0,5000,25,break,0.013000000268220901
Unguided recall,0.0,0.0,0.25,No reminder,Strong task encoding,2.0,0.0,0.9,4,0,5000,26,break,0.010400000028312206
Unguided recall,0.0,0.0,0.25,No reminder,Strong task encoding,2.0,0.0,0.9,4,0,5000,27,break,0.007199999876320362
Unguided recall,0.0,0.0,0.25,No reminder,Strong task encoding,2.0,0.0,0.9,4,0,5000,28,break,0.006599999964237213
Unguided recall,0.0,0.0,0.25,No reminder,Strong task encoding,2.0,0.0,0.9,4,0,5000,29,break,0.0020000000949949026
Unguided recall,0.0,0.0,0.25,No reminder,Strong task encoding,2.0,0.0,0.9,4,0,5000,30,break,0.00279999990016222
Unguided recall,0.0,0.0,0.25,No reminder,Strong task encoding,2.0,0.0,0.9,4,0,5000,31,break,0.0017999999690800905
Unguided recall,0.0,0.0,0.25,No reminder,Strong task encoding,2.0,0.0,0.9,4,0,5000,32,break,0.0020000000949949026
Unguided recall,0.0,0.0,0.25,No reminder,Strong task encoding,2.0,0.0,0.9,4,0,5000,33,task,0.015200000256299973
Unguided recall,0.0,0.0,0.25,No reminder,Strong task encoding,2.0,0.0,0.9,4,0,5000,34,task,0.015399999916553497
Unguided recall,0.0,0.0,0.25,No reminder,Strong task encoding,2.0,0.0,0.9,4,0,5000,35,task,0.012400000356137753
Unguided recall,0.0,0.0,0.25,No reminder,Strong task encoding,2.0,0.0,0.9,4,0,5000,36,task,0.012400000356137753
Unguided recall,0.0,0.0,0.25,No reminder,Strong task encoding,2.0,0.0,0.9,4,0,5000,37,task,0.012400000356137753
Unguided recall,0.0,0.0,0.25,No reminder,Strong task encoding,2.0,0.0,0.9,4,0,5000,38,task,0.016599999740719795
Unguided recall,0.0,0.0,0.25,No reminder,Strong task encoding,2.0,0.0,0.9,4,0,5000,39,task,0.014999999664723873
Unguided recall,0.0,0.0,0.25,No reminder,Strong task encoding,2.0,0.0,0.9,4,0,5000,40,task,0.01720000058412552
Unguided recall,0.0,0.0,0.25,No reminder,Strong task encoding,2.0,0.0,0.9,4,0,5000,41,task,0.018799999728798866
Unguided recall,0.0,0.0,0.25,No reminder,Strong task encoding,2.0,0.0,0.9,4,0,5000,42,task,0.020600000396370888
Unguided recall,0.0,0.0,0.25,No reminder,Strong task encoding,2.0,0.0,0.9,4,0,5000,43,task,0.024000000208616257
Unguided recall,0.0,0.0,0.25,No reminder,Strong task encoding,2.0,0.0,0.9,4,0,5000,44,task,0.026599999517202377
Unguided recall,0.0,0.0,0.25,No reminder,Strong task encoding,2.0,0.0,0.9,4,0,5000,45,task,0.0284000001847744
Unguided recall,0.0,0.0,0.25,No reminder,Strong task encoding,2.0,0.0,0.9,4,0,5000,46,task,0.04320000112056732
Unguided recall,0.0,0.0,0.25,No reminder,Strong task encoding,2.0,0.0,0.9,4,0,5000,47,task,0.047200001776218414
Unguided recall,0.0,0.0,0.25,No reminder,Strong task encoding,2.0,0.0,0.9,4,0,5000,48,task,0.07020000368356705
Unguided recall,0.0,0.0,0.25,No reminder,Strong task encoding,2.0,0.0,0.9,4,0,5000,49,filler,0.008999999612569809
Unguided recall,0.0,0.0,0.25,No reminder,Strong task encoding,2.0,0.0,0.9,4,0,5000,50,filler,0.008999999612569809
Unguided recall,0.0,0.0,0.25,No reminder,Strong task encoding,2.0,0.0,0.9,4,0,5000,51,filler,0.012000000104308128
Unguided recall,0.0,0.0,0.25,No reminder,Strong task encoding,2.0,0.0,0.9,4,0,5000,52,filler,0.014000000432133675
Unguided recall,0.0,0.0,0.25,No reminder,Strong task encoding,2.0,0.0,0.9,4,0,5000,53,filler,0.021400000900030136
Unguided recall,0.0,0.0,0.25,No reminder,Strong task encoding,2.0,0.0,0.9,4,0,5000,54,filler,0.027799999341368675
Unguided recall,0.0,0.0,0.25,No reminder,Strong task encoding,2.0,0.0,0.9,4,0,5000,55,filler,0.036400001496076584
Unguided recall,0.0,0.0,0.25,No reminder,Strong task encoding,2.0,0.0,0.9,4,0,5000,56,filler,0.047200001776218414
Unguided recall,0.0,0.0,0.25,No reminder,Strong task encoding,2.0,0.0,0.9,4,0,5000,57,filler,0.07159999758005142
Unguided recall,0.0,0.0,0.25,No reminder,Strong task encoding,2.0,0.0,0.9,4,0,5000,58,filler,0.09059999883174896
Unguided recall,0.0,0.0,0.25,No reminder,Strong task encoding,2.0,0.0,0.9,4,0,5000,59,filler,0.11620000004768372
Unguided recall,0.0,0.0,0.25,No reminder,Strong task encoding,2.0,0.0,0.9,4,0,5000,60,filler,0.16279999911785126
Unguided recall,0.0,0.0,0.25,No reminder,Strong task encoding,2.0,0.0,0.9,4,0,5000,61,filler,0.21279999613761902
Unguided recall,0.0,0.0,0.25,No reminder,Strong task encoding,2.0,0.0,0.9,4,0,5000,62,filler,0.28380000591278076
Unguided recall,0.0,0.0,0.25,No reminder,Strong task encoding,2.0,0.0,0.9,4,0,5000,63,filler,0.36980000138282776
Unguided recall,0.0,0.0,0.25,No reminder,Strong task encoding,2.0,0.0,0.9,4,0,5000,64,filler,0.43799999356269836
Unguided recall,0.0,0.0,0.25,With reminder,Weak task encoding,1.0,0.0,0.9,4,0,5000,1,film,0.12020000070333481
Unguided recall,0.0,0.0,0.25,With reminder,Weak task encoding,1.0,0.0,0.9,4,0,5000,2,film,0.13840000331401825
Unguided recall,0.0,0.0,0.25,With reminder,Weak task encoding,1.0,0.0,0.9,4,0,5000,3,film,0.16519999504089355
Unguided recall,0.0,0.0,0.25,With reminder,Weak task encoding,1.0,0.0,0.9,4,0,5000,4,film,0.20399999618530273
Unguided recall,0.0,0.0,0.25,With reminder,Weak task encoding,1.0,0.0,0.9,4,0,5000,5,film,0.2313999980688095
Unguided recall,0.0,0.0,0.25,With reminder,Weak task encoding,1.0,0.0,0.9,4,0,5000,6,film,0.26159998774528503
Unguided recall,0.0,0.0,0.25,With reminder,Weak task encoding,1.0,0.0,0.9,4,0,5000,7,film,0.2770000100135803
Unguided recall,0.0,0.0,0.25,With reminder,Weak task encoding,1.0,0.0,0.9,4,0,5000,8,film,0.29739999771118164
Unguided recall,0.0,0.0,0.25,With reminder,Weak task encoding,1.0,0.0,0.9,4,0,5000,9,film,0.3142000138759613
Unguided recall,0.0,0.0,0.25,With reminder,Weak task encoding,1.0,0.0,0.9,4,0,5000,10,film,0.3325999975204468
Unguided recall,0.0,0.0,0.25,With reminder,Weak task encoding,1.0,0.0,0.9,4,0,5000,11,film,0.3447999954223633
Unguided recall,0.0,0.0,0.25,With reminder,Weak task encoding,1.0,0.0,0.9,4,0,5000,12,film,0.35600000619888306
Unguided recall,0.0,0.0,0.25,With reminder,Weak task encoding,1.0,0.0,0.9,4,0,5000,13,film,0.3499999940395355
Unguided recall,0.0,0.0,0.25,With reminder,Weak task encoding,1.0,0.0,0.9,4,0,5000,14,film,0.3522000014781952
Unguided recall,0.0,0.0,0.25,With reminder,Weak task encoding,1.0,0.0,0.9,4,0,5000,15,film,0.3361999988555908
Unguided recall,0.0,0.0,0.25,With reminder,Weak task encoding,1.0,0.0,0.9,4,0,5000,16,film,0.31619998812675476
Unguided recall,0.0,0.0,0.25,With reminder,Weak task encoding,1.0,0.0,0.9,4,0,5000,17,break,0.16359999775886536
Unguided recall,0.0,0.0,0.25,With reminder,Weak task encoding,1.0,0.0,0.9,4,0,5000,18,break,0.11699999868869781
Unguided recall,0.0,0.0,0.25,With reminder,Weak task encoding,1.0,0.0,0.9,4,0,5000,19,break,0.07680000364780426
Unguided recall,0.0,0.0,0.25,With reminder,Weak task encoding,1.0,0.0,0.9,4,0,5000,20,break,0.05719999969005585
Unguided recall,0.0,0.0,0.25,With reminder,Weak task encoding,1.0,0.0,0.9,4,0,5000,21,break,0.04259999841451645
Unguided recall,0.0,0.0,0.25,With reminder,Weak task encoding,1.0,0.0,0.9,4,0,5000,22,break,0.026399999856948853
Unguided recall,0.0,0.0,0.25,With reminder,Weak task encoding,1.0,0.0,0.9,4,0,5000,23,break,0.019200000911951065
Unguided recall,0.0,0.0,0.25,With reminder,Weak task encoding,1.0,0.0,0.9,4,0,5000,24,break,0.012000000104308128
Unguided recall,0.0,0.0,0.25,With reminder,Weak task encoding,1.0,0.0,0.9,4,0,5000,25,break,0.009200000204145908
Unguided recall,0.0,0.0,0.25,With reminder,Weak task encoding,1.0,0.0,0.9,4,0,5000,26,break,0.006399999838322401
Unguided recall,0.0,0.0,0.25,With reminder,Weak task encoding,1.0,0.0,0.9,4,0,5000,27,break,0.005799999926239252
Unguided recall,0.0,0.0,0.25,With reminder,Weak task encoding,1.0,0.0,0.9,4,0,5000,28,break,0.004399999976158142
Unguided recall,0.0,0.0,0.25,With reminder,Weak task encoding,1.0,0.0,0.9,4,0,5000,29,break,0.00279999990016222
Unguided recall,0.0,0.0,0.25,With reminder,Weak task encoding,1.0,0.0,0.9,4,0,5000,30,break,0.00139999995008111
Unguided recall,0.0,0.0,0.25,With reminder,Weak task encoding,1.0,0.0,0.9,4,0,5000,31,break,0.0020000000949949026
Unguided recall,0.0,0.0,0.25,With reminder,Weak task encoding,1.0,0.0,0.9,4,0,5000,32,break,0.0010000000474974513
Unguided recall,0.0,0.0,0.25,With reminder,Weak task encoding,1.0,0.0,0.9,4,0,5000,33,task,0.19699999690055847
Unguided recall,0.0,0.0,0.25,With reminder,Weak task encoding,1.0,0.0,0.9,4,0,5000,34,task,0.14059999585151672
Unguided recall,0.0,0.0,0.25,With reminder,Weak task encoding,1.0,0.0,0.9,4,0,5000,35,task,0.1080000028014183
Unguided recall,0.0,0.0,0.25,With reminder,Weak task encoding,1.0,0.0,0.9,4,0,5000,36,task,0.07940000295639038
Unguided recall,0.0,0.0,0.25,With reminder,Weak task encoding,1.0,0.0,0.9,4,0,5000,37,task,0.051600001752376556
Unguided recall,0.0,0.0,0.25,With reminder,Weak task encoding,1.0,0.0,0.9,4,0,5000,38,task,0.03840000182390213
Unguided recall,0.0,0.0,0.25,With reminder,Weak task encoding,1.0,0.0,0.9,4,0,5000,39,task,0.03500000014901161
Unguided recall,0.0,0.0,0.25,With reminder,Weak task encoding,1.0,0.0,0.9,4,0,5000,40,task,0.025800000876188278
Unguided recall,0.0,0.0,0.25,With reminder,Weak task encoding,1.0,0.0,0.9,4,0,5000,41,task,0.01720000058412552
Unguided recall,0.0,0.0,0.25,With reminder,Weak task encoding,1.0,0.0,0.9,4,0,5000,42,task,0.013199999928474426
Unguided recall,0.0,0.0,0.25,With reminder,Weak task encoding,1.0,0.0,0.9,4,0,5000,43,task,0.013000000268220901
Unguided recall,0.0,0.0,0.25,With reminder,Weak task encoding,1.0,0.0,0.9,4,0,5000,44,task,0.011599999852478504
Unguided recall,0.0,0.0,0.25,With reminder,Weak task encoding,1.0,0.0,0.9,4,0,5000,45,task,0.008799999952316284
Unguided recall,0.0,0.0,0.25,With reminder,Weak task encoding,1.0,0.0,0.9,4,0,5000,46,task,0.009999999776482582
Unguided recall,0.0,0.0,0.25,With reminder,Weak task encoding,1.0,0.0,0.9,4,0,5000,47,task,0.00860000029206276
Unguided recall,0.0,0.0,0.25,With reminder,Weak task encoding,1.0,0.0,0.9,4,0,5000,48,task,0.009200000204145908
Unguided recall,0.0,0.0,0.25,With reminder,Weak task encoding,1.0,0.0,0.9,4,0,5000,49,filler,0.008200000040233135
Unguided recall,0.0,0.0,0.25,With reminder,Weak task encoding,1.0,0.0,0.9,4,0,5000,50,filler,0.014999999664723873
Unguided recall,0.0,0.0,0.25,With reminder,Weak task encoding,1.0,0.0,0.9,4,0,5000,51,filler,0.016200000420212746
Unguided recall,0.0,0.0,0.25,With reminder,Weak task encoding,1.0,0.0,0.9,4,0,5000,52,filler,0.021199999377131462
Unguided recall,0.0,0.0,0.25,With reminder,Weak task encoding,1.0,0.0,0.9,4,0,5000,53,filler,0.02199999988079071
Unguided recall,0.0,0.0,0.25,With reminder,Weak task encoding,1.0,0.0,0.9,4,0,5000,54,filler,0.03539999946951866
Unguided recall,0.0,0.0,0.25,With reminder,Weak task encoding,1.0,0.0,0.9,4,0,5000,55,filler,0.04179999977350235
Unguided recall,0.0,0.0,0.25,With reminder,Weak task encoding,1.0,0.0,0.9,4,0,5000,56,filler,0.055799998342990875
Unguided recall,0.0,0.0,0.25,With reminder,Weak task encoding,1.0,0.0,0.9,4,0,5000,57,filler,0.06960000097751617
Unguided recall,0.0,0.0,0.25,With reminder,Weak task encoding,1.0,0.0,0.9,4,0,5000,58,filler,0.09139999747276306
Unguided recall,0.0,0.0,0.25,With reminder,Weak task encoding,1.0,0.0,0.9,4,0,5000,59,filler,0.1257999986410141
Unguided recall,0.0,0.0,0.25,With reminder,Weak task encoding,1.0,0.0,0.9,4,0,5000,60,filler,0.17139999568462372
Unguided recall,0.0,0.0,0.25,With reminder,Weak task encoding,1.0,0.0,0.9,4,0,5000,61,filler,0.22599999606609344
Unguided recall,0.0,0.0,0.25,With reminder,Weak task encoding,1.0,0.0,0.9,4,0,5000,62,filler,0.27880001068115234
Unguided recall,0.0,0.0,0.25,With reminder,Weak task encoding,1.0,0.0,0.9,4,0,5000,63,filler,0.3499999940395355
Unguided recall,0.0,0.0,0.25,With reminder,Weak task encoding,1.0,0.0,0.9,4,0,5000,64,filler,0.4325999915599823
Unguided recall,0.0,0.0,0.25,With reminder,Strong task encoding,2.0,0.0,0.9,4,0,5000,1,film,0.06360000371932983
Unguided recall,0.0,0.0,0.25,With reminder,Strong task encoding,2.0,0.0,0.9,4,0,5000,2,film,0.0828000009059906
Unguided recall,0.0,0.0,0.25,With reminder,Strong task encoding,2.0,0.0,0.9,4,0,5000,3,film,0.09960000216960907
Unguided recall,0.0,0.0,0.25,With reminder,Strong task encoding,2.0,0.0,0.9,4,0,5000,4,film,0.11720000207424164
Unguided recall,0.0,0.0,0.25,With reminder,Strong task encoding,2.0,0.0,0.9,4,0,5000,5,film,0.13660000264644623
Unguided recall,0.0,0.0,0.25,With reminder,Strong task encoding,2.0,0.0,0.9,4,0,5000,6,film,0.14339999854564667
Unguided recall,0.0,0.0,0.25,With reminder,Strong task encoding,2.0,0.0,0.9,4,0,5000,7,film,0.147599995136261
Unguided recall,0.0,0.0,0.25,With reminder,Strong task encoding,2.0,0.0,0.9,4,0,5000,8,film,0.15199999511241913
Unguided recall,0.0,0.0,0.25,With reminder,Strong task encoding,2.0,0.0,0.9,4,0,5000,9,film,0.15940000116825104
Unguided recall,0.0,0.0,0.25,With reminder,Strong task encoding,2.0,0.0,0.9,4,0,5000,10,film,0.1648000031709671
Unguided recall,0.0,0.0,0.25,With reminder,Strong task encoding,2.0,0.0,0.9,4,0,5000,11,film,0.16699999570846558
Unguided recall,0.0,0.0,0.25,With reminder,Strong task encoding,2.0,0.0,0.9,4,0,5000,12,film,0.15860000252723694
Unguided recall,0.0,0.0,0.25,With reminder,Strong task encoding,2.0,0.0,0.9,4,0,5000,13,film,0.15780000388622284
Unguided recall,0.0,0.0,0.25,With reminder,Strong task encoding,2.0,0.0,0.9,4,0,5000,14,film,0.15479999780654907
Unguided recall,0.0,0.0,0.25,With reminder,Strong task encoding,2.0,0.0,0.9,4,0,5000,15,film,0.13899999856948853
Unguided recall,0.0,0.0,0.25,With reminder,Strong task encoding,2.0,0.0,0.9,4,0,5000,16,film,0.13699999451637268
Unguided recall,0.0,0.0,0.25,With reminder,Strong task encoding,2.0,0.0,0.9,4,0,5000,17,break,0.05900000035762787
Unguided recall,0.0,0.0,0.25,With reminder,Strong task encoding,2.0,0.0,0.9,4,0,5000,18,break,0.044199999421834946
Unguided recall,0.0,0.0,0.25,With reminder,Strong task encoding,2.0,0.0,0.9,4,0,5000,19,break,0.02539999969303608
Unguided recall,0.0,0.0,0.25,With reminder,Strong task encoding,2.0,0.0,0.9,4,0,5000,20,break,0.017000000923871994
Unguided recall,0.0,0.0,0.25,With reminder,Strong task encoding,2.0,0.0,0.9,4,0,5000,21,break,0.013799999840557575
Unguided recall,0.0,0.0,0.25,With reminder,Strong task encoding,2.0,0.0,0.9,4,0,5000,22,break,0.009800000116229057
Unguided recall,0.0,0.0,0.25,With reminder,Strong task encoding,2.0,0.0,0.9,4,0,5000,23,break,0.007199999876320362
Unguided recall,0.0,0.0,0.25,With reminder,Strong task encoding,2.0,0.0,0.9,4,0,5000,24,break,0.004600000102072954
Unguided recall,0.0,0.0,0.25,With reminder,Strong task encoding,2.0,0.0,0.9,4,0,5000,25,break,0.002400000113993883
Unguided recall,0.0,0.0,0.25,With reminder,Strong task encoding,2.0,0.0,0.9,4,0,5000,26,break,0.002199999988079071
Unguided recall,0.0,0.0,0.25,With reminder,Strong task encoding,2.0,0.0,0.9,4,0,5000,27,break,0.00139999995008111
Unguided recall,0.0,0.0,0.25,With reminder,Strong task encoding,2.0,0.0,0.9,4,0,5000,28,break,0.00039999998989515007
Unguided recall,0.0,0.0,0.25,With reminder,Strong task encoding,2.0,0.0,0.9,4,0,5000,29,break,0.0007999999797903001
Unguided recall,0.0,0.0,0.25,With reminder,Strong task encoding,2.0,0.0,0.9,4,0,5000,30,break,0.0006000000284984708
Unguided recall,0.0,0.0,0.25,With reminder,Strong task encoding,2.0,0.0,0.9,4,0,5000,31,break,0.00039999998989515007
Unguided recall,0.0,0.0,0.25,With reminder,Strong task encoding,2.0,0.0,0.9,4,0,5000,32,break,0.00019999999494757503
Unguided recall,0.0,0.0,0.25,With reminder,Strong task encoding,2.0,0.0,0.9,4,0,5000,33,task,0.592199981212616
Unguided recall,0.0,0.0,0.25,With reminder,Strong task encoding,2.0,0.0,0.9,4,0,5000,34,task,0.5275999903678894
Unguided recall,0.0,0.0,0.25,With reminder,Strong task encoding,2.0,0.0,0.9,4,0,5000,35,task,0.44519999623298645
Unguided recall,0.0,0.0,0.25,With reminder,Strong task encoding,2.0,0.0,0.9,4,0,5000,36,task,0.3919999897480011
Unguided recall,0.0,0.0,0.25,With reminder,Strong task encoding,2.0,0.0,0.9,4,0,5000,37,task,0.34279999136924744
Unguided recall,0.0,0.0,0.25,With reminder,Strong task encoding,2.0,0.0,0.9,4,0,5000,38,task,0.27900001406669617
Unguided recall,0.0,0.0,0.25,With reminder,Strong task encoding,2.0,0.0,0.9,4,0,5000,39,task,0.23960000276565552
Unguided recall,0.0,0.0,0.25,With reminder,Strong task encoding,2.0,0.0,0.9,4,0,5000,40,task,0.19480000436306
Unguided recall,0.0,0.0,0.25,With reminder,Strong task encoding,2.0,0.0,0.9,4,0,5000,41,task,0.17520000040531158
Unguided recall,0.0,0.0,0.25,With reminder,Strong task encoding,2.0,0.0,0.9,4,0,5000,42,task,0.13819999992847443
Unguided recall,0.0,0.0,0.25,With reminder,Strong task encoding,2.0,0.0,0.9,4,0,5000,43,task,0.12639999389648438
Unguided recall,0.0,0.0,0.25,With reminder,Strong task encoding,2.0,0.0,0.9,4,0,5000,44,task,0.11800000071525574
Unguided recall,0.0,0.0,0.25,With reminder,Strong task encoding,2.0,0.0,0.9,4,0,5000,45,task,0.10199999809265137
Unguided recall,0.0,0.0,0.25,With reminder,Strong task encoding,2.0,0.0,0.9,4,0,5000,46,task,0.0949999988079071
Unguided recall,0.0,0.0,0.25,With reminder,Strong task encoding,2.0,0.0,0.9,4,0,5000,47,task,0.09740000218153
Unguided recall,0.0,0.0,0.25,With reminder,Strong task encoding,2.0,0.0,0.9,4,0,5000,48,task,0.10019999742507935
Unguided recall,0.0,0.0,0.25,With reminder,Strong task encoding,2.0,0.0,0.9,4,0,5000,49,filler,0.010400000028312206
Unguided recall,0.0,0.0,0.25,With reminder,Strong task encoding,2.0,0.0,0.9,4,0,5000,50,filler,0.01080000028014183
Unguided recall,0.0,0.0,0.25,With reminder,Strong task encoding,2.0,0.0,0.9,4,0,5000,51,filler,0.012199999764561653
Unguided recall,0.0,0.0,0.25,With reminder,Strong task encoding,2.0,0.0,0.9,4,0,5000,52,filler,0.009800000116229057
Unguided recall,0.0,0.0,0.25,With reminder,Strong task encoding,2.0,0.0,0.9,4,0,5000,53,filler,0.015399999916553497
Unguided recall,0.0,0.0,0.25,With reminder,Strong task encoding,2.0,0.0,0.9,4,0,5000,54,filler,0.017400000244379044
Unguided recall,0.0,0.0,0.25,With reminder,Strong task encoding,2.0,0.0,0.9,4,0,5000,55,filler,0.02199999988079071
Unguided recall,0.0,0.0,0.25,With reminder,Strong task encoding,2.0,0.0,0.9,4,0,5000,56,filler,0.032999999821186066
Unguided recall,0.0,0.0,0.25,With reminder,Strong task encoding,2.0,0.0,0.9,4,0,5000,57,filler,0.044599998742341995
Unguided recall,0.0,0.0,0.25,With reminder,Strong task encoding,2.0,0.0,0.9,4,0,5000,58,filler,0.06040000170469284
Unguided recall,0.0,0.0,0.25,With reminder,Strong task encoding,2.0,0.0,0.9,4,0,5000,59,filler,0.0812000036239624
Unguided recall,0.0,0.0,0.25,With reminder,Strong task encoding,2.0,0.0,0.9,4,0,5000,60,filler,0.10540000349283218
Unguided recall,0.0,0.0,0.25,With reminder,Strong task encoding,2.0,0.0,0.9,4,0,5000,61,filler,0.13220000267028809
Unguided recall,0.0,0.0,0.25,With reminder,Strong task encoding,2.0,0.0,0.9,4,0,5000,62,filler,0.1785999983549118
Unguided recall,0.0,0.0,0.25,With reminder,Strong task encoding,2.0,0.0,0.9,4,0,5000,63,filler,0.22540000081062317
Unguided recall,0.0,0.0,0.25,With reminder,Strong task encoding,2.0,0.0,0.9,4,0,5000,64,filler,0.3052000105381012
Start-of-film reinstatement,1.0,0.0,0.25,No reminder,Weak task encoding,1.0,0.0,0.9,4,0,5000,1,film,0.35040000081062317
Start-of-film reinstatement,1.0,0.0,0.25,No reminder,Weak task encoding,1.0,0.0,0.9,4,0,5000,2,film,0.34380000829696655
Start-of-film reinstatement,1.0,0.0,0.25,No reminder,Weak task encoding,1.0,0.0,0.9,4,0,5000,3,film,0.36660000681877136
Start-of-film reinstatement,1.0,0.0,0.25,No reminder,Weak task encoding,1.0,0.0,0.9,4,0,5000,4,film,0.3953999876976013
Start-of-film reinstatement,1.0,0.0,0.25,No reminder,Weak task encoding,1.0,0.0,0.9,4,0,5000,5,film,0.41780000925064087
Start-of-film reinstatement,1.0,0.0,0.25,No reminder,Weak task encoding,1.0,0.0,0.9,4,0,5000,6,film,0.44179999828338623
Start-of-film reinstatement,1.0,0.0,0.25,No reminder,Weak task encoding,1.0,0.0,0.9,4,0,5000,7,film,0.4634000062942505
Start-of-film reinstatement,1.0,0.0,0.25,No reminder,Weak task encoding,1.0,0.0,0.9,4,0,5000,8,film,0.4715999960899353
Start-of-film reinstatement,1.0,0.0,0.25,No reminder,Weak task encoding,1.0,0.0,0.9,4,0,5000,9,film,0.4650000035762787
Start-of-film reinstatement,1.0,0.0,0.25,No reminder,Weak task encoding,1.0,0.0,0.9,4,0,5000,10,film,0.46799999475479126
Start-of-film reinstatement,1.0,0.0,0.25,No reminder,Weak task encoding,1.0,0.0,0.9,4,0,5000,11,film,0.4860000014305115
Start-of-film reinstatement,1.0,0.0,0.25,No reminder,Weak task encoding,1.0,0.0,0.9,4,0,5000,12,film,0.4722000062465668
Start-of-film reinstatement,1.0,0.0,0.25,No reminder,Weak task encoding,1.0,0.0,0.9,4,0,5000,13,film,0.4603999853134155
Start-of-film reinstatement,1.0,0.0,0.25,No reminder,Weak task encoding,1.0,0.0,0.9,4,0,5000,14,film,0.4422000050544739
Start-of-film reinstatement,1.0,0.0,0.25,No reminder,Weak task encoding,1.0,0.0,0.9,4,0,5000,15,film,0.4251999855041504
Start-of-film reinstatement,1.0,0.0,0.25,No reminder,Weak task encoding,1.0,0.0,0.9,4,0,5000,16,film,0.3901999890804291
Start-of-film reinstatement,1.0,0.0,0.25,No reminder,Weak task encoding,1.0,0.0,0.9,4,0,5000,17,break,0.19740000367164612
Start-of-film reinstatement,1.0,0.0,0.25,No reminder,Weak task encoding,1.0,0.0,0.9,4,0,5000,18,break,0.13420000672340393
Start-of-film reinstatement,1.0,0.0,0.25,No reminder,Weak task encoding,1.0,0.0,0.9,4,0,5000,19,break,0.10360000282526016
Start-of-film reinstatement,1.0,0.0,0.25,No reminder,Weak task encoding,1.0,0.0,0.9,4,0,5000,20,break,0.07100000232458115
Start-of-film reinstatement,1.0,0.0,0.25,No reminder,Weak task encoding,1.0,0.0,0.9,4,0,5000,21,break,0.050200000405311584
Start-of-film reinstatement,1.0,0.0,0.25,No reminder,Weak task encoding,1.0,0.0,0.9,4,0,5000,22,break,0.033399999141693115
Start-of-film reinstatement,1.0,0.0,0.25,No reminder,Weak task encoding,1.0,0.0,0.9,4,0,5000,23,break,0.018799999728798866
Start-of-film reinstatement,1.0,0.0,0.25,No reminder,Weak task encoding,1.0,0.0,0.9,4,0,5000,24,break,0.017400000244379044
Start-of-film reinstatement,1.0,0.0,0.25,No reminder,Weak task encoding,1.0,0.0,0.9,4,0,5000,25,break,0.01140000019222498
Start-of-film reinstatement,1.0,0.0,0.25,No reminder,Weak task encoding,1.0,0.0,0.9,4,0,5000,26,break,0.007799999788403511
Start-of-film reinstatement,1.0,0.0,0.25,No reminder,Weak task encoding,1.0,0.0,0.9,4,0,5000,27,break,0.007400000002235174
Start-of-film reinstatement,1.0,0.0,0.25,No reminder,Weak task encoding,1.0,0.0,0.9,4,0,5000,28,break,0.0031999999191612005
Start-of-film reinstatement,1.0,0.0,0.25,No reminder,Weak task encoding,1.0,0.0,0.9,4,0,5000,29,break,0.0020000000949949026
Start-of-film reinstatement,1.0,0.0,0.25,No reminder,Weak task encoding,1.0,0.0,0.9,4,0,5000,30,break,0.0017999999690800905
Start-of-film reinstatement,1.0,0.0,0.25,No reminder,Weak task encoding,1.0,0.0,0.9,4,0,5000,31,break,0.0012000000569969416
Start-of-film reinstatement,1.0,0.0,0.25,No reminder,Weak task encoding,1.0,0.0,0.9,4,0,5000,32,break,0.00139999995008111
Start-of-film reinstatement,1.0,0.0,0.25,No reminder,Weak task encoding,1.0,0.0,0.9,4,0,5000,33,task,0.0006000000284984708
Start-of-film reinstatement,1.0,0.0,0.25,No reminder,Weak task encoding,1.0,0.0,0.9,4,0,5000,34,task,0.0010000000474974513
Start-of-film reinstatement,1.0,0.0,0.25,No reminder,Weak task encoding,1.0,0.0,0.9,4,0,5000,35,task,0.00039999998989515007
Start-of-film reinstatement,1.0,0.0,0.25,No reminder,Weak task encoding,1.0,0.0,0.9,4,0,5000,36,task,0.00019999999494757503
Start-of-film reinstatement,1.0,0.0,0.25,No reminder,Weak task encoding,1.0,0.0,0.9,4,0,5000,37,task,0.0
Start-of-film reinstatement,1.0,0.0,0.25,No reminder,Weak task encoding,1.0,0.0,0.9,4,0,5000,38,task,0.00039999998989515007
Start-of-film reinstatement,1.0,0.0,0.25,No reminder,Weak task encoding,1.0,0.0,0.9,4,0,5000,39,task,0.0
Start-of-film reinstatement,1.0,0.0,0.25,No reminder,Weak task encoding,1.0,0.0,0.9,4,0,5000,40,task,0.00019999999494757503
Start-of-film reinstatement,1.0,0.0,0.25,No reminder,Weak task encoding,1.0,0.0,0.9,4,0,5000,41,task,0.00019999999494757503
Start-of-film reinstatement,1.0,0.0,0.25,No reminder,Weak task encoding,1.0,0.0,0.9,4,0,5000,42,task,0.0
Start-of-film reinstatement,1.0,0.0,0.25,No reminder,Weak task encoding,1.0,0.0,0.9,4,0,5000,43,task,0.0
Start-of-film reinstatement,1.0,0.0,0.25,No reminder,Weak task encoding,1.0,0.0,0.9,4,0,5000,44,task,0.0
Start-of-film reinstatement,1.0,0.0,0.25,No reminder,Weak task encoding,1.0,0.0,0.9,4,0,5000,45,task,0.00019999999494757503
Start-of-film reinstatement,1.0,0.0,0.25,No reminder,Weak task encoding,1.0,0.0,0.9,4,0,5000,46,task,0.0
Start-of-film reinstatement,1.0,0.0,0.25,No reminder,Weak task encoding,1.0,0.0,0.9,4,0,5000,47,task,0.00019999999494757503
Start-of-film reinstatement,1.0,0.0,0.25,No reminder,Weak task encoding,1.0,0.0,0.9,4,0,5000,48,task,0.0006000000284984708
Start-of-film reinstatement,1.0,0.0,0.25,No reminder,Weak task encoding,1.0,0.0,0.9,4,0,5000,49,filler,0.0006000000284984708
Start-of-film reinstatement,1.0,0.0,0.25,No reminder,Weak task encoding,1.0,0.0,0.9,4,0,5000,50,filler,0.0007999999797903001
Start-of-film reinstatement,1.0,0.0,0.25,No reminder,Weak task encoding,1.0,0.0,0.9,4,0,5000,51,filler,0.0006000000284984708
Start-of-film reinstatement,1.0,0.0,0.25,No reminder,Weak task encoding,1.0,0.0,0.9,4,0,5000,52,filler,0.00039999998989515007
Start-of-film reinstatement,1.0,0.0,0.25,No reminder,Weak task encoding,1.0,0.0,0.9,4,0,5000,53,filler,0.00039999998989515007
Start-of-film reinstatement,1.0,0.0,0.25,No reminder,Weak task encoding,1.0,0.0,0.9,4,0,5000,54,filler,0.0012000000569969416
Start-of-film reinstatement,1.0,0.0,0.25,No reminder,Weak task encoding,1.0,0.0,0.9,4,0,5000,55,filler,0.0015999999595806003
Start-of-film reinstatement,1.0,0.0,0.25,No reminder,Weak task encoding,1.0,0.0,0.9,4,0,5000,56,filler,0.0015999999595806003
Start-of-film reinstatement,1.0,0.0,0.25,No reminder,Weak task encoding,1.0,0.0,0.9,4,0,5000,57,filler,0.003000000026077032
Start-of-film reinstatement,1.0,0.0,0.25,No reminder,Weak task encoding,1.0,0.0,0.9,4,0,5000,58,filler,0.006200000178068876
Start-of-film reinstatement,1.0,0.0,0.25,No reminder,Weak task encoding,1.0,0.0,0.9,4,0,5000,59,filler,0.005799999926239252
Start-of-film reinstatement,1.0,0.0,0.25,No reminder,Weak task encoding,1.0,0.0,0.9,4,0,5000,60,filler,0.00800000037997961
Start-of-film reinstatement,1.0,0.0,0.25,No reminder,Weak task encoding,1.0,0.0,0.9,4,0,5000,61,filler,0.015200000256299973
Start-of-film reinstatement,1.0,0.0,0.25,No reminder,Weak task encoding,1.0,0.0,0.9,4,0,5000,62,filler,0.017400000244379044
Start-of-film reinstatement,1.0,0.0,0.25,No reminder,Weak task encoding,1.0,0.0,0.9,4,0,5000,63,filler,0.022199999541044235
Start-of-film reinstatement,1.0,0.0,0.25,No reminder,Weak task encoding,1.0,0.0,0.9,4,0,5000,64,filler,0.03180000185966492
Start-of-film reinstatement,1.0,0.0,0.25,No reminder,Strong task encoding,2.0,0.0,0.9,4,0,5000,1,film,0.3402000069618225
Start-of-film reinstatement,1.0,0.0,0.25,No reminder,Strong task encoding,2.0,0.0,0.9,4,0,5000,2,film,0.3614000082015991
Start-of-film reinstatement,1.0,0.0,0.25,No reminder,Strong task encoding,2.0,0.0,0.9,4,0,5000,3,film,0.3614000082015991
Start-of-film reinstatement,1.0,0.0,0.25,No reminder,Strong task encoding,2.0,0.0,0.9,4,0,5000,4,film,0.3986000120639801
Start-of-film reinstatement,1.0,0.0,0.25,No reminder,Strong task encoding,2.0,0.0,0.9,4,0,5000,5,film,0.41819998621940613
Start-of-film reinstatement,1.0,0.0,0.25,No reminder,Strong task encoding,2.0,0.0,0.9,4,0,5000,6,film,0.4399999976158142
Start-of-film reinstatement,1.0,0.0,0.25,No reminder,Strong task encoding,2.0,0.0,0.9,4,0,5000,7,film,0.4431999921798706
Start-of-film reinstatement,1.0,0.0,0.25,No reminder,Strong task encoding,2.0,0.0,0.9,4,0,5000,8,film,0.46399998664855957
Start-of-film reinstatement,1.0,0.0,0.25,No reminder,Strong task encoding,2.0,0.0,0.9,4,0,5000,9,film,0.46720001101493835
Start-of-film reinstatement,1.0,0.0,0.25,No reminder,Strong task encoding,2.0,0.0,0.9,4,0,5000,10,film,0.4772000014781952
Start-of-film reinstatement,1.0,0.0,0.25,No reminder,Strong task encoding,2.0,0.0,0.9,4,0,5000,11,film,0.4742000102996826
Start-of-film reinstatement,1.0,0.0,0.25,No reminder,Strong task encoding,2.0,0.0,0.9,4,0,5000,12,film,0.48179998993873596
Start-of-film reinstatement,1.0,0.0,0.25,No reminder,Strong task encoding,2.0,0.0,0.9,4,0,5000,13,film,0.4519999921321869
Start-of-film reinstatement,1.0,0.0,0.25,No reminder,Strong task encoding,2.0,0.0,0.9,4,0,5000,14,film,0.4221999943256378
Start-of-film reinstatement,1.0,0.0,0.25,No reminder,Strong task encoding,2.0,0.0,0.9,4,0,5000,15,film,0.4050000011920929
Start-of-film reinstatement,1.0,0.0,0.25,No reminder,Strong task encoding,2.0,0.0,0.9,4,0,5000,16,film,0.37459999322891235
Start-of-film reinstatement,1.0,0.0,0.25,No reminder,Strong task encoding,2.0,0.0,0.9,4,0,5000,17,break,0.20600000023841858
Start-of-film reinstatement,1.0,0.0,0.25,No reminder,Strong task encoding,2.0,0.0,0.9,4,0,5000,18,break,0.1420000046491623
Start-of-film reinstatement,1.0,0.0,0.25,No reminder,Strong task encoding,2.0,0.0,0.9,4,0,5000,19,break,0.10040000081062317
Start-of-film reinstatement,1.0,0.0,0.25,No reminder,Strong task encoding,2.0,0.0,0.9,4,0,5000,20,break,0.0681999996304512
Start-of-film reinstatement,1.0,0.0,0.25,No reminder,Strong task encoding,2.0,0.0,0.9,4,0,5000,21,break,0.04560000076889992
Start-of-film reinstatement,1.0,0.0,0.25,No reminder,Strong task encoding,2.0,0.0,0.9,4,0,5000,22,break,0.032600000500679016
Start-of-film reinstatement,1.0,0.0,0.25,No reminder,Strong task encoding,2.0,0.0,0.9,4,0,5000,23,break,0.020999999716877937
Start-of-film reinstatement,1.0,0.0,0.25,No reminder,Strong task encoding,2.0,0.0,0.9,4,0,5000,24,break,0.017000000923871994
Start-of-film reinstatement,1.0,0.0,0.25,No reminder,Strong task encoding,2.0,0.0,0.9,4,0,5000,25,break,0.010999999940395355
Start-of-film reinstatement,1.0,0.0,0.25,No reminder,Strong task encoding,2.0,0.0,0.9,4,0,5000,26,break,0.008200000040233135
Start-of-film reinstatement,1.0,0.0,0.25,No reminder,Strong task encoding,2.0,0.0,0.9,4,0,5000,27,break,0.004800000227987766
Start-of-film reinstatement,1.0,0.0,0.25,No reminder,Strong task encoding,2.0,0.0,0.9,4,0,5000,28,break,0.0026000000070780516
Start-of-film reinstatement,1.0,0.0,0.25,No reminder,Strong task encoding,2.0,0.0,0.9,4,0,5000,29,break,0.00139999995008111
Start-of-film reinstatement,1.0,0.0,0.25,No reminder,Strong task encoding,2.0,0.0,0.9,4,0,5000,30,break,0.00139999995008111
Start-of-film reinstatement,1.0,0.0,0.25,No reminder,Strong task encoding,2.0,0.0,0.9,4,0,5000,31,break,0.0010000000474974513
Start-of-film reinstatement,1.0,0.0,0.25,No reminder,Strong task encoding,2.0,0.0,0.9,4,0,5000,32,break,0.0010000000474974513
Start-of-film reinstatement,1.0,0.0,0.25,No reminder,Strong task encoding,2.0,0.0,0.9,4,0,5000,33,task,0.00839999970048666
Start-of-film reinstatement,1.0,0.0,0.25,No reminder,Strong task encoding,2.0,0.0,0.9,4,0,5000,34,task,0.004399999976158142
Start-of-film reinstatement,1.0,0.0,0.25,No reminder,Strong task encoding,2.0,0.0,0.9,4,0,5000,35,task,0.003800000064074993
Start-of-film reinstatement,1.0,0.0,0.25,No reminder,Strong task encoding,2.0,0.0,0.9,4,0,5000,36,task,0.00419999985024333
Start-of-film reinstatement,1.0,0.0,0.25,No reminder,Strong task encoding,2.0,0.0,0.9,4,0,5000,37,task,0.0020000000949949026
Start-of-film reinstatement,1.0,0.0,0.25,No reminder,Strong task encoding,2.0,0.0,0.9,4,0,5000,38,task,0.0020000000949949026
Start-of-film reinstatement,1.0,0.0,0.25,No reminder,Strong task encoding,2.0,0.0,0.9,4,0,5000,39,task,0.0026000000070780516
Start-of-film reinstatement,1.0,0.0,0.25,No reminder,Strong task encoding,2.0,0.0,0.9,4,0,5000,40,task,0.0010000000474974513
Start-of-film reinstatement,1.0,0.0,0.25,No reminder,Strong task encoding,2.0,0.0,0.9,4,0,5000,41,task,0.00039999998989515007
Start-of-film reinstatement,1.0,0.0,0.25,No reminder,Strong task encoding,2.0,0.0,0.9,4,0,5000,42,task,0.0007999999797903001
Start-of-film reinstatement,1.0,0.0,0.25,No reminder,Strong task encoding,2.0,0.0,0.9,4,0,5000,43,task,0.0017999999690800905
Start-of-film reinstatement,1.0,0.0,0.25,No reminder,Strong task encoding,2.0,0.0,0.9,4,0,5000,44,task,0.00139999995008111
Start-of-film reinstatement,1.0,0.0,0.25,No reminder,Strong task encoding,2.0,0.0,0.9,4,0,5000,45,task,0.0015999999595806003
Start-of-film reinstatement,1.0,0.0,0.25,No reminder,Strong task encoding,2.0,0.0,0.9,4,0,5000,46,task,0.0012000000569969416
Start-of-film reinstatement,1.0,0.0,0.25,No reminder,Strong task encoding,2.0,0.0,0.9,4,0,5000,47,task,0.0015999999595806003
Start-of-film reinstatement,1.0,0.0,0.25,No reminder,Strong task encoding,2.0,0.0,0.9,4,0,5000,48,task,0.0034000000450760126
Start-of-film reinstatement,1.0,0.0,0.25,No reminder,Strong task encoding,2.0,0.0,0.9,4,0,5000,49,filler,0.0007999999797903001
Start-of-film reinstatement,1.0,0.0,0.25,No reminder,Strong task encoding,2.0,0.0,0.9,4,0,5000,50,filler,0.00019999999494757503
Start-of-film reinstatement,1.0,0.0,0.25,No reminder,Strong task encoding,2.0,0.0,0.9,4,0,5000,51,filler,0.0007999999797903001
Start-of-film reinstatement,1.0,0.0,0.25,No reminder,Strong task encoding,2.0,0.0,0.9,4,0,5000,52,filler,0.0007999999797903001
Start-of-film reinstatement,1.0,0.0,0.25,No reminder,Strong task encoding,2.0,0.0,0.9,4,0,5000,53,filler,0.0007999999797903001
Start-of-film reinstatement,1.0,0.0,0.25,No reminder,Strong task encoding,2.0,0.0,0.9,4,0,5000,54,filler,0.0010000000474974513
Start-of-film reinstatement,1.0,0.0,0.25,No reminder,Strong task encoding,2.0,0.0,0.9,4,0,5000,55,filler,0.002199999988079071
Start-of-film reinstatement,1.0,0.0,0.25,No reminder,Strong task encoding,2.0,0.0,0.9,4,0,5000,56,filler,0.002400000113993883
Start-of-film reinstatement,1.0,0.0,0.25,No reminder,Strong task encoding,2.0,0.0,0.9,4,0,5000,57,filler,0.004600000102072954
Start-of-film reinstatement,1.0,0.0,0.25,No reminder,Strong task encoding,2.0,0.0,0.9,4,0,5000,58,filler,0.004600000102072954
Start-of-film reinstatement,1.0,0.0,0.25,No reminder,Strong task encoding,2.0,0.0,0.9,4,0,5000,59,filler,0.007400000002235174
Start-of-film reinstatement,1.0,0.0,0.25,No reminder,Strong task encoding,2.0,0.0,0.9,4,0,5000,60,filler,0.009600000455975533
Start-of-film reinstatement,1.0,0.0,0.25,No reminder,Strong task encoding,2.0,0.0,0.9,4,0,5000,61,filler,0.013199999928474426
Start-of-film reinstatement,1.0,0.0,0.25,No reminder,Strong task encoding,2.0,0.0,0.9,4,0,5000,62,filler,0.017400000244379044
Start-of-film reinstatement,1.0,0.0,0.25,No reminder,Strong task encoding,2.0,0.0,0.9,4,0,5000,63,filler,0.028200000524520874
Start-of-film reinstatement,1.0,0.0,0.25,No reminder,Strong task encoding,2.0,0.0,0.9,4,0,5000,64,filler,0.036400001496076584
Start-of-film reinstatement,1.0,0.0,0.25,With reminder,Weak task encoding,1.0,0.0,0.9,4,0,5000,1,film,0.3301999866962433
Start-of-film reinstatement,1.0,0.0,0.25,With reminder,Weak task encoding,1.0,0.0,0.9,4,0,5000,2,film,0.31679999828338623
Start-of-film reinstatement,1.0,0.0,0.25,With reminder,Weak task encoding,1.0,0.0,0.9,4,0,5000,3,film,0.33959999680519104
Start-of-film reinstatement,1.0,0.0,0.25,With reminder,Weak task encoding,1.0,0.0,0.9,4,0,5000,4,film,0.36039999127388
Start-of-film reinstatement,1.0,0.0,0.25,With reminder,Weak task encoding,1.0,0.0,0.9,4,0,5000,5,film,0.38679999113082886
Start-of-film reinstatement,1.0,0.0,0.25,With reminder,Weak task encoding,1.0,0.0,0.9,4,0,5000,6,film,0.39959999918937683
Start-of-film reinstatement,1.0,0.0,0.25,With reminder,Weak task encoding,1.0,0.0,0.9,4,0,5000,7,film,0.4221999943256378
Start-of-film reinstatement,1.0,0.0,0.25,With reminder,Weak task encoding,1.0,0.0,0.9,4,0,5000,8,film,0.4244000017642975
Start-of-film reinstatement,1.0,0.0,0.25,With reminder,Weak task encoding,1.0,0.0,0.9,4,0,5000,9,film,0.426800012588501
Start-of-film reinstatement,1.0,0.0,0.25,With reminder,Weak task encoding,1.0,0.0,0.9,4,0,5000,10,film,0.4490000009536743
Start-of-film reinstatement,1.0,0.0,0.25,With reminder,Weak task encoding,1.0,0.0,0.9,4,0,5000,11,film,0.4426000118255615
Start-of-film reinstatement,1.0,0.0,0.25,With reminder,Weak task encoding,1.0,0.0,0.9,4,0,5000,12,film,0.4334000051021576
Start-of-film reinstatement,1.0,0.0,0.25,With reminder,Weak task encoding,1.0,0.0,0.9,4,0,5000,13,film,0.4138000011444092
Start-of-film reinstatement,1.0,0.0,0.25,With reminder,Weak task encoding,1.0,0.0,0.9,4,0,5000,14,film,0.4004000127315521
Start-of-film reinstatement,1.0,0.0,0.25,With reminder,Weak task encoding,1.0,0.0,0.9,4,0,5000,15,film,0.37700000405311584
Start-of-film reinstatement,1.0,0.0,0.25,With reminder,Weak task encoding,1.0,0.0,0.9,4,0,5000,16,film,0.32760000228881836
Start-of-film reinstatement,1.0,0.0,0.25,With reminder,Weak task encoding,1.0,0.0,0.9,4,0,5000,17,break,0.17479999363422394
Start-of-film reinstatement,1.0,0.0,0.25,With reminder,Weak task encoding,1.0,0.0,0.9,4,0,5000,18,break,0.12460000067949295
Start-of-film reinstatement,1.0,0.0,0.25,With reminder,Weak task encoding,1.0,0.0,0.9,4,0,5000,19,break,0.08139999955892563
Start-of-film reinstatement,1.0,0.0,0.25,With reminder,Weak task encoding,1.0,0.0,0.9,4,0,5000,20,break,0.06019999831914902
Start-of-film reinstatement,1.0,0.0,0.25,With reminder,Weak task encoding,1.0,0.0,0.9,4,0,5000,21,break,0.03819999843835831
Start-of-film reinstatement,1.0,0.0,0.25,With reminder,Weak task encoding,1.0,0.0,0.9,4,0,5000,22,break,0.028200000524520874
Start-of-film reinstatement,1.0,0.0,0.25,With reminder,Weak task encoding,1.0,0.0,0.9,4,0,5000,23,break,0.015200000256299973
Start-of-film reinstatement,1.0,0.0,0.25,With reminder,Weak task encoding,1.0,0.0,0.9,4,0,5000,24,break,0.010599999688565731
Start-of-film reinstatement,1.0,0.0,0.25,With reminder,Weak task encoding,1.0,0.0,0.9,4,0,5000,25,break,0.005799999926239252
Start-of-film reinstatement,1.0,0.0,0.25,With reminder,Weak task encoding,1.0,0.0,0.9,4,0,5000,26,break,0.006599999964237213
Start-of-film reinstatement,1.0,0.0,0.25,With reminder,Weak task encoding,1.0,0.0,0.9,4,0,5000,27,break,0.00419999985024333
Start-of-film reinstatement,1.0,0.0,0.25,With reminder,Weak task encoding,1.0,0.0,0.9,4,0,5000,28,break,0.003000000026077032
Start-of-film reinstatement,1.0,0.0,0.25,With reminder,Weak task encoding,1.0,0.0,0.9,4,0,5000,29,break,0.00139999995008111
Start-of-film reinstatement,1.0,0.0,0.25,With reminder,Weak task encoding,1.0,0.0,0.9,4,0,5000,30,break,0.0010000000474974513
Start-of-film reinstatement,1.0,0.0,0.25,With reminder,Weak task encoding,1.0,0.0,0.9,4,0,5000,31,break,0.00039999998989515007
Start-of-film reinstatement,1.0,0.0,0.25,With reminder,Weak task encoding,1.0,0.0,0.9,4,0,5000,32,break,0.0007999999797903001
Start-of-film reinstatement,1.0,0.0,0.25,With reminder,Weak task encoding,1.0,0.0,0.9,4,0,5000,33,task,0.2223999947309494
Start-of-film reinstatement,1.0,0.0,0.25,With reminder,Weak task encoding,1.0,0.0,0.9,4,0,5000,34,task,0.1589999943971634
Start-of-film reinstatement,1.0,0.0,0.25,With reminder,Weak task encoding,1.0,0.0,0.9,4,0,5000,35,task,0.11140000075101852
Start-of-film reinstatement,1.0,0.0,0.25,With reminder,Weak task encoding,1.0,0.0,0.9,4,0,5000,36,task,0.07360000163316727
Start-of-film reinstatement,1.0,0.0,0.25,With reminder,Weak task encoding,1.0,0.0,0.9,4,0,5000,37,task,0.053599998354911804
Start-of-film reinstatement,1.0,0.0,0.25,With reminder,Weak task encoding,1.0,0.0,0.9,4,0,5000,38,task,0.039799999445676804
Start-of-film reinstatement,1.0,0.0,0.25,With reminder,Weak task encoding,1.0,0.0,0.9,4,0,5000,39,task,0.028599999845027924
Start-of-film reinstatement,1.0,0.0,0.25,With reminder,Weak task encoding,1.0,0.0,0.9,4,0,5000,40,task,0.020600000396370888
Start-of-film reinstatement,1.0,0.0,0.25,With reminder,Weak task encoding,1.0,0.0,0.9,4,0,5000,41,task,0.012199999764561653
Start-of-film reinstatement,1.0,0.0,0.25,With reminder,Weak task encoding,1.0,0.0,0.9,4,0,5000,42,task,0.007600000128149986
Start-of-film reinstatement,1.0,0.0,0.25,With reminder,Weak task encoding,1.0,0.0,0.9,4,0,5000,43,task,0.00860000029206276
Start-of-film reinstatement,1.0,0.0,0.25,With reminder,Weak task encoding,1.0,0.0,0.9,4,0,5000,44,task,0.00800000037997961
Start-of-film reinstatement,1.0,0.0,0.25,With reminder,Weak task encoding,1.0,0.0,0.9,4,0,5000,45,task,0.003800000064074993
Start-of-film reinstatement,1.0,0.0,0.25,With reminder,Weak task encoding,1.0,0.0,0.9,4,0,5000,46,task,0.003800000064074993
Start-of-film reinstatement,1.0,0.0,0.25,With reminder,Weak task encoding,1.0,0.0,0.9,4,0,5000,47,task,0.0031999999191612005
Start-of-film reinstatement,1.0,0.0,0.25,With reminder,Weak task encoding,1.0,0.0,0.9,4,0,5000,48,task,0.0012000000569969416
Start-of-film reinstatement,1.0,0.0,0.25,With reminder,Weak task encoding,1.0,0.0,0.9,4,0,5000,49,filler,0.0020000000949949026
Start-of-film reinstatement,1.0,0.0,0.25,With reminder,Weak task encoding,1.0,0.0,0.9,4,0,5000,50,filler,0.00139999995008111
Start-of-film reinstatement,1.0,0.0,0.25,With reminder,Weak task encoding,1.0,0.0,0.9,4,0,5000,51,filler,0.0010000000474974513
Start-of-film reinstatement,1.0,0.0,0.25,With reminder,Weak task encoding,1.0,0.0,0.9,4,0,5000,52,filler,0.00139999995008111
Start-of-film reinstatement,1.0,0.0,0.25,With reminder,Weak task encoding,1.0,0.0,0.9,4,0,5000,53,filler,0.0017999999690800905
Start-of-film reinstatement,1.0,0.0,0.25,With reminder,Weak task encoding,1.0,0.0,0.9,4,0,5000,54,filler,0.0020000000949949026
Start-of-film reinstatement,1.0,0.0,0.25,With reminder,Weak task encoding,1.0,0.0,0.9,4,0,5000,55,filler,0.003800000064074993
Start-of-film reinstatement,1.0,0.0,0.25,With reminder,Weak task encoding,1.0,0.0,0.9,4,0,5000,56,filler,0.0034000000450760126
Start-of-film reinstatement,1.0,0.0,0.25,With reminder,Weak task encoding,1.0,0.0,0.9,4,0,5000,57,filler,0.0034000000450760126
Start-of-film reinstatement,1.0,0.0,0.25,With reminder,Weak task encoding,1.0,0.0,0.9,4,0,5000,58,filler,0.004999999888241291
Start-of-film reinstatement,1.0,0.0,0.25,With reminder,Weak task encoding,1.0,0.0,0.9,4,0,5000,59,filler,0.00559999980032444
Start-of-film reinstatement,1.0,0.0,0.25,With reminder,Weak task encoding,1.0,0.0,0.9,4,0,5000,60,filler,0.010200000368058681
Start-of-film reinstatement,1.0,0.0,0.25,With reminder,Weak task encoding,1.0,0.0,0.9,4,0,5000,61,filler,0.013000000268220901
Start-of-film reinstatement,1.0,0.0,0.25,With reminder,Weak task encoding,1.0,0.0,0.9,4,0,5000,62,filler,0.019200000911951065
Start-of-film reinstatement,1.0,0.0,0.25,With reminder,Weak task encoding,1.0,0.0,0.9,4,0,5000,63,filler,0.025599999353289604
Start-of-film reinstatement,1.0,0.0,0.25,With reminder,Weak task encoding,1.0,0.0,0.9,4,0,5000,64,filler,0.03959999978542328
Start-of-film reinstatement,1.0,0.0,0.25,With reminder,Strong task encoding,2.0,0.0,0.9,4,0,5000,1,film,0.24979999661445618
Start-of-film reinstatement,1.0,0.0,0.25,With reminder,Strong task encoding,2.0,0.0,0.9,4,0,5000,2,film,0.2321999967098236
Start-of-film reinstatement,1.0,0.0,0.25,With reminder,Strong task encoding,2.0,0.0,0.9,4,0,5000,3,film,0.23420000076293945
Start-of-film reinstatement,1.0,0.0,0.25,With reminder,Strong task encoding,2.0,0.0,0.9,4,0,5000,4,film,0.24420000612735748
Start-of-film reinstatement,1.0,0.0,0.25,With reminder,Strong task encoding,2.0,0.0,0.9,4,0,5000,5,film,0.25699999928474426
Start-of-film reinstatement,1.0,0.0,0.25,With reminder,Strong task encoding,2.0,0.0,0.9,4,0,5000,6,film,0.25099998712539673
Start-of-film reinstatement,1.0,0.0,0.25,With reminder,Strong task encoding,2.0,0.0,0.9,4,0,5000,7,film,0.2549999952316284
Start-of-film reinstatement,1.0,0.0,0.25,With reminder,Strong task encoding,2.0,0.0,0.9,4,0,5000,8,film,0.2565999925136566
Start-of-film reinstatement,1.0,0.0,0.25,With reminder,Strong task encoding,2.0,0.0,0.9,4,0,5000,9,film,0.24560000002384186
Start-of-film reinstatement,1.0,0.0,0.25,With reminder,Strong task encoding,2.0,0.0,0.9,4,0,5000,10,film,0.25600001215934753
Start-of-film reinstatement,1.0,0.0,0.25,With reminder,Strong task encoding,2.0,0.0,0.9,4,0,5000,11,film,0.23240000009536743
Start-of-film reinstatement,1.0,0.0,0.25,With reminder,Strong task encoding,2.0,0.0,0.9,4,0,5000,12,film,0.21719999611377716
Start-of-film reinstatement,1.0,0.0,0.25,With reminder,Strong task encoding,2.0,0.0,0.9,4,0,5000,13,film,0.20340000092983246
Start-of-film reinstatement,1.0,0.0,0.25,With reminder,Strong task encoding,2.0,0.0,0.9,4,0,5000,14,film,0.18880000710487366
Start-of-film reinstatement,1.0,0.0,0.25,With reminder,Strong task encoding,2.0,0.0,0.9,4,0,5000,15,film,0.1793999969959259
Start-of-film reinstatement,1.0,0.0,0.25,With reminder,Strong task encoding,2.0,0.0,0.9,4,0,5000,16,film,0.16740000247955322
Start-of-film reinstatement,1.0,0.0,0.25,With reminder,Strong task encoding,2.0,0.0,0.9,4,0,5000,17,break,0.06920000165700912
Start-of-film reinstatement,1.0,0.0,0.25,With reminder,Strong task encoding,2.0,0.0,0.9,4,0,5000,18,break,0.03999999910593033
Start-of-film reinstatement,1.0,0.0,0.25,With reminder,Strong task encoding,2.0,0.0,0.9,4,0,5000,19,break,0.029200000688433647
Start-of-film reinstatement,1.0,0.0,0.25,With reminder,Strong task encoding,2.0,0.0,0.9,4,0,5000,20,break,0.023800000548362732
Start-of-film reinstatement,1.0,0.0,0.25,With reminder,Strong task encoding,2.0,0.0,0.9,4,0,5000,21,break,0.013799999840557575
Start-of-film reinstatement,1.0,0.0,0.25,With reminder,Strong task encoding,2.0,0.0,0.9,4,0,5000,22,break,0.012400000356137753
Start-of-film reinstatement,1.0,0.0,0.25,With reminder,Strong task encoding,2.0,0.0,0.9,4,0,5000,23,break,0.006200000178068876
Start-of-film reinstatement,1.0,0.0,0.25,With reminder,Strong task encoding,2.0,0.0,0.9,4,0,5000,24,break,0.003800000064074993
Start-of-film reinstatement,1.0,0.0,0.25,With reminder,Strong task encoding,2.0,0.0,0.9,4,0,5000,25,break,0.004000000189989805
Start-of-film reinstatement,1.0,0.0,0.25,With reminder,Strong task encoding,2.0,0.0,0.9,4,0,5000,26,break,0.0031999999191612005
Start-of-film reinstatement,1.0,0.0,0.25,With reminder,Strong task encoding,2.0,0.0,0.9,4,0,5000,27,break,0.0015999999595806003
Start-of-film reinstatement,1.0,0.0,0.25,With reminder,Strong task encoding,2.0,0.0,0.9,4,0,5000,28,break,0.002400000113993883
Start-of-film reinstatement,1.0,0.0,0.25,With reminder,Strong task encoding,2.0,0.0,0.9,4,0,5000,29,break,0.0
Start-of-film reinstatement,1.0,0.0,0.25,With reminder,Strong task encoding,2.0,0.0,0.9,4,0,5000,30,break,0.00019999999494757503
Start-of-film reinstatement,1.0,0.0,0.25,With reminder,Strong task encoding,2.0,0.0,0.9,4,0,5000,31,break,0.0
Start-of-film reinstatement,1.0,0.0,0.25,With reminder,Strong task encoding,2.0,0.0,0.9,4,0,5000,32,break,0.0
Start-of-film reinstatement,1.0,0.0,0.25,With reminder,Strong task encoding,2.0,0.0,0.9,4,0,5000,33,task,0.6593999862670898
Start-of-film reinstatement,1.0,0.0,0.25,With reminder,Strong task encoding,2.0,0.0,0.9,4,0,5000,34,task,0.5702000260353088
Start-of-film reinstatement,1.0,0.0,0.25,With reminder,Strong task encoding,2.0,0.0,0.9,4,0,5000,35,task,0.4880000054836273
Start-of-film reinstatement,1.0,0.0,0.25,With reminder,Strong task encoding,2.0,0.0,0.9,4,0,5000,36,task,0.3984000086784363
Start-of-film reinstatement,1.0,0.0,0.25,With reminder,Strong task encoding,2.0,0.0,0.9,4,0,5000,37,task,0.3357999920845032
Start-of-film reinstatement,1.0,0.0,0.25,With reminder,Strong task encoding,2.0,0.0,0.9,4,0,5000,38,task,0.2786000072956085
Start-of-film reinstatement,1.0,0.0,0.25,With reminder,Strong task encoding,2.0,0.0,0.9,4,0,5000,39,task,0.20880000293254852
Start-of-film reinstatement,1.0,0.0,0.25,With reminder,Strong task encoding,2.0,0.0,0.9,4,0,5000,40,task,0.16439999639987946
Start-of-film reinstatement,1.0,0.0,0.25,With reminder,Strong task encoding,2.0,0.0,0.9,4,0,5000,41,task,0.12939999997615814
Start-of-film reinstatement,1.0,0.0,0.25,With reminder,Strong task encoding,2.0,0.0,0.9,4,0,5000,42,task,0.09860000014305115
Start-of-film reinstatement,1.0,0.0,0.25,With reminder,Strong task encoding,2.0,0.0,0.9,4,0,5000,43,task,0.07339999824762344
Start-of-film reinstatement,1.0,0.0,0.25,With reminder,Strong task encoding,2.0,0.0,0.9,4,0,5000,44,task,0.06700000166893005
Start-of-film reinstatement,1.0,0.0,0.25,With reminder,Strong task encoding,2.0,0.0,0.9,4,0,5000,45,task,0.05119999870657921
Start-of-film reinstatement,1.0,0.0,0.25,With reminder,Strong task encoding,2.0,0.0,0.9,4,0,5000,46,task,0.0430000014603138
Start-of-film reinstatement,1.0,0.0,0.25,With reminder,Strong task encoding,2.0,0.0,0.9,4,0,5000,47,task,0.03680000081658363
Start-of-film reinstatement,1.0,0.0,0.25,With reminder,Strong task encoding,2.0,0.0,0.9,4,0,5000,48,task,0.029400000348687172
Start-of-film reinstatement,1.0,0.0,0.25,With reminder,Strong task encoding,2.0,0.0,0.9,4,0,5000,49,filler,0.0012000000569969416
Start-of-film reinstatement,1.0,0.0,0.25,With reminder,Strong task encoding,2.0,0.0,0.9,4,0,5000,50,filler,0.00279999990016222
Start-of-film reinstatement,1.0,0.0,0.25,With reminder,Strong task encoding,2.0,0.0,0.9,4,0,5000,51,filler,0.00279999990016222
Start-of-film reinstatement,1.0,0.0,0.25,With reminder,Strong task encoding,2.0,0.0,0.9,4,0,5000,52,filler,0.0020000000949949026
Start-of-film reinstatement,1.0,0.0,0.25,With reminder,Strong task encoding,2.0,0.0,0.9,4,0,5000,53,filler,0.0012000000569969416
Start-of-film reinstatement,1.0,0.0,0.25,With reminder,Strong task encoding,2.0,0.0,0.9,4,0,5000,54,filler,0.0020000000949949026
Start-of-film reinstatement,1.0,0.0,0.25,With reminder,Strong task encoding,2.0,0.0,0.9,4,0,5000,55,filler,0.003000000026077032
Start-of-film reinstatement,1.0,0.0,0.25,With reminder,Strong task encoding,2.0,0.0,0.9,4,0,5000,56,filler,0.0015999999595806003
Start-of-film reinstatement,1.0,0.0,0.25,With reminder,Strong task encoding,2.0,0.0,0.9,4,0,5000,57,filler,0.002400000113993883
Start-of-film reinstatement,1.0,0.0,0.25,With reminder,Strong task encoding,2.0,0.0,0.9,4,0,5000,58,filler,0.004600000102072954
Start-of-film reinstatement,1.0,0.0,0.25,With reminder,Strong task encoding,2.0,0.0,0.9,4,0,5000,59,filler,0.005200000014156103
Start-of-film reinstatement,1.0,0.0,0.25,With reminder,Strong task encoding,2.0,0.0,0.9,4,0,5000,60,filler,0.007799999788403511
Start-of-film reinstatement,1.0,0.0,0.25,With reminder,Strong task encoding,2.0,0.0,0.9,4,0,5000,61,filler,0.01080000028014183
Start-of-film reinstatement,1.0,0.0,0.25,With reminder,Strong task encoding,2.0,0.0,0.9,4,0,5000,62,filler,0.015599999576807022
Start-of-film reinstatement,1.0,0.0,0.25,With reminder,Strong task encoding,2.0,0.0,0.9,4,0,5000,63,filler,0.023000000044703484
Start-of-film reinstatement,1.0,0.0,0.25,With reminder,Strong task encoding,2.0,0.0,0.9,4,0,5000,64,filler,0.026200000196695328
Start-of-film reinstatement + film-item boost,1.0,0.75,0.25,No reminder,Weak task encoding,1.0,0.0,0.9,4,0,5000,1,film,0.4041999876499176
Start-of-film reinstatement + film-item boost,1.0,0.75,0.25,No reminder,Weak task encoding,1.0,0.0,0.9,4,0,5000,2,film,0.412200003862381
Start-of-film reinstatement + film-item boost,1.0,0.75,0.25,No reminder,Weak task encoding,1.0,0.0,0.9,4,0,5000,3,film,0.43459999561309814
Start-of-film reinstatement + film-item boost,1.0,0.75,0.25,No reminder,Weak task encoding,1.0,0.0,0.9,4,0,5000,4,film,0.4586000144481659
Start-of-film reinstatement + film-item boost,1.0,0.75,0.25,No reminder,Weak task encoding,1.0,0.0,0.9,4,0,5000,5,film,0.45980000495910645
Start-of-film reinstatement + film-item boost,1.0,0.75,0.25,No reminder,Weak task encoding,1.0,0.0,0.9,4,0,5000,6,film,0.4731999933719635
Start-of-film reinstatement + film-item boost,1.0,0.75,0.25,No reminder,Weak task encoding,1.0,0.0,0.9,4,0,5000,7,film,0.49720001220703125
Start-of-film reinstatement + film-item boost,1.0,0.75,0.25,No reminder,Weak task encoding,1.0,0.0,0.9,4,0,5000,8,film,0.5098000168800354
Start-of-film reinstatement + film-item boost,1.0,0.75,0.25,No reminder,Weak task encoding,1.0,0.0,0.9,4,0,5000,9,film,0.5073999762535095
Start-of-film reinstatement + film-item boost,1.0,0.75,0.25,No reminder,Weak task encoding,1.0,0.0,0.9,4,0,5000,10,film,0.515999972820282
Start-of-film reinstatement + film-item boost,1.0,0.75,0.25,No reminder,Weak task encoding,1.0,0.0,0.9,4,0,5000,11,film,0.49399998784065247
Start-of-film reinstatement + film-item boost,1.0,0.75,0.25,No reminder,Weak task encoding,1.0,0.0,0.9,4,0,5000,12,film,0.5070000290870667
Start-of-film reinstatement + film-item boost,1.0,0.75,0.25,No reminder,Weak task encoding,1.0,0.0,0.9,4,0,5000,13,film,0.48840001225471497
Start-of-film reinstatement + film-item boost,1.0,0.75,0.25,No reminder,Weak task encoding,1.0,0.0,0.9,4,0,5000,14,film,0.4763999879360199
Start-of-film reinstatement + film-item boost,1.0,0.75,0.25,No reminder,Weak task encoding,1.0,0.0,0.9,4,0,5000,15,film,0.4636000096797943
Start-of-film reinstatement + film-item boost,1.0,0.75,0.25,No reminder,Weak task encoding,1.0,0.0,0.9,4,0,5000,16,film,0.4359999895095825
Start-of-film reinstatement + film-item boost,1.0,0.75,0.25,No reminder,Weak task encoding,1.0,0.0,0.9,4,0,5000,17,break,0.025800000876188278
Start-of-film reinstatement + film-item boost,1.0,0.75,0.25,No reminder,Weak task encoding,1.0,0.0,0.9,4,0,5000,18,break,0.01679999940097332
Start-of-film reinstatement + film-item boost,1.0,0.75,0.25,No reminder,Weak task encoding,1.0,0.0,0.9,4,0,5000,19,break,0.009999999776482582
Start-of-film reinstatement + film-item boost,1.0,0.75,0.25,No reminder,Weak task encoding,1.0,0.0,0.9,4,0,5000,20,break,0.007000000216066837
Start-of-film reinstatement + film-item boost,1.0,0.75,0.25,No reminder,Weak task encoding,1.0,0.0,0.9,4,0,5000,21,break,0.005400000140070915
Start-of-film reinstatement + film-item boost,1.0,0.75,0.25,No reminder,Weak task encoding,1.0,0.0,0.9,4,0,5000,22,break,0.00279999990016222
Start-of-film reinstatement + film-item boost,1.0,0.75,0.25,No reminder,Weak task encoding,1.0,0.0,0.9,4,0,5000,23,break,0.0020000000949949026
Start-of-film reinstatement + film-item boost,1.0,0.75,0.25,No reminder,Weak task encoding,1.0,0.0,0.9,4,0,5000,24,break,0.0017999999690800905
Start-of-film reinstatement + film-item boost,1.0,0.75,0.25,No reminder,Weak task encoding,1.0,0.0,0.9,4,0,5000,25,break,0.0017999999690800905
Start-of-film reinstatement + film-item boost,1.0,0.75,0.25,No reminder,Weak task encoding,1.0,0.0,0.9,4,0,5000,26,break,0.0006000000284984708
Start-of-film reinstatement + film-item boost,1.0,0.75,0.25,No reminder,Weak task encoding,1.0,0.0,0.9,4,0,5000,27,break,0.0010000000474974513
Start-of-film reinstatement + film-item boost,1.0,0.75,0.25,No reminder,Weak task encoding,1.0,0.0,0.9,4,0,5000,28,break,0.0
Start-of-film reinstatement + film-item boost,1.0,0.75,0.25,No reminder,Weak task encoding,1.0,0.0,0.9,4,0,5000,29,break,0.00019999999494757503
Start-of-film reinstatement + film-item boost,1.0,0.75,0.25,No reminder,Weak task encoding,1.0,0.0,0.9,4,0,5000,30,break,0.00039999998989515007
Start-of-film reinstatement + film-item boost,1.0,0.75,0.25,No reminder,Weak task encoding,1.0,0.0,0.9,4,0,5000,31,break,0.0
Start-of-film reinstatement + film-item boost,1.0,0.75,0.25,No reminder,Weak task encoding,1.0,0.0,0.9,4,0,5000,32,break,0.00019999999494757503
Start-of-film reinstatement + film-item boost,1.0,0.75,0.25,No reminder,Weak task encoding,1.0,0.0,0.9,4,0,5000,33,task,0.00019999999494757503
Start-of-film reinstatement + film-item boost,1.0,0.75,0.25,No reminder,Weak task encoding,1.0,0.0,0.9,4,0,5000,34,task,0.0
Start-of-film reinstatement + film-item boost,1.0,0.75,0.25,No reminder,Weak task encoding,1.0,0.0,0.9,4,0,5000,35,task,0.00019999999494757503
Start-of-film reinstatement + film-item boost,1.0,0.75,0.25,No reminder,Weak task encoding,1.0,0.0,0.9,4,0,5000,36,task,0.0
Start-of-film reinstatement + film-item boost,1.0,0.75,0.25,No reminder,Weak task encoding,1.0,0.0,0.9,4,0,5000,37,task,0.0
Start-of-film reinstatement + film-item boost,1.0,0.75,0.25,No reminder,Weak task encoding,1.0,0.0,0.9,4,0,5000,38,task,0.00019999999494757503
Start-of-film reinstatement + film-item boost,1.0,0.75,0.25,No reminder,Weak task encoding,1.0,0.0,0.9,4,0,5000,39,task,0.0
Start-of-film reinstatement + film-item boost,1.0,0.75,0.25,No reminder,Weak task encoding,1.0,0.0,0.9,4,0,5000,40,task,0.0
Start-of-film reinstatement + film-item boost,1.0,0.75,0.25,No reminder,Weak task encoding,1.0,0.0,0.9,4,0,5000,41,task,0.0
Start-of-film reinstatement + film-item boost,1.0,0.75,0.25,No reminder,Weak task encoding,1.0,0.0,0.9,4,0,5000,42,task,0.0
Start-of-film reinstatement + film-item boost,1.0,0.75,0.25,No reminder,Weak task encoding,1.0,0.0,0.9,4,0,5000,43,task,0.0
Start-of-film reinstatement + film-item boost,1.0,0.75,0.25,No reminder,Weak task encoding,1.0,0.0,0.9,4,0,5000,44,task,0.0
Start-of-film reinstatement + film-item boost,1.0,0.75,0.25,No reminder,Weak task encoding,1.0,0.0,0.9,4,0,5000,45,task,0.0
Start-of-film reinstatement + film-item boost,1.0,0.75,0.25,No reminder,Weak task encoding,1.0,0.0,0.9,4,0,5000,46,task,0.0
Start-of-film reinstatement + film-item boost,1.0,0.75,0.25,No reminder,Weak task encoding,1.0,0.0,0.9,4,0,5000,47,task,0.0
Start-of-film reinstatement + film-item boost,1.0,0.75,0.25,No reminder,Weak task encoding,1.0,0.0,0.9,4,0,5000,48,task,0.0
Start-of-film reinstatement + film-item boost,1.0,0.75,0.25,No reminder,Weak task encoding,1.0,0.0,0.9,4,0,5000,49,filler,0.0
Start-of-film reinstatement + film-item boost,1.0,0.75,0.25,No reminder,Weak task encoding,1.0,0.0,0.9,4,0,5000,50,filler,0.00019999999494757503
Start-of-film reinstatement + film-item boost,1.0,0.75,0.25,No reminder,Weak task encoding,1.0,0.0,0.9,4,0,5000,51,filler,0.0
Start-of-film reinstatement + film-item boost,1.0,0.75,0.25,No reminder,Weak task encoding,1.0,0.0,0.9,4,0,5000,52,filler,0.0
Start-of-film reinstatement + film-item boost,1.0,0.75,0.25,No reminder,Weak task encoding,1.0,0.0,0.9,4,0,5000,53,filler,0.0
Start-of-film reinstatement + film-item boost,1.0,0.75,0.25,No reminder,Weak task encoding,1.0,0.0,0.9,4,0,5000,54,filler,0.0
Start-of-film reinstatement + film-item boost,1.0,0.75,0.25,No reminder,Weak task encoding,1.0,0.0,0.9,4,0,5000,55,filler,0.00039999998989515007
Start-of-film reinstatement + film-item boost,1.0,0.75,0.25,No reminder,Weak task encoding,1.0,0.0,0.9,4,0,5000,56,filler,0.0
Start-of-film reinstatement + film-item boost,1.0,0.75,0.25,No reminder,Weak task encoding,1.0,0.0,0.9,4,0,5000,57,filler,0.0
Start-of-film reinstatement + film-item boost,1.0,0.75,0.25,No reminder,Weak task encoding,1.0,0.0,0.9,4,0,5000,58,filler,0.00039999998989515007
Start-of-film reinstatement + film-item boost,1.0,0.75,0.25,No reminder,Weak task encoding,1.0,0.0,0.9,4,0,5000,59,filler,0.00019999999494757503
Start-of-film reinstatement + film-item boost,1.0,0.75,0.25,No reminder,Weak task encoding,1.0,0.0,0.9,4,0,5000,60,filler,0.0
Start-of-film reinstatement + film-item boost,1.0,0.75,0.25,No reminder,Weak task encoding,1.0,0.0,0.9,4,0,5000,61,filler,0.00039999998989515007
Start-of-film reinstatement + film-item boost,1.0,0.75,0.25,No reminder,Weak task encoding,1.0,0.0,0.9,4,0,5000,62,filler,0.0010000000474974513
Start-of-film reinstatement + film-item boost,1.0,0.75,0.25,No reminder,Weak task encoding,1.0,0.0,0.9,4,0,5000,63,filler,0.0012000000569969416
Start-of-film reinstatement + film-item boost,1.0,0.75,0.25,No reminder,Weak task encoding,1.0,0.0,0.9,4,0,5000,64,filler,0.002400000113993883
Start-of-film reinstatement + film-item boost,1.0,0.75,0.25,No reminder,Strong task encoding,2.0,0.0,0.9,4,0,5000,1,film,0.40059998631477356
Start-of-film reinstatement + film-item boost,1.0,0.75,0.25,No reminder,Strong task encoding,2.0,0.0,0.9,4,0,5000,2,film,0.4081999957561493
Start-of-film reinstatement + film-item boost,1.0,0.75,0.25,No reminder,Strong task encoding,2.0,0.0,0.9,4,0,5000,3,film,0.43700000643730164
Start-of-film reinstatement + film-item boost,1.0,0.75,0.25,No reminder,Strong task encoding,2.0,0.0,0.9,4,0,5000,4,film,0.46059998869895935
Start-of-film reinstatement + film-item boost,1.0,0.75,0.25,No reminder,Strong task encoding,2.0,0.0,0.9,4,0,5000,5,film,0.4702000021934509
Start-of-film reinstatement + film-item boost,1.0,0.75,0.25,No reminder,Strong task encoding,2.0,0.0,0.9,4,0,5000,6,film,0.4909999966621399
Start-of-film reinstatement + film-item boost,1.0,0.75,0.25,No reminder,Strong task encoding,2.0,0.0,0.9,4,0,5000,7,film,0.48539999127388
Start-of-film reinstatement + film-item boost,1.0,0.75,0.25,No reminder,Strong task encoding,2.0,0.0,0.9,4,0,5000,8,film,0.5027999877929688
Start-of-film reinstatement + film-item boost,1.0,0.75,0.25,No reminder,Strong task encoding,2.0,0.0,0.9,4,0,5000,9,film,0.5135999917984009
Start-of-film reinstatement + film-item boost,1.0,0.75,0.25,No reminder,Strong task encoding,2.0,0.0,0.9,4,0,5000,10,film,0.5157999992370605
Start-of-film reinstatement + film-item boost,1.0,0.75,0.25,No reminder,Strong task encoding,2.0,0.0,0.9,4,0,5000,11,film,0.5121999979019165
Start-of-film reinstatement + film-item boost,1.0,0.75,0.25,No reminder,Strong task encoding,2.0,0.0,0.9,4,0,5000,12,film,0.4952000081539154
Start-of-film reinstatement + film-item boost,1.0,0.75,0.25,No reminder,Strong task encoding,2.0,0.0,0.9,4,0,5000,13,film,0.5034000277519226
Start-of-film reinstatement + film-item boost,1.0,0.75,0.25,No reminder,Strong task encoding,2.0,0.0,0.9,4,0,5000,14,film,0.483599990606308
Start-of-film reinstatement + film-item boost,1.0,0.75,0.25,No reminder,Strong task encoding,2.0,0.0,0.9,4,0,5000,15,film,0.47040000557899475
Start-of-film reinstatement + film-item boost,1.0,0.75,0.25,No reminder,Strong task encoding,2.0,0.0,0.9,4,0,5000,16,film,0.42820000648498535
Start-of-film reinstatement + film-item boost,1.0,0.75,0.25,No reminder,Strong task encoding,2.0,0.0,0.9,4,0,5000,17,break,0.025200000032782555
Start-of-film reinstatement + film-item boost,1.0,0.75,0.25,No reminder,Strong task encoding,2.0,0.0,0.9,4,0,5000,18,break,0.015799999237060547
Start-of-film reinstatement + film-item boost,1.0,0.75,0.25,No reminder,Strong task encoding,2.0,0.0,0.9,4,0,5000,19,break,0.01360000018030405
Start-of-film reinstatement + film-item boost,1.0,0.75,0.25,No reminder,Strong task encoding,2.0,0.0,0.9,4,0,5000,20,break,0.006399999838322401
Start-of-film reinstatement + film-item boost,1.0,0.75,0.25,No reminder,Strong task encoding,2.0,0.0,0.9,4,0,5000,21,break,0.005400000140070915
Start-of-film reinstatement + film-item boost,1.0,0.75,0.25,No reminder,Strong task encoding,2.0,0.0,0.9,4,0,5000,22,break,0.002400000113993883
Start-of-film reinstatement + film-item boost,1.0,0.75,0.25,No reminder,Strong task encoding,2.0,0.0,0.9,4,0,5000,23,break,0.0020000000949949026
Start-of-film reinstatement + film-item boost,1.0,0.75,0.25,No reminder,Strong task encoding,2.0,0.0,0.9,4,0,5000,24,break,0.00279999990016222
Start-of-film reinstatement + film-item boost,1.0,0.75,0.25,No reminder,Strong task encoding,2.0,0.0,0.9,4,0,5000,25,break,0.0006000000284984708
Start-of-film reinstatement + film-item boost,1.0,0.75,0.25,No reminder,Strong task encoding,2.0,0.0,0.9,4,0,5000,26,break,0.0
Start-of-film reinstatement + film-item boost,1.0,0.75,0.25,No reminder,Strong task encoding,2.0,0.0,0.9,4,0,5000,27,break,0.00039999998989515007
Start-of-film reinstatement + film-item boost,1.0,0.75,0.25,No reminder,Strong task encoding,2.0,0.0,0.9,4,0,5000,28,break,0.00019999999494757503
Start-of-film reinstatement + film-item boost,1.0,0.75,0.25,No reminder,Strong task encoding,2.0,0.0,0.9,4,0,5000,29,break,0.00039999998989515007
Start-of-film reinstatement + film-item boost,1.0,0.75,0.25,No reminder,Strong task encoding,2.0,0.0,0.9,4,0,5000,30,break,0.00019999999494757503
Start-of-film reinstatement + film-item boost,1.0,0.75,0.25,No reminder,Strong task encoding,2.0,0.0,0.9,4,0,5000,31,break,0.0
Start-of-film reinstatement + film-item boost,1.0,0.75,0.25,No reminder,Strong task encoding,2.0,0.0,0.9,4,0,5000,32,break,0.0
Start-of-film reinstatement + film-item boost,1.0,0.75,0.25,No reminder,Strong task encoding,2.0,0.0,0.9,4,0,5000,33,task,0.0010000000474974513
Start-of-film reinstatement + film-item boost,1.0,0.75,0.25,No reminder,Strong task encoding,2.0,0.0,0.9,4,0,5000,34,task,0.0007999999797903001
Start-of-film reinstatement + film-item boost,1.0,0.75,0.25,No reminder,Strong task encoding,2.0,0.0,0.9,4,0,5000,35,task,0.0
Start-of-film reinstatement + film-item boost,1.0,0.75,0.25,No reminder,Strong task encoding,2.0,0.0,0.9,4,0,5000,36,task,0.0
Start-of-film reinstatement + film-item boost,1.0,0.75,0.25,No reminder,Strong task encoding,2.0,0.0,0.9,4,0,5000,37,task,0.00019999999494757503
Start-of-film reinstatement + film-item boost,1.0,0.75,0.25,No reminder,Strong task encoding,2.0,0.0,0.9,4,0,5000,38,task,0.0
Start-of-film reinstatement + film-item boost,1.0,0.75,0.25,No reminder,Strong task encoding,2.0,0.0,0.9,4,0,5000,39,task,0.00019999999494757503
Start-of-film reinstatement + film-item boost,1.0,0.75,0.25,No reminder,Strong task encoding,2.0,0.0,0.9,4,0,5000,40,task,0.00019999999494757503
Start-of-film reinstatement + film-item boost,1.0,0.75,0.25,No reminder,Strong task encoding,2.0,0.0,0.9,4,0,5000,41,task,0.00019999999494757503
Start-of-film reinstatement + film-item boost,1.0,0.75,0.25,No reminder,Strong task encoding,2.0,0.0,0.9,4,0,5000,42,task,0.0
Start-of-film reinstatement + film-item boost,1.0,0.75,0.25,No reminder,Strong task encoding,2.0,0.0,0.9,4,0,5000,43,task,0.0
Start-of-film reinstatement + film-item boost,1.0,0.75,0.25,No reminder,Strong task encoding,2.0,0.0,0.9,4,0,5000,44,task,0.0
Start-of-film reinstatement + film-item boost,1.0,0.75,0.25,No reminder,Strong task encoding,2.0,0.0,0.9,4,0,5000,45,task,0.0
Start-of-film reinstatement + film-item boost,1.0,0.75,0.25,No reminder,Strong task encoding,2.0,0.0,0.9,4,0,5000,46,task,0.00019999999494757503
Start-of-film reinstatement + film-item boost,1.0,0.75,0.25,No reminder,Strong task encoding,2.0,0.0,0.9,4,0,5000,47,task,0.00019999999494757503
Start-of-film reinstatement + film-item boost,1.0,0.75,0.25,No reminder,Strong task encoding,2.0,0.0,0.9,4,0,5000,48,task,0.0
Start-of-film reinstatement + film-item boost,1.0,0.75,0.25,No reminder,Strong task encoding,2.0,0.0,0.9,4,0,5000,49,filler,0.0
Start-of-film reinstatement + film-item boost,1.0,0.75,0.25,No reminder,Strong task encoding,2.0,0.0,0.9,4,0,5000,50,filler,0.00019999999494757503
Start-of-film reinstatement + film-item boost,1.0,0.75,0.25,No reminder,Strong task encoding,2.0,0.0,0.9,4,0,5000,51,filler,0.00019999999494757503
Start-of-film reinstatement + film-item boost,1.0,0.75,0.25,No reminder,Strong task encoding,2.0,0.0,0.9,4,0,5000,52,filler,0.0
Start-of-film reinstatement + film-item boost,1.0,0.75,0.25,No reminder,Strong task encoding,2.0,0.0,0.9,4,0,5000,53,filler,0.0
Start-of-film reinstatement + film-item boost,1.0,0.75,0.25,No reminder,Strong task encoding,2.0,0.0,0.9,4,0,5000,54,filler,0.0
Start-of-film reinstatement + film-item boost,1.0,0.75,0.25,No reminder,Strong task encoding,2.0,0.0,0.9,4,0,5000,55,filler,0.00019999999494757503
Start-of-film reinstatement + film-item boost,1.0,0.75,0.25,No reminder,Strong task encoding,2.0,0.0,0.9,4,0,5000,56,filler,0.00019999999494757503
Start-of-film reinstatement + film-item boost,1.0,0.75,0.25,No reminder,Strong task encoding,2.0,0.0,0.9,4,0,5000,57,filler,0.00019999999494757503
Start-of-film reinstatement + film-item boost,1.0,0.75,0.25,No reminder,Strong task encoding,2.0,0.0,0.9,4,0,5000,58,filler,0.00039999998989515007
Start-of-film reinstatement + film-item boost,1.0,0.75,0.25,No reminder,Strong task encoding,2.0,0.0,0.9,4,0,5000,59,filler,0.0
Start-of-film reinstatement + film-item boost,1.0,0.75,0.25,No reminder,Strong task encoding,2.0,0.0,0.9,4,0,5000,60,filler,0.00019999999494757503
Start-of-film reinstatement + film-item boost,1.0,0.75,0.25,No reminder,Strong task encoding,2.0,0.0,0.9,4,0,5000,61,filler,0.0010000000474974513
Start-of-film reinstatement + film-item boost,1.0,0.75,0.25,No reminder,Strong task encoding,2.0,0.0,0.9,4,0,5000,62,filler,0.0010000000474974513
Start-of-film reinstatement + film-item boost,1.0,0.75,0.25,No reminder,Strong task encoding,2.0,0.0,0.9,4,0,5000,63,filler,0.0026000000070780516
Start-of-film reinstatement + film-item boost,1.0,0.75,0.25,No reminder,Strong task encoding,2.0,0.0,0.9,4,0,5000,64,filler,0.0015999999595806003
Start-of-film reinstatement + film-item boost,1.0,0.75,0.25,With reminder,Weak task encoding,1.0,0.0,0.9,4,0,5000,1,film,0.3869999945163727
Start-of-film reinstatement + film-item boost,1.0,0.75,0.25,With reminder,Weak task encoding,1.0,0.0,0.9,4,0,5000,2,film,0.4023999869823456
Start-of-film reinstatement + film-item boost,1.0,0.75,0.25,With reminder,Weak task encoding,1.0,0.0,0.9,4,0,5000,3,film,0.4244000017642975
Start-of-film reinstatement + film-item boost,1.0,0.75,0.25,With reminder,Weak task encoding,1.0,0.0,0.9,4,0,5000,4,film,0.44839999079704285
Start-of-film reinstatement + film-item boost,1.0,0.75,0.25,With reminder,Weak task encoding,1.0,0.0,0.9,4,0,5000,5,film,0.4702000021934509
Start-of-film reinstatement + film-item boost,1.0,0.75,0.25,With reminder,Weak task encoding,1.0,0.0,0.9,4,0,5000,6,film,0.47440001368522644
Start-of-film reinstatement + film-item boost,1.0,0.75,0.25,With reminder,Weak task encoding,1.0,0.0,0.9,4,0,5000,7,film,0.49079999327659607
Start-of-film reinstatement + film-item boost,1.0,0.75,0.25,With reminder,Weak task encoding,1.0,0.0,0.9,4,0,5000,8,film,0.5072000026702881
Start-of-film reinstatement + film-item boost,1.0,0.75,0.25,With reminder,Weak task encoding,1.0,0.0,0.9,4,0,5000,9,film,0.5009999871253967
Start-of-film reinstatement + film-item boost,1.0,0.75,0.25,With reminder,Weak task encoding,1.0,0.0,0.9,4,0,5000,10,film,0.5081999897956848
Start-of-film reinstatement + film-item boost,1.0,0.75,0.25,With reminder,Weak task encoding,1.0,0.0,0.9,4,0,5000,11,film,0.503000020980835
Start-of-film reinstatement + film-item boost,1.0,0.75,0.25,With reminder,Weak task encoding,1.0,0.0,0.9,4,0,5000,12,film,0.501800000667572
Start-of-film reinstatement + film-item boost,1.0,0.75,0.25,With reminder,Weak task encoding,1.0,0.0,0.9,4,0,5000,13,film,0.4912000000476837
Start-of-film reinstatement + film-item boost,1.0,0.75,0.25,With reminder,Weak task encoding,1.0,0.0,0.9,4,0,5000,14,film,0.4787999987602234
Start-of-film reinstatement + film-item boost,1.0,0.75,0.25,With reminder,Weak task encoding,1.0,0.0,0.9,4,0,5000,15,film,0.4668000042438507
Start-of-film reinstatement + film-item boost,1.0,0.75,0.25,With reminder,Weak task encoding,1.0,0.0,0.9,4,0,5000,16,film,0.4449999928474426
Start-of-film reinstatement + film-item boost,1.0,0.75,0.25,With reminder,Weak task encoding,1.0,0.0,0.9,4,0,5000,17,break,0.026200000196695328
Start-of-film reinstatement + film-item boost,1.0,0.75,0.25,With reminder,Weak task encoding,1.0,0.0,0.9,4,0,5000,18,break,0.014600000344216824
Start-of-film reinstatement + film-item boost,1.0,0.75,0.25,With reminder,Weak task encoding,1.0,0.0,0.9,4,0,5000,19,break,0.01119999960064888
Start-of-film reinstatement + film-item boost,1.0,0.75,0.25,With reminder,Weak task encoding,1.0,0.0,0.9,4,0,5000,20,break,0.007400000002235174
Start-of-film reinstatement + film-item boost,1.0,0.75,0.25,With reminder,Weak task encoding,1.0,0.0,0.9,4,0,5000,21,break,0.005200000014156103
Start-of-film reinstatement + film-item boost,1.0,0.75,0.25,With reminder,Weak task encoding,1.0,0.0,0.9,4,0,5000,22,break,0.0020000000949949026
Start-of-film reinstatement + film-item boost,1.0,0.75,0.25,With reminder,Weak task encoding,1.0,0.0,0.9,4,0,5000,23,break,0.00139999995008111
Start-of-film reinstatement + film-item boost,1.0,0.75,0.25,With reminder,Weak task encoding,1.0,0.0,0.9,4,0,5000,24,break,0.0015999999595806003
Start-of-film reinstatement + film-item boost,1.0,0.75,0.25,With reminder,Weak task encoding,1.0,0.0,0.9,4,0,5000,25,break,0.0007999999797903001
Start-of-film reinstatement + film-item boost,1.0,0.75,0.25,With reminder,Weak task encoding,1.0,0.0,0.9,4,0,5000,26,break,0.00039999998989515007
Start-of-film reinstatement + film-item boost,1.0,0.75,0.25,With reminder,Weak task encoding,1.0,0.0,0.9,4,0,5000,27,break,0.00039999998989515007
Start-of-film reinstatement + film-item boost,1.0,0.75,0.25,With reminder,Weak task encoding,1.0,0.0,0.9,4,0,5000,28,break,0.0
Start-of-film reinstatement + film-item boost,1.0,0.75,0.25,With reminder,Weak task encoding,1.0,0.0,0.9,4,0,5000,29,break,0.00019999999494757503
Start-of-film reinstatement + film-item boost,1.0,0.75,0.25,With reminder,Weak task encoding,1.0,0.0,0.9,4,0,5000,30,break,0.00019999999494757503
Start-of-film reinstatement + film-item boost,1.0,0.75,0.25,With reminder,Weak task encoding,1.0,0.0,0.9,4,0,5000,31,break,0.00039999998989515007
Start-of-film reinstatement + film-item boost,1.0,0.75,0.25,With reminder,Weak task encoding,1.0,0.0,0.9,4,0,5000,32,break,0.0
Start-of-film reinstatement + film-item boost,1.0,0.75,0.25,With reminder,Weak task encoding,1.0,0.0,0.9,4,0,5000,33,task,0.03280000016093254
Start-of-film reinstatement + film-item boost,1.0,0.75,0.25,With reminder,Weak task encoding,1.0,0.0,0.9,4,0,5000,34,task,0.020999999716877937
Start-of-film reinstatement + film-item boost,1.0,0.75,0.25,With reminder,Weak task encoding,1.0,0.0,0.9,4,0,5000,35,task,0.0142000000923872
Start-of-film reinstatement + film-item boost,1.0,0.75,0.25,With reminder,Weak task encoding,1.0,0.0,0.9,4,0,5000,36,task,0.009399999864399433
Start-of-film reinstatement + film-item boost,1.0,0.75,0.25,With reminder,Weak task encoding,1.0,0.0,0.9,4,0,5000,37,task,0.007799999788403511
Start-of-film reinstatement + film-item boost,1.0,0.75,0.25,With reminder,Weak task encoding,1.0,0.0,0.9,4,0,5000,38,task,0.003599999938160181
Start-of-film reinstatement + film-item boost,1.0,0.75,0.25,With reminder,Weak task encoding,1.0,0.0,0.9,4,0,5000,39,task,0.0017999999690800905
Start-of-film reinstatement + film-item boost,1.0,0.75,0.25,With reminder,Weak task encoding,1.0,0.0,0.9,4,0,5000,40,task,0.002199999988079071
Start-of-film reinstatement + film-item boost,1.0,0.75,0.25,With reminder,Weak task encoding,1.0,0.0,0.9,4,0,5000,41,task,0.0020000000949949026
Start-of-film reinstatement + film-item boost,1.0,0.75,0.25,With reminder,Weak task encoding,1.0,0.0,0.9,4,0,5000,42,task,0.0015999999595806003
Start-of-film reinstatement + film-item boost,1.0,0.75,0.25,With reminder,Weak task encoding,1.0,0.0,0.9,4,0,5000,43,task,0.0007999999797903001
Start-of-film reinstatement + film-item boost,1.0,0.75,0.25,With reminder,Weak task encoding,1.0,0.0,0.9,4,0,5000,44,task,0.00039999998989515007
Start-of-film reinstatement + film-item boost,1.0,0.75,0.25,With reminder,Weak task encoding,1.0,0.0,0.9,4,0,5000,45,task,0.0006000000284984708
Start-of-film reinstatement + film-item boost,1.0,0.75,0.25,With reminder,Weak task encoding,1.0,0.0,0.9,4,0,5000,46,task,0.00019999999494757503
Start-of-film reinstatement + film-item boost,1.0,0.75,0.25,With reminder,Weak task encoding,1.0,0.0,0.9,4,0,5000,47,task,0.0
Start-of-film reinstatement + film-item boost,1.0,0.75,0.25,With reminder,Weak task encoding,1.0,0.0,0.9,4,0,5000,48,task,0.00019999999494757503
Start-of-film reinstatement + film-item boost,1.0,0.75,0.25,With reminder,Weak task encoding,1.0,0.0,0.9,4,0,5000,49,filler,0.0006000000284984708
Start-of-film reinstatement + film-item boost,1.0,0.75,0.25,With reminder,Weak task encoding,1.0,0.0,0.9,4,0,5000,50,filler,0.0006000000284984708
Start-of-film reinstatement + film-item boost,1.0,0.75,0.25,With reminder,Weak task encoding,1.0,0.0,0.9,4,0,5000,51,filler,0.00019999999494757503
Start-of-film reinstatement + film-item boost,1.0,0.75,0.25,With reminder,Weak task encoding,1.0,0.0,0.9,4,0,5000,52,filler,0.00039999998989515007
Start-of-film reinstatement + film-item boost,1.0,0.75,0.25,With reminder,Weak task encoding,1.0,0.0,0.9,4,0,5000,53,filler,0.0
Start-of-film reinstatement + film-item boost,1.0,0.75,0.25,With reminder,Weak task encoding,1.0,0.0,0.9,4,0,5000,54,filler,0.00039999998989515007
Start-of-film reinstatement + film-item boost,1.0,0.75,0.25,With reminder,Weak task encoding,1.0,0.0,0.9,4,0,5000,55,filler,0.0
Start-of-film reinstatement + film-item boost,1.0,0.75,0.25,With reminder,Weak task encoding,1.0,0.0,0.9,4,0,5000,56,filler,0.00019999999494757503
Start-of-film reinstatement + film-item boost,1.0,0.75,0.25,With reminder,Weak task encoding,1.0,0.0,0.9,4,0,5000,57,filler,0.0
Start-of-film reinstatement + film-item boost,1.0,0.75,0.25,With reminder,Weak task encoding,1.0,0.0,0.9,4,0,5000,58,filler,0.0007999999797903001
Start-of-film reinstatement + film-item boost,1.0,0.75,0.25,With reminder,Weak task encoding,1.0,0.0,0.9,4,0,5000,59,filler,0.00019999999494757503
Start-of-film reinstatement + film-item boost,1.0,0.75,0.25,With reminder,Weak task encoding,1.0,0.0,0.9,4,0,5000,60,filler,0.0010000000474974513
Start-of-film reinstatement + film-item boost,1.0,0.75,0.25,With reminder,Weak task encoding,1.0,0.0,0.9,4,0,5000,61,filler,0.0010000000474974513
Start-of-film reinstatement + film-item boost,1.0,0.75,0.25,With reminder,Weak task encoding,1.0,0.0,0.9,4,0,5000,62,filler,0.00019999999494757503
Start-of-film reinstatement + film-item boost,1.0,0.75,0.25,With reminder,Weak task encoding,1.0,0.0,0.9,4,0,5000,63,filler,0.0010000000474974513
Start-of-film reinstatement + film-item boost,1.0,0.75,0.25,With reminder,Weak task encoding,1.0,0.0,0.9,4,0,5000,64,filler,0.002400000113993883
Start-of-film reinstatement + film-item boost,1.0,0.75,0.25,With reminder,Strong task encoding,2.0,0.0,0.9,4,0,5000,1,film,0.3456000089645386
Start-of-film reinstatement + film-item boost,1.0,0.75,0.25,With reminder,Strong task encoding,2.0,0.0,0.9,4,0,5000,2,film,0.3582000136375427
Start-of-film reinstatement + film-item boost,1.0,0.75,0.25,With reminder,Strong task encoding,2.0,0.0,0.9,4,0,5000,3,film,0.384799987077713
Start-of-film reinstatement + film-item boost,1.0,0.75,0.25,With reminder,Strong task encoding,2.0,0.0,0.9,4,0,5000,4,film,0.40939998626708984
Start-of-film reinstatement + film-item boost,1.0,0.75,0.25,With reminder,Strong task encoding,2.0,0.0,0.9,4,0,5000,5,film,0.41519999504089355
Start-of-film reinstatement + film-item boost,1.0,0.75,0.25,With reminder,Strong task encoding,2.0,0.0,0.9,4,0,5000,6,film,0.42399999499320984
Start-of-film reinstatement + film-item boost,1.0,0.75,0.25,With reminder,Strong task encoding,2.0,0.0,0.9,4,0,5000,7,film,0.444599986076355
Start-of-film reinstatement + film-item boost,1.0,0.75,0.25,With reminder,Strong task encoding,2.0,0.0,0.9,4,0,5000,8,film,0.44440001249313354
Start-of-film reinstatement + film-item boost,1.0,0.75,0.25,With reminder,Strong task encoding,2.0,0.0,0.9,4,0,5000,9,film,0.4487999975681305
Start-of-film reinstatement + film-item boost,1.0,0.75,0.25,With reminder,Strong task encoding,2.0,0.0,0.9,4,0,5000,10,film,0.46160000562667847
Start-of-film reinstatement + film-item boost,1.0,0.75,0.25,With reminder,Strong task encoding,2.0,0.0,0.9,4,0,5000,11,film,0.44920000433921814
Start-of-film reinstatement + film-item boost,1.0,0.75,0.25,With reminder,Strong task encoding,2.0,0.0,0.9,4,0,5000,12,film,0.444599986076355
Start-of-film reinstatement + film-item boost,1.0,0.75,0.25,With reminder,Strong task encoding,2.0,0.0,0.9,4,0,5000,13,film,0.4415999948978424
Start-of-film reinstatement + film-item boost,1.0,0.75,0.25,With reminder,Strong task encoding,2.0,0.0,0.9,4,0,5000,14,film,0.4221999943256378
Start-of-film reinstatement + film-item boost,1.0,0.75,0.25,With reminder,Strong task encoding,2.0,0.0,0.9,4,0,5000,15,film,0.4196000099182129
Start-of-film reinstatement + film-item boost,1.0,0.75,0.25,With reminder,Strong task encoding,2.0,0.0,0.9,4,0,5000,16,film,0.38960000872612
Start-of-film reinstatement + film-item boost,1.0,0.75,0.25,With reminder,Strong task encoding,2.0,0.0,0.9,4,0,5000,17,break,0.01899999938905239
Start-of-film reinstatement + film-item boost,1.0,0.75,0.25,With reminder,Strong task encoding,2.0,0.0,0.9,4,0,5000,18,break,0.015200000256299973
Start-of-film reinstatement + film-item boost,1.0,0.75,0.25,With reminder,Strong task encoding,2.0,0.0,0.9,4,0,5000,19,break,0.006000000052154064
Start-of-film reinstatement + film-item boost,1.0,0.75,0.25,With reminder,Strong task encoding,2.0,0.0,0.9,4,0,5000,20,break,0.005799999926239252
Start-of-film reinstatement + film-item boost,1.0,0.75,0.25,With reminder,Strong task encoding,2.0,0.0,0.9,4,0,5000,21,break,0.0031999999191612005
Start-of-film reinstatement + film-item boost,1.0,0.75,0.25,With reminder,Strong task encoding,2.0,0.0,0.9,4,0,5000,22,break,0.0034000000450760126
Start-of-film reinstatement + film-item boost,1.0,0.75,0.25,With reminder,Strong task encoding,2.0,0.0,0.9,4,0,5000,23,break,0.002199999988079071
Start-of-film reinstatement + film-item boost,1.0,0.75,0.25,With reminder,Strong task encoding,2.0,0.0,0.9,4,0,5000,24,break,0.00139999995008111
Start-of-film reinstatement + film-item boost,1.0,0.75,0.25,With reminder,Strong task encoding,2.0,0.0,0.9,4,0,5000,25,break,0.0006000000284984708
Start-of-film reinstatement + film-item boost,1.0,0.75,0.25,With reminder,Strong task encoding,2.0,0.0,0.9,4,0,5000,26,break,0.00039999998989515007
Start-of-film reinstatement + film-item boost,1.0,0.75,0.25,With reminder,Strong task encoding,2.0,0.0,0.9,4,0,5000,27,break,0.00019999999494757503
Start-of-film reinstatement + film-item boost,1.0,0.75,0.25,With reminder,Strong task encoding,2.0,0.0,0.9,4,0,5000,28,break,0.00019999999494757503
Start-of-film reinstatement + film-item boost,1.0,0.75,0.25,With reminder,Strong task encoding,2.0,0.0,0.9,4,0,5000,29,break,0.00019999999494757503
Start-of-film reinstatement + film-item boost,1.0,0.75,0.25,With reminder,Strong task encoding,2.0,0.0,0.9,4,0,5000,30,break,0.0
Start-of-film reinstatement + film-item boost,1.0,0.75,0.25,With reminder,Strong task encoding,2.0,0.0,0.9,4,0,5000,31,break,0.0
Start-of-film reinstatement + film-item boost,1.0,0.75,0.25,With reminder,Strong task encoding,2.0,0.0,0.9,4,0,5000,32,break,0.0
Start-of-film reinstatement + film-item boost,1.0,0.75,0.25,With reminder,Strong task encoding,2.0,0.0,0.9,4,0,5000,33,task,0.25920000672340393
Start-of-film reinstatement + film-item boost,1.0,0.75,0.25,With reminder,Strong task encoding,2.0,0.0,0.9,4,0,5000,34,task,0.19339999556541443
Start-of-film reinstatement + film-item boost,1.0,0.75,0.25,With reminder,Strong task encoding,2.0,0.0,0.9,4,0,5000,35,task,0.12880000472068787
Start-of-film reinstatement + film-item boost,1.0,0.75,0.25,With reminder,Strong task encoding,2.0,0.0,0.9,4,0,5000,36,task,0.08739999681711197
Start-of-film reinstatement + film-item boost,1.0,0.75,0.25,With reminder,Strong task encoding,2.0,0.0,0.9,4,0,5000,37,task,0.06620000302791595
Start-of-film reinstatement + film-item boost,1.0,0.75,0.25,With reminder,Strong task encoding,2.0,0.0,0.9,4,0,5000,38,task,0.041200000792741776
Start-of-film reinstatement + film-item boost,1.0,0.75,0.25,With reminder,Strong task encoding,2.0,0.0,0.9,4,0,5000,39,task,0.03440000116825104
Start-of-film reinstatement + film-item boost,1.0,0.75,0.25,With reminder,Strong task encoding,2.0,0.0,0.9,4,0,5000,40,task,0.023800000548362732
Start-of-film reinstatement + film-item boost,1.0,0.75,0.25,With reminder,Strong task encoding,2.0,0.0,0.9,4,0,5000,41,task,0.01759999990463257
Start-of-film reinstatement + film-item boost,1.0,0.75,0.25,With reminder,Strong task encoding,2.0,0.0,0.9,4,0,5000,42,task,0.012199999764561653
Start-of-film reinstatement + film-item boost,1.0,0.75,0.25,With reminder,Strong task encoding,2.0,0.0,0.9,4,0,5000,43,task,0.007000000216066837
Start-of-film reinstatement + film-item boost,1.0,0.75,0.25,With reminder,Strong task encoding,2.0,0.0,0.9,4,0,5000,44,task,0.006399999838322401
Start-of-film reinstatement + film-item boost,1.0,0.75,0.25,With reminder,Strong task encoding,2.0,0.0,0.9,4,0,5000,45,task,0.004600000102072954
Start-of-film reinstatement + film-item boost,1.0,0.75,0.25,With reminder,Strong task encoding,2.0,0.0,0.9,4,0,5000,46,task,0.004600000102072954
Start-of-film reinstatement + film-item boost,1.0,0.75,0.25,With reminder,Strong task encoding,2.0,0.0,0.9,4,0,5000,47,task,0.002400000113993883
Start-of-film reinstatement + film-item boost,1.0,0.75,0.25,With reminder,Strong task encoding,2.0,0.0,0.9,4,0,5000,48,task,0.00139999995008111
Start-of-film reinstatement + film-item boost,1.0,0.75,0.25,With reminder,Strong task encoding,2.0,0.0,0.9,4,0,5000,49,filler,0.00019999999494757503
Start-of-film reinstatement + film-item boost,1.0,0.75,0.25,With reminder,Strong task encoding,2.0,0.0,0.9,4,0,5000,50,filler,0.0
Start-of-film reinstatement + film-item boost,1.0,0.75,0.25,With reminder,Strong task encoding,2.0,0.0,0.9,4,0,5000,51,filler,0.00019999999494757503
Start-of-film reinstatement + film-item boost,1.0,0.75,0.25,With reminder,Strong task encoding,2.0,0.0,0.9,4,0,5000,52,filler,0.0
Start-of-film reinstatement + film-item boost,1.0,0.75,0.25,With reminder,Strong task encoding,2.0,0.0,0.9,4,0,5000,53,filler,0.0
Start-of-film reinstatement + film-item boost,1.0,0.75,0.25,With reminder,Strong task encoding,2.0,0.0,0.9,4,0,5000,54,filler,0.0
Start-of-film reinstatement + film-item boost,1.0,0.75,0.25,With reminder,Strong task encoding,2.0,0.0,0.9,4,0,5000,55,filler,0.0
Start-of-film reinstatement + film-item boost,1.0,0.75,0.25,With reminder,Strong task encoding,2.0,0.0,0.9,4,0,5000,56,filler,0.00019999999494757503
Start-of-film reinstatement + film-item boost,1.0,0.75,0.25,With reminder,Strong task encoding,2.0,0.0,0.9,4,0,5000,57,filler,0.00019999999494757503
Start-of-film reinstatement + film-item boost,1.0,0.75,0.25,With reminder,Strong task encoding,2.0,0.0,0.9,4,0,5000,58,filler,0.00039999998989515007
Start-of-film reinstatement + film-item boost,1.0,0.75,0.25,With reminder,Strong task encoding,2.0,0.0,0.9,4,0,5000,59,filler,0.0006000000284984708
Start-of-film reinstatement + film-item boost,1.0,0.75,0.25,With reminder,Strong task encoding,2.0,0.0,0.9,4,0,5000,60,filler,0.0
Start-of-film reinstatement + film-item boost,1.0,0.75,0.25,With reminder,Strong task encoding,2.0,0.0,0.9,4,0,5000,61,filler,0.0012000000569969416
Start-of-film reinstatement + film-item boost,1.0,0.75,0.25,With reminder,Strong task encoding,2.0,0.0,0.9,4,0,5000,62,filler,0.00139999995008111
Start-of-film reinstatement + film-item boost,1.0,0.75,0.25,With reminder,Strong task encoding,2.0,0.0,0.9,4,0,5000,63,filler,0.00279999990016222
Start-of-film reinstatement + film-item boost,1.0,0.75,0.25,With reminder,Strong task encoding,2.0,0.0,0.9,4,0,5000,64,filler,0.0020000000949949026
Start-of-film reinstatement + film-item boost,1.0,1.0,0.25,No reminder,Weak task encoding,1.0,0.0,0.9,4,0,5000,1,film,0.39879998564720154
Start-of-film reinstatement + film-item boost,1.0,1.0,0.25,No reminder,Weak task encoding,1.0,0.0,0.9,4,0,5000,2,film,0.4269999861717224
Start-of-film reinstatement + film-item boost,1.0,1.0,0.25,No reminder,Weak task encoding,1.0,0.0,0.9,4,0,5000,3,film,0.4449999928474426
Start-of-film reinstatement + film-item boost,1.0,1.0,0.25,No reminder,Weak task encoding,1.0,0.0,0.9,4,0,5000,4,film,0.4652000069618225
Start-of-film reinstatement + film-item boost,1.0,1.0,0.25,No reminder,Weak task encoding,1.0,0.0,0.9,4,0,5000,5,film,0.4821999967098236
Start-of-film reinstatement + film-item boost,1.0,1.0,0.25,No reminder,Weak task encoding,1.0,0.0,0.9,4,0,5000,6,film,0.49079999327659607
Start-of-film reinstatement + film-item boost,1.0,1.0,0.25,No reminder,Weak task encoding,1.0,0.0,0.9,4,0,5000,7,film,0.49939998984336853
Start-of-film reinstatement + film-item boost,1.0,1.0,0.25,No reminder,Weak task encoding,1.0,0.0,0.9,4,0,5000,8,film,0.5067999958992004
Start-of-film reinstatement + film-item boost,1.0,1.0,0.25,No reminder,Weak task encoding,1.0,0.0,0.9,4,0,5000,9,film,0.5034000277519226
Start-of-film reinstatement + film-item boost,1.0,1.0,0.25,No reminder,Weak task encoding,1.0,0.0,0.9,4,0,5000,10,film,0.5202000141143799
Start-of-film reinstatement + film-item boost,1.0,1.0,0.25,No reminder,Weak task encoding,1.0,0.0,0.9,4,0,5000,11,film,0.5067999958992004
Start-of-film reinstatement + film-item boost,1.0,1.0,0.25,No reminder,Weak task encoding,1.0,0.0,0.9,4,0,5000,12,film,0.4950000047683716
Start-of-film reinstatement + film-item boost,1.0,1.0,0.25,No reminder,Weak task encoding,1.0,0.0,0.9,4,0,5000,13,film,0.48820000886917114
Start-of-film reinstatement + film-item boost,1.0,1.0,0.25,No reminder,Weak task encoding,1.0,0.0,0.9,4,0,5000,14,film,0.4797999858856201
Start-of-film reinstatement + film-item boost,1.0,1.0,0.25,No reminder,Weak task encoding,1.0,0.0,0.9,4,0,5000,15,film,0.4596000015735626
Start-of-film reinstatement + film-item boost,1.0,1.0,0.25,No reminder,Weak task encoding,1.0,0.0,0.9,4,0,5000,16,film,0.4449999928474426
Start-of-film reinstatement + film-item boost,1.0,1.0,0.25,No reminder,Weak task encoding,1.0,0.0,0.9,4,0,5000,17,break,0.0142000000923872
Start-of-film reinstatement + film-item boost,1.0,1.0,0.25,No reminder,Weak task encoding,1.0,0.0,0.9,4,0,5000,18,break,0.009200000204145908
Start-of-film reinstatement + film-item boost,1.0,1.0,0.25,No reminder,Weak task encoding,1.0,0.0,0.9,4,0,5000,19,break,0.007799999788403511
Start-of-film reinstatement + film-item boost,1.0,1.0,0.25,No reminder,Weak task encoding,1.0,0.0,0.9,4,0,5000,20,break,0.003599999938160181
Start-of-film reinstatement + film-item boost,1.0,1.0,0.25,No reminder,Weak task encoding,1.0,0.0,0.9,4,0,5000,21,break,0.003000000026077032
Start-of-film reinstatement + film-item boost,1.0,1.0,0.25,No reminder,Weak task encoding,1.0,0.0,0.9,4,0,5000,22,break,0.0026000000070780516
Start-of-film reinstatement + film-item boost,1.0,1.0,0.25,No reminder,Weak task encoding,1.0,0.0,0.9,4,0,5000,23,break,0.002400000113993883
Start-of-film reinstatement + film-item boost,1.0,1.0,0.25,No reminder,Weak task encoding,1.0,0.0,0.9,4,0,5000,24,break,0.0010000000474974513
Start-of-film reinstatement + film-item boost,1.0,1.0,0.25,No reminder,Weak task encoding,1.0,0.0,0.9,4,0,5000,25,break,0.0006000000284984708
Start-of-film reinstatement + film-item boost,1.0,1.0,0.25,No reminder,Weak task encoding,1.0,0.0,0.9,4,0,5000,26,break,0.00019999999494757503
Start-of-film reinstatement + film-item boost,1.0,1.0,0.25,No reminder,Weak task encoding,1.0,0.0,0.9,4,0,5000,27,break,0.00019999999494757503
Start-of-film reinstatement + film-item boost,1.0,1.0,0.25,No reminder,Weak task encoding,1.0,0.0,0.9,4,0,5000,28,break,0.00019999999494757503
Start-of-film reinstatement + film-item boost,1.0,1.0,0.25,No reminder,Weak task encoding,1.0,0.0,0.9,4,0,5000,29,break,0.00019999999494757503
Start-of-film reinstatement + film-item boost,1.0,1.0,0.25,No reminder,Weak task encoding,1.0,0.0,0.9,4,0,5000,30,break,0.0
Start-of-film reinstatement + film-item boost,1.0,1.0,0.25,No reminder,Weak task encoding,1.0,0.0,0.9,4,0,5000,31,break,0.00019999999494757503
Start-of-film reinstatement + film-item boost,1.0,1.0,0.25,No reminder,Weak task encoding,1.0,0.0,0.9,4,0,5000,32,break,0.0
Start-of-film reinstatement + film-item boost,1.0,1.0,0.25,No reminder,Weak task encoding,1.0,0.0,0.9,4,0,5000,33,task,0.0
Start-of-film reinstatement + film-item boost,1.0,1.0,0.25,No reminder,Weak task encoding,1.0,0.0,0.9,4,0,5000,34,task,0.0
Start-of-film reinstatement + film-item boost,1.0,1.0,0.25,No reminder,Weak task encoding,1.0,0.0,0.9,4,0,5000,35,task,0.0
Start-of-film reinstatement + film-item boost,1.0,1.0,0.25,No reminder,Weak task encoding,1.0,0.0,0.9,4,0,5000,36,task,0.0
Start-of-film reinstatement + film-item boost,1.0,1.0,0.25,No reminder,Weak task encoding,1.0,0.0,0.9,4,0,5000,37,task,0.0
Start-of-film reinstatement + film-item boost,1.0,1.0,0.25,No reminder,Weak task encoding,1.0,0.0,0.9,4,0,5000,38,task,0.0
Start-of-film reinstatement + film-item boost,1.0,1.0,0.25,No reminder,Weak task encoding,1.0,0.0,0.9,4,0,5000,39,task,0.0
Start-of-film reinstatement + film-item boost,1.0,1.0,0.25,No reminder,Weak task encoding,1.0,0.0,0.9,4,0,5000,40,task,0.0
Start-of-film reinstatement + film-item boost,1.0,1.0,0.25,No reminder,Weak task encoding,1.0,0.0,0.9,4,0,5000,41,task,0.0
Start-of-film reinstatement + film-item boost,1.0,1.0,0.25,No reminder,Weak task encoding,1.0,0.0,0.9,4,0,5000,42,task,0.0
Start-of-film reinstatement + film-item boost,1.0,1.0,0.25,No reminder,Weak task encoding,1.0,0.0,0.9,4,0,5000,43,task,0.0
Start-of-film reinstatement + film-item boost,1.0,1.0,0.25,No reminder,Weak task encoding,1.0,0.0,0.9,4,0,5000,44,task,0.0
Start-of-film reinstatement + film-item boost,1.0,1.0,0.25,No reminder,Weak task encoding,1.0,0.0,0.9,4,0,5000,45,task,0.0
Start-of-film reinstatement + film-item boost,1.0,1.0,0.25,No reminder,Weak task encoding,1.0,0.0,0.9,4,0,5000,46,task,0.0
Start-of-film reinstatement + film-item boost,1.0,1.0,0.25,No reminder,Weak task encoding,1.0,0.0,0.9,4,0,5000,47,task,0.0
Start-of-film reinstatement + film-item boost,1.0,1.0,0.25,No reminder,Weak task encoding,1.0,0.0,0.9,4,0,5000,48,task,0.00019999999494757503
Start-of-film reinstatement + film-item boost,1.0,1.0,0.25,No reminder,Weak task encoding,1.0,0.0,0.9,4,0,5000,49,filler,0.0
Start-of-film reinstatement + film-item boost,1.0,1.0,0.25,No reminder,Weak task encoding,1.0,0.0,0.9,4,0,5000,50,filler,0.0
Start-of-film reinstatement + film-item boost,1.0,1.0,0.25,No reminder,Weak task encoding,1.0,0.0,0.9,4,0,5000,51,filler,0.0
Start-of-film reinstatement + film-item boost,1.0,1.0,0.25,No reminder,Weak task encoding,1.0,0.0,0.9,4,0,5000,52,filler,0.0
Start-of-film reinstatement + film-item boost,1.0,1.0,0.25,No reminder,Weak task encoding,1.0,0.0,0.9,4,0,5000,53,filler,0.0
Start-of-film reinstatement + film-item boost,1.0,1.0,0.25,No reminder,Weak task encoding,1.0,0.0,0.9,4,0,5000,54,filler,0.0
Start-of-film reinstatement + film-item boost,1.0,1.0,0.25,No reminder,Weak task encoding,1.0,0.0,0.9,4,0,5000,55,filler,0.0
Start-of-film reinstatement + film-item boost,1.0,1.0,0.25,No reminder,Weak task encoding,1.0,0.0,0.9,4,0,5000,56,filler,0.0
Start-of-film reinstatement + film-item boost,1.0,1.0,0.25,No reminder,Weak task encoding,1.0,0.0,0.9,4,0,5000,57,filler,0.00019999999494757503
Start-of-film reinstatement + film-item boost,1.0,1.0,0.25,No reminder,Weak task encoding,1.0,0.0,0.9,4,0,5000,58,filler,0.00019999999494757503
Start-of-film reinstatement + film-item boost,1.0,1.0,0.25,No reminder,Weak task encoding,1.0,0.0,0.9,4,0,5000,59,filler,0.00019999999494757503
Start-of-film reinstatement + film-item boost,1.0,1.0,0.25,No reminder,Weak task encoding,1.0,0.0,0.9,4,0,5000,60,filler,0.00039999998989515007
Start-of-film reinstatement + film-item boost,1.0,1.0,0.25,No reminder,Weak task encoding,1.0,0.0,0.9,4,0,5000,61,filler,0.00039999998989515007
Start-of-film reinstatement + film-item boost,1.0,1.0,0.25,No reminder,Weak task encoding,1.0,0.0,0.9,4,0,5000,62,filler,0.00019999999494757503
Start-of-film reinstatement + film-item boost,1.0,1.0,0.25,No reminder,Weak task encoding,1.0,0.0,0.9,4,0,5000,63,filler,0.0010000000474974513
Start-of-film reinstatement + film-item boost,1.0,1.0,0.25,No reminder,Weak task encoding,1.0,0.0,0.9,4,0,5000,64,filler,0.0012000000569969416
Start-of-film reinstatement + film-item boost,1.0,1.0,0.25,No reminder,Strong task encoding,2.0,0.0,0.9,4,0,5000,1,film,0.41999998688697815
Start-of-film reinstatement + film-item boost,1.0,1.0,0.25,No reminder,Strong task encoding,2.0,0.0,0.9,4,0,5000,2,film,0.43479999899864197
Start-of-film reinstatement + film-item boost,1.0,1.0,0.25,No reminder,Strong task encoding,2.0,0.0,0.9,4,0,5000,3,film,0.4392000138759613
Start-of-film reinstatement + film-item boost,1.0,1.0,0.25,No reminder,Strong task encoding,2.0,0.0,0.9,4,0,5000,4,film,0.4560000002384186
Start-of-film reinstatement + film-item boost,1.0,1.0,0.25,No reminder,Strong task encoding,2.0,0.0,0.9,4,0,5000,5,film,0.475600004196167
Start-of-film reinstatement + film-item boost,1.0,1.0,0.25,No reminder,Strong task encoding,2.0,0.0,0.9,4,0,5000,6,film,0.4758000075817108
Start-of-film reinstatement + film-item boost,1.0,1.0,0.25,No reminder,Strong task encoding,2.0,0.0,0.9,4,0,5000,7,film,0.49619999527931213
Start-of-film reinstatement + film-item boost,1.0,1.0,0.25,No reminder,Strong task encoding,2.0,0.0,0.9,4,0,5000,8,film,0.49779999256134033
Start-of-film reinstatement + film-item boost,1.0,1.0,0.25,No reminder,Strong task encoding,2.0,0.0,0.9,4,0,5000,9,film,0.5202000141143799
Start-of-film reinstatement + film-item boost,1.0,1.0,0.25,No reminder,Strong task encoding,2.0,0.0,0.9,4,0,5000,10,film,0.5189999938011169
Start-of-film reinstatement + film-item boost,1.0,1.0,0.25,No reminder,Strong task encoding,2.0,0.0,0.9,4,0,5000,11,film,0.5138000249862671
Start-of-film reinstatement + film-item boost,1.0,1.0,0.25,No reminder,Strong task encoding,2.0,0.0,0.9,4,0,5000,12,film,0.49000000953674316
Start-of-film reinstatement + film-item boost,1.0,1.0,0.25,No reminder,Strong task encoding,2.0,0.0,0.9,4,0,5000,13,film,0.5034000277519226
Start-of-film reinstatement + film-item boost,1.0,1.0,0.25,No reminder,Strong task encoding,2.0,0.0,0.9,4,0,5000,14,film,0.4878000020980835
Start-of-film reinstatement + film-item boost,1.0,1.0,0.25,No reminder,Strong task encoding,2.0,0.0,0.9,4,0,5000,15,film,0.4674000144004822
Start-of-film reinstatement + film-item boost,1.0,1.0,0.25,No reminder,Strong task encoding,2.0,0.0,0.9,4,0,5000,16,film,0.4410000145435333
Start-of-film reinstatement + film-item boost,1.0,1.0,0.25,No reminder,Strong task encoding,2.0,0.0,0.9,4,0,5000,17,break,0.01360000018030405
Start-of-film reinstatement + film-item boost,1.0,1.0,0.25,No reminder,Strong task encoding,2.0,0.0,0.9,4,0,5000,18,break,0.009600000455975533
Start-of-film reinstatement + film-item boost,1.0,1.0,0.25,No reminder,Strong task encoding,2.0,0.0,0.9,4,0,5000,19,break,0.007000000216066837
Start-of-film reinstatement + film-item boost,1.0,1.0,0.25,No reminder,Strong task encoding,2.0,0.0,0.9,4,0,5000,20,break,0.005200000014156103
Start-of-film reinstatement + film-item boost,1.0,1.0,0.25,No reminder,Strong task encoding,2.0,0.0,0.9,4,0,5000,21,break,0.0031999999191612005
Start-of-film reinstatement + film-item boost,1.0,1.0,0.25,No reminder,Strong task encoding,2.0,0.0,0.9,4,0,5000,22,break,0.0026000000070780516
Start-of-film reinstatement + film-item boost,1.0,1.0,0.25,No reminder,Strong task encoding,2.0,0.0,0.9,4,0,5000,23,break,0.0012000000569969416
Start-of-film reinstatement + film-item boost,1.0,1.0,0.25,No reminder,Strong task encoding,2.0,0.0,0.9,4,0,5000,24,break,0.0012000000569969416
Start-of-film reinstatement + film-item boost,1.0,1.0,0.25,No reminder,Strong task encoding,2.0,0.0,0.9,4,0,5000,25,break,0.0
Start-of-film reinstatement + film-item boost,1.0,1.0,0.25,No reminder,Strong task encoding,2.0,0.0,0.9,4,0,5000,26,break,0.00039999998989515007
Start-of-film reinstatement + film-item boost,1.0,1.0,0.25,No reminder,Strong task encoding,2.0,0.0,0.9,4,0,5000,27,break,0.0
Start-of-film reinstatement + film-item boost,1.0,1.0,0.25,No reminder,Strong task encoding,2.0,0.0,0.9,4,0,5000,28,break,0.00019999999494757503
Start-of-film reinstatement + film-item boost,1.0,1.0,0.25,No reminder,Strong task encoding,2.0,0.0,0.9,4,0,5000,29,break,0.0
Start-of-film reinstatement + film-item boost,1.0,1.0,0.25,No reminder,Strong task encoding,2.0,0.0,0.9,4,0,5000,30,break,0.00019999999494757503
Start-of-film reinstatement + film-item boost,1.0,1.0,0.25,No reminder,Strong task encoding,2.0,0.0,0.9,4,0,5000,31,break,0.0
Start-of-film reinstatement + film-item boost,1.0,1.0,0.25,No reminder,Strong task encoding,2.0,0.0,0.9,4,0,5000,32,break,0.0
Start-of-film reinstatement + film-item boost,1.0,1.0,0.25,No reminder,Strong task encoding,2.0,0.0,0.9,4,0,5000,33,task,0.00019999999494757503
Start-of-film reinstatement + film-item boost,1.0,1.0,0.25,No reminder,Strong task encoding,2.0,0.0,0.9,4,0,5000,34,task,0.0
Start-of-film reinstatement + film-item boost,1.0,1.0,0.25,No reminder,Strong task encoding,2.0,0.0,0.9,4,0,5000,35,task,0.00019999999494757503
Start-of-film reinstatement + film-item boost,1.0,1.0,0.25,No reminder,Strong task encoding,2.0,0.0,0.9,4,0,5000,36,task,0.00039999998989515007
Start-of-film reinstatement + film-item boost,1.0,1.0,0.25,No reminder,Strong task encoding,2.0,0.0,0.9,4,0,5000,37,task,0.0
Start-of-film reinstatement + film-item boost,1.0,1.0,0.25,No reminder,Strong task encoding,2.0,0.0,0.9,4,0,5000,38,task,0.0
Start-of-film reinstatement + film-item boost,1.0,1.0,0.25,No reminder,Strong task encoding,2.0,0.0,0.9,4,0,5000,39,task,0.0
Start-of-film reinstatement + film-item boost,1.0,1.0,0.25,No reminder,Strong task encoding,2.0,0.0,0.9,4,0,5000,40,task,0.0
Start-of-film reinstatement + film-item boost,1.0,1.0,0.25,No reminder,Strong task encoding,2.0,0.0,0.9,4,0,5000,41,task,0.0
Start-of-film reinstatement + film-item boost,1.0,1.0,0.25,No reminder,Strong task encoding,2.0,0.0,0.9,4,0,5000,42,task,0.0
Start-of-film reinstatement + film-item boost,1.0,1.0,0.25,No reminder,Strong task encoding,2.0,0.0,0.9,4,0,5000,43,task,0.00019999999494757503
Start-of-film reinstatement + film-item boost,1.0,1.0,0.25,No reminder,Strong task encoding,2.0,0.0,0.9,4,0,5000,44,task,0.0
Start-of-film reinstatement + film-item boost,1.0,1.0,0.25,No reminder,Strong task encoding,2.0,0.0,0.9,4,0,5000,45,task,0.0
Start-of-film reinstatement + film-item boost,1.0,1.0,0.25,No reminder,Strong task encoding,2.0,0.0,0.9,4,0,5000,46,task,0.00019999999494757503
Start-of-film reinstatement + film-item boost,1.0,1.0,0.25,No reminder,Strong task encoding,2.0,0.0,0.9,4,0,5000,47,task,0.0
Start-of-film reinstatement + film-item boost,1.0,1.0,0.25,No reminder,Strong task encoding,2.0,0.0,0.9,4,0,5000,48,task,0.00019999999494757503
Start-of-film reinstatement + film-item boost,1.0,1.0,0.25,No reminder,Strong task encoding,2.0,0.0,0.9,4,0,5000,49,filler,0.0
Start-of-film reinstatement + film-item boost,1.0,1.0,0.25,No reminder,Strong task encoding,2.0,0.0,0.9,4,0,5000,50,filler,0.0
Start-of-film reinstatement + film-item boost,1.0,1.0,0.25,No reminder,Strong task encoding,2.0,0.0,0.9,4,0,5000,51,filler,0.0
Start-of-film reinstatement + film-item boost,1.0,1.0,0.25,No reminder,Strong task encoding,2.0,0.0,0.9,4,0,5000,52,filler,0.0
Start-of-film reinstatement + film-item boost,1.0,1.0,0.25,No reminder,Strong task encoding,2.0,0.0,0.9,4,0,5000,53,filler,0.0
Start-of-film reinstatement + film-item boost,1.0,1.0,0.25,No reminder,Strong task encoding,2.0,0.0,0.9,4,0,5000,54,filler,0.00019999999494757503
Start-of-film reinstatement + film-item boost,1.0,1.0,0.25,No reminder,Strong task encoding,2.0,0.0,0.9,4,0,5000,55,filler,0.0
Start-of-film reinstatement + film-item boost,1.0,1.0,0.25,No reminder,Strong task encoding,2.0,0.0,0.9,4,0,5000,56,filler,0.0
Start-of-film reinstatement + film-item boost,1.0,1.0,0.25,No reminder,Strong task encoding,2.0,0.0,0.9,4,0,5000,57,filler,0.0
Start-of-film reinstatement + film-item boost,1.0,1.0,0.25,No reminder,Strong task encoding,2.0,0.0,0.9,4,0,5000,58,filler,0.00019999999494757503
Start-of-film reinstatement + film-item boost,1.0,1.0,0.25,No reminder,Strong task encoding,2.0,0.0,0.9,4,0,5000,59,filler,0.0
Start-of-film reinstatement + film-item boost,1.0,1.0,0.25,No reminder,Strong task encoding,2.0,0.0,0.9,4,0,5000,60,filler,0.00019999999494757503
Start-of-film reinstatement + film-item boost,1.0,1.0,0.25,No reminder,Strong task encoding,2.0,0.0,0.9,4,0,5000,61,filler,0.00019999999494757503
Start-of-film reinstatement + film-item boost,1.0,1.0,0.25,No reminder,Strong task encoding,2.0,0.0,0.9,4,0,5000,62,filler,0.00039999998989515007
Start-of-film reinstatement + film-item boost,1.0,1.0,0.25,No reminder,Strong task encoding,2.0,0.0,0.9,4,0,5000,63,filler,0.0006000000284984708
Start-of-film reinstatement + film-item boost,1.0,1.0,0.25,No reminder,Strong task encoding,2.0,0.0,0.9,4,0,5000,64,filler,0.0010000000474974513
Start-of-film reinstatement + film-item boost,1.0,1.0,0.25,With reminder,Weak task encoding,1.0,0.0,0.9,4,0,5000,1,film,0.40459999442100525
Start-of-film reinstatement + film-item boost,1.0,1.0,0.25,With reminder,Weak task encoding,1.0,0.0,0.9,4,0,5000,2,film,0.42100000381469727
Start-of-film reinstatement + film-item boost,1.0,1.0,0.25,With reminder,Weak task encoding,1.0,0.0,0.9,4,0,5000,3,film,0.4375999867916107
Start-of-film reinstatement + film-item boost,1.0,1.0,0.25,With reminder,Weak task encoding,1.0,0.0,0.9,4,0,5000,4,film,0.4413999915122986
Start-of-film reinstatement + film-item boost,1.0,1.0,0.25,With reminder,Weak task encoding,1.0,0.0,0.9,4,0,5000,5,film,0.48019999265670776
Start-of-film reinstatement + film-item boost,1.0,1.0,0.25,With reminder,Weak task encoding,1.0,0.0,0.9,4,0,5000,6,film,0.48100000619888306
Start-of-film reinstatement + film-item boost,1.0,1.0,0.25,With reminder,Weak task encoding,1.0,0.0,0.9,4,0,5000,7,film,0.4821999967098236
Start-of-film reinstatement + film-item boost,1.0,1.0,0.25,With reminder,Weak task encoding,1.0,0.0,0.9,4,0,5000,8,film,0.5052000284194946
Start-of-film reinstatement + film-item boost,1.0,1.0,0.25,With reminder,Weak task encoding,1.0,0.0,0.9,4,0,5000,9,film,0.5088000297546387
Start-of-film reinstatement + film-item boost,1.0,1.0,0.25,With reminder,Weak task encoding,1.0,0.0,0.9,4,0,5000,10,film,0.5077999830245972
Start-of-film reinstatement + film-item boost,1.0,1.0,0.25,With reminder,Weak task encoding,1.0,0.0,0.9,4,0,5000,11,film,0.5013999938964844
Start-of-film reinstatement + film-item boost,1.0,1.0,0.25,With reminder,Weak task encoding,1.0,0.0,0.9,4,0,5000,12,film,0.49459999799728394
Start-of-film reinstatement + film-item boost,1.0,1.0,0.25,With reminder,Weak task encoding,1.0,0.0,0.9,4,0,5000,13,film,0.5022000074386597
Start-of-film reinstatement + film-item boost,1.0,1.0,0.25,With reminder,Weak task encoding,1.0,0.0,0.9,4,0,5000,14,film,0.4867999851703644
Start-of-film reinstatement + film-item boost,1.0,1.0,0.25,With reminder,Weak task encoding,1.0,0.0,0.9,4,0,5000,15,film,0.4702000021934509
Start-of-film reinstatement + film-item boost,1.0,1.0,0.25,With reminder,Weak task encoding,1.0,0.0,0.9,4,0,5000,16,film,0.44780001044273376
Start-of-film reinstatement + film-item boost,1.0,1.0,0.25,With reminder,Weak task encoding,1.0,0.0,0.9,4,0,5000,17,break,0.01759999990463257
Start-of-film reinstatement + film-item boost,1.0,1.0,0.25,With reminder,Weak task encoding,1.0,0.0,0.9,4,0,5000,18,break,0.006800000090152025
Start-of-film reinstatement + film-item boost,1.0,1.0,0.25,With reminder,Weak task encoding,1.0,0.0,0.9,4,0,5000,19,break,0.006800000090152025
Start-of-film reinstatement + film-item boost,1.0,1.0,0.25,With reminder,Weak task encoding,1.0,0.0,0.9,4,0,5000,20,break,0.006000000052154064
Start-of-film reinstatement + film-item boost,1.0,1.0,0.25,With reminder,Weak task encoding,1.0,0.0,0.9,4,0,5000,21,break,0.004000000189989805
Start-of-film reinstatement + film-item boost,1.0,1.0,0.25,With reminder,Weak task encoding,1.0,0.0,0.9,4,0,5000,22,break,0.0017999999690800905
Start-of-film reinstatement + film-item boost,1.0,1.0,0.25,With reminder,Weak task encoding,1.0,0.0,0.9,4,0,5000,23,break,0.0012000000569969416
Start-of-film reinstatement + film-item boost,1.0,1.0,0.25,With reminder,Weak task encoding,1.0,0.0,0.9,4,0,5000,24,break,0.0010000000474974513
Start-of-film reinstatement + film-item boost,1.0,1.0,0.25,With reminder,Weak task encoding,1.0,0.0,0.9,4,0,5000,25,break,0.00039999998989515007
Start-of-film reinstatement + film-item boost,1.0,1.0,0.25,With reminder,Weak task encoding,1.0,0.0,0.9,4,0,5000,26,break,0.0007999999797903001
Start-of-film reinstatement + film-item boost,1.0,1.0,0.25,With reminder,Weak task encoding,1.0,0.0,0.9,4,0,5000,27,break,0.00019999999494757503
Start-of-film reinstatement + film-item boost,1.0,1.0,0.25,With reminder,Weak task encoding,1.0,0.0,0.9,4,0,5000,28,break,0.00019999999494757503
Start-of-film reinstatement + film-item boost,1.0,1.0,0.25,With reminder,Weak task encoding,1.0,0.0,0.9,4,0,5000,29,break,0.00019999999494757503
Start-of-film reinstatement + film-item boost,1.0,1.0,0.25,With reminder,Weak task encoding,1.0,0.0,0.9,4,0,5000,30,break,0.00019999999494757503
Start-of-film reinstatement + film-item boost,1.0,1.0,0.25,With reminder,Weak task encoding,1.0,0.0,0.9,4,0,5000,31,break,0.0
Start-of-film reinstatement + film-item boost,1.0,1.0,0.25,With reminder,Weak task encoding,1.0,0.0,0.9,4,0,5000,32,break,0.0
Start-of-film reinstatement + film-item boost,1.0,1.0,0.25,With reminder,Weak task encoding,1.0,0.0,0.9,4,0,5000,33,task,0.02160000056028366
Start-of-film reinstatement + film-item boost,1.0,1.0,0.25,With reminder,Weak task encoding,1.0,0.0,0.9,4,0,5000,34,task,0.012199999764561653
Start-of-film reinstatement + film-item boost,1.0,1.0,0.25,With reminder,Weak task encoding,1.0,0.0,0.9,4,0,5000,35,task,0.007600000128149986
Start-of-film reinstatement + film-item boost,1.0,1.0,0.25,With reminder,Weak task encoding,1.0,0.0,0.9,4,0,5000,36,task,0.006399999838322401
Start-of-film reinstatement + film-item boost,1.0,1.0,0.25,With reminder,Weak task encoding,1.0,0.0,0.9,4,0,5000,37,task,0.003000000026077032
Start-of-film reinstatement + film-item boost,1.0,1.0,0.25,With reminder,Weak task encoding,1.0,0.0,0.9,4,0,5000,38,task,0.003599999938160181
Start-of-film reinstatement + film-item boost,1.0,1.0,0.25,With reminder,Weak task encoding,1.0,0.0,0.9,4,0,5000,39,task,0.00139999995008111
Start-of-film reinstatement + film-item boost,1.0,1.0,0.25,With reminder,Weak task encoding,1.0,0.0,0.9,4,0,5000,40,task,0.0010000000474974513
Start-of-film reinstatement + film-item boost,1.0,1.0,0.25,With reminder,Weak task encoding,1.0,0.0,0.9,4,0,5000,41,task,0.0010000000474974513
Start-of-film reinstatement + film-item boost,1.0,1.0,0.25,With reminder,Weak task encoding,1.0,0.0,0.9,4,0,5000,42,task,0.0012000000569969416
Start-of-film reinstatement + film-item boost,1.0,1.0,0.25,With reminder,Weak task encoding,1.0,0.0,0.9,4,0,5000,43,task,0.00039999998989515007
Start-of-film reinstatement + film-item boost,1.0,1.0,0.25,With reminder,Weak task encoding,1.0,0.0,0.9,4,0,5000,44,task,0.0
Start-of-film reinstatement + film-item boost,1.0,1.0,0.25,With reminder,Weak task encoding,1.0,0.0,0.9,4,0,5000,45,task,0.00019999999494757503
Start-of-film reinstatement + film-item boost,1.0,1.0,0.25,With reminder,Weak task encoding,1.0,0.0,0.9,4,0,5000,46,task,0.00019999999494757503
Start-of-film reinstatement + film-item boost,1.0,1.0,0.25,With reminder,Weak task encoding,1.0,0.0,0.9,4,0,5000,47,task,0.0
Start-of-film reinstatement + film-item boost,1.0,1.0,0.25,With reminder,Weak task encoding,1.0,0.0,0.9,4,0,5000,48,task,0.0
Start-of-film reinstatement + film-item boost,1.0,1.0,0.25,With reminder,Weak task encoding,1.0,0.0,0.9,4,0,5000,49,filler,0.00019999999494757503
Start-of-film reinstatement + film-item boost,1.0,1.0,0.25,With reminder,Weak task encoding,1.0,0.0,0.9,4,0,5000,50,filler,0.0
Start-of-film reinstatement + film-item boost,1.0,1.0,0.25,With reminder,Weak task encoding,1.0,0.0,0.9,4,0,5000,51,filler,0.0
Start-of-film reinstatement + film-item boost,1.0,1.0,0.25,With reminder,Weak task encoding,1.0,0.0,0.9,4,0,5000,52,filler,0.0
Start-of-film reinstatement + film-item boost,1.0,1.0,0.25,With reminder,Weak task encoding,1.0,0.0,0.9,4,0,5000,53,filler,0.00019999999494757503
Start-of-film reinstatement + film-item boost,1.0,1.0,0.25,With reminder,Weak task encoding,1.0,0.0,0.9,4,0,5000,54,filler,0.0
Start-of-film reinstatement + film-item boost,1.0,1.0,0.25,With reminder,Weak task encoding,1.0,0.0,0.9,4,0,5000,55,filler,0.0
Start-of-film reinstatement + film-item boost,1.0,1.0,0.25,With reminder,Weak task encoding,1.0,0.0,0.9,4,0,5000,56,filler,0.0
Start-of-film reinstatement + film-item boost,1.0,1.0,0.25,With reminder,Weak task encoding,1.0,0.0,0.9,4,0,5000,57,filler,0.0
Start-of-film reinstatement + film-item boost,1.0,1.0,0.25,With reminder,Weak task encoding,1.0,0.0,0.9,4,0,5000,58,filler,0.0
Start-of-film reinstatement + film-item boost,1.0,1.0,0.25,With reminder,Weak task encoding,1.0,0.0,0.9,4,0,5000,59,filler,0.00019999999494757503
Start-of-film reinstatement + film-item boost,1.0,1.0,0.25,With reminder,Weak task encoding,1.0,0.0,0.9,4,0,5000,60,filler,0.0006000000284984708
Start-of-film reinstatement + film-item boost,1.0,1.0,0.25,With reminder,Weak task encoding,1.0,0.0,0.9,4,0,5000,61,filler,0.00019999999494757503
Start-of-film reinstatement + film-item boost,1.0,1.0,0.25,With reminder,Weak task encoding,1.0,0.0,0.9,4,0,5000,62,filler,0.0010000000474974513
Start-of-film reinstatement + film-item boost,1.0,1.0,0.25,With reminder,Weak task encoding,1.0,0.0,0.9,4,0,5000,63,filler,0.0007999999797903001
Start-of-film reinstatement + film-item boost,1.0,1.0,0.25,With reminder,Weak task encoding,1.0,0.0,0.9,4,0,5000,64,filler,0.0017999999690800905
Start-of-film reinstatement + film-item boost,1.0,1.0,0.25,With reminder,Strong task encoding,2.0,0.0,0.9,4,0,5000,1,film,0.38199999928474426
Start-of-film reinstatement + film-item boost,1.0,1.0,0.25,With reminder,Strong task encoding,2.0,0.0,0.9,4,0,5000,2,film,0.3862000107765198
Start-of-film reinstatement + film-item boost,1.0,1.0,0.25,With reminder,Strong task encoding,2.0,0.0,0.9,4,0,5000,3,film,0.41519999504089355
Start-of-film reinstatement + film-item boost,1.0,1.0,0.25,With reminder,Strong task encoding,2.0,0.0,0.9,4,0,5000,4,film,0.430400013923645
Start-of-film reinstatement + film-item boost,1.0,1.0,0.25,With reminder,Strong task encoding,2.0,0.0,0.9,4,0,5000,5,film,0.43220001459121704
Start-of-film reinstatement + film-item boost,1.0,1.0,0.25,With reminder,Strong task encoding,2.0,0.0,0.9,4,0,5000,6,film,0.448199987411499
Start-of-film reinstatement + film-item boost,1.0,1.0,0.25,With reminder,Strong task encoding,2.0,0.0,0.9,4,0,5000,7,film,0.4562000036239624
Start-of-film reinstatement + film-item boost,1.0,1.0,0.25,With reminder,Strong task encoding,2.0,0.0,0.9,4,0,5000,8,film,0.45579999685287476
Start-of-film reinstatement + film-item boost,1.0,1.0,0.25,With reminder,Strong task encoding,2.0,0.0,0.9,4,0,5000,9,film,0.46219998598098755
Start-of-film reinstatement + film-item boost,1.0,1.0,0.25,With reminder,Strong task encoding,2.0,0.0,0.9,4,0,5000,10,film,0.47099998593330383
Start-of-film reinstatement + film-item boost,1.0,1.0,0.25,With reminder,Strong task encoding,2.0,0.0,0.9,4,0,5000,11,film,0.4684000015258789
Start-of-film reinstatement + film-item boost,1.0,1.0,0.25,With reminder,Strong task encoding,2.0,0.0,0.9,4,0,5000,12,film,0.4636000096797943
Start-of-film reinstatement + film-item boost,1.0,1.0,0.25,With reminder,Strong task encoding,2.0,0.0,0.9,4,0,5000,13,film,0.462799996137619
Start-of-film reinstatement + film-item boost,1.0,1.0,0.25,With reminder,Strong task encoding,2.0,0.0,0.9,4,0,5000,14,film,0.4490000009536743
Start-of-film reinstatement + film-item boost,1.0,1.0,0.25,With reminder,Strong task encoding,2.0,0.0,0.9,4,0,5000,15,film,0.42399999499320984
Start-of-film reinstatement + film-item boost,1.0,1.0,0.25,With reminder,Strong task encoding,2.0,0.0,0.9,4,0,5000,16,film,0.4189999997615814
Start-of-film reinstatement + film-item boost,1.0,1.0,0.25,With reminder,Strong task encoding,2.0,0.0,0.9,4,0,5000,17,break,0.01360000018030405
Start-of-film reinstatement + film-item boost,1.0,1.0,0.25,With reminder,Strong task encoding,2.0,0.0,0.9,4,0,5000,18,break,0.00860000029206276
Start-of-film reinstatement + film-item boost,1.0,1.0,0.25,With reminder,Strong task encoding,2.0,0.0,0.9,4,0,5000,19,break,0.00559999980032444
Start-of-film reinstatement + film-item boost,1.0,1.0,0.25,With reminder,Strong task encoding,2.0,0.0,0.9,4,0,5000,20,break,0.0026000000070780516
Start-of-film reinstatement + film-item boost,1.0,1.0,0.25,With reminder,Strong task encoding,2.0,0.0,0.9,4,0,5000,21,break,0.0034000000450760126
Start-of-film reinstatement + film-item boost,1.0,1.0,0.25,With reminder,Strong task encoding,2.0,0.0,0.9,4,0,5000,22,break,0.00139999995008111
Start-of-film reinstatement + film-item boost,1.0,1.0,0.25,With reminder,Strong task encoding,2.0,0.0,0.9,4,0,5000,23,break,0.0020000000949949026
Start-of-film reinstatement + film-item boost,1.0,1.0,0.25,With reminder,Strong task encoding,2.0,0.0,0.9,4,0,5000,24,break,0.0012000000569969416
Start-of-film reinstatement + film-item boost,1.0,1.0,0.25,With reminder,Strong task encoding,2.0,0.0,0.9,4,0,5000,25,break,0.0007999999797903001
Start-of-film reinstatement + film-item boost,1.0,1.0,0.25,With reminder,Strong task encoding,2.0,0.0,0.9,4,0,5000,26,break,0.0006000000284984708
Start-of-film reinstatement + film-item boost,1.0,1.0,0.25,With reminder,Strong task encoding,2.0,0.0,0.9,4,0,5000,27,break,0.0
Start-of-film reinstatement + film-item boost,1.0,1.0,0.25,With reminder,Strong task encoding,2.0,0.0,0.9,4,0,5000,28,break,0.0
Start-of-film reinstatement + film-item boost,1.0,1.0,0.25,With reminder,Strong task encoding,2.0,0.0,0.9,4,0,5000,29,break,0.0006000000284984708
Start-of-film reinstatement + film-item boost,1.0,1.0,0.25,With reminder,Strong task encoding,2.0,0.0,0.9,4,0,5000,30,break,0.00019999999494757503
Start-of-film reinstatement + film-item boost,1.0,1.0,0.25,With reminder,Strong task encoding,2.0,0.0,0.9,4,0,5000,31,break,0.0
Start-of-film reinstatement + film-item boost,1.0,1.0,0.25,With reminder,Strong task encoding,2.0,0.0,0.9,4,0,5000,32,break,0.0
Start-of-film reinstatement + film-item boost,1.0,1.0,0.25,With reminder,Strong task encoding,2.0,0.0,0.9,4,0,5000,33,task,0.1736000031232834
Start-of-film reinstatement + film-item boost,1.0,1.0,0.25,With reminder,Strong task encoding,2.0,0.0,0.9,4,0,5000,34,task,0.12380000203847885
Start-of-film reinstatement + film-item boost,1.0,1.0,0.25,With reminder,Strong task encoding,2.0,0.0,0.9,4,0,5000,35,task,0.08799999952316284
Start-of-film reinstatement + film-item boost,1.0,1.0,0.25,With reminder,Strong task encoding,2.0,0.0,0.9,4,0,5000,36,task,0.05460000038146973
Start-of-film reinstatement + film-item boost,1.0,1.0,0.25,With reminder,Strong task encoding,2.0,0.0,0.9,4,0,5000,37,task,0.03959999978542328
Start-of-film reinstatement + film-item boost,1.0,1.0,0.25,With reminder,Strong task encoding,2.0,0.0,0.9,4,0,5000,38,task,0.026599999517202377
Start-of-film reinstatement + film-item boost,1.0,1.0,0.25,With reminder,Strong task encoding,2.0,0.0,0.9,4,0,5000,39,task,0.018400000408291817
Start-of-film reinstatement + film-item boost,1.0,1.0,0.25,With reminder,Strong task encoding,2.0,0.0,0.9,4,0,5000,40,task,0.0142000000923872
Start-of-film reinstatement + film-item boost,1.0,1.0,0.25,With reminder,Strong task encoding,2.0,0.0,0.9,4,0,5000,41,task,0.008999999612569809
Start-of-film reinstatement + film-item boost,1.0,1.0,0.25,With reminder,Strong task encoding,2.0,0.0,0.9,4,0,5000,42,task,0.006200000178068876
Start-of-film reinstatement + film-item boost,1.0,1.0,0.25,With reminder,Strong task encoding,2.0,0.0,0.9,4,0,5000,43,task,0.004800000227987766
Start-of-film reinstatement + film-item boost,1.0,1.0,0.25,With reminder,Strong task encoding,2.0,0.0,0.9,4,0,5000,44,task,0.003800000064074993
Start-of-film reinstatement + film-item boost,1.0,1.0,0.25,With reminder,Strong task encoding,2.0,0.0,0.9,4,0,5000,45,task,0.0026000000070780516
Start-of-film reinstatement + film-item boost,1.0,1.0,0.25,With reminder,Strong task encoding,2.0,0.0,0.9,4,0,5000,46,task,0.002400000113993883
Start-of-film reinstatement + film-item boost,1.0,1.0,0.25,With reminder,Strong task encoding,2.0,0.0,0.9,4,0,5000,47,task,0.00279999990016222
Start-of-film reinstatement + film-item boost,1.0,1.0,0.25,With reminder,Strong task encoding,2.0,0.0,0.9,4,0,5000,48,task,0.0012000000569969416
Start-of-film reinstatement + film-item boost,1.0,1.0,0.25,With reminder,Strong task encoding,2.0,0.0,0.9,4,0,5000,49,filler,0.00039999998989515007
Start-of-film reinstatement + film-item boost,1.0,1.0,0.25,With reminder,Strong task encoding,2.0,0.0,0.9,4,0,5000,50,filler,0.00019999999494757503
Start-of-film reinstatement + film-item boost,1.0,1.0,0.25,With reminder,Strong task encoding,2.0,0.0,0.9,4,0,5000,51,filler,0.0
Start-of-film reinstatement + film-item boost,1.0,1.0,0.25,With reminder,Strong task encoding,2.0,0.0,0.9,4,0,5000,52,filler,0.0
Start-of-film reinstatement + film-item boost,1.0,1.0,0.25,With reminder,Strong task encoding,2.0,0.0,0.9,4,0,5000,53,filler,0.0
Start-of-film reinstatement + film-item boost,1.0,1.0,0.25,With reminder,Strong task encoding,2.0,0.0,0.9,4,0,5000,54,filler,0.00019999999494757503
Start-of-film reinstatement + film-item boost,1.0,1.0,0.25,With reminder,Strong task encoding,2.0,0.0,0.9,4,0,5000,55,filler,0.00039999998989515007
Start-of-film reinstatement + film-item boost,1.0,1.0,0.25,With reminder,Strong task encoding,2.0,0.0,0.9,4,0,5000,56,filler,0.00019999999494757503
Start-of-film reinstatement + film-item boost,1.0,1.0,0.25,With reminder,Strong task encoding,2.0,0.0,0.9,4,0,5000,57,filler,0.0
Start-of-film reinstatement + film-item boost,1.0,1.0,0.25,With reminder,Strong task encoding,2.0,0.0,0.9,4,0,5000,58,filler,0.0006000000284984708
Start-of-film reinstatement + film-item boost,1.0,1.0,0.25,With reminder,Strong task encoding,2.0,0.0,0.9,4,0,5000,59,filler,0.00019999999494757503
Start-of-film reinstatement + film-item boost,1.0,1.0,0.25,With reminder,Strong task encoding,2.0,0.0,0.9,4,0,5000,60,filler,0.0
Start-of-film reinstatement + film-item boost,1.0,1.0,0.25,With reminder,Strong task encoding,2.0,0.0,0.9,4,0,5000,61,filler,0.00039999998989515007
Start-of-film reinstatement + film-item boost,1.0,1.0,0.25,With reminder,Strong task encoding,2.0,0.0,0.9,4,0,5000,62,filler,0.00019999999494757503
Start-of-film reinstatement + film-item boost,1.0,1.0,0.25,With reminder,Strong task encoding,2.0,0.0,0.9,4,0,5000,63,filler,0.0017999999690800905
Start-of-film reinstatement + film-item boost,1.0,1.0,0.25,With reminder,Strong task encoding,2.0,0.0,0.9,4,0,5000,64,filler,0.00139999995008111
