retrieval_condition,film_cue_reinstatement,cue_event_number,cue_position,cue_bin,count
Unguided retrieval,0.0,1,1,early,0
Unguided retrieval,0.0,1,2,early,0
Unguided retrieval,0.0,1,3,early,0
Unguided retrieval,0.0,1,4,early,0
Unguided retrieval,0.0,1,5,early,0
Unguided retrieval,0.0,1,6,middle,0
Unguided retrieval,0.0,1,7,middle,0
Unguided retrieval,0.0,1,8,middle,0
Unguided retrieval,0.0,1,9,middle,0
Unguided retrieval,0.0,1,10,middle,0
Unguided retrieval,0.0,1,11,middle,0
Unguided retrieval,0.0,1,12,late,0
Unguided retrieval,0.0,1,13,late,0
Unguided retrieval,0.0,1,14,late,0
Unguided retrieval,0.0,1,15,late,0
Unguided retrieval,0.0,1,16,late,0
Unguided retrieval,0.0,2,1,early,0
Unguided retrieval,0.0,2,2,early,0
Unguided retrieval,0.0,2,3,early,0
Unguided retrieval,0.0,2,4,early,0
Unguided retrieval,0.0,2,5,early,0
Unguided retrieval,0.0,2,6,middle,0
Unguided retrieval,0.0,2,7,middle,0
Unguided retrieval,0.0,2,8,middle,0
Unguided retrieval,0.0,2,9,middle,0
Unguided retrieval,0.0,2,10,middle,0
Unguided retrieval,0.0,2,11,middle,0
Unguided retrieval,0.0,2,12,late,0
Unguided retrieval,0.0,2,13,late,0
Unguided retrieval,0.0,2,14,late,0
Unguided retrieval,0.0,2,15,late,0
Unguided retrieval,0.0,2,16,late,0
Unguided retrieval,0.0,3,1,early,0
Unguided retrieval,0.0,3,2,early,0
Unguided retrieval,0.0,3,3,early,0
Unguided retrieval,0.0,3,4,early,0
Unguided retrieval,0.0,3,5,early,0
Unguided retrieval,0.0,3,6,middle,0
Unguided retrieval,0.0,3,7,middle,0
Unguided retrieval,0.0,3,8,middle,0
Unguided retrieval,0.0,3,9,middle,0
Unguided retrieval,0.0,3,10,middle,0
Unguided retrieval,0.0,3,11,middle,0
Unguided retrieval,0.0,3,12,late,0
Unguided retrieval,0.0,3,13,late,0
Unguided retrieval,0.0,3,14,late,0
Unguided retrieval,0.0,3,15,late,0
Unguided retrieval,0.0,3,16,late,0
Unguided retrieval,0.0,4,1,early,0
Unguided retrieval,0.0,4,2,early,0
Unguided retrieval,0.0,4,3,early,0
Unguided retrieval,0.0,4,4,early,0
Unguided retrieval,0.0,4,5,early,0
Unguided retrieval,0.0,4,6,middle,0
Unguided retrieval,0.0,4,7,middle,0
Unguided retrieval,0.0,4,8,middle,0
Unguided retrieval,0.0,4,9,middle,0
Unguided retrieval,0.0,4,10,middle,0
Unguided retrieval,0.0,4,11,middle,0
Unguided retrieval,0.0,4,12,late,0
Unguided retrieval,0.0,4,13,late,0
Unguided retrieval,0.0,4,14,late,0
Unguided retrieval,0.0,4,15,late,0
Unguided retrieval,0.0,4,16,late,0
Unguided retrieval,0.0,5,1,early,0
Unguided retrieval,0.0,5,2,early,0
Unguided retrieval,0.0,5,3,early,0
Unguided retrieval,0.0,5,4,early,0
Unguided retrieval,0.0,5,5,early,0
Unguided retrieval,0.0,5,6,middle,0
Unguided retrieval,0.0,5,7,middle,0
Unguided retrieval,0.0,5,8,middle,0
Unguided retrieval,0.0,5,9,middle,0
Unguided retrieval,0.0,5,10,middle,0
Unguided retrieval,0.0,5,11,middle,0
Unguided retrieval,0.0,5,12,late,0
Unguided retrieval,0.0,5,13,late,0
Unguided retrieval,0.0,5,14,late,0
Unguided retrieval,0.0,5,15,late,0
Unguided retrieval,0.0,5,16,late,0
Unguided retrieval,0.0,6,1,early,0
Unguided retrieval,0.0,6,2,early,0
Unguided retrieval,0.0,6,3,early,0
Unguided retrieval,0.0,6,4,early,0
Unguided retrieval,0.0,6,5,early,0
Unguided retrieval,0.0,6,6,middle,0
Unguided retrieval,0.0,6,7,middle,0
Unguided retrieval,0.0,6,8,middle,0
Unguided retrieval,0.0,6,9,middle,0
Unguided retrieval,0.0,6,10,middle,0
Unguided retrieval,0.0,6,11,middle,0
Unguided retrieval,0.0,6,12,late,0
Unguided retrieval,0.0,6,13,late,0
Unguided retrieval,0.0,6,14,late,0
Unguided retrieval,0.0,6,15,late,0
Unguided retrieval,0.0,6,16,late,0
Unguided retrieval,0.0,7,1,early,0
Unguided retrieval,0.0,7,2,early,0
Unguided retrieval,0.0,7,3,early,0
Unguided retrieval,0.0,7,4,early,0
Unguided retrieval,0.0,7,5,early,0
Unguided retrieval,0.0,7,6,middle,0
Unguided retrieval,0.0,7,7,middle,0
Unguided retrieval,0.0,7,8,middle,0
Unguided retrieval,0.0,7,9,middle,0
Unguided retrieval,0.0,7,10,middle,0
Unguided retrieval,0.0,7,11,middle,0
Unguided retrieval,0.0,7,12,late,0
Unguided retrieval,0.0,7,13,late,0
Unguided retrieval,0.0,7,14,late,0
Unguided retrieval,0.0,7,15,late,0
Unguided retrieval,0.0,7,16,late,0
Unguided retrieval,0.0,8,1,early,0
Unguided retrieval,0.0,8,2,early,0
Unguided retrieval,0.0,8,3,early,0
Unguided retrieval,0.0,8,4,early,0
Unguided retrieval,0.0,8,5,early,0
Unguided retrieval,0.0,8,6,middle,0
Unguided retrieval,0.0,8,7,middle,0
Unguided retrieval,0.0,8,8,middle,0
Unguided retrieval,0.0,8,9,middle,0
Unguided retrieval,0.0,8,10,middle,0
Unguided retrieval,0.0,8,11,middle,0
Unguided retrieval,0.0,8,12,late,0
Unguided retrieval,0.0,8,13,late,0
Unguided retrieval,0.0,8,14,late,0
Unguided retrieval,0.0,8,15,late,0
Unguided retrieval,0.0,8,16,late,0
Unguided retrieval,0.0,9,1,early,0
Unguided retrieval,0.0,9,2,early,0
Unguided retrieval,0.0,9,3,early,0
Unguided retrieval,0.0,9,4,early,0
Unguided retrieval,0.0,9,5,early,0
Unguided retrieval,0.0,9,6,middle,0
Unguided retrieval,0.0,9,7,middle,0
Unguided retrieval,0.0,9,8,middle,0
Unguided retrieval,0.0,9,9,middle,0
Unguided retrieval,0.0,9,10,middle,0
Unguided retrieval,0.0,9,11,middle,0
Unguided retrieval,0.0,9,12,late,0
Unguided retrieval,0.0,9,13,late,0
Unguided retrieval,0.0,9,14,late,0
Unguided retrieval,0.0,9,15,late,0
Unguided retrieval,0.0,9,16,late,0
Unguided retrieval,0.0,10,1,early,0
Unguided retrieval,0.0,10,2,early,0
Unguided retrieval,0.0,10,3,early,0
Unguided retrieval,0.0,10,4,early,0
Unguided retrieval,0.0,10,5,early,0
Unguided retrieval,0.0,10,6,middle,0
Unguided retrieval,0.0,10,7,middle,0
Unguided retrieval,0.0,10,8,middle,0
Unguided retrieval,0.0,10,9,middle,0
Unguided retrieval,0.0,10,10,middle,0
Unguided retrieval,0.0,10,11,middle,0
Unguided retrieval,0.0,10,12,late,0
Unguided retrieval,0.0,10,13,late,0
Unguided retrieval,0.0,10,14,late,0
Unguided retrieval,0.0,10,15,late,0
Unguided retrieval,0.0,10,16,late,0
Unguided retrieval,0.0,11,1,early,0
Unguided retrieval,0.0,11,2,early,0
Unguided retrieval,0.0,11,3,early,0
Unguided retrieval,0.0,11,4,early,0
Unguided retrieval,0.0,11,5,early,0
Unguided retrieval,0.0,11,6,middle,0
Unguided retrieval,0.0,11,7,middle,0
Unguided retrieval,0.0,11,8,middle,0
Unguided retrieval,0.0,11,9,middle,0
Unguided retrieval,0.0,11,10,middle,0
Unguided retrieval,0.0,11,11,middle,0
Unguided retrieval,0.0,11,12,late,0
Unguided retrieval,0.0,11,13,late,0
Unguided retrieval,0.0,11,14,late,0
Unguided retrieval,0.0,11,15,late,0
Unguided retrieval,0.0,11,16,late,0
Unguided retrieval,0.0,12,1,early,0
Unguided retrieval,0.0,12,2,early,0
Unguided retrieval,0.0,12,3,early,0
Unguided retrieval,0.0,12,4,early,0
Unguided retrieval,0.0,12,5,early,0
Unguided retrieval,0.0,12,6,middle,0
Unguided retrieval,0.0,12,7,middle,0
Unguided retrieval,0.0,12,8,middle,0
Unguided retrieval,0.0,12,9,middle,0
Unguided retrieval,0.0,12,10,middle,0
Unguided retrieval,0.0,12,11,middle,0
Unguided retrieval,0.0,12,12,late,0
Unguided retrieval,0.0,12,13,late,0
Unguided retrieval,0.0,12,14,late,0
Unguided retrieval,0.0,12,15,late,0
Unguided retrieval,0.0,12,16,late,0
Unguided retrieval,0.225,1,1,early,284
Unguided retrieval,0.225,1,2,early,280
Unguided retrieval,0.225,1,3,early,263
Unguided retrieval,0.225,1,4,early,293
Unguided retrieval,0.225,1,5,early,307
Unguided retrieval,0.225,1,6,middle,309
Unguided retrieval,0.225,1,7,middle,281
Unguided retrieval,0.225,1,8,middle,280
Unguided retrieval,0.225,1,9,middle,283
Unguided retrieval,0.225,1,10,middle,257
Unguided retrieval,0.225,1,11,middle,279
Unguided retrieval,0.225,1,12,late,311
Unguided retrieval,0.225,1,13,late,272
Unguided retrieval,0.225,1,14,late,295
Unguided retrieval,0.225,1,15,late,234
Unguided retrieval,0.225,1,16,late,301
Unguided retrieval,0.225,2,1,early,166
Unguided retrieval,0.225,2,2,early,175
Unguided retrieval,0.225,2,3,early,175
Unguided retrieval,0.225,2,4,early,176
Unguided retrieval,0.225,2,5,early,172
Unguided retrieval,0.225,2,6,middle,205
Unguided retrieval,0.225,2,7,middle,170
Unguided retrieval,0.225,2,8,middle,175
Unguided retrieval,0.225,2,9,middle,196
Unguided retrieval,0.225,2,10,middle,191
Unguided retrieval,0.225,2,11,middle,196
Unguided retrieval,0.225,2,12,late,182
Unguided retrieval,0.225,2,13,late,177
Unguided retrieval,0.225,2,14,late,191
Unguided retrieval,0.225,2,15,late,163
Unguided retrieval,0.225,2,16,late,177
Unguided retrieval,0.225,3,1,early,11
Unguided retrieval,0.225,3,2,early,12
Unguided retrieval,0.225,3,3,early,18
Unguided retrieval,0.225,3,4,early,8
Unguided retrieval,0.225,3,5,early,10
Unguided retrieval,0.225,3,6,middle,7
Unguided retrieval,0.225,3,7,middle,12
Unguided retrieval,0.225,3,8,middle,14
Unguided retrieval,0.225,3,9,middle,12
Unguided retrieval,0.225,3,10,middle,7
Unguided retrieval,0.225,3,11,middle,6
Unguided retrieval,0.225,3,12,late,13
Unguided retrieval,0.225,3,13,late,8
Unguided retrieval,0.225,3,14,late,6
Unguided retrieval,0.225,3,15,late,10
Unguided retrieval,0.225,3,16,late,15
Unguided retrieval,0.225,4,1,early,0
Unguided retrieval,0.225,4,2,early,0
Unguided retrieval,0.225,4,3,early,0
Unguided retrieval,0.225,4,4,early,0
Unguided retrieval,0.225,4,5,early,0
Unguided retrieval,0.225,4,6,middle,0
Unguided retrieval,0.225,4,7,middle,0
Unguided retrieval,0.225,4,8,middle,0
Unguided retrieval,0.225,4,9,middle,0
Unguided retrieval,0.225,4,10,middle,0
Unguided retrieval,0.225,4,11,middle,0
Unguided retrieval,0.225,4,12,late,0
Unguided retrieval,0.225,4,13,late,0
Unguided retrieval,0.225,4,14,late,0
Unguided retrieval,0.225,4,15,late,0
Unguided retrieval,0.225,4,16,late,0
Unguided retrieval,0.225,5,1,early,0
Unguided retrieval,0.225,5,2,early,0
Unguided retrieval,0.225,5,3,early,0
Unguided retrieval,0.225,5,4,early,0
Unguided retrieval,0.225,5,5,early,0
Unguided retrieval,0.225,5,6,middle,0
Unguided retrieval,0.225,5,7,middle,0
Unguided retrieval,0.225,5,8,middle,0
Unguided retrieval,0.225,5,9,middle,0
Unguided retrieval,0.225,5,10,middle,0
Unguided retrieval,0.225,5,11,middle,0
Unguided retrieval,0.225,5,12,late,0
Unguided retrieval,0.225,5,13,late,0
Unguided retrieval,0.225,5,14,late,0
Unguided retrieval,0.225,5,15,late,0
Unguided retrieval,0.225,5,16,late,0
Unguided retrieval,0.225,6,1,early,0
Unguided retrieval,0.225,6,2,early,0
Unguided retrieval,0.225,6,3,early,0
Unguided retrieval,0.225,6,4,early,0
Unguided retrieval,0.225,6,5,early,0
Unguided retrieval,0.225,6,6,middle,0
Unguided retrieval,0.225,6,7,middle,0
Unguided retrieval,0.225,6,8,middle,0
Unguided retrieval,0.225,6,9,middle,0
Unguided retrieval,0.225,6,10,middle,0
Unguided retrieval,0.225,6,11,middle,0
Unguided retrieval,0.225,6,12,late,0
Unguided retrieval,0.225,6,13,late,0
Unguided retrieval,0.225,6,14,late,0
Unguided retrieval,0.225,6,15,late,0
Unguided retrieval,0.225,6,16,late,0
Unguided retrieval,0.225,7,1,early,0
Unguided retrieval,0.225,7,2,early,0
Unguided retrieval,0.225,7,3,early,0
Unguided retrieval,0.225,7,4,early,0
Unguided retrieval,0.225,7,5,early,0
Unguided retrieval,0.225,7,6,middle,0
Unguided retrieval,0.225,7,7,middle,0
Unguided retrieval,0.225,7,8,middle,0
Unguided retrieval,0.225,7,9,middle,0
Unguided retrieval,0.225,7,10,middle,0
Unguided retrieval,0.225,7,11,middle,0
Unguided retrieval,0.225,7,12,late,0
Unguided retrieval,0.225,7,13,late,0
Unguided retrieval,0.225,7,14,late,0
Unguided retrieval,0.225,7,15,late,0
Unguided retrieval,0.225,7,16,late,0
Unguided retrieval,0.225,8,1,early,0
Unguided retrieval,0.225,8,2,early,0
Unguided retrieval,0.225,8,3,early,0
Unguided retrieval,0.225,8,4,early,0
Unguided retrieval,0.225,8,5,early,0
Unguided retrieval,0.225,8,6,middle,0
Unguided retrieval,0.225,8,7,middle,0
Unguided retrieval,0.225,8,8,middle,0
Unguided retrieval,0.225,8,9,middle,0
Unguided retrieval,0.225,8,10,middle,0
Unguided retrieval,0.225,8,11,middle,0
Unguided retrieval,0.225,8,12,late,0
Unguided retrieval,0.225,8,13,late,0
Unguided retrieval,0.225,8,14,late,0
Unguided retrieval,0.225,8,15,late,0
Unguided retrieval,0.225,8,16,late,0
Unguided retrieval,0.225,9,1,early,0
Unguided retrieval,0.225,9,2,early,0
Unguided retrieval,0.225,9,3,early,0
Unguided retrieval,0.225,9,4,early,0
Unguided retrieval,0.225,9,5,early,0
Unguided retrieval,0.225,9,6,middle,0
Unguided retrieval,0.225,9,7,middle,0
Unguided retrieval,0.225,9,8,middle,0
Unguided retrieval,0.225,9,9,middle,0
Unguided retrieval,0.225,9,10,middle,0
Unguided retrieval,0.225,9,11,middle,0
Unguided retrieval,0.225,9,12,late,0
Unguided retrieval,0.225,9,13,late,0
Unguided retrieval,0.225,9,14,late,0
Unguided retrieval,0.225,9,15,late,0
Unguided retrieval,0.225,9,16,late,0
Unguided retrieval,0.225,10,1,early,0
Unguided retrieval,0.225,10,2,early,0
Unguided retrieval,0.225,10,3,early,0
Unguided retrieval,0.225,10,4,early,0
Unguided retrieval,0.225,10,5,early,0
Unguided retrieval,0.225,10,6,middle,0
Unguided retrieval,0.225,10,7,middle,0
Unguided retrieval,0.225,10,8,middle,0
Unguided retrieval,0.225,10,9,middle,0
Unguided retrieval,0.225,10,10,middle,0
Unguided retrieval,0.225,10,11,middle,0
Unguided retrieval,0.225,10,12,late,0
Unguided retrieval,0.225,10,13,late,0
Unguided retrieval,0.225,10,14,late,0
Unguided retrieval,0.225,10,15,late,0
Unguided retrieval,0.225,10,16,late,0
Unguided retrieval,0.225,11,1,early,0
Unguided retrieval,0.225,11,2,early,0
Unguided retrieval,0.225,11,3,early,0
Unguided retrieval,0.225,11,4,early,0
Unguided retrieval,0.225,11,5,early,0
Unguided retrieval,0.225,11,6,middle,0
Unguided retrieval,0.225,11,7,middle,0
Unguided retrieval,0.225,11,8,middle,0
Unguided retrieval,0.225,11,9,middle,0
Unguided retrieval,0.225,11,10,middle,0
Unguided retrieval,0.225,11,11,middle,0
Unguided retrieval,0.225,11,12,late,0
Unguided retrieval,0.225,11,13,late,0
Unguided retrieval,0.225,11,14,late,0
Unguided retrieval,0.225,11,15,late,0
Unguided retrieval,0.225,11,16,late,0
Unguided retrieval,0.225,12,1,early,0
Unguided retrieval,0.225,12,2,early,0
Unguided retrieval,0.225,12,3,early,0
Unguided retrieval,0.225,12,4,early,0
Unguided retrieval,0.225,12,5,early,0
Unguided retrieval,0.225,12,6,middle,0
Unguided retrieval,0.225,12,7,middle,0
Unguided retrieval,0.225,12,8,middle,0
Unguided retrieval,0.225,12,9,middle,0
Unguided retrieval,0.225,12,10,middle,0
Unguided retrieval,0.225,12,11,middle,0
Unguided retrieval,0.225,12,12,late,0
Unguided retrieval,0.225,12,13,late,0
Unguided retrieval,0.225,12,14,late,0
Unguided retrieval,0.225,12,15,late,0
Unguided retrieval,0.225,12,16,late,0
Unguided retrieval,0.45,1,1,early,290
Unguided retrieval,0.45,1,2,early,288
Unguided retrieval,0.45,1,3,early,300
Unguided retrieval,0.45,1,4,early,256
Unguided retrieval,0.45,1,5,early,273
Unguided retrieval,0.45,1,6,middle,271
Unguided retrieval,0.45,1,7,middle,291
Unguided retrieval,0.45,1,8,middle,291
Unguided retrieval,0.45,1,9,middle,291
Unguided retrieval,0.45,1,10,middle,272
Unguided retrieval,0.45,1,11,middle,312
Unguided retrieval,0.45,1,12,late,265
Unguided retrieval,0.45,1,13,late,282
Unguided retrieval,0.45,1,14,late,311
Unguided retrieval,0.45,1,15,late,274
Unguided retrieval,0.45,1,16,late,290
Unguided retrieval,0.45,2,1,early,188
Unguided retrieval,0.45,2,2,early,168
Unguided retrieval,0.45,2,3,early,190
Unguided retrieval,0.45,2,4,early,211
Unguided retrieval,0.45,2,5,early,180
Unguided retrieval,0.45,2,6,middle,164
Unguided retrieval,0.45,2,7,middle,164
Unguided retrieval,0.45,2,8,middle,165
Unguided retrieval,0.45,2,9,middle,196
Unguided retrieval,0.45,2,10,middle,198
Unguided retrieval,0.45,2,11,middle,188
Unguided retrieval,0.45,2,12,late,170
Unguided retrieval,0.45,2,13,late,184
Unguided retrieval,0.45,2,14,late,169
Unguided retrieval,0.45,2,15,late,196
Unguided retrieval,0.45,2,16,late,155
Unguided retrieval,0.45,3,1,early,11
Unguided retrieval,0.45,3,2,early,15
Unguided retrieval,0.45,3,3,early,8
Unguided retrieval,0.45,3,4,early,7
Unguided retrieval,0.45,3,5,early,7
Unguided retrieval,0.45,3,6,middle,12
Unguided retrieval,0.45,3,7,middle,5
Unguided retrieval,0.45,3,8,middle,9
Unguided retrieval,0.45,3,9,middle,13
Unguided retrieval,0.45,3,10,middle,11
Unguided retrieval,0.45,3,11,middle,13
Unguided retrieval,0.45,3,12,late,12
Unguided retrieval,0.45,3,13,late,10
Unguided retrieval,0.45,3,14,late,16
Unguided retrieval,0.45,3,15,late,15
Unguided retrieval,0.45,3,16,late,9
Unguided retrieval,0.45,4,1,early,0
Unguided retrieval,0.45,4,2,early,0
Unguided retrieval,0.45,4,3,early,0
Unguided retrieval,0.45,4,4,early,0
Unguided retrieval,0.45,4,5,early,0
Unguided retrieval,0.45,4,6,middle,0
Unguided retrieval,0.45,4,7,middle,0
Unguided retrieval,0.45,4,8,middle,0
Unguided retrieval,0.45,4,9,middle,0
Unguided retrieval,0.45,4,10,middle,0
Unguided retrieval,0.45,4,11,middle,0
Unguided retrieval,0.45,4,12,late,0
Unguided retrieval,0.45,4,13,late,0
Unguided retrieval,0.45,4,14,late,0
Unguided retrieval,0.45,4,15,late,0
Unguided retrieval,0.45,4,16,late,0
Unguided retrieval,0.45,5,1,early,0
Unguided retrieval,0.45,5,2,early,0
Unguided retrieval,0.45,5,3,early,0
Unguided retrieval,0.45,5,4,early,0
Unguided retrieval,0.45,5,5,early,0
Unguided retrieval,0.45,5,6,middle,0
Unguided retrieval,0.45,5,7,middle,0
Unguided retrieval,0.45,5,8,middle,0
Unguided retrieval,0.45,5,9,middle,0
Unguided retrieval,0.45,5,10,middle,0
Unguided retrieval,0.45,5,11,middle,0
Unguided retrieval,0.45,5,12,late,0
Unguided retrieval,0.45,5,13,late,0
Unguided retrieval,0.45,5,14,late,0
Unguided retrieval,0.45,5,15,late,0
Unguided retrieval,0.45,5,16,late,0
Unguided retrieval,0.45,6,1,early,0
Unguided retrieval,0.45,6,2,early,0
Unguided retrieval,0.45,6,3,early,0
Unguided retrieval,0.45,6,4,early,0
Unguided retrieval,0.45,6,5,early,0
Unguided retrieval,0.45,6,6,middle,0
Unguided retrieval,0.45,6,7,middle,0
Unguided retrieval,0.45,6,8,middle,0
Unguided retrieval,0.45,6,9,middle,0
Unguided retrieval,0.45,6,10,middle,0
Unguided retrieval,0.45,6,11,middle,0
Unguided retrieval,0.45,6,12,late,0
Unguided retrieval,0.45,6,13,late,0
Unguided retrieval,0.45,6,14,late,0
Unguided retrieval,0.45,6,15,late,0
Unguided retrieval,0.45,6,16,late,0
Unguided retrieval,0.45,7,1,early,0
Unguided retrieval,0.45,7,2,early,0
Unguided retrieval,0.45,7,3,early,0
Unguided retrieval,0.45,7,4,early,0
Unguided retrieval,0.45,7,5,early,0
Unguided retrieval,0.45,7,6,middle,0
Unguided retrieval,0.45,7,7,middle,0
Unguided retrieval,0.45,7,8,middle,0
Unguided retrieval,0.45,7,9,middle,0
Unguided retrieval,0.45,7,10,middle,0
Unguided retrieval,0.45,7,11,middle,0
Unguided retrieval,0.45,7,12,late,0
Unguided retrieval,0.45,7,13,late,0
Unguided retrieval,0.45,7,14,late,0
Unguided retrieval,0.45,7,15,late,0
Unguided retrieval,0.45,7,16,late,0
Unguided retrieval,0.45,8,1,early,0
Unguided retrieval,0.45,8,2,early,0
Unguided retrieval,0.45,8,3,early,0
Unguided retrieval,0.45,8,4,early,0
Unguided retrieval,0.45,8,5,early,0
Unguided retrieval,0.45,8,6,middle,0
Unguided retrieval,0.45,8,7,middle,0
Unguided retrieval,0.45,8,8,middle,0
Unguided retrieval,0.45,8,9,middle,0
Unguided retrieval,0.45,8,10,middle,0
Unguided retrieval,0.45,8,11,middle,0
Unguided retrieval,0.45,8,12,late,0
Unguided retrieval,0.45,8,13,late,0
Unguided retrieval,0.45,8,14,late,0
Unguided retrieval,0.45,8,15,late,0
Unguided retrieval,0.45,8,16,late,0
Unguided retrieval,0.45,9,1,early,0
Unguided retrieval,0.45,9,2,early,0
Unguided retrieval,0.45,9,3,early,0
Unguided retrieval,0.45,9,4,early,0
Unguided retrieval,0.45,9,5,early,0
Unguided retrieval,0.45,9,6,middle,0
Unguided retrieval,0.45,9,7,middle,0
Unguided retrieval,0.45,9,8,middle,0
Unguided retrieval,0.45,9,9,middle,0
Unguided retrieval,0.45,9,10,middle,0
Unguided retrieval,0.45,9,11,middle,0
Unguided retrieval,0.45,9,12,late,0
Unguided retrieval,0.45,9,13,late,0
Unguided retrieval,0.45,9,14,late,0
Unguided retrieval,0.45,9,15,late,0
Unguided retrieval,0.45,9,16,late,0
Unguided retrieval,0.45,10,1,early,0
Unguided retrieval,0.45,10,2,early,0
Unguided retrieval,0.45,10,3,early,0
Unguided retrieval,0.45,10,4,early,0
Unguided retrieval,0.45,10,5,early,0
Unguided retrieval,0.45,10,6,middle,0
Unguided retrieval,0.45,10,7,middle,0
Unguided retrieval,0.45,10,8,middle,0
Unguided retrieval,0.45,10,9,middle,0
Unguided retrieval,0.45,10,10,middle,0
Unguided retrieval,0.45,10,11,middle,0
Unguided retrieval,0.45,10,12,late,0
Unguided retrieval,0.45,10,13,late,0
Unguided retrieval,0.45,10,14,late,0
Unguided retrieval,0.45,10,15,late,0
Unguided retrieval,0.45,10,16,late,0
Unguided retrieval,0.45,11,1,early,0
Unguided retrieval,0.45,11,2,early,0
Unguided retrieval,0.45,11,3,early,0
Unguided retrieval,0.45,11,4,early,0
Unguided retrieval,0.45,11,5,early,0
Unguided retrieval,0.45,11,6,middle,0
Unguided retrieval,0.45,11,7,middle,0
Unguided retrieval,0.45,11,8,middle,0
Unguided retrieval,0.45,11,9,middle,0
Unguided retrieval,0.45,11,10,middle,0
Unguided retrieval,0.45,11,11,middle,0
Unguided retrieval,0.45,11,12,late,0
Unguided retrieval,0.45,11,13,late,0
Unguided retrieval,0.45,11,14,late,0
Unguided retrieval,0.45,11,15,late,0
Unguided retrieval,0.45,11,16,late,0
Unguided retrieval,0.45,12,1,early,0
Unguided retrieval,0.45,12,2,early,0
Unguided retrieval,0.45,12,3,early,0
Unguided retrieval,0.45,12,4,early,0
Unguided retrieval,0.45,12,5,early,0
Unguided retrieval,0.45,12,6,middle,0
Unguided retrieval,0.45,12,7,middle,0
Unguided retrieval,0.45,12,8,middle,0
Unguided retrieval,0.45,12,9,middle,0
Unguided retrieval,0.45,12,10,middle,0
Unguided retrieval,0.45,12,11,middle,0
Unguided retrieval,0.45,12,12,late,0
Unguided retrieval,0.45,12,13,late,0
Unguided retrieval,0.45,12,14,late,0
Unguided retrieval,0.45,12,15,late,0
Unguided retrieval,0.45,12,16,late,0
Unguided retrieval,0.675,1,1,early,288
Unguided retrieval,0.675,1,2,early,292
Unguided retrieval,0.675,1,3,early,299
Unguided retrieval,0.675,1,4,early,292
Unguided retrieval,0.675,1,5,early,291
Unguided retrieval,0.675,1,6,middle,262
Unguided retrieval,0.675,1,7,middle,297
Unguided retrieval,0.675,1,8,middle,286
Unguided retrieval,0.675,1,9,middle,299
Unguided retrieval,0.675,1,10,middle,280
Unguided retrieval,0.675,1,11,middle,281
Unguided retrieval,0.675,1,12,late,304
Unguided retrieval,0.675,1,13,late,262
Unguided retrieval,0.675,1,14,late,269
Unguided retrieval,0.675,1,15,late,277
Unguided retrieval,0.675,1,16,late,312
Unguided retrieval,0.675,2,1,early,181
Unguided retrieval,0.675,2,2,early,178
Unguided retrieval,0.675,2,3,early,183
Unguided retrieval,0.675,2,4,early,159
Unguided retrieval,0.675,2,5,early,172
Unguided retrieval,0.675,2,6,middle,175
Unguided retrieval,0.675,2,7,middle,205
Unguided retrieval,0.675,2,8,middle,191
Unguided retrieval,0.675,2,9,middle,181
Unguided retrieval,0.675,2,10,middle,191
Unguided retrieval,0.675,2,11,middle,196
Unguided retrieval,0.675,2,12,late,199
Unguided retrieval,0.675,2,13,late,178
Unguided retrieval,0.675,2,14,late,178
Unguided retrieval,0.675,2,15,late,188
Unguided retrieval,0.675,2,16,late,182
Unguided retrieval,0.675,3,1,early,16
Unguided retrieval,0.675,3,2,early,6
Unguided retrieval,0.675,3,3,early,11
Unguided retrieval,0.675,3,4,early,12
Unguided retrieval,0.675,3,5,early,13
Unguided retrieval,0.675,3,6,middle,7
Unguided retrieval,0.675,3,7,middle,5
Unguided retrieval,0.675,3,8,middle,14
Unguided retrieval,0.675,3,9,middle,10
Unguided retrieval,0.675,3,10,middle,7
Unguided retrieval,0.675,3,11,middle,12
Unguided retrieval,0.675,3,12,late,10
Unguided retrieval,0.675,3,13,late,13
Unguided retrieval,0.675,3,14,late,13
Unguided retrieval,0.675,3,15,late,14
Unguided retrieval,0.675,3,16,late,12
Unguided retrieval,0.675,4,1,early,0
Unguided retrieval,0.675,4,2,early,0
Unguided retrieval,0.675,4,3,early,0
Unguided retrieval,0.675,4,4,early,0
Unguided retrieval,0.675,4,5,early,0
Unguided retrieval,0.675,4,6,middle,0
Unguided retrieval,0.675,4,7,middle,0
Unguided retrieval,0.675,4,8,middle,0
Unguided retrieval,0.675,4,9,middle,0
Unguided retrieval,0.675,4,10,middle,0
Unguided retrieval,0.675,4,11,middle,0
Unguided retrieval,0.675,4,12,late,0
Unguided retrieval,0.675,4,13,late,0
Unguided retrieval,0.675,4,14,late,0
Unguided retrieval,0.675,4,15,late,0
Unguided retrieval,0.675,4,16,late,0
Unguided retrieval,0.675,5,1,early,0
Unguided retrieval,0.675,5,2,early,0
Unguided retrieval,0.675,5,3,early,0
Unguided retrieval,0.675,5,4,early,0
Unguided retrieval,0.675,5,5,early,0
Unguided retrieval,0.675,5,6,middle,0
Unguided retrieval,0.675,5,7,middle,0
Unguided retrieval,0.675,5,8,middle,0
Unguided retrieval,0.675,5,9,middle,0
Unguided retrieval,0.675,5,10,middle,0
Unguided retrieval,0.675,5,11,middle,0
Unguided retrieval,0.675,5,12,late,0
Unguided retrieval,0.675,5,13,late,0
Unguided retrieval,0.675,5,14,late,0
Unguided retrieval,0.675,5,15,late,0
Unguided retrieval,0.675,5,16,late,0
Unguided retrieval,0.675,6,1,early,0
Unguided retrieval,0.675,6,2,early,0
Unguided retrieval,0.675,6,3,early,0
Unguided retrieval,0.675,6,4,early,0
Unguided retrieval,0.675,6,5,early,0
Unguided retrieval,0.675,6,6,middle,0
Unguided retrieval,0.675,6,7,middle,0
Unguided retrieval,0.675,6,8,middle,0
Unguided retrieval,0.675,6,9,middle,0
Unguided retrieval,0.675,6,10,middle,0
Unguided retrieval,0.675,6,11,middle,0
Unguided retrieval,0.675,6,12,late,0
Unguided retrieval,0.675,6,13,late,0
Unguided retrieval,0.675,6,14,late,0
Unguided retrieval,0.675,6,15,late,0
Unguided retrieval,0.675,6,16,late,0
Unguided retrieval,0.675,7,1,early,0
Unguided retrieval,0.675,7,2,early,0
Unguided retrieval,0.675,7,3,early,0
Unguided retrieval,0.675,7,4,early,0
Unguided retrieval,0.675,7,5,early,0
Unguided retrieval,0.675,7,6,middle,0
Unguided retrieval,0.675,7,7,middle,0
Unguided retrieval,0.675,7,8,middle,0
Unguided retrieval,0.675,7,9,middle,0
Unguided retrieval,0.675,7,10,middle,0
Unguided retrieval,0.675,7,11,middle,0
Unguided retrieval,0.675,7,12,late,0
Unguided retrieval,0.675,7,13,late,0
Unguided retrieval,0.675,7,14,late,0
Unguided retrieval,0.675,7,15,late,0
Unguided retrieval,0.675,7,16,late,0
Unguided retrieval,0.675,8,1,early,0
Unguided retrieval,0.675,8,2,early,0
Unguided retrieval,0.675,8,3,early,0
Unguided retrieval,0.675,8,4,early,0
Unguided retrieval,0.675,8,5,early,0
Unguided retrieval,0.675,8,6,middle,0
Unguided retrieval,0.675,8,7,middle,0
Unguided retrieval,0.675,8,8,middle,0
Unguided retrieval,0.675,8,9,middle,0
Unguided retrieval,0.675,8,10,middle,0
Unguided retrieval,0.675,8,11,middle,0
Unguided retrieval,0.675,8,12,late,0
Unguided retrieval,0.675,8,13,late,0
Unguided retrieval,0.675,8,14,late,0
Unguided retrieval,0.675,8,15,late,0
Unguided retrieval,0.675,8,16,late,0
Unguided retrieval,0.675,9,1,early,0
Unguided retrieval,0.675,9,2,early,0
Unguided retrieval,0.675,9,3,early,0
Unguided retrieval,0.675,9,4,early,0
Unguided retrieval,0.675,9,5,early,0
Unguided retrieval,0.675,9,6,middle,0
Unguided retrieval,0.675,9,7,middle,0
Unguided retrieval,0.675,9,8,middle,0
Unguided retrieval,0.675,9,9,middle,0
Unguided retrieval,0.675,9,10,middle,0
Unguided retrieval,0.675,9,11,middle,0
Unguided retrieval,0.675,9,12,late,0
Unguided retrieval,0.675,9,13,late,0
Unguided retrieval,0.675,9,14,late,0
Unguided retrieval,0.675,9,15,late,0
Unguided retrieval,0.675,9,16,late,0
Unguided retrieval,0.675,10,1,early,0
Unguided retrieval,0.675,10,2,early,0
Unguided retrieval,0.675,10,3,early,0
Unguided retrieval,0.675,10,4,early,0
Unguided retrieval,0.675,10,5,early,0
Unguided retrieval,0.675,10,6,middle,0
Unguided retrieval,0.675,10,7,middle,0
Unguided retrieval,0.675,10,8,middle,0
Unguided retrieval,0.675,10,9,middle,0
Unguided retrieval,0.675,10,10,middle,0
Unguided retrieval,0.675,10,11,middle,0
Unguided retrieval,0.675,10,12,late,0
Unguided retrieval,0.675,10,13,late,0
Unguided retrieval,0.675,10,14,late,0
Unguided retrieval,0.675,10,15,late,0
Unguided retrieval,0.675,10,16,late,0
Unguided retrieval,0.675,11,1,early,0
Unguided retrieval,0.675,11,2,early,0
Unguided retrieval,0.675,11,3,early,0
Unguided retrieval,0.675,11,4,early,0
Unguided retrieval,0.675,11,5,early,0
Unguided retrieval,0.675,11,6,middle,0
Unguided retrieval,0.675,11,7,middle,0
Unguided retrieval,0.675,11,8,middle,0
Unguided retrieval,0.675,11,9,middle,0
Unguided retrieval,0.675,11,10,middle,0
Unguided retrieval,0.675,11,11,middle,0
Unguided retrieval,0.675,11,12,late,0
Unguided retrieval,0.675,11,13,late,0
Unguided retrieval,0.675,11,14,late,0
Unguided retrieval,0.675,11,15,late,0
Unguided retrieval,0.675,11,16,late,0
Unguided retrieval,0.675,12,1,early,0
Unguided retrieval,0.675,12,2,early,0
Unguided retrieval,0.675,12,3,early,0
Unguided retrieval,0.675,12,4,early,0
Unguided retrieval,0.675,12,5,early,0
Unguided retrieval,0.675,12,6,middle,0
Unguided retrieval,0.675,12,7,middle,0
Unguided retrieval,0.675,12,8,middle,0
Unguided retrieval,0.675,12,9,middle,0
Unguided retrieval,0.675,12,10,middle,0
Unguided retrieval,0.675,12,11,middle,0
Unguided retrieval,0.675,12,12,late,0
Unguided retrieval,0.675,12,13,late,0
Unguided retrieval,0.675,12,14,late,0
Unguided retrieval,0.675,12,15,late,0
Unguided retrieval,0.675,12,16,late,0
Unguided retrieval,0.9,1,1,early,278
Unguided retrieval,0.9,1,2,early,253
Unguided retrieval,0.9,1,3,early,285
Unguided retrieval,0.9,1,4,early,317
Unguided retrieval,0.9,1,5,early,306
Unguided retrieval,0.9,1,6,middle,295
Unguided retrieval,0.9,1,7,middle,257
Unguided retrieval,0.9,1,8,middle,291
Unguided retrieval,0.9,1,9,middle,268
Unguided retrieval,0.9,1,10,middle,296
Unguided retrieval,0.9,1,11,middle,285
Unguided retrieval,0.9,1,12,late,293
Unguided retrieval,0.9,1,13,late,305
Unguided retrieval,0.9,1,14,late,288
Unguided retrieval,0.9,1,15,late,274
Unguided retrieval,0.9,1,16,late,295
Unguided retrieval,0.9,2,1,early,177
Unguided retrieval,0.9,2,2,early,200
Unguided retrieval,0.9,2,3,early,183
Unguided retrieval,0.9,2,4,early,190
Unguided retrieval,0.9,2,5,early,166
Unguided retrieval,0.9,2,6,middle,182
Unguided retrieval,0.9,2,7,middle,175
Unguided retrieval,0.9,2,8,middle,181
Unguided retrieval,0.9,2,9,middle,201
Unguided retrieval,0.9,2,10,middle,180
Unguided retrieval,0.9,2,11,middle,187
Unguided retrieval,0.9,2,12,late,177
Unguided retrieval,0.9,2,13,late,198
Unguided retrieval,0.9,2,14,late,202
Unguided retrieval,0.9,2,15,late,182
Unguided retrieval,0.9,2,16,late,198
Unguided retrieval,0.9,3,1,early,15
Unguided retrieval,0.9,3,2,early,15
Unguided retrieval,0.9,3,3,early,7
Unguided retrieval,0.9,3,4,early,5
Unguided retrieval,0.9,3,5,early,10
Unguided retrieval,0.9,3,6,middle,13
Unguided retrieval,0.9,3,7,middle,13
Unguided retrieval,0.9,3,8,middle,9
Unguided retrieval,0.9,3,9,middle,14
Unguided retrieval,0.9,3,10,middle,8
Unguided retrieval,0.9,3,11,middle,11
Unguided retrieval,0.9,3,12,late,10
Unguided retrieval,0.9,3,13,late,8
Unguided retrieval,0.9,3,14,late,14
Unguided retrieval,0.9,3,15,late,14
Unguided retrieval,0.9,3,16,late,14
Unguided retrieval,0.9,4,1,early,0
Unguided retrieval,0.9,4,2,early,0
Unguided retrieval,0.9,4,3,early,0
Unguided retrieval,0.9,4,4,early,0
Unguided retrieval,0.9,4,5,early,0
Unguided retrieval,0.9,4,6,middle,0
Unguided retrieval,0.9,4,7,middle,0
Unguided retrieval,0.9,4,8,middle,0
Unguided retrieval,0.9,4,9,middle,0
Unguided retrieval,0.9,4,10,middle,0
Unguided retrieval,0.9,4,11,middle,0
Unguided retrieval,0.9,4,12,late,0
Unguided retrieval,0.9,4,13,late,0
Unguided retrieval,0.9,4,14,late,0
Unguided retrieval,0.9,4,15,late,0
Unguided retrieval,0.9,4,16,late,0
Unguided retrieval,0.9,5,1,early,0
Unguided retrieval,0.9,5,2,early,0
Unguided retrieval,0.9,5,3,early,0
Unguided retrieval,0.9,5,4,early,0
Unguided retrieval,0.9,5,5,early,0
Unguided retrieval,0.9,5,6,middle,0
Unguided retrieval,0.9,5,7,middle,0
Unguided retrieval,0.9,5,8,middle,0
Unguided retrieval,0.9,5,9,middle,0
Unguided retrieval,0.9,5,10,middle,0
Unguided retrieval,0.9,5,11,middle,0
Unguided retrieval,0.9,5,12,late,0
Unguided retrieval,0.9,5,13,late,0
Unguided retrieval,0.9,5,14,late,0
Unguided retrieval,0.9,5,15,late,0
Unguided retrieval,0.9,5,16,late,0
Unguided retrieval,0.9,6,1,early,0
Unguided retrieval,0.9,6,2,early,0
Unguided retrieval,0.9,6,3,early,0
Unguided retrieval,0.9,6,4,early,0
Unguided retrieval,0.9,6,5,early,0
Unguided retrieval,0.9,6,6,middle,0
Unguided retrieval,0.9,6,7,middle,0
Unguided retrieval,0.9,6,8,middle,0
Unguided retrieval,0.9,6,9,middle,0
Unguided retrieval,0.9,6,10,middle,0
Unguided retrieval,0.9,6,11,middle,0
Unguided retrieval,0.9,6,12,late,0
Unguided retrieval,0.9,6,13,late,0
Unguided retrieval,0.9,6,14,late,0
Unguided retrieval,0.9,6,15,late,0
Unguided retrieval,0.9,6,16,late,0
Unguided retrieval,0.9,7,1,early,0
Unguided retrieval,0.9,7,2,early,0
Unguided retrieval,0.9,7,3,early,0
Unguided retrieval,0.9,7,4,early,0
Unguided retrieval,0.9,7,5,early,0
Unguided retrieval,0.9,7,6,middle,0
Unguided retrieval,0.9,7,7,middle,0
Unguided retrieval,0.9,7,8,middle,0
Unguided retrieval,0.9,7,9,middle,0
Unguided retrieval,0.9,7,10,middle,0
Unguided retrieval,0.9,7,11,middle,0
Unguided retrieval,0.9,7,12,late,0
Unguided retrieval,0.9,7,13,late,0
Unguided retrieval,0.9,7,14,late,0
Unguided retrieval,0.9,7,15,late,0
Unguided retrieval,0.9,7,16,late,0
Unguided retrieval,0.9,8,1,early,0
Unguided retrieval,0.9,8,2,early,0
Unguided retrieval,0.9,8,3,early,0
Unguided retrieval,0.9,8,4,early,0
Unguided retrieval,0.9,8,5,early,0
Unguided retrieval,0.9,8,6,middle,0
Unguided retrieval,0.9,8,7,middle,0
Unguided retrieval,0.9,8,8,middle,0
Unguided retrieval,0.9,8,9,middle,0
Unguided retrieval,0.9,8,10,middle,0
Unguided retrieval,0.9,8,11,middle,0
Unguided retrieval,0.9,8,12,late,0
Unguided retrieval,0.9,8,13,late,0
Unguided retrieval,0.9,8,14,late,0
Unguided retrieval,0.9,8,15,late,0
Unguided retrieval,0.9,8,16,late,0
Unguided retrieval,0.9,9,1,early,0
Unguided retrieval,0.9,9,2,early,0
Unguided retrieval,0.9,9,3,early,0
Unguided retrieval,0.9,9,4,early,0
Unguided retrieval,0.9,9,5,early,0
Unguided retrieval,0.9,9,6,middle,0
Unguided retrieval,0.9,9,7,middle,0
Unguided retrieval,0.9,9,8,middle,0
Unguided retrieval,0.9,9,9,middle,0
Unguided retrieval,0.9,9,10,middle,0
Unguided retrieval,0.9,9,11,middle,0
Unguided retrieval,0.9,9,12,late,0
Unguided retrieval,0.9,9,13,late,0
Unguided retrieval,0.9,9,14,late,0
Unguided retrieval,0.9,9,15,late,0
Unguided retrieval,0.9,9,16,late,0
Unguided retrieval,0.9,10,1,early,0
Unguided retrieval,0.9,10,2,early,0
Unguided retrieval,0.9,10,3,early,0
Unguided retrieval,0.9,10,4,early,0
Unguided retrieval,0.9,10,5,early,0
Unguided retrieval,0.9,10,6,middle,0
Unguided retrieval,0.9,10,7,middle,0
Unguided retrieval,0.9,10,8,middle,0
Unguided retrieval,0.9,10,9,middle,0
Unguided retrieval,0.9,10,10,middle,0
Unguided retrieval,0.9,10,11,middle,0
Unguided retrieval,0.9,10,12,late,0
Unguided retrieval,0.9,10,13,late,0
Unguided retrieval,0.9,10,14,late,0
Unguided retrieval,0.9,10,15,late,0
Unguided retrieval,0.9,10,16,late,0
Unguided retrieval,0.9,11,1,early,0
Unguided retrieval,0.9,11,2,early,0
Unguided retrieval,0.9,11,3,early,0
Unguided retrieval,0.9,11,4,early,0
Unguided retrieval,0.9,11,5,early,0
Unguided retrieval,0.9,11,6,middle,0
Unguided retrieval,0.9,11,7,middle,0
Unguided retrieval,0.9,11,8,middle,0
Unguided retrieval,0.9,11,9,middle,0
Unguided retrieval,0.9,11,10,middle,0
Unguided retrieval,0.9,11,11,middle,0
Unguided retrieval,0.9,11,12,late,0
Unguided retrieval,0.9,11,13,late,0
Unguided retrieval,0.9,11,14,late,0
Unguided retrieval,0.9,11,15,late,0
Unguided retrieval,0.9,11,16,late,0
Unguided retrieval,0.9,12,1,early,0
Unguided retrieval,0.9,12,2,early,0
Unguided retrieval,0.9,12,3,early,0
Unguided retrieval,0.9,12,4,early,0
Unguided retrieval,0.9,12,5,early,0
Unguided retrieval,0.9,12,6,middle,0
Unguided retrieval,0.9,12,7,middle,0
Unguided retrieval,0.9,12,8,middle,0
Unguided retrieval,0.9,12,9,middle,0
Unguided retrieval,0.9,12,10,middle,0
Unguided retrieval,0.9,12,11,middle,0
Unguided retrieval,0.9,12,12,late,0
Unguided retrieval,0.9,12,13,late,0
Unguided retrieval,0.9,12,14,late,0
Unguided retrieval,0.9,12,15,late,0
Unguided retrieval,0.9,12,16,late,0
Unguided retrieval,1.125,1,1,early,272
Unguided retrieval,1.125,1,2,early,282
Unguided retrieval,1.125,1,3,early,280
Unguided retrieval,1.125,1,4,early,300
Unguided retrieval,1.125,1,5,early,315
Unguided retrieval,1.125,1,6,middle,275
Unguided retrieval,1.125,1,7,middle,275
Unguided retrieval,1.125,1,8,middle,263
Unguided retrieval,1.125,1,9,middle,296
Unguided retrieval,1.125,1,10,middle,263
Unguided retrieval,1.125,1,11,middle,269
Unguided retrieval,1.125,1,12,late,243
Unguided retrieval,1.125,1,13,late,295
Unguided retrieval,1.125,1,14,late,292
Unguided retrieval,1.125,1,15,late,289
Unguided retrieval,1.125,1,16,late,291
Unguided retrieval,1.125,2,1,early,215
Unguided retrieval,1.125,2,2,early,192
Unguided retrieval,1.125,2,3,early,192
Unguided retrieval,1.125,2,4,early,170
Unguided retrieval,1.125,2,5,early,154
Unguided retrieval,1.125,2,6,middle,181
Unguided retrieval,1.125,2,7,middle,185
Unguided retrieval,1.125,2,8,middle,186
Unguided retrieval,1.125,2,9,middle,163
Unguided retrieval,1.125,2,10,middle,167
Unguided retrieval,1.125,2,11,middle,181
Unguided retrieval,1.125,2,12,late,174
Unguided retrieval,1.125,2,13,late,206
Unguided retrieval,1.125,2,14,late,180
Unguided retrieval,1.125,2,15,late,203
Unguided retrieval,1.125,2,16,late,171
Unguided retrieval,1.125,3,1,early,17
Unguided retrieval,1.125,3,2,early,7
Unguided retrieval,1.125,3,3,early,10
Unguided retrieval,1.125,3,4,early,11
Unguided retrieval,1.125,3,5,early,16
Unguided retrieval,1.125,3,6,middle,9
Unguided retrieval,1.125,3,7,middle,8
Unguided retrieval,1.125,3,8,middle,9
Unguided retrieval,1.125,3,9,middle,9
Unguided retrieval,1.125,3,10,middle,14
Unguided retrieval,1.125,3,11,middle,15
Unguided retrieval,1.125,3,12,late,13
Unguided retrieval,1.125,3,13,late,13
Unguided retrieval,1.125,3,14,late,13
Unguided retrieval,1.125,3,15,late,12
Unguided retrieval,1.125,3,16,late,11
Unguided retrieval,1.125,4,1,early,0
Unguided retrieval,1.125,4,2,early,0
Unguided retrieval,1.125,4,3,early,0
Unguided retrieval,1.125,4,4,early,0
Unguided retrieval,1.125,4,5,early,0
Unguided retrieval,1.125,4,6,middle,0
Unguided retrieval,1.125,4,7,middle,0
Unguided retrieval,1.125,4,8,middle,0
Unguided retrieval,1.125,4,9,middle,0
Unguided retrieval,1.125,4,10,middle,0
Unguided retrieval,1.125,4,11,middle,0
Unguided retrieval,1.125,4,12,late,0
Unguided retrieval,1.125,4,13,late,0
Unguided retrieval,1.125,4,14,late,0
Unguided retrieval,1.125,4,15,late,0
Unguided retrieval,1.125,4,16,late,0
Unguided retrieval,1.125,5,1,early,0
Unguided retrieval,1.125,5,2,early,0
Unguided retrieval,1.125,5,3,early,0
Unguided retrieval,1.125,5,4,early,0
Unguided retrieval,1.125,5,5,early,0
Unguided retrieval,1.125,5,6,middle,0
Unguided retrieval,1.125,5,7,middle,0
Unguided retrieval,1.125,5,8,middle,0
Unguided retrieval,1.125,5,9,middle,0
Unguided retrieval,1.125,5,10,middle,0
Unguided retrieval,1.125,5,11,middle,0
Unguided retrieval,1.125,5,12,late,0
Unguided retrieval,1.125,5,13,late,0
Unguided retrieval,1.125,5,14,late,0
Unguided retrieval,1.125,5,15,late,0
Unguided retrieval,1.125,5,16,late,0
Unguided retrieval,1.125,6,1,early,0
Unguided retrieval,1.125,6,2,early,0
Unguided retrieval,1.125,6,3,early,0
Unguided retrieval,1.125,6,4,early,0
Unguided retrieval,1.125,6,5,early,0
Unguided retrieval,1.125,6,6,middle,0
Unguided retrieval,1.125,6,7,middle,0
Unguided retrieval,1.125,6,8,middle,0
Unguided retrieval,1.125,6,9,middle,0
Unguided retrieval,1.125,6,10,middle,0
Unguided retrieval,1.125,6,11,middle,0
Unguided retrieval,1.125,6,12,late,0
Unguided retrieval,1.125,6,13,late,0
Unguided retrieval,1.125,6,14,late,0
Unguided retrieval,1.125,6,15,late,0
Unguided retrieval,1.125,6,16,late,0
Unguided retrieval,1.125,7,1,early,0
Unguided retrieval,1.125,7,2,early,0
Unguided retrieval,1.125,7,3,early,0
Unguided retrieval,1.125,7,4,early,0
Unguided retrieval,1.125,7,5,early,0
Unguided retrieval,1.125,7,6,middle,0
Unguided retrieval,1.125,7,7,middle,0
Unguided retrieval,1.125,7,8,middle,0
Unguided retrieval,1.125,7,9,middle,0
Unguided retrieval,1.125,7,10,middle,0
Unguided retrieval,1.125,7,11,middle,0
Unguided retrieval,1.125,7,12,late,0
Unguided retrieval,1.125,7,13,late,0
Unguided retrieval,1.125,7,14,late,0
Unguided retrieval,1.125,7,15,late,0
Unguided retrieval,1.125,7,16,late,0
Unguided retrieval,1.125,8,1,early,0
Unguided retrieval,1.125,8,2,early,0
Unguided retrieval,1.125,8,3,early,0
Unguided retrieval,1.125,8,4,early,0
Unguided retrieval,1.125,8,5,early,0
Unguided retrieval,1.125,8,6,middle,0
Unguided retrieval,1.125,8,7,middle,0
Unguided retrieval,1.125,8,8,middle,0
Unguided retrieval,1.125,8,9,middle,0
Unguided retrieval,1.125,8,10,middle,0
Unguided retrieval,1.125,8,11,middle,0
Unguided retrieval,1.125,8,12,late,0
Unguided retrieval,1.125,8,13,late,0
Unguided retrieval,1.125,8,14,late,0
Unguided retrieval,1.125,8,15,late,0
Unguided retrieval,1.125,8,16,late,0
Unguided retrieval,1.125,9,1,early,0
Unguided retrieval,1.125,9,2,early,0
Unguided retrieval,1.125,9,3,early,0
Unguided retrieval,1.125,9,4,early,0
Unguided retrieval,1.125,9,5,early,0
Unguided retrieval,1.125,9,6,middle,0
Unguided retrieval,1.125,9,7,middle,0
Unguided retrieval,1.125,9,8,middle,0
Unguided retrieval,1.125,9,9,middle,0
Unguided retrieval,1.125,9,10,middle,0
Unguided retrieval,1.125,9,11,middle,0
Unguided retrieval,1.125,9,12,late,0
Unguided retrieval,1.125,9,13,late,0
Unguided retrieval,1.125,9,14,late,0
Unguided retrieval,1.125,9,15,late,0
Unguided retrieval,1.125,9,16,late,0
Unguided retrieval,1.125,10,1,early,0
Unguided retrieval,1.125,10,2,early,0
Unguided retrieval,1.125,10,3,early,0
Unguided retrieval,1.125,10,4,early,0
Unguided retrieval,1.125,10,5,early,0
Unguided retrieval,1.125,10,6,middle,0
Unguided retrieval,1.125,10,7,middle,0
Unguided retrieval,1.125,10,8,middle,0
Unguided retrieval,1.125,10,9,middle,0
Unguided retrieval,1.125,10,10,middle,0
Unguided retrieval,1.125,10,11,middle,0
Unguided retrieval,1.125,10,12,late,0
Unguided retrieval,1.125,10,13,late,0
Unguided retrieval,1.125,10,14,late,0
Unguided retrieval,1.125,10,15,late,0
Unguided retrieval,1.125,10,16,late,0
Unguided retrieval,1.125,11,1,early,0
Unguided retrieval,1.125,11,2,early,0
Unguided retrieval,1.125,11,3,early,0
Unguided retrieval,1.125,11,4,early,0
Unguided retrieval,1.125,11,5,early,0
Unguided retrieval,1.125,11,6,middle,0
Unguided retrieval,1.125,11,7,middle,0
Unguided retrieval,1.125,11,8,middle,0
Unguided retrieval,1.125,11,9,middle,0
Unguided retrieval,1.125,11,10,middle,0
Unguided retrieval,1.125,11,11,middle,0
Unguided retrieval,1.125,11,12,late,0
Unguided retrieval,1.125,11,13,late,0
Unguided retrieval,1.125,11,14,late,0
Unguided retrieval,1.125,11,15,late,0
Unguided retrieval,1.125,11,16,late,0
Unguided retrieval,1.125,12,1,early,0
Unguided retrieval,1.125,12,2,early,0
Unguided retrieval,1.125,12,3,early,0
Unguided retrieval,1.125,12,4,early,0
Unguided retrieval,1.125,12,5,early,0
Unguided retrieval,1.125,12,6,middle,0
Unguided retrieval,1.125,12,7,middle,0
Unguided retrieval,1.125,12,8,middle,0
Unguided retrieval,1.125,12,9,middle,0
Unguided retrieval,1.125,12,10,middle,0
Unguided retrieval,1.125,12,11,middle,0
Unguided retrieval,1.125,12,12,late,0
Unguided retrieval,1.125,12,13,late,0
Unguided retrieval,1.125,12,14,late,0
Unguided retrieval,1.125,12,15,late,0
Unguided retrieval,1.125,12,16,late,0
Unguided retrieval,1.35,1,1,early,298
Unguided retrieval,1.35,1,2,early,286
Unguided retrieval,1.35,1,3,early,284
Unguided retrieval,1.35,1,4,early,303
Unguided retrieval,1.35,1,5,early,273
Unguided retrieval,1.35,1,6,middle,294
Unguided retrieval,1.35,1,7,middle,299
Unguided retrieval,1.35,1,8,middle,280
Unguided retrieval,1.35,1,9,middle,307
Unguided retrieval,1.35,1,10,middle,295
Unguided retrieval,1.35,1,11,middle,258
Unguided retrieval,1.35,1,12,late,264
Unguided retrieval,1.35,1,13,late,273
Unguided retrieval,1.35,1,14,late,283
Unguided retrieval,1.35,1,15,late,285
Unguided retrieval,1.35,1,16,late,265
Unguided retrieval,1.35,2,1,early,181
Unguided retrieval,1.35,2,2,early,201
Unguided retrieval,1.35,2,3,early,186
Unguided retrieval,1.35,2,4,early,154
Unguided retrieval,1.35,2,5,early,177
Unguided retrieval,1.35,2,6,middle,194
Unguided retrieval,1.35,2,7,middle,183
Unguided retrieval,1.35,2,8,middle,173
Unguided retrieval,1.35,2,9,middle,175
Unguided retrieval,1.35,2,10,middle,202
Unguided retrieval,1.35,2,11,middle,184
Unguided retrieval,1.35,2,12,late,191
Unguided retrieval,1.35,2,13,late,190
Unguided retrieval,1.35,2,14,late,190
Unguided retrieval,1.35,2,15,late,176
Unguided retrieval,1.35,2,16,late,188
Unguided retrieval,1.35,3,1,early,14
Unguided retrieval,1.35,3,2,early,24
Unguided retrieval,1.35,3,3,early,11
Unguided retrieval,1.35,3,4,early,4
Unguided retrieval,1.35,3,5,early,18
Unguided retrieval,1.35,3,6,middle,15
Unguided retrieval,1.35,3,7,middle,14
Unguided retrieval,1.35,3,8,middle,13
Unguided retrieval,1.35,3,9,middle,15
Unguided retrieval,1.35,3,10,middle,10
Unguided retrieval,1.35,3,11,middle,7
Unguided retrieval,1.35,3,12,late,9
Unguided retrieval,1.35,3,13,late,15
Unguided retrieval,1.35,3,14,late,9
Unguided retrieval,1.35,3,15,late,11
Unguided retrieval,1.35,3,16,late,12
Unguided retrieval,1.35,4,1,early,0
Unguided retrieval,1.35,4,2,early,0
Unguided retrieval,1.35,4,3,early,0
Unguided retrieval,1.35,4,4,early,0
Unguided retrieval,1.35,4,5,early,0
Unguided retrieval,1.35,4,6,middle,0
Unguided retrieval,1.35,4,7,middle,0
Unguided retrieval,1.35,4,8,middle,0
Unguided retrieval,1.35,4,9,middle,0
Unguided retrieval,1.35,4,10,middle,0
Unguided retrieval,1.35,4,11,middle,0
Unguided retrieval,1.35,4,12,late,0
Unguided retrieval,1.35,4,13,late,0
Unguided retrieval,1.35,4,14,late,0
Unguided retrieval,1.35,4,15,late,0
Unguided retrieval,1.35,4,16,late,0
Unguided retrieval,1.35,5,1,early,0
Unguided retrieval,1.35,5,2,early,0
Unguided retrieval,1.35,5,3,early,0
Unguided retrieval,1.35,5,4,early,0
Unguided retrieval,1.35,5,5,early,0
Unguided retrieval,1.35,5,6,middle,0
Unguided retrieval,1.35,5,7,middle,0
Unguided retrieval,1.35,5,8,middle,0
Unguided retrieval,1.35,5,9,middle,0
Unguided retrieval,1.35,5,10,middle,0
Unguided retrieval,1.35,5,11,middle,0
Unguided retrieval,1.35,5,12,late,0
Unguided retrieval,1.35,5,13,late,0
Unguided retrieval,1.35,5,14,late,0
Unguided retrieval,1.35,5,15,late,0
Unguided retrieval,1.35,5,16,late,0
Unguided retrieval,1.35,6,1,early,0
Unguided retrieval,1.35,6,2,early,0
Unguided retrieval,1.35,6,3,early,0
Unguided retrieval,1.35,6,4,early,0
Unguided retrieval,1.35,6,5,early,0
Unguided retrieval,1.35,6,6,middle,0
Unguided retrieval,1.35,6,7,middle,0
Unguided retrieval,1.35,6,8,middle,0
Unguided retrieval,1.35,6,9,middle,0
Unguided retrieval,1.35,6,10,middle,0
Unguided retrieval,1.35,6,11,middle,0
Unguided retrieval,1.35,6,12,late,0
Unguided retrieval,1.35,6,13,late,0
Unguided retrieval,1.35,6,14,late,0
Unguided retrieval,1.35,6,15,late,0
Unguided retrieval,1.35,6,16,late,0
Unguided retrieval,1.35,7,1,early,0
Unguided retrieval,1.35,7,2,early,0
Unguided retrieval,1.35,7,3,early,0
Unguided retrieval,1.35,7,4,early,0
Unguided retrieval,1.35,7,5,early,0
Unguided retrieval,1.35,7,6,middle,0
Unguided retrieval,1.35,7,7,middle,0
Unguided retrieval,1.35,7,8,middle,0
Unguided retrieval,1.35,7,9,middle,0
Unguided retrieval,1.35,7,10,middle,0
Unguided retrieval,1.35,7,11,middle,0
Unguided retrieval,1.35,7,12,late,0
Unguided retrieval,1.35,7,13,late,0
Unguided retrieval,1.35,7,14,late,0
Unguided retrieval,1.35,7,15,late,0
Unguided retrieval,1.35,7,16,late,0
Unguided retrieval,1.35,8,1,early,0
Unguided retrieval,1.35,8,2,early,0
Unguided retrieval,1.35,8,3,early,0
Unguided retrieval,1.35,8,4,early,0
Unguided retrieval,1.35,8,5,early,0
Unguided retrieval,1.35,8,6,middle,0
Unguided retrieval,1.35,8,7,middle,0
Unguided retrieval,1.35,8,8,middle,0
Unguided retrieval,1.35,8,9,middle,0
Unguided retrieval,1.35,8,10,middle,0
Unguided retrieval,1.35,8,11,middle,0
Unguided retrieval,1.35,8,12,late,0
Unguided retrieval,1.35,8,13,late,0
Unguided retrieval,1.35,8,14,late,0
Unguided retrieval,1.35,8,15,late,0
Unguided retrieval,1.35,8,16,late,0
Unguided retrieval,1.35,9,1,early,0
Unguided retrieval,1.35,9,2,early,0
Unguided retrieval,1.35,9,3,early,0
Unguided retrieval,1.35,9,4,early,0
Unguided retrieval,1.35,9,5,early,0
Unguided retrieval,1.35,9,6,middle,0
Unguided retrieval,1.35,9,7,middle,0
Unguided retrieval,1.35,9,8,middle,0
Unguided retrieval,1.35,9,9,middle,0
Unguided retrieval,1.35,9,10,middle,0
Unguided retrieval,1.35,9,11,middle,0
Unguided retrieval,1.35,9,12,late,0
Unguided retrieval,1.35,9,13,late,0
Unguided retrieval,1.35,9,14,late,0
Unguided retrieval,1.35,9,15,late,0
Unguided retrieval,1.35,9,16,late,0
Unguided retrieval,1.35,10,1,early,0
Unguided retrieval,1.35,10,2,early,0
Unguided retrieval,1.35,10,3,early,0
Unguided retrieval,1.35,10,4,early,0
Unguided retrieval,1.35,10,5,early,0
Unguided retrieval,1.35,10,6,middle,0
Unguided retrieval,1.35,10,7,middle,0
Unguided retrieval,1.35,10,8,middle,0
Unguided retrieval,1.35,10,9,middle,0
Unguided retrieval,1.35,10,10,middle,0
Unguided retrieval,1.35,10,11,middle,0
Unguided retrieval,1.35,10,12,late,0
Unguided retrieval,1.35,10,13,late,0
Unguided retrieval,1.35,10,14,late,0
Unguided retrieval,1.35,10,15,late,0
Unguided retrieval,1.35,10,16,late,0
Unguided retrieval,1.35,11,1,early,0
Unguided retrieval,1.35,11,2,early,0
Unguided retrieval,1.35,11,3,early,0
Unguided retrieval,1.35,11,4,early,0
Unguided retrieval,1.35,11,5,early,0
Unguided retrieval,1.35,11,6,middle,0
Unguided retrieval,1.35,11,7,middle,0
Unguided retrieval,1.35,11,8,middle,0
Unguided retrieval,1.35,11,9,middle,0
Unguided retrieval,1.35,11,10,middle,0
Unguided retrieval,1.35,11,11,middle,0
Unguided retrieval,1.35,11,12,late,0
Unguided retrieval,1.35,11,13,late,0
Unguided retrieval,1.35,11,14,late,0
Unguided retrieval,1.35,11,15,late,0
Unguided retrieval,1.35,11,16,late,0
Unguided retrieval,1.35,12,1,early,0
Unguided retrieval,1.35,12,2,early,0
Unguided retrieval,1.35,12,3,early,0
Unguided retrieval,1.35,12,4,early,0
Unguided retrieval,1.35,12,5,early,0
Unguided retrieval,1.35,12,6,middle,0
Unguided retrieval,1.35,12,7,middle,0
Unguided retrieval,1.35,12,8,middle,0
Unguided retrieval,1.35,12,9,middle,0
Unguided retrieval,1.35,12,10,middle,0
Unguided retrieval,1.35,12,11,middle,0
Unguided retrieval,1.35,12,12,late,0
Unguided retrieval,1.35,12,13,late,0
Unguided retrieval,1.35,12,14,late,0
Unguided retrieval,1.35,12,15,late,0
Unguided retrieval,1.35,12,16,late,0
Unguided retrieval,1.5,1,1,early,266
Unguided retrieval,1.5,1,2,early,285
Unguided retrieval,1.5,1,3,early,251
Unguided retrieval,1.5,1,4,early,293
Unguided retrieval,1.5,1,5,early,302
Unguided retrieval,1.5,1,6,middle,268
Unguided retrieval,1.5,1,7,middle,276
Unguided retrieval,1.5,1,8,middle,309
Unguided retrieval,1.5,1,9,middle,265
Unguided retrieval,1.5,1,10,middle,270
Unguided retrieval,1.5,1,11,middle,315
Unguided retrieval,1.5,1,12,late,273
Unguided retrieval,1.5,1,13,late,293
Unguided retrieval,1.5,1,14,late,269
Unguided retrieval,1.5,1,15,late,288
Unguided retrieval,1.5,1,16,late,284
Unguided retrieval,1.5,2,1,early,188
Unguided retrieval,1.5,2,2,early,178
Unguided retrieval,1.5,2,3,early,211
Unguided retrieval,1.5,2,4,early,155
Unguided retrieval,1.5,2,5,early,195
Unguided retrieval,1.5,2,6,middle,189
Unguided retrieval,1.5,2,7,middle,193
Unguided retrieval,1.5,2,8,middle,175
Unguided retrieval,1.5,2,9,middle,183
Unguided retrieval,1.5,2,10,middle,182
Unguided retrieval,1.5,2,11,middle,157
Unguided retrieval,1.5,2,12,late,175
Unguided retrieval,1.5,2,13,late,205
Unguided retrieval,1.5,2,14,late,172
Unguided retrieval,1.5,2,15,late,191
Unguided retrieval,1.5,2,16,late,171
Unguided retrieval,1.5,3,1,early,17
Unguided retrieval,1.5,3,2,early,10
Unguided retrieval,1.5,3,3,early,7
Unguided retrieval,1.5,3,4,early,10
Unguided retrieval,1.5,3,5,early,14
Unguided retrieval,1.5,3,6,middle,9
Unguided retrieval,1.5,3,7,middle,7
Unguided retrieval,1.5,3,8,middle,10
Unguided retrieval,1.5,3,9,middle,13
Unguided retrieval,1.5,3,10,middle,14
Unguided retrieval,1.5,3,11,middle,10
Unguided retrieval,1.5,3,12,late,12
Unguided retrieval,1.5,3,13,late,11
Unguided retrieval,1.5,3,14,late,11
Unguided retrieval,1.5,3,15,late,12
Unguided retrieval,1.5,3,16,late,7
Unguided retrieval,1.5,4,1,early,0
Unguided retrieval,1.5,4,2,early,0
Unguided retrieval,1.5,4,3,early,0
Unguided retrieval,1.5,4,4,early,0
Unguided retrieval,1.5,4,5,early,0
Unguided retrieval,1.5,4,6,middle,0
Unguided retrieval,1.5,4,7,middle,0
Unguided retrieval,1.5,4,8,middle,0
Unguided retrieval,1.5,4,9,middle,0
Unguided retrieval,1.5,4,10,middle,0
Unguided retrieval,1.5,4,11,middle,0
Unguided retrieval,1.5,4,12,late,0
Unguided retrieval,1.5,4,13,late,0
Unguided retrieval,1.5,4,14,late,0
Unguided retrieval,1.5,4,15,late,0
Unguided retrieval,1.5,4,16,late,0
Unguided retrieval,1.5,5,1,early,0
Unguided retrieval,1.5,5,2,early,0
Unguided retrieval,1.5,5,3,early,0
Unguided retrieval,1.5,5,4,early,0
Unguided retrieval,1.5,5,5,early,0
Unguided retrieval,1.5,5,6,middle,0
Unguided retrieval,1.5,5,7,middle,0
Unguided retrieval,1.5,5,8,middle,0
Unguided retrieval,1.5,5,9,middle,0
Unguided retrieval,1.5,5,10,middle,0
Unguided retrieval,1.5,5,11,middle,0
Unguided retrieval,1.5,5,12,late,0
Unguided retrieval,1.5,5,13,late,0
Unguided retrieval,1.5,5,14,late,0
Unguided retrieval,1.5,5,15,late,0
Unguided retrieval,1.5,5,16,late,0
Unguided retrieval,1.5,6,1,early,0
Unguided retrieval,1.5,6,2,early,0
Unguided retrieval,1.5,6,3,early,0
Unguided retrieval,1.5,6,4,early,0
Unguided retrieval,1.5,6,5,early,0
Unguided retrieval,1.5,6,6,middle,0
Unguided retrieval,1.5,6,7,middle,0
Unguided retrieval,1.5,6,8,middle,0
Unguided retrieval,1.5,6,9,middle,0
Unguided retrieval,1.5,6,10,middle,0
Unguided retrieval,1.5,6,11,middle,0
Unguided retrieval,1.5,6,12,late,0
Unguided retrieval,1.5,6,13,late,0
Unguided retrieval,1.5,6,14,late,0
Unguided retrieval,1.5,6,15,late,0
Unguided retrieval,1.5,6,16,late,0
Unguided retrieval,1.5,7,1,early,0
Unguided retrieval,1.5,7,2,early,0
Unguided retrieval,1.5,7,3,early,0
Unguided retrieval,1.5,7,4,early,0
Unguided retrieval,1.5,7,5,early,0
Unguided retrieval,1.5,7,6,middle,0
Unguided retrieval,1.5,7,7,middle,0
Unguided retrieval,1.5,7,8,middle,0
Unguided retrieval,1.5,7,9,middle,0
Unguided retrieval,1.5,7,10,middle,0
Unguided retrieval,1.5,7,11,middle,0
Unguided retrieval,1.5,7,12,late,0
Unguided retrieval,1.5,7,13,late,0
Unguided retrieval,1.5,7,14,late,0
Unguided retrieval,1.5,7,15,late,0
Unguided retrieval,1.5,7,16,late,0
Unguided retrieval,1.5,8,1,early,0
Unguided retrieval,1.5,8,2,early,0
Unguided retrieval,1.5,8,3,early,0
Unguided retrieval,1.5,8,4,early,0
Unguided retrieval,1.5,8,5,early,0
Unguided retrieval,1.5,8,6,middle,0
Unguided retrieval,1.5,8,7,middle,0
Unguided retrieval,1.5,8,8,middle,0
Unguided retrieval,1.5,8,9,middle,0
Unguided retrieval,1.5,8,10,middle,0
Unguided retrieval,1.5,8,11,middle,0
Unguided retrieval,1.5,8,12,late,0
Unguided retrieval,1.5,8,13,late,0
Unguided retrieval,1.5,8,14,late,0
Unguided retrieval,1.5,8,15,late,0
Unguided retrieval,1.5,8,16,late,0
Unguided retrieval,1.5,9,1,early,0
Unguided retrieval,1.5,9,2,early,0
Unguided retrieval,1.5,9,3,early,0
Unguided retrieval,1.5,9,4,early,0
Unguided retrieval,1.5,9,5,early,0
Unguided retrieval,1.5,9,6,middle,0
Unguided retrieval,1.5,9,7,middle,0
Unguided retrieval,1.5,9,8,middle,0
Unguided retrieval,1.5,9,9,middle,0
Unguided retrieval,1.5,9,10,middle,0
Unguided retrieval,1.5,9,11,middle,0
Unguided retrieval,1.5,9,12,late,0
Unguided retrieval,1.5,9,13,late,0
Unguided retrieval,1.5,9,14,late,0
Unguided retrieval,1.5,9,15,late,0
Unguided retrieval,1.5,9,16,late,0
Unguided retrieval,1.5,10,1,early,0
Unguided retrieval,1.5,10,2,early,0
Unguided retrieval,1.5,10,3,early,0
Unguided retrieval,1.5,10,4,early,0
Unguided retrieval,1.5,10,5,early,0
Unguided retrieval,1.5,10,6,middle,0
Unguided retrieval,1.5,10,7,middle,0
Unguided retrieval,1.5,10,8,middle,0
Unguided retrieval,1.5,10,9,middle,0
Unguided retrieval,1.5,10,10,middle,0
Unguided retrieval,1.5,10,11,middle,0
Unguided retrieval,1.5,10,12,late,0
Unguided retrieval,1.5,10,13,late,0
Unguided retrieval,1.5,10,14,late,0
Unguided retrieval,1.5,10,15,late,0
Unguided retrieval,1.5,10,16,late,0
Unguided retrieval,1.5,11,1,early,0
Unguided retrieval,1.5,11,2,early,0
Unguided retrieval,1.5,11,3,early,0
Unguided retrieval,1.5,11,4,early,0
Unguided retrieval,1.5,11,5,early,0
Unguided retrieval,1.5,11,6,middle,0
Unguided retrieval,1.5,11,7,middle,0
Unguided retrieval,1.5,11,8,middle,0
Unguided retrieval,1.5,11,9,middle,0
Unguided retrieval,1.5,11,10,middle,0
Unguided retrieval,1.5,11,11,middle,0
Unguided retrieval,1.5,11,12,late,0
Unguided retrieval,1.5,11,13,late,0
Unguided retrieval,1.5,11,14,late,0
Unguided retrieval,1.5,11,15,late,0
Unguided retrieval,1.5,11,16,late,0
Unguided retrieval,1.5,12,1,early,0
Unguided retrieval,1.5,12,2,early,0
Unguided retrieval,1.5,12,3,early,0
Unguided retrieval,1.5,12,4,early,0
Unguided retrieval,1.5,12,5,early,0
Unguided retrieval,1.5,12,6,middle,0
Unguided retrieval,1.5,12,7,middle,0
Unguided retrieval,1.5,12,8,middle,0
Unguided retrieval,1.5,12,9,middle,0
Unguided retrieval,1.5,12,10,middle,0
Unguided retrieval,1.5,12,11,middle,0
Unguided retrieval,1.5,12,12,late,0
Unguided retrieval,1.5,12,13,late,0
Unguided retrieval,1.5,12,14,late,0
Unguided retrieval,1.5,12,15,late,0
Unguided retrieval,1.5,12,16,late,0
Deliberate recall,0.0,1,1,early,0
Deliberate recall,0.0,1,2,early,0
Deliberate recall,0.0,1,3,early,0
Deliberate recall,0.0,1,4,early,0
Deliberate recall,0.0,1,5,early,0
Deliberate recall,0.0,1,6,middle,0
Deliberate recall,0.0,1,7,middle,0
Deliberate recall,0.0,1,8,middle,0
Deliberate recall,0.0,1,9,middle,0
Deliberate recall,0.0,1,10,middle,0
Deliberate recall,0.0,1,11,middle,0
Deliberate recall,0.0,1,12,late,0
Deliberate recall,0.0,1,13,late,0
Deliberate recall,0.0,1,14,late,0
Deliberate recall,0.0,1,15,late,0
Deliberate recall,0.0,1,16,late,0
Deliberate recall,0.0,2,1,early,0
Deliberate recall,0.0,2,2,early,0
Deliberate recall,0.0,2,3,early,0
Deliberate recall,0.0,2,4,early,0
Deliberate recall,0.0,2,5,early,0
Deliberate recall,0.0,2,6,middle,0
Deliberate recall,0.0,2,7,middle,0
Deliberate recall,0.0,2,8,middle,0
Deliberate recall,0.0,2,9,middle,0
Deliberate recall,0.0,2,10,middle,0
Deliberate recall,0.0,2,11,middle,0
Deliberate recall,0.0,2,12,late,0
Deliberate recall,0.0,2,13,late,0
Deliberate recall,0.0,2,14,late,0
Deliberate recall,0.0,2,15,late,0
Deliberate recall,0.0,2,16,late,0
Deliberate recall,0.0,3,1,early,0
Deliberate recall,0.0,3,2,early,0
Deliberate recall,0.0,3,3,early,0
Deliberate recall,0.0,3,4,early,0
Deliberate recall,0.0,3,5,early,0
Deliberate recall,0.0,3,6,middle,0
Deliberate recall,0.0,3,7,middle,0
Deliberate recall,0.0,3,8,middle,0
Deliberate recall,0.0,3,9,middle,0
Deliberate recall,0.0,3,10,middle,0
Deliberate recall,0.0,3,11,middle,0
Deliberate recall,0.0,3,12,late,0
Deliberate recall,0.0,3,13,late,0
Deliberate recall,0.0,3,14,late,0
Deliberate recall,0.0,3,15,late,0
Deliberate recall,0.0,3,16,late,0
Deliberate recall,0.0,4,1,early,0
Deliberate recall,0.0,4,2,early,0
Deliberate recall,0.0,4,3,early,0
Deliberate recall,0.0,4,4,early,0
Deliberate recall,0.0,4,5,early,0
Deliberate recall,0.0,4,6,middle,0
Deliberate recall,0.0,4,7,middle,0
Deliberate recall,0.0,4,8,middle,0
Deliberate recall,0.0,4,9,middle,0
Deliberate recall,0.0,4,10,middle,0
Deliberate recall,0.0,4,11,middle,0
Deliberate recall,0.0,4,12,late,0
Deliberate recall,0.0,4,13,late,0
Deliberate recall,0.0,4,14,late,0
Deliberate recall,0.0,4,15,late,0
Deliberate recall,0.0,4,16,late,0
Deliberate recall,0.0,5,1,early,0
Deliberate recall,0.0,5,2,early,0
Deliberate recall,0.0,5,3,early,0
Deliberate recall,0.0,5,4,early,0
Deliberate recall,0.0,5,5,early,0
Deliberate recall,0.0,5,6,middle,0
Deliberate recall,0.0,5,7,middle,0
Deliberate recall,0.0,5,8,middle,0
Deliberate recall,0.0,5,9,middle,0
Deliberate recall,0.0,5,10,middle,0
Deliberate recall,0.0,5,11,middle,0
Deliberate recall,0.0,5,12,late,0
Deliberate recall,0.0,5,13,late,0
Deliberate recall,0.0,5,14,late,0
Deliberate recall,0.0,5,15,late,0
Deliberate recall,0.0,5,16,late,0
Deliberate recall,0.0,6,1,early,0
Deliberate recall,0.0,6,2,early,0
Deliberate recall,0.0,6,3,early,0
Deliberate recall,0.0,6,4,early,0
Deliberate recall,0.0,6,5,early,0
Deliberate recall,0.0,6,6,middle,0
Deliberate recall,0.0,6,7,middle,0
Deliberate recall,0.0,6,8,middle,0
Deliberate recall,0.0,6,9,middle,0
Deliberate recall,0.0,6,10,middle,0
Deliberate recall,0.0,6,11,middle,0
Deliberate recall,0.0,6,12,late,0
Deliberate recall,0.0,6,13,late,0
Deliberate recall,0.0,6,14,late,0
Deliberate recall,0.0,6,15,late,0
Deliberate recall,0.0,6,16,late,0
Deliberate recall,0.0,7,1,early,0
Deliberate recall,0.0,7,2,early,0
Deliberate recall,0.0,7,3,early,0
Deliberate recall,0.0,7,4,early,0
Deliberate recall,0.0,7,5,early,0
Deliberate recall,0.0,7,6,middle,0
Deliberate recall,0.0,7,7,middle,0
Deliberate recall,0.0,7,8,middle,0
Deliberate recall,0.0,7,9,middle,0
Deliberate recall,0.0,7,10,middle,0
Deliberate recall,0.0,7,11,middle,0
Deliberate recall,0.0,7,12,late,0
Deliberate recall,0.0,7,13,late,0
Deliberate recall,0.0,7,14,late,0
Deliberate recall,0.0,7,15,late,0
Deliberate recall,0.0,7,16,late,0
Deliberate recall,0.0,8,1,early,0
Deliberate recall,0.0,8,2,early,0
Deliberate recall,0.0,8,3,early,0
Deliberate recall,0.0,8,4,early,0
Deliberate recall,0.0,8,5,early,0
Deliberate recall,0.0,8,6,middle,0
Deliberate recall,0.0,8,7,middle,0
Deliberate recall,0.0,8,8,middle,0
Deliberate recall,0.0,8,9,middle,0
Deliberate recall,0.0,8,10,middle,0
Deliberate recall,0.0,8,11,middle,0
Deliberate recall,0.0,8,12,late,0
Deliberate recall,0.0,8,13,late,0
Deliberate recall,0.0,8,14,late,0
Deliberate recall,0.0,8,15,late,0
Deliberate recall,0.0,8,16,late,0
Deliberate recall,0.0,9,1,early,0
Deliberate recall,0.0,9,2,early,0
Deliberate recall,0.0,9,3,early,0
Deliberate recall,0.0,9,4,early,0
Deliberate recall,0.0,9,5,early,0
Deliberate recall,0.0,9,6,middle,0
Deliberate recall,0.0,9,7,middle,0
Deliberate recall,0.0,9,8,middle,0
Deliberate recall,0.0,9,9,middle,0
Deliberate recall,0.0,9,10,middle,0
Deliberate recall,0.0,9,11,middle,0
Deliberate recall,0.0,9,12,late,0
Deliberate recall,0.0,9,13,late,0
Deliberate recall,0.0,9,14,late,0
Deliberate recall,0.0,9,15,late,0
Deliberate recall,0.0,9,16,late,0
Deliberate recall,0.0,10,1,early,0
Deliberate recall,0.0,10,2,early,0
Deliberate recall,0.0,10,3,early,0
Deliberate recall,0.0,10,4,early,0
Deliberate recall,0.0,10,5,early,0
Deliberate recall,0.0,10,6,middle,0
Deliberate recall,0.0,10,7,middle,0
Deliberate recall,0.0,10,8,middle,0
Deliberate recall,0.0,10,9,middle,0
Deliberate recall,0.0,10,10,middle,0
Deliberate recall,0.0,10,11,middle,0
Deliberate recall,0.0,10,12,late,0
Deliberate recall,0.0,10,13,late,0
Deliberate recall,0.0,10,14,late,0
Deliberate recall,0.0,10,15,late,0
Deliberate recall,0.0,10,16,late,0
Deliberate recall,0.0,11,1,early,0
Deliberate recall,0.0,11,2,early,0
Deliberate recall,0.0,11,3,early,0
Deliberate recall,0.0,11,4,early,0
Deliberate recall,0.0,11,5,early,0
Deliberate recall,0.0,11,6,middle,0
Deliberate recall,0.0,11,7,middle,0
Deliberate recall,0.0,11,8,middle,0
Deliberate recall,0.0,11,9,middle,0
Deliberate recall,0.0,11,10,middle,0
Deliberate recall,0.0,11,11,middle,0
Deliberate recall,0.0,11,12,late,0
Deliberate recall,0.0,11,13,late,0
Deliberate recall,0.0,11,14,late,0
Deliberate recall,0.0,11,15,late,0
Deliberate recall,0.0,11,16,late,0
Deliberate recall,0.0,12,1,early,0
Deliberate recall,0.0,12,2,early,0
Deliberate recall,0.0,12,3,early,0
Deliberate recall,0.0,12,4,early,0
Deliberate recall,0.0,12,5,early,0
Deliberate recall,0.0,12,6,middle,0
Deliberate recall,0.0,12,7,middle,0
Deliberate recall,0.0,12,8,middle,0
Deliberate recall,0.0,12,9,middle,0
Deliberate recall,0.0,12,10,middle,0
Deliberate recall,0.0,12,11,middle,0
Deliberate recall,0.0,12,12,late,0
Deliberate recall,0.0,12,13,late,0
Deliberate recall,0.0,12,14,late,0
Deliberate recall,0.0,12,15,late,0
Deliberate recall,0.0,12,16,late,0
Deliberate recall,0.225,1,1,early,296
Deliberate recall,0.225,1,2,early,281
Deliberate recall,0.225,1,3,early,247
Deliberate recall,0.225,1,4,early,277
Deliberate recall,0.225,1,5,early,303
Deliberate recall,0.225,1,6,middle,306
Deliberate recall,0.225,1,7,middle,262
Deliberate recall,0.225,1,8,middle,309
Deliberate recall,0.225,1,9,middle,290
Deliberate recall,0.225,1,10,middle,292
Deliberate recall,0.225,1,11,middle,279
Deliberate recall,0.225,1,12,late,303
Deliberate recall,0.225,1,13,late,271
Deliberate recall,0.225,1,14,late,275
Deliberate recall,0.225,1,15,late,263
Deliberate recall,0.225,1,16,late,279
Deliberate recall,0.225,2,1,early,187
Deliberate recall,0.225,2,2,early,159
Deliberate recall,0.225,2,3,early,186
Deliberate recall,0.225,2,4,early,202
Deliberate recall,0.225,2,5,early,162
Deliberate recall,0.225,2,6,middle,209
Deliberate recall,0.225,2,7,middle,170
Deliberate recall,0.225,2,8,middle,179
Deliberate recall,0.225,2,9,middle,177
Deliberate recall,0.225,2,10,middle,166
Deliberate recall,0.225,2,11,middle,164
Deliberate recall,0.225,2,12,late,186
Deliberate recall,0.225,2,13,late,184
Deliberate recall,0.225,2,14,late,176
Deliberate recall,0.225,2,15,late,196
Deliberate recall,0.225,2,16,late,198
Deliberate recall,0.225,3,1,early,7
Deliberate recall,0.225,3,2,early,15
Deliberate recall,0.225,3,3,early,10
Deliberate recall,0.225,3,4,early,17
Deliberate recall,0.225,3,5,early,14
Deliberate recall,0.225,3,6,middle,18
Deliberate recall,0.225,3,7,middle,16
Deliberate recall,0.225,3,8,middle,9
Deliberate recall,0.225,3,9,middle,18
Deliberate recall,0.225,3,10,middle,10
Deliberate recall,0.225,3,11,middle,12
Deliberate recall,0.225,3,12,late,13
Deliberate recall,0.225,3,13,late,6
Deliberate recall,0.225,3,14,late,11
Deliberate recall,0.225,3,15,late,12
Deliberate recall,0.225,3,16,late,6
Deliberate recall,0.225,4,1,early,0
Deliberate recall,0.225,4,2,early,0
Deliberate recall,0.225,4,3,early,0
Deliberate recall,0.225,4,4,early,0
Deliberate recall,0.225,4,5,early,0
Deliberate recall,0.225,4,6,middle,0
Deliberate recall,0.225,4,7,middle,0
Deliberate recall,0.225,4,8,middle,0
Deliberate recall,0.225,4,9,middle,0
Deliberate recall,0.225,4,10,middle,0
Deliberate recall,0.225,4,11,middle,0
Deliberate recall,0.225,4,12,late,0
Deliberate recall,0.225,4,13,late,0
Deliberate recall,0.225,4,14,late,0
Deliberate recall,0.225,4,15,late,0
Deliberate recall,0.225,4,16,late,0
Deliberate recall,0.225,5,1,early,0
Deliberate recall,0.225,5,2,early,0
Deliberate recall,0.225,5,3,early,0
Deliberate recall,0.225,5,4,early,0
Deliberate recall,0.225,5,5,early,0
Deliberate recall,0.225,5,6,middle,0
Deliberate recall,0.225,5,7,middle,0
Deliberate recall,0.225,5,8,middle,0
Deliberate recall,0.225,5,9,middle,0
Deliberate recall,0.225,5,10,middle,0
Deliberate recall,0.225,5,11,middle,0
Deliberate recall,0.225,5,12,late,0
Deliberate recall,0.225,5,13,late,0
Deliberate recall,0.225,5,14,late,0
Deliberate recall,0.225,5,15,late,0
Deliberate recall,0.225,5,16,late,0
Deliberate recall,0.225,6,1,early,0
Deliberate recall,0.225,6,2,early,0
Deliberate recall,0.225,6,3,early,0
Deliberate recall,0.225,6,4,early,0
Deliberate recall,0.225,6,5,early,0
Deliberate recall,0.225,6,6,middle,0
Deliberate recall,0.225,6,7,middle,0
Deliberate recall,0.225,6,8,middle,0
Deliberate recall,0.225,6,9,middle,0
Deliberate recall,0.225,6,10,middle,0
Deliberate recall,0.225,6,11,middle,0
Deliberate recall,0.225,6,12,late,0
Deliberate recall,0.225,6,13,late,0
Deliberate recall,0.225,6,14,late,0
Deliberate recall,0.225,6,15,late,0
Deliberate recall,0.225,6,16,late,0
Deliberate recall,0.225,7,1,early,0
Deliberate recall,0.225,7,2,early,0
Deliberate recall,0.225,7,3,early,0
Deliberate recall,0.225,7,4,early,0
Deliberate recall,0.225,7,5,early,0
Deliberate recall,0.225,7,6,middle,0
Deliberate recall,0.225,7,7,middle,0
Deliberate recall,0.225,7,8,middle,0
Deliberate recall,0.225,7,9,middle,0
Deliberate recall,0.225,7,10,middle,0
Deliberate recall,0.225,7,11,middle,0
Deliberate recall,0.225,7,12,late,0
Deliberate recall,0.225,7,13,late,0
Deliberate recall,0.225,7,14,late,0
Deliberate recall,0.225,7,15,late,0
Deliberate recall,0.225,7,16,late,0
Deliberate recall,0.225,8,1,early,0
Deliberate recall,0.225,8,2,early,0
Deliberate recall,0.225,8,3,early,0
Deliberate recall,0.225,8,4,early,0
Deliberate recall,0.225,8,5,early,0
Deliberate recall,0.225,8,6,middle,0
Deliberate recall,0.225,8,7,middle,0
Deliberate recall,0.225,8,8,middle,0
Deliberate recall,0.225,8,9,middle,0
Deliberate recall,0.225,8,10,middle,0
Deliberate recall,0.225,8,11,middle,0
Deliberate recall,0.225,8,12,late,0
Deliberate recall,0.225,8,13,late,0
Deliberate recall,0.225,8,14,late,0
Deliberate recall,0.225,8,15,late,0
Deliberate recall,0.225,8,16,late,0
Deliberate recall,0.225,9,1,early,0
Deliberate recall,0.225,9,2,early,0
Deliberate recall,0.225,9,3,early,0
Deliberate recall,0.225,9,4,early,0
Deliberate recall,0.225,9,5,early,0
Deliberate recall,0.225,9,6,middle,0
Deliberate recall,0.225,9,7,middle,0
Deliberate recall,0.225,9,8,middle,0
Deliberate recall,0.225,9,9,middle,0
Deliberate recall,0.225,9,10,middle,0
Deliberate recall,0.225,9,11,middle,0
Deliberate recall,0.225,9,12,late,0
Deliberate recall,0.225,9,13,late,0
Deliberate recall,0.225,9,14,late,0
Deliberate recall,0.225,9,15,late,0
Deliberate recall,0.225,9,16,late,0
Deliberate recall,0.225,10,1,early,0
Deliberate recall,0.225,10,2,early,0
Deliberate recall,0.225,10,3,early,0
Deliberate recall,0.225,10,4,early,0
Deliberate recall,0.225,10,5,early,0
Deliberate recall,0.225,10,6,middle,0
Deliberate recall,0.225,10,7,middle,0
Deliberate recall,0.225,10,8,middle,0
Deliberate recall,0.225,10,9,middle,0
Deliberate recall,0.225,10,10,middle,0
Deliberate recall,0.225,10,11,middle,0
Deliberate recall,0.225,10,12,late,0
Deliberate recall,0.225,10,13,late,0
Deliberate recall,0.225,10,14,late,0
Deliberate recall,0.225,10,15,late,0
Deliberate recall,0.225,10,16,late,0
Deliberate recall,0.225,11,1,early,0
Deliberate recall,0.225,11,2,early,0
Deliberate recall,0.225,11,3,early,0
Deliberate recall,0.225,11,4,early,0
Deliberate recall,0.225,11,5,early,0
Deliberate recall,0.225,11,6,middle,0
Deliberate recall,0.225,11,7,middle,0
Deliberate recall,0.225,11,8,middle,0
Deliberate recall,0.225,11,9,middle,0
Deliberate recall,0.225,11,10,middle,0
Deliberate recall,0.225,11,11,middle,0
Deliberate recall,0.225,11,12,late,0
Deliberate recall,0.225,11,13,late,0
Deliberate recall,0.225,11,14,late,0
Deliberate recall,0.225,11,15,late,0
Deliberate recall,0.225,11,16,late,0
Deliberate recall,0.225,12,1,early,0
Deliberate recall,0.225,12,2,early,0
Deliberate recall,0.225,12,3,early,0
Deliberate recall,0.225,12,4,early,0
Deliberate recall,0.225,12,5,early,0
Deliberate recall,0.225,12,6,middle,0
Deliberate recall,0.225,12,7,middle,0
Deliberate recall,0.225,12,8,middle,0
Deliberate recall,0.225,12,9,middle,0
Deliberate recall,0.225,12,10,middle,0
Deliberate recall,0.225,12,11,middle,0
Deliberate recall,0.225,12,12,late,0
Deliberate recall,0.225,12,13,late,0
Deliberate recall,0.225,12,14,late,0
Deliberate recall,0.225,12,15,late,0
Deliberate recall,0.225,12,16,late,0
Deliberate recall,0.45,1,1,early,260
Deliberate recall,0.45,1,2,early,270
Deliberate recall,0.45,1,3,early,273
Deliberate recall,0.45,1,4,early,307
Deliberate recall,0.45,1,5,early,277
Deliberate recall,0.45,1,6,middle,286
Deliberate recall,0.45,1,7,middle,299
Deliberate recall,0.45,1,8,middle,278
Deliberate recall,0.45,1,9,middle,322
Deliberate recall,0.45,1,10,middle,280
Deliberate recall,0.45,1,11,middle,243
Deliberate recall,0.45,1,12,late,271
Deliberate recall,0.45,1,13,late,303
Deliberate recall,0.45,1,14,late,265
Deliberate recall,0.45,1,15,late,289
Deliberate recall,0.45,1,16,late,296
Deliberate recall,0.45,2,1,early,179
Deliberate recall,0.45,2,2,early,185
Deliberate recall,0.45,2,3,early,202
Deliberate recall,0.45,2,4,early,172
Deliberate recall,0.45,2,5,early,163
Deliberate recall,0.45,2,6,middle,181
Deliberate recall,0.45,2,7,middle,197
Deliberate recall,0.45,2,8,middle,168
Deliberate recall,0.45,2,9,middle,157
Deliberate recall,0.45,2,10,middle,170
Deliberate recall,0.45,2,11,middle,191
Deliberate recall,0.45,2,12,late,176
Deliberate recall,0.45,2,13,late,165
Deliberate recall,0.45,2,14,late,209
Deliberate recall,0.45,2,15,late,200
Deliberate recall,0.45,2,16,late,189
Deliberate recall,0.45,3,1,early,9
Deliberate recall,0.45,3,2,early,15
Deliberate recall,0.45,3,3,early,14
Deliberate recall,0.45,3,4,early,12
Deliberate recall,0.45,3,5,early,16
Deliberate recall,0.45,3,6,middle,12
Deliberate recall,0.45,3,7,middle,16
Deliberate recall,0.45,3,8,middle,10
Deliberate recall,0.45,3,9,middle,17
Deliberate recall,0.45,3,10,middle,5
Deliberate recall,0.45,3,11,middle,13
Deliberate recall,0.45,3,12,late,10
Deliberate recall,0.45,3,13,late,16
Deliberate recall,0.45,3,14,late,6
Deliberate recall,0.45,3,15,late,8
Deliberate recall,0.45,3,16,late,11
Deliberate recall,0.45,4,1,early,0
Deliberate recall,0.45,4,2,early,0
Deliberate recall,0.45,4,3,early,0
Deliberate recall,0.45,4,4,early,0
Deliberate recall,0.45,4,5,early,0
Deliberate recall,0.45,4,6,middle,0
Deliberate recall,0.45,4,7,middle,0
Deliberate recall,0.45,4,8,middle,0
Deliberate recall,0.45,4,9,middle,0
Deliberate recall,0.45,4,10,middle,0
Deliberate recall,0.45,4,11,middle,0
Deliberate recall,0.45,4,12,late,0
Deliberate recall,0.45,4,13,late,0
Deliberate recall,0.45,4,14,late,0
Deliberate recall,0.45,4,15,late,0
Deliberate recall,0.45,4,16,late,0
Deliberate recall,0.45,5,1,early,0
Deliberate recall,0.45,5,2,early,0
Deliberate recall,0.45,5,3,early,0
Deliberate recall,0.45,5,4,early,0
Deliberate recall,0.45,5,5,early,0
Deliberate recall,0.45,5,6,middle,0
Deliberate recall,0.45,5,7,middle,0
Deliberate recall,0.45,5,8,middle,0
Deliberate recall,0.45,5,9,middle,0
Deliberate recall,0.45,5,10,middle,0
Deliberate recall,0.45,5,11,middle,0
Deliberate recall,0.45,5,12,late,0
Deliberate recall,0.45,5,13,late,0
Deliberate recall,0.45,5,14,late,0
Deliberate recall,0.45,5,15,late,0
Deliberate recall,0.45,5,16,late,0
Deliberate recall,0.45,6,1,early,0
Deliberate recall,0.45,6,2,early,0
Deliberate recall,0.45,6,3,early,0
Deliberate recall,0.45,6,4,early,0
Deliberate recall,0.45,6,5,early,0
Deliberate recall,0.45,6,6,middle,0
Deliberate recall,0.45,6,7,middle,0
Deliberate recall,0.45,6,8,middle,0
Deliberate recall,0.45,6,9,middle,0
Deliberate recall,0.45,6,10,middle,0
Deliberate recall,0.45,6,11,middle,0
Deliberate recall,0.45,6,12,late,0
Deliberate recall,0.45,6,13,late,0
Deliberate recall,0.45,6,14,late,0
Deliberate recall,0.45,6,15,late,0
Deliberate recall,0.45,6,16,late,0
Deliberate recall,0.45,7,1,early,0
Deliberate recall,0.45,7,2,early,0
Deliberate recall,0.45,7,3,early,0
Deliberate recall,0.45,7,4,early,0
Deliberate recall,0.45,7,5,early,0
Deliberate recall,0.45,7,6,middle,0
Deliberate recall,0.45,7,7,middle,0
Deliberate recall,0.45,7,8,middle,0
Deliberate recall,0.45,7,9,middle,0
Deliberate recall,0.45,7,10,middle,0
Deliberate recall,0.45,7,11,middle,0
Deliberate recall,0.45,7,12,late,0
Deliberate recall,0.45,7,13,late,0
Deliberate recall,0.45,7,14,late,0
Deliberate recall,0.45,7,15,late,0
Deliberate recall,0.45,7,16,late,0
Deliberate recall,0.45,8,1,early,0
Deliberate recall,0.45,8,2,early,0
Deliberate recall,0.45,8,3,early,0
Deliberate recall,0.45,8,4,early,0
Deliberate recall,0.45,8,5,early,0
Deliberate recall,0.45,8,6,middle,0
Deliberate recall,0.45,8,7,middle,0
Deliberate recall,0.45,8,8,middle,0
Deliberate recall,0.45,8,9,middle,0
Deliberate recall,0.45,8,10,middle,0
Deliberate recall,0.45,8,11,middle,0
Deliberate recall,0.45,8,12,late,0
Deliberate recall,0.45,8,13,late,0
Deliberate recall,0.45,8,14,late,0
Deliberate recall,0.45,8,15,late,0
Deliberate recall,0.45,8,16,late,0
Deliberate recall,0.45,9,1,early,0
Deliberate recall,0.45,9,2,early,0
Deliberate recall,0.45,9,3,early,0
Deliberate recall,0.45,9,4,early,0
Deliberate recall,0.45,9,5,early,0
Deliberate recall,0.45,9,6,middle,0
Deliberate recall,0.45,9,7,middle,0
Deliberate recall,0.45,9,8,middle,0
Deliberate recall,0.45,9,9,middle,0
Deliberate recall,0.45,9,10,middle,0
Deliberate recall,0.45,9,11,middle,0
Deliberate recall,0.45,9,12,late,0
Deliberate recall,0.45,9,13,late,0
Deliberate recall,0.45,9,14,late,0
Deliberate recall,0.45,9,15,late,0
Deliberate recall,0.45,9,16,late,0
Deliberate recall,0.45,10,1,early,0
Deliberate recall,0.45,10,2,early,0
Deliberate recall,0.45,10,3,early,0
Deliberate recall,0.45,10,4,early,0
Deliberate recall,0.45,10,5,early,0
Deliberate recall,0.45,10,6,middle,0
Deliberate recall,0.45,10,7,middle,0
Deliberate recall,0.45,10,8,middle,0
Deliberate recall,0.45,10,9,middle,0
Deliberate recall,0.45,10,10,middle,0
Deliberate recall,0.45,10,11,middle,0
Deliberate recall,0.45,10,12,late,0
Deliberate recall,0.45,10,13,late,0
Deliberate recall,0.45,10,14,late,0
Deliberate recall,0.45,10,15,late,0
Deliberate recall,0.45,10,16,late,0
Deliberate recall,0.45,11,1,early,0
Deliberate recall,0.45,11,2,early,0
Deliberate recall,0.45,11,3,early,0
Deliberate recall,0.45,11,4,early,0
Deliberate recall,0.45,11,5,early,0
Deliberate recall,0.45,11,6,middle,0
Deliberate recall,0.45,11,7,middle,0
Deliberate recall,0.45,11,8,middle,0
Deliberate recall,0.45,11,9,middle,0
Deliberate recall,0.45,11,10,middle,0
Deliberate recall,0.45,11,11,middle,0
Deliberate recall,0.45,11,12,late,0
Deliberate recall,0.45,11,13,late,0
Deliberate recall,0.45,11,14,late,0
Deliberate recall,0.45,11,15,late,0
Deliberate recall,0.45,11,16,late,0
Deliberate recall,0.45,12,1,early,0
Deliberate recall,0.45,12,2,early,0
Deliberate recall,0.45,12,3,early,0
Deliberate recall,0.45,12,4,early,0
Deliberate recall,0.45,12,5,early,0
Deliberate recall,0.45,12,6,middle,0
Deliberate recall,0.45,12,7,middle,0
Deliberate recall,0.45,12,8,middle,0
Deliberate recall,0.45,12,9,middle,0
Deliberate recall,0.45,12,10,middle,0
Deliberate recall,0.45,12,11,middle,0
Deliberate recall,0.45,12,12,late,0
Deliberate recall,0.45,12,13,late,0
Deliberate recall,0.45,12,14,late,0
Deliberate recall,0.45,12,15,late,0
Deliberate recall,0.45,12,16,late,0
Deliberate recall,0.675,1,1,early,302
Deliberate recall,0.675,1,2,early,297
Deliberate recall,0.675,1,3,early,286
Deliberate recall,0.675,1,4,early,230
Deliberate recall,0.675,1,5,early,283
Deliberate recall,0.675,1,6,middle,280
Deliberate recall,0.675,1,7,middle,259
Deliberate recall,0.675,1,8,middle,303
Deliberate recall,0.675,1,9,middle,294
Deliberate recall,0.675,1,10,middle,287
Deliberate recall,0.675,1,11,middle,307
Deliberate recall,0.675,1,12,late,281
Deliberate recall,0.675,1,13,late,280
Deliberate recall,0.675,1,14,late,293
Deliberate recall,0.675,1,15,late,278
Deliberate recall,0.675,1,16,late,282
Deliberate recall,0.675,2,1,early,186
Deliberate recall,0.675,2,2,early,175
Deliberate recall,0.675,2,3,early,189
Deliberate recall,0.675,2,4,early,171
Deliberate recall,0.675,2,5,early,202
Deliberate recall,0.675,2,6,middle,165
Deliberate recall,0.675,2,7,middle,184
Deliberate recall,0.675,2,8,middle,174
Deliberate recall,0.675,2,9,middle,187
Deliberate recall,0.675,2,10,middle,174
Deliberate recall,0.675,2,11,middle,164
Deliberate recall,0.675,2,12,late,191
Deliberate recall,0.675,2,13,late,187
Deliberate recall,0.675,2,14,late,200
Deliberate recall,0.675,2,15,late,175
Deliberate recall,0.675,2,16,late,164
Deliberate recall,0.675,3,1,early,14
Deliberate recall,0.675,3,2,early,15
Deliberate recall,0.675,3,3,early,12
Deliberate recall,0.675,3,4,early,12
Deliberate recall,0.675,3,5,early,11
Deliberate recall,0.675,3,6,middle,7
Deliberate recall,0.675,3,7,middle,13
Deliberate recall,0.675,3,8,middle,7
Deliberate recall,0.675,3,9,middle,13
Deliberate recall,0.675,3,10,middle,14
Deliberate recall,0.675,3,11,middle,10
Deliberate recall,0.675,3,12,late,8
Deliberate recall,0.675,3,13,late,18
Deliberate recall,0.675,3,14,late,6
Deliberate recall,0.675,3,15,late,11
Deliberate recall,0.675,3,16,late,10
Deliberate recall,0.675,4,1,early,0
Deliberate recall,0.675,4,2,early,0
Deliberate recall,0.675,4,3,early,0
Deliberate recall,0.675,4,4,early,0
Deliberate recall,0.675,4,5,early,0
Deliberate recall,0.675,4,6,middle,0
Deliberate recall,0.675,4,7,middle,0
Deliberate recall,0.675,4,8,middle,0
Deliberate recall,0.675,4,9,middle,0
Deliberate recall,0.675,4,10,middle,0
Deliberate recall,0.675,4,11,middle,0
Deliberate recall,0.675,4,12,late,0
Deliberate recall,0.675,4,13,late,0
Deliberate recall,0.675,4,14,late,0
Deliberate recall,0.675,4,15,late,0
Deliberate recall,0.675,4,16,late,0
Deliberate recall,0.675,5,1,early,0
Deliberate recall,0.675,5,2,early,0
Deliberate recall,0.675,5,3,early,0
Deliberate recall,0.675,5,4,early,0
Deliberate recall,0.675,5,5,early,0
Deliberate recall,0.675,5,6,middle,0
Deliberate recall,0.675,5,7,middle,0
Deliberate recall,0.675,5,8,middle,0
Deliberate recall,0.675,5,9,middle,0
Deliberate recall,0.675,5,10,middle,0
Deliberate recall,0.675,5,11,middle,0
Deliberate recall,0.675,5,12,late,0
Deliberate recall,0.675,5,13,late,0
Deliberate recall,0.675,5,14,late,0
Deliberate recall,0.675,5,15,late,0
Deliberate recall,0.675,5,16,late,0
Deliberate recall,0.675,6,1,early,0
Deliberate recall,0.675,6,2,early,0
Deliberate recall,0.675,6,3,early,0
Deliberate recall,0.675,6,4,early,0
Deliberate recall,0.675,6,5,early,0
Deliberate recall,0.675,6,6,middle,0
Deliberate recall,0.675,6,7,middle,0
Deliberate recall,0.675,6,8,middle,0
Deliberate recall,0.675,6,9,middle,0
Deliberate recall,0.675,6,10,middle,0
Deliberate recall,0.675,6,11,middle,0
Deliberate recall,0.675,6,12,late,0
Deliberate recall,0.675,6,13,late,0
Deliberate recall,0.675,6,14,late,0
Deliberate recall,0.675,6,15,late,0
Deliberate recall,0.675,6,16,late,0
Deliberate recall,0.675,7,1,early,0
Deliberate recall,0.675,7,2,early,0
Deliberate recall,0.675,7,3,early,0
Deliberate recall,0.675,7,4,early,0
Deliberate recall,0.675,7,5,early,0
Deliberate recall,0.675,7,6,middle,0
Deliberate recall,0.675,7,7,middle,0
Deliberate recall,0.675,7,8,middle,0
Deliberate recall,0.675,7,9,middle,0
Deliberate recall,0.675,7,10,middle,0
Deliberate recall,0.675,7,11,middle,0
Deliberate recall,0.675,7,12,late,0
Deliberate recall,0.675,7,13,late,0
Deliberate recall,0.675,7,14,late,0
Deliberate recall,0.675,7,15,late,0
Deliberate recall,0.675,7,16,late,0
Deliberate recall,0.675,8,1,early,0
Deliberate recall,0.675,8,2,early,0
Deliberate recall,0.675,8,3,early,0
Deliberate recall,0.675,8,4,early,0
Deliberate recall,0.675,8,5,early,0
Deliberate recall,0.675,8,6,middle,0
Deliberate recall,0.675,8,7,middle,0
Deliberate recall,0.675,8,8,middle,0
Deliberate recall,0.675,8,9,middle,0
Deliberate recall,0.675,8,10,middle,0
Deliberate recall,0.675,8,11,middle,0
Deliberate recall,0.675,8,12,late,0
Deliberate recall,0.675,8,13,late,0
Deliberate recall,0.675,8,14,late,0
Deliberate recall,0.675,8,15,late,0
Deliberate recall,0.675,8,16,late,0
Deliberate recall,0.675,9,1,early,0
Deliberate recall,0.675,9,2,early,0
Deliberate recall,0.675,9,3,early,0
Deliberate recall,0.675,9,4,early,0
Deliberate recall,0.675,9,5,early,0
Deliberate recall,0.675,9,6,middle,0
Deliberate recall,0.675,9,7,middle,0
Deliberate recall,0.675,9,8,middle,0
Deliberate recall,0.675,9,9,middle,0
Deliberate recall,0.675,9,10,middle,0
Deliberate recall,0.675,9,11,middle,0
Deliberate recall,0.675,9,12,late,0
Deliberate recall,0.675,9,13,late,0
Deliberate recall,0.675,9,14,late,0
Deliberate recall,0.675,9,15,late,0
Deliberate recall,0.675,9,16,late,0
Deliberate recall,0.675,10,1,early,0
Deliberate recall,0.675,10,2,early,0
Deliberate recall,0.675,10,3,early,0
Deliberate recall,0.675,10,4,early,0
Deliberate recall,0.675,10,5,early,0
Deliberate recall,0.675,10,6,middle,0
Deliberate recall,0.675,10,7,middle,0
Deliberate recall,0.675,10,8,middle,0
Deliberate recall,0.675,10,9,middle,0
Deliberate recall,0.675,10,10,middle,0
Deliberate recall,0.675,10,11,middle,0
Deliberate recall,0.675,10,12,late,0
Deliberate recall,0.675,10,13,late,0
Deliberate recall,0.675,10,14,late,0
Deliberate recall,0.675,10,15,late,0
Deliberate recall,0.675,10,16,late,0
Deliberate recall,0.675,11,1,early,0
Deliberate recall,0.675,11,2,early,0
Deliberate recall,0.675,11,3,early,0
Deliberate recall,0.675,11,4,early,0
Deliberate recall,0.675,11,5,early,0
Deliberate recall,0.675,11,6,middle,0
Deliberate recall,0.675,11,7,middle,0
Deliberate recall,0.675,11,8,middle,0
Deliberate recall,0.675,11,9,middle,0
Deliberate recall,0.675,11,10,middle,0
Deliberate recall,0.675,11,11,middle,0
Deliberate recall,0.675,11,12,late,0
Deliberate recall,0.675,11,13,late,0
Deliberate recall,0.675,11,14,late,0
Deliberate recall,0.675,11,15,late,0
Deliberate recall,0.675,11,16,late,0
Deliberate recall,0.675,12,1,early,0
Deliberate recall,0.675,12,2,early,0
Deliberate recall,0.675,12,3,early,0
Deliberate recall,0.675,12,4,early,0
Deliberate recall,0.675,12,5,early,0
Deliberate recall,0.675,12,6,middle,0
Deliberate recall,0.675,12,7,middle,0
Deliberate recall,0.675,12,8,middle,0
Deliberate recall,0.675,12,9,middle,0
Deliberate recall,0.675,12,10,middle,0
Deliberate recall,0.675,12,11,middle,0
Deliberate recall,0.675,12,12,late,0
Deliberate recall,0.675,12,13,late,0
Deliberate recall,0.675,12,14,late,0
Deliberate recall,0.675,12,15,late,0
Deliberate recall,0.675,12,16,late,0
Deliberate recall,0.9,1,1,early,319
Deliberate recall,0.9,1,2,early,273
Deliberate recall,0.9,1,3,early,279
Deliberate recall,0.9,1,4,early,300
Deliberate recall,0.9,1,5,early,309
Deliberate recall,0.9,1,6,middle,280
Deliberate recall,0.9,1,7,middle,266
Deliberate recall,0.9,1,8,middle,307
Deliberate recall,0.9,1,9,middle,253
Deliberate recall,0.9,1,10,middle,260
Deliberate recall,0.9,1,11,middle,284
Deliberate recall,0.9,1,12,late,283
Deliberate recall,0.9,1,13,late,284
Deliberate recall,0.9,1,14,late,310
Deliberate recall,0.9,1,15,late,292
Deliberate recall,0.9,1,16,late,252
Deliberate recall,0.9,2,1,early,195
Deliberate recall,0.9,2,2,early,186
Deliberate recall,0.9,2,3,early,182
Deliberate recall,0.9,2,4,early,191
Deliberate recall,0.9,2,5,early,181
Deliberate recall,0.9,2,6,middle,167
Deliberate recall,0.9,2,7,middle,206
Deliberate recall,0.9,2,8,middle,196
Deliberate recall,0.9,2,9,middle,179
Deliberate recall,0.9,2,10,middle,197
Deliberate recall,0.9,2,11,middle,175
Deliberate recall,0.9,2,12,late,163
Deliberate recall,0.9,2,13,late,191
Deliberate recall,0.9,2,14,late,189
Deliberate recall,0.9,2,15,late,184
Deliberate recall,0.9,2,16,late,159
Deliberate recall,0.9,3,1,early,13
Deliberate recall,0.9,3,2,early,8
Deliberate recall,0.9,3,3,early,7
Deliberate recall,0.9,3,4,early,10
Deliberate recall,0.9,3,5,early,12
Deliberate recall,0.9,3,6,middle,15
Deliberate recall,0.9,3,7,middle,14
Deliberate recall,0.9,3,8,middle,8
Deliberate recall,0.9,3,9,middle,8
Deliberate recall,0.9,3,10,middle,13
Deliberate recall,0.9,3,11,middle,10
Deliberate recall,0.9,3,12,late,8
Deliberate recall,0.9,3,13,late,16
Deliberate recall,0.9,3,14,late,11
Deliberate recall,0.9,3,15,late,13
Deliberate recall,0.9,3,16,late,13
Deliberate recall,0.9,4,1,early,0
Deliberate recall,0.9,4,2,early,0
Deliberate recall,0.9,4,3,early,0
Deliberate recall,0.9,4,4,early,0
Deliberate recall,0.9,4,5,early,0
Deliberate recall,0.9,4,6,middle,0
Deliberate recall,0.9,4,7,middle,0
Deliberate recall,0.9,4,8,middle,0
Deliberate recall,0.9,4,9,middle,0
Deliberate recall,0.9,4,10,middle,0
Deliberate recall,0.9,4,11,middle,0
Deliberate recall,0.9,4,12,late,0
Deliberate recall,0.9,4,13,late,0
Deliberate recall,0.9,4,14,late,0
Deliberate recall,0.9,4,15,late,0
Deliberate recall,0.9,4,16,late,0
Deliberate recall,0.9,5,1,early,0
Deliberate recall,0.9,5,2,early,0
Deliberate recall,0.9,5,3,early,0
Deliberate recall,0.9,5,4,early,0
Deliberate recall,0.9,5,5,early,0
Deliberate recall,0.9,5,6,middle,0
Deliberate recall,0.9,5,7,middle,0
Deliberate recall,0.9,5,8,middle,0
Deliberate recall,0.9,5,9,middle,0
Deliberate recall,0.9,5,10,middle,0
Deliberate recall,0.9,5,11,middle,0
Deliberate recall,0.9,5,12,late,0
Deliberate recall,0.9,5,13,late,0
Deliberate recall,0.9,5,14,late,0
Deliberate recall,0.9,5,15,late,0
Deliberate recall,0.9,5,16,late,0
Deliberate recall,0.9,6,1,early,0
Deliberate recall,0.9,6,2,early,0
Deliberate recall,0.9,6,3,early,0
Deliberate recall,0.9,6,4,early,0
Deliberate recall,0.9,6,5,early,0
Deliberate recall,0.9,6,6,middle,0
Deliberate recall,0.9,6,7,middle,0
Deliberate recall,0.9,6,8,middle,0
Deliberate recall,0.9,6,9,middle,0
Deliberate recall,0.9,6,10,middle,0
Deliberate recall,0.9,6,11,middle,0
Deliberate recall,0.9,6,12,late,0
Deliberate recall,0.9,6,13,late,0
Deliberate recall,0.9,6,14,late,0
Deliberate recall,0.9,6,15,late,0
Deliberate recall,0.9,6,16,late,0
Deliberate recall,0.9,7,1,early,0
Deliberate recall,0.9,7,2,early,0
Deliberate recall,0.9,7,3,early,0
Deliberate recall,0.9,7,4,early,0
Deliberate recall,0.9,7,5,early,0
Deliberate recall,0.9,7,6,middle,0
Deliberate recall,0.9,7,7,middle,0
Deliberate recall,0.9,7,8,middle,0
Deliberate recall,0.9,7,9,middle,0
Deliberate recall,0.9,7,10,middle,0
Deliberate recall,0.9,7,11,middle,0
Deliberate recall,0.9,7,12,late,0
Deliberate recall,0.9,7,13,late,0
Deliberate recall,0.9,7,14,late,0
Deliberate recall,0.9,7,15,late,0
Deliberate recall,0.9,7,16,late,0
Deliberate recall,0.9,8,1,early,0
Deliberate recall,0.9,8,2,early,0
Deliberate recall,0.9,8,3,early,0
Deliberate recall,0.9,8,4,early,0
Deliberate recall,0.9,8,5,early,0
Deliberate recall,0.9,8,6,middle,0
Deliberate recall,0.9,8,7,middle,0
Deliberate recall,0.9,8,8,middle,0
Deliberate recall,0.9,8,9,middle,0
Deliberate recall,0.9,8,10,middle,0
Deliberate recall,0.9,8,11,middle,0
Deliberate recall,0.9,8,12,late,0
Deliberate recall,0.9,8,13,late,0
Deliberate recall,0.9,8,14,late,0
Deliberate recall,0.9,8,15,late,0
Deliberate recall,0.9,8,16,late,0
Deliberate recall,0.9,9,1,early,0
Deliberate recall,0.9,9,2,early,0
Deliberate recall,0.9,9,3,early,0
Deliberate recall,0.9,9,4,early,0
Deliberate recall,0.9,9,5,early,0
Deliberate recall,0.9,9,6,middle,0
Deliberate recall,0.9,9,7,middle,0
Deliberate recall,0.9,9,8,middle,0
Deliberate recall,0.9,9,9,middle,0
Deliberate recall,0.9,9,10,middle,0
Deliberate recall,0.9,9,11,middle,0
Deliberate recall,0.9,9,12,late,0
Deliberate recall,0.9,9,13,late,0
Deliberate recall,0.9,9,14,late,0
Deliberate recall,0.9,9,15,late,0
Deliberate recall,0.9,9,16,late,0
Deliberate recall,0.9,10,1,early,0
Deliberate recall,0.9,10,2,early,0
Deliberate recall,0.9,10,3,early,0
Deliberate recall,0.9,10,4,early,0
Deliberate recall,0.9,10,5,early,0
Deliberate recall,0.9,10,6,middle,0
Deliberate recall,0.9,10,7,middle,0
Deliberate recall,0.9,10,8,middle,0
Deliberate recall,0.9,10,9,middle,0
Deliberate recall,0.9,10,10,middle,0
Deliberate recall,0.9,10,11,middle,0
Deliberate recall,0.9,10,12,late,0
Deliberate recall,0.9,10,13,late,0
Deliberate recall,0.9,10,14,late,0
Deliberate recall,0.9,10,15,late,0
Deliberate recall,0.9,10,16,late,0
Deliberate recall,0.9,11,1,early,0
Deliberate recall,0.9,11,2,early,0
Deliberate recall,0.9,11,3,early,0
Deliberate recall,0.9,11,4,early,0
Deliberate recall,0.9,11,5,early,0
Deliberate recall,0.9,11,6,middle,0
Deliberate recall,0.9,11,7,middle,0
Deliberate recall,0.9,11,8,middle,0
Deliberate recall,0.9,11,9,middle,0
Deliberate recall,0.9,11,10,middle,0
Deliberate recall,0.9,11,11,middle,0
Deliberate recall,0.9,11,12,late,0
Deliberate recall,0.9,11,13,late,0
Deliberate recall,0.9,11,14,late,0
Deliberate recall,0.9,11,15,late,0
Deliberate recall,0.9,11,16,late,0
Deliberate recall,0.9,12,1,early,0
Deliberate recall,0.9,12,2,early,0
Deliberate recall,0.9,12,3,early,0
Deliberate recall,0.9,12,4,early,0
Deliberate recall,0.9,12,5,early,0
Deliberate recall,0.9,12,6,middle,0
Deliberate recall,0.9,12,7,middle,0
Deliberate recall,0.9,12,8,middle,0
Deliberate recall,0.9,12,9,middle,0
Deliberate recall,0.9,12,10,middle,0
Deliberate recall,0.9,12,11,middle,0
Deliberate recall,0.9,12,12,late,0
Deliberate recall,0.9,12,13,late,0
Deliberate recall,0.9,12,14,late,0
Deliberate recall,0.9,12,15,late,0
Deliberate recall,0.9,12,16,late,0
Deliberate recall,1.125,1,1,early,291
Deliberate recall,1.125,1,2,early,280
Deliberate recall,1.125,1,3,early,281
Deliberate recall,1.125,1,4,early,282
Deliberate recall,1.125,1,5,early,300
Deliberate recall,1.125,1,6,middle,261
Deliberate recall,1.125,1,7,middle,284
Deliberate recall,1.125,1,8,middle,289
Deliberate recall,1.125,1,9,middle,305
Deliberate recall,1.125,1,10,middle,277
Deliberate recall,1.125,1,11,middle,284
Deliberate recall,1.125,1,12,late,286
Deliberate recall,1.125,1,13,late,277
Deliberate recall,1.125,1,14,late,324
Deliberate recall,1.125,1,15,late,263
Deliberate recall,1.125,1,16,late,290
Deliberate recall,1.125,2,1,early,195
Deliberate recall,1.125,2,2,early,170
Deliberate recall,1.125,2,3,early,174
Deliberate recall,1.125,2,4,early,177
Deliberate recall,1.125,2,5,early,193
Deliberate recall,1.125,2,6,middle,191
Deliberate recall,1.125,2,7,middle,172
Deliberate recall,1.125,2,8,middle,171
Deliberate recall,1.125,2,9,middle,185
Deliberate recall,1.125,2,10,middle,192
Deliberate recall,1.125,2,11,middle,173
Deliberate recall,1.125,2,12,late,183
Deliberate recall,1.125,2,13,late,183
Deliberate recall,1.125,2,14,late,170
Deliberate recall,1.125,2,15,late,180
Deliberate recall,1.125,2,16,late,168
Deliberate recall,1.125,3,1,early,18
Deliberate recall,1.125,3,2,early,9
Deliberate recall,1.125,3,3,early,15
Deliberate recall,1.125,3,4,early,10
Deliberate recall,1.125,3,5,early,12
Deliberate recall,1.125,3,6,middle,7
Deliberate recall,1.125,3,7,middle,10
Deliberate recall,1.125,3,8,middle,12
Deliberate recall,1.125,3,9,middle,9
Deliberate recall,1.125,3,10,middle,16
Deliberate recall,1.125,3,11,middle,16
Deliberate recall,1.125,3,12,late,11
Deliberate recall,1.125,3,13,late,12
Deliberate recall,1.125,3,14,late,15
Deliberate recall,1.125,3,15,late,13
Deliberate recall,1.125,3,16,late,18
Deliberate recall,1.125,4,1,early,0
Deliberate recall,1.125,4,2,early,0
Deliberate recall,1.125,4,3,early,0
Deliberate recall,1.125,4,4,early,0
Deliberate recall,1.125,4,5,early,0
Deliberate recall,1.125,4,6,middle,0
Deliberate recall,1.125,4,7,middle,0
Deliberate recall,1.125,4,8,middle,0
Deliberate recall,1.125,4,9,middle,0
Deliberate recall,1.125,4,10,middle,0
Deliberate recall,1.125,4,11,middle,0
Deliberate recall,1.125,4,12,late,0
Deliberate recall,1.125,4,13,late,0
Deliberate recall,1.125,4,14,late,0
Deliberate recall,1.125,4,15,late,0
Deliberate recall,1.125,4,16,late,0
Deliberate recall,1.125,5,1,early,0
Deliberate recall,1.125,5,2,early,0
Deliberate recall,1.125,5,3,early,0
Deliberate recall,1.125,5,4,early,0
Deliberate recall,1.125,5,5,early,0
Deliberate recall,1.125,5,6,middle,0
Deliberate recall,1.125,5,7,middle,0
Deliberate recall,1.125,5,8,middle,0
Deliberate recall,1.125,5,9,middle,0
Deliberate recall,1.125,5,10,middle,0
Deliberate recall,1.125,5,11,middle,0
Deliberate recall,1.125,5,12,late,0
Deliberate recall,1.125,5,13,late,0
Deliberate recall,1.125,5,14,late,0
Deliberate recall,1.125,5,15,late,0
Deliberate recall,1.125,5,16,late,0
Deliberate recall,1.125,6,1,early,0
Deliberate recall,1.125,6,2,early,0
Deliberate recall,1.125,6,3,early,0
Deliberate recall,1.125,6,4,early,0
Deliberate recall,1.125,6,5,early,0
Deliberate recall,1.125,6,6,middle,0
Deliberate recall,1.125,6,7,middle,0
Deliberate recall,1.125,6,8,middle,0
Deliberate recall,1.125,6,9,middle,0
Deliberate recall,1.125,6,10,middle,0
Deliberate recall,1.125,6,11,middle,0
Deliberate recall,1.125,6,12,late,0
Deliberate recall,1.125,6,13,late,0
Deliberate recall,1.125,6,14,late,0
Deliberate recall,1.125,6,15,late,0
Deliberate recall,1.125,6,16,late,0
Deliberate recall,1.125,7,1,early,0
Deliberate recall,1.125,7,2,early,0
Deliberate recall,1.125,7,3,early,0
Deliberate recall,1.125,7,4,early,0
Deliberate recall,1.125,7,5,early,0
Deliberate recall,1.125,7,6,middle,0
Deliberate recall,1.125,7,7,middle,0
Deliberate recall,1.125,7,8,middle,0
Deliberate recall,1.125,7,9,middle,0
Deliberate recall,1.125,7,10,middle,0
Deliberate recall,1.125,7,11,middle,0
Deliberate recall,1.125,7,12,late,0
Deliberate recall,1.125,7,13,late,0
Deliberate recall,1.125,7,14,late,0
Deliberate recall,1.125,7,15,late,0
Deliberate recall,1.125,7,16,late,0
Deliberate recall,1.125,8,1,early,0
Deliberate recall,1.125,8,2,early,0
Deliberate recall,1.125,8,3,early,0
Deliberate recall,1.125,8,4,early,0
Deliberate recall,1.125,8,5,early,0
Deliberate recall,1.125,8,6,middle,0
Deliberate recall,1.125,8,7,middle,0
Deliberate recall,1.125,8,8,middle,0
Deliberate recall,1.125,8,9,middle,0
Deliberate recall,1.125,8,10,middle,0
Deliberate recall,1.125,8,11,middle,0
Deliberate recall,1.125,8,12,late,0
Deliberate recall,1.125,8,13,late,0
Deliberate recall,1.125,8,14,late,0
Deliberate recall,1.125,8,15,late,0
Deliberate recall,1.125,8,16,late,0
Deliberate recall,1.125,9,1,early,0
Deliberate recall,1.125,9,2,early,0
Deliberate recall,1.125,9,3,early,0
Deliberate recall,1.125,9,4,early,0
Deliberate recall,1.125,9,5,early,0
Deliberate recall,1.125,9,6,middle,0
Deliberate recall,1.125,9,7,middle,0
Deliberate recall,1.125,9,8,middle,0
Deliberate recall,1.125,9,9,middle,0
Deliberate recall,1.125,9,10,middle,0
Deliberate recall,1.125,9,11,middle,0
Deliberate recall,1.125,9,12,late,0
Deliberate recall,1.125,9,13,late,0
Deliberate recall,1.125,9,14,late,0
Deliberate recall,1.125,9,15,late,0
Deliberate recall,1.125,9,16,late,0
Deliberate recall,1.125,10,1,early,0
Deliberate recall,1.125,10,2,early,0
Deliberate recall,1.125,10,3,early,0
Deliberate recall,1.125,10,4,early,0
Deliberate recall,1.125,10,5,early,0
Deliberate recall,1.125,10,6,middle,0
Deliberate recall,1.125,10,7,middle,0
Deliberate recall,1.125,10,8,middle,0
Deliberate recall,1.125,10,9,middle,0
Deliberate recall,1.125,10,10,middle,0
Deliberate recall,1.125,10,11,middle,0
Deliberate recall,1.125,10,12,late,0
Deliberate recall,1.125,10,13,late,0
Deliberate recall,1.125,10,14,late,0
Deliberate recall,1.125,10,15,late,0
Deliberate recall,1.125,10,16,late,0
Deliberate recall,1.125,11,1,early,0
Deliberate recall,1.125,11,2,early,0
Deliberate recall,1.125,11,3,early,0
Deliberate recall,1.125,11,4,early,0
Deliberate recall,1.125,11,5,early,0
Deliberate recall,1.125,11,6,middle,0
Deliberate recall,1.125,11,7,middle,0
Deliberate recall,1.125,11,8,middle,0
Deliberate recall,1.125,11,9,middle,0
Deliberate recall,1.125,11,10,middle,0
Deliberate recall,1.125,11,11,middle,0
Deliberate recall,1.125,11,12,late,0
Deliberate recall,1.125,11,13,late,0
Deliberate recall,1.125,11,14,late,0
Deliberate recall,1.125,11,15,late,0
Deliberate recall,1.125,11,16,late,0
Deliberate recall,1.125,12,1,early,0
Deliberate recall,1.125,12,2,early,0
Deliberate recall,1.125,12,3,early,0
Deliberate recall,1.125,12,4,early,0
Deliberate recall,1.125,12,5,early,0
Deliberate recall,1.125,12,6,middle,0
Deliberate recall,1.125,12,7,middle,0
Deliberate recall,1.125,12,8,middle,0
Deliberate recall,1.125,12,9,middle,0
Deliberate recall,1.125,12,10,middle,0
Deliberate recall,1.125,12,11,middle,0
Deliberate recall,1.125,12,12,late,0
Deliberate recall,1.125,12,13,late,0
Deliberate recall,1.125,12,14,late,0
Deliberate recall,1.125,12,15,late,0
Deliberate recall,1.125,12,16,late,0
Deliberate recall,1.35,1,1,early,326
Deliberate recall,1.35,1,2,early,264
Deliberate recall,1.35,1,3,early,287
Deliberate recall,1.35,1,4,early,257
Deliberate recall,1.35,1,5,early,299
Deliberate recall,1.35,1,6,middle,291
Deliberate recall,1.35,1,7,middle,263
Deliberate recall,1.35,1,8,middle,300
Deliberate recall,1.35,1,9,middle,286
Deliberate recall,1.35,1,10,middle,279
Deliberate recall,1.35,1,11,middle,269
Deliberate recall,1.35,1,12,late,265
Deliberate recall,1.35,1,13,late,308
Deliberate recall,1.35,1,14,late,264
Deliberate recall,1.35,1,15,late,310
Deliberate recall,1.35,1,16,late,275
Deliberate recall,1.35,2,1,early,164
Deliberate recall,1.35,2,2,early,181
Deliberate recall,1.35,2,3,early,197
Deliberate recall,1.35,2,4,early,173
Deliberate recall,1.35,2,5,early,179
Deliberate recall,1.35,2,6,middle,201
Deliberate recall,1.35,2,7,middle,202
Deliberate recall,1.35,2,8,middle,174
Deliberate recall,1.35,2,9,middle,188
Deliberate recall,1.35,2,10,middle,169
Deliberate recall,1.35,2,11,middle,171
Deliberate recall,1.35,2,12,late,186
Deliberate recall,1.35,2,13,late,184
Deliberate recall,1.35,2,14,late,176
Deliberate recall,1.35,2,15,late,164
Deliberate recall,1.35,2,16,late,192
Deliberate recall,1.35,3,1,early,11
Deliberate recall,1.35,3,2,early,17
Deliberate recall,1.35,3,3,early,15
Deliberate recall,1.35,3,4,early,21
Deliberate recall,1.35,3,5,early,18
Deliberate recall,1.35,3,6,middle,11
Deliberate recall,1.35,3,7,middle,4
Deliberate recall,1.35,3,8,middle,11
Deliberate recall,1.35,3,9,middle,14
Deliberate recall,1.35,3,10,middle,13
Deliberate recall,1.35,3,11,middle,17
Deliberate recall,1.35,3,12,late,13
Deliberate recall,1.35,3,13,late,15
Deliberate recall,1.35,3,14,late,7
Deliberate recall,1.35,3,15,late,10
Deliberate recall,1.35,3,16,late,8
Deliberate recall,1.35,4,1,early,0
Deliberate recall,1.35,4,2,early,0
Deliberate recall,1.35,4,3,early,0
Deliberate recall,1.35,4,4,early,0
Deliberate recall,1.35,4,5,early,0
Deliberate recall,1.35,4,6,middle,0
Deliberate recall,1.35,4,7,middle,0
Deliberate recall,1.35,4,8,middle,0
Deliberate recall,1.35,4,9,middle,0
Deliberate recall,1.35,4,10,middle,0
Deliberate recall,1.35,4,11,middle,0
Deliberate recall,1.35,4,12,late,0
Deliberate recall,1.35,4,13,late,0
Deliberate recall,1.35,4,14,late,0
Deliberate recall,1.35,4,15,late,0
Deliberate recall,1.35,4,16,late,0
Deliberate recall,1.35,5,1,early,0
Deliberate recall,1.35,5,2,early,0
Deliberate recall,1.35,5,3,early,0
Deliberate recall,1.35,5,4,early,0
Deliberate recall,1.35,5,5,early,0
Deliberate recall,1.35,5,6,middle,0
Deliberate recall,1.35,5,7,middle,0
Deliberate recall,1.35,5,8,middle,0
Deliberate recall,1.35,5,9,middle,0
Deliberate recall,1.35,5,10,middle,0
Deliberate recall,1.35,5,11,middle,0
Deliberate recall,1.35,5,12,late,0
Deliberate recall,1.35,5,13,late,0
Deliberate recall,1.35,5,14,late,0
Deliberate recall,1.35,5,15,late,0
Deliberate recall,1.35,5,16,late,0
Deliberate recall,1.35,6,1,early,0
Deliberate recall,1.35,6,2,early,0
Deliberate recall,1.35,6,3,early,0
Deliberate recall,1.35,6,4,early,0
Deliberate recall,1.35,6,5,early,0
Deliberate recall,1.35,6,6,middle,0
Deliberate recall,1.35,6,7,middle,0
Deliberate recall,1.35,6,8,middle,0
Deliberate recall,1.35,6,9,middle,0
Deliberate recall,1.35,6,10,middle,0
Deliberate recall,1.35,6,11,middle,0
Deliberate recall,1.35,6,12,late,0
Deliberate recall,1.35,6,13,late,0
Deliberate recall,1.35,6,14,late,0
Deliberate recall,1.35,6,15,late,0
Deliberate recall,1.35,6,16,late,0
Deliberate recall,1.35,7,1,early,0
Deliberate recall,1.35,7,2,early,0
Deliberate recall,1.35,7,3,early,0
Deliberate recall,1.35,7,4,early,0
Deliberate recall,1.35,7,5,early,0
Deliberate recall,1.35,7,6,middle,0
Deliberate recall,1.35,7,7,middle,0
Deliberate recall,1.35,7,8,middle,0
Deliberate recall,1.35,7,9,middle,0
Deliberate recall,1.35,7,10,middle,0
Deliberate recall,1.35,7,11,middle,0
Deliberate recall,1.35,7,12,late,0
Deliberate recall,1.35,7,13,late,0
Deliberate recall,1.35,7,14,late,0
Deliberate recall,1.35,7,15,late,0
Deliberate recall,1.35,7,16,late,0
Deliberate recall,1.35,8,1,early,0
Deliberate recall,1.35,8,2,early,0
Deliberate recall,1.35,8,3,early,0
Deliberate recall,1.35,8,4,early,0
Deliberate recall,1.35,8,5,early,0
Deliberate recall,1.35,8,6,middle,0
Deliberate recall,1.35,8,7,middle,0
Deliberate recall,1.35,8,8,middle,0
Deliberate recall,1.35,8,9,middle,0
Deliberate recall,1.35,8,10,middle,0
Deliberate recall,1.35,8,11,middle,0
Deliberate recall,1.35,8,12,late,0
Deliberate recall,1.35,8,13,late,0
Deliberate recall,1.35,8,14,late,0
Deliberate recall,1.35,8,15,late,0
Deliberate recall,1.35,8,16,late,0
Deliberate recall,1.35,9,1,early,0
Deliberate recall,1.35,9,2,early,0
Deliberate recall,1.35,9,3,early,0
Deliberate recall,1.35,9,4,early,0
Deliberate recall,1.35,9,5,early,0
Deliberate recall,1.35,9,6,middle,0
Deliberate recall,1.35,9,7,middle,0
Deliberate recall,1.35,9,8,middle,0
Deliberate recall,1.35,9,9,middle,0
Deliberate recall,1.35,9,10,middle,0
Deliberate recall,1.35,9,11,middle,0
Deliberate recall,1.35,9,12,late,0
Deliberate recall,1.35,9,13,late,0
Deliberate recall,1.35,9,14,late,0
Deliberate recall,1.35,9,15,late,0
Deliberate recall,1.35,9,16,late,0
Deliberate recall,1.35,10,1,early,0
Deliberate recall,1.35,10,2,early,0
Deliberate recall,1.35,10,3,early,0
Deliberate recall,1.35,10,4,early,0
Deliberate recall,1.35,10,5,early,0
Deliberate recall,1.35,10,6,middle,0
Deliberate recall,1.35,10,7,middle,0
Deliberate recall,1.35,10,8,middle,0
Deliberate recall,1.35,10,9,middle,0
Deliberate recall,1.35,10,10,middle,0
Deliberate recall,1.35,10,11,middle,0
Deliberate recall,1.35,10,12,late,0
Deliberate recall,1.35,10,13,late,0
Deliberate recall,1.35,10,14,late,0
Deliberate recall,1.35,10,15,late,0
Deliberate recall,1.35,10,16,late,0
Deliberate recall,1.35,11,1,early,0
Deliberate recall,1.35,11,2,early,0
Deliberate recall,1.35,11,3,early,0
Deliberate recall,1.35,11,4,early,0
Deliberate recall,1.35,11,5,early,0
Deliberate recall,1.35,11,6,middle,0
Deliberate recall,1.35,11,7,middle,0
Deliberate recall,1.35,11,8,middle,0
Deliberate recall,1.35,11,9,middle,0
Deliberate recall,1.35,11,10,middle,0
Deliberate recall,1.35,11,11,middle,0
Deliberate recall,1.35,11,12,late,0
Deliberate recall,1.35,11,13,late,0
Deliberate recall,1.35,11,14,late,0
Deliberate recall,1.35,11,15,late,0
Deliberate recall,1.35,11,16,late,0
Deliberate recall,1.35,12,1,early,0
Deliberate recall,1.35,12,2,early,0
Deliberate recall,1.35,12,3,early,0
Deliberate recall,1.35,12,4,early,0
Deliberate recall,1.35,12,5,early,0
Deliberate recall,1.35,12,6,middle,0
Deliberate recall,1.35,12,7,middle,0
Deliberate recall,1.35,12,8,middle,0
Deliberate recall,1.35,12,9,middle,0
Deliberate recall,1.35,12,10,middle,0
Deliberate recall,1.35,12,11,middle,0
Deliberate recall,1.35,12,12,late,0
Deliberate recall,1.35,12,13,late,0
Deliberate recall,1.35,12,14,late,0
Deliberate recall,1.35,12,15,late,0
Deliberate recall,1.35,12,16,late,0
Deliberate recall,1.5,1,1,early,262
Deliberate recall,1.5,1,2,early,283
Deliberate recall,1.5,1,3,early,284
Deliberate recall,1.5,1,4,early,303
Deliberate recall,1.5,1,5,early,277
Deliberate recall,1.5,1,6,middle,260
Deliberate recall,1.5,1,7,middle,280
Deliberate recall,1.5,1,8,middle,300
Deliberate recall,1.5,1,9,middle,267
Deliberate recall,1.5,1,10,middle,298
Deliberate recall,1.5,1,11,middle,297
Deliberate recall,1.5,1,12,late,256
Deliberate recall,1.5,1,13,late,311
Deliberate recall,1.5,1,14,late,289
Deliberate recall,1.5,1,15,late,293
Deliberate recall,1.5,1,16,late,295
Deliberate recall,1.5,2,1,early,200
Deliberate recall,1.5,2,2,early,182
Deliberate recall,1.5,2,3,early,195
Deliberate recall,1.5,2,4,early,183
Deliberate recall,1.5,2,5,early,197
Deliberate recall,1.5,2,6,middle,165
Deliberate recall,1.5,2,7,middle,182
Deliberate recall,1.5,2,8,middle,196
Deliberate recall,1.5,2,9,middle,184
Deliberate recall,1.5,2,10,middle,164
Deliberate recall,1.5,2,11,middle,181
Deliberate recall,1.5,2,12,late,165
Deliberate recall,1.5,2,13,late,186
Deliberate recall,1.5,2,14,late,186
Deliberate recall,1.5,2,15,late,187
Deliberate recall,1.5,2,16,late,186
Deliberate recall,1.5,3,1,early,9
Deliberate recall,1.5,3,2,early,10
Deliberate recall,1.5,3,3,early,13
Deliberate recall,1.5,3,4,early,14
Deliberate recall,1.5,3,5,early,19
Deliberate recall,1.5,3,6,middle,14
Deliberate recall,1.5,3,7,middle,14
Deliberate recall,1.5,3,8,middle,15
Deliberate recall,1.5,3,9,middle,13
Deliberate recall,1.5,3,10,middle,7
Deliberate recall,1.5,3,11,middle,10
Deliberate recall,1.5,3,12,late,9
Deliberate recall,1.5,3,13,late,18
Deliberate recall,1.5,3,14,late,16
Deliberate recall,1.5,3,15,late,10
Deliberate recall,1.5,3,16,late,13
Deliberate recall,1.5,4,1,early,0
Deliberate recall,1.5,4,2,early,0
Deliberate recall,1.5,4,3,early,0
Deliberate recall,1.5,4,4,early,0
Deliberate recall,1.5,4,5,early,0
Deliberate recall,1.5,4,6,middle,0
Deliberate recall,1.5,4,7,middle,0
Deliberate recall,1.5,4,8,middle,0
Deliberate recall,1.5,4,9,middle,0
Deliberate recall,1.5,4,10,middle,0
Deliberate recall,1.5,4,11,middle,0
Deliberate recall,1.5,4,12,late,0
Deliberate recall,1.5,4,13,late,0
Deliberate recall,1.5,4,14,late,0
Deliberate recall,1.5,4,15,late,0
Deliberate recall,1.5,4,16,late,0
Deliberate recall,1.5,5,1,early,0
Deliberate recall,1.5,5,2,early,0
Deliberate recall,1.5,5,3,early,0
Deliberate recall,1.5,5,4,early,0
Deliberate recall,1.5,5,5,early,0
Deliberate recall,1.5,5,6,middle,0
Deliberate recall,1.5,5,7,middle,0
Deliberate recall,1.5,5,8,middle,0
Deliberate recall,1.5,5,9,middle,0
Deliberate recall,1.5,5,10,middle,0
Deliberate recall,1.5,5,11,middle,0
Deliberate recall,1.5,5,12,late,0
Deliberate recall,1.5,5,13,late,0
Deliberate recall,1.5,5,14,late,0
Deliberate recall,1.5,5,15,late,0
Deliberate recall,1.5,5,16,late,0
Deliberate recall,1.5,6,1,early,0
Deliberate recall,1.5,6,2,early,0
Deliberate recall,1.5,6,3,early,0
Deliberate recall,1.5,6,4,early,0
Deliberate recall,1.5,6,5,early,0
Deliberate recall,1.5,6,6,middle,0
Deliberate recall,1.5,6,7,middle,0
Deliberate recall,1.5,6,8,middle,0
Deliberate recall,1.5,6,9,middle,0
Deliberate recall,1.5,6,10,middle,0
Deliberate recall,1.5,6,11,middle,0
Deliberate recall,1.5,6,12,late,0
Deliberate recall,1.5,6,13,late,0
Deliberate recall,1.5,6,14,late,0
Deliberate recall,1.5,6,15,late,0
Deliberate recall,1.5,6,16,late,0
Deliberate recall,1.5,7,1,early,0
Deliberate recall,1.5,7,2,early,0
Deliberate recall,1.5,7,3,early,0
Deliberate recall,1.5,7,4,early,0
Deliberate recall,1.5,7,5,early,0
Deliberate recall,1.5,7,6,middle,0
Deliberate recall,1.5,7,7,middle,0
Deliberate recall,1.5,7,8,middle,0
Deliberate recall,1.5,7,9,middle,0
Deliberate recall,1.5,7,10,middle,0
Deliberate recall,1.5,7,11,middle,0
Deliberate recall,1.5,7,12,late,0
Deliberate recall,1.5,7,13,late,0
Deliberate recall,1.5,7,14,late,0
Deliberate recall,1.5,7,15,late,0
Deliberate recall,1.5,7,16,late,0
Deliberate recall,1.5,8,1,early,0
Deliberate recall,1.5,8,2,early,0
Deliberate recall,1.5,8,3,early,0
Deliberate recall,1.5,8,4,early,0
Deliberate recall,1.5,8,5,early,0
Deliberate recall,1.5,8,6,middle,0
Deliberate recall,1.5,8,7,middle,0
Deliberate recall,1.5,8,8,middle,0
Deliberate recall,1.5,8,9,middle,0
Deliberate recall,1.5,8,10,middle,0
Deliberate recall,1.5,8,11,middle,0
Deliberate recall,1.5,8,12,late,0
Deliberate recall,1.5,8,13,late,0
Deliberate recall,1.5,8,14,late,0
Deliberate recall,1.5,8,15,late,0
Deliberate recall,1.5,8,16,late,0
Deliberate recall,1.5,9,1,early,0
Deliberate recall,1.5,9,2,early,0
Deliberate recall,1.5,9,3,early,0
Deliberate recall,1.5,9,4,early,0
Deliberate recall,1.5,9,5,early,0
Deliberate recall,1.5,9,6,middle,0
Deliberate recall,1.5,9,7,middle,0
Deliberate recall,1.5,9,8,middle,0
Deliberate recall,1.5,9,9,middle,0
Deliberate recall,1.5,9,10,middle,0
Deliberate recall,1.5,9,11,middle,0
Deliberate recall,1.5,9,12,late,0
Deliberate recall,1.5,9,13,late,0
Deliberate recall,1.5,9,14,late,0
Deliberate recall,1.5,9,15,late,0
Deliberate recall,1.5,9,16,late,0
Deliberate recall,1.5,10,1,early,0
Deliberate recall,1.5,10,2,early,0
Deliberate recall,1.5,10,3,early,0
Deliberate recall,1.5,10,4,early,0
Deliberate recall,1.5,10,5,early,0
Deliberate recall,1.5,10,6,middle,0
Deliberate recall,1.5,10,7,middle,0
Deliberate recall,1.5,10,8,middle,0
Deliberate recall,1.5,10,9,middle,0
Deliberate recall,1.5,10,10,middle,0
Deliberate recall,1.5,10,11,middle,0
Deliberate recall,1.5,10,12,late,0
Deliberate recall,1.5,10,13,late,0
Deliberate recall,1.5,10,14,late,0
Deliberate recall,1.5,10,15,late,0
Deliberate recall,1.5,10,16,late,0
Deliberate recall,1.5,11,1,early,0
Deliberate recall,1.5,11,2,early,0
Deliberate recall,1.5,11,3,early,0
Deliberate recall,1.5,11,4,early,0
Deliberate recall,1.5,11,5,early,0
Deliberate recall,1.5,11,6,middle,0
Deliberate recall,1.5,11,7,middle,0
Deliberate recall,1.5,11,8,middle,0
Deliberate recall,1.5,11,9,middle,0
Deliberate recall,1.5,11,10,middle,0
Deliberate recall,1.5,11,11,middle,0
Deliberate recall,1.5,11,12,late,0
Deliberate recall,1.5,11,13,late,0
Deliberate recall,1.5,11,14,late,0
Deliberate recall,1.5,11,15,late,0
Deliberate recall,1.5,11,16,late,0
Deliberate recall,1.5,12,1,early,0
Deliberate recall,1.5,12,2,early,0
Deliberate recall,1.5,12,3,early,0
Deliberate recall,1.5,12,4,early,0
Deliberate recall,1.5,12,5,early,0
Deliberate recall,1.5,12,6,middle,0
Deliberate recall,1.5,12,7,middle,0
Deliberate recall,1.5,12,8,middle,0
Deliberate recall,1.5,12,9,middle,0
Deliberate recall,1.5,12,10,middle,0
Deliberate recall,1.5,12,11,middle,0
Deliberate recall,1.5,12,12,late,0
Deliberate recall,1.5,12,13,late,0
Deliberate recall,1.5,12,14,late,0
Deliberate recall,1.5,12,15,late,0
Deliberate recall,1.5,12,16,late,0
