parameter_id,mechanism_family,beta_start_effective,beta_start_multiplier,beta_source,regular_grid_beta,kappa,monitoring_strength,film_item_support_boost,n_batches,n_trials_per_condition,primary_positive_batch_fraction,reminder_task_cost_mean,reminder_task_cost_sd,reminder_task_cost_se,reminder_task_cost_ci_low,reminder_task_cost_ci_high,no_reminder_task_cost_mean,no_reminder_task_cost_sd,no_reminder_task_cost_se,no_reminder_task_cost_ci_low,no_reminder_task_cost_ci_high,reminder_specific_sensitivity_mean,reminder_specific_sensitivity_sd,reminder_specific_sensitivity_se,reminder_specific_sensitivity_ci_low,reminder_specific_sensitivity_ci_high,primary_selective_protection_mean,primary_selective_protection_sd,primary_selective_protection_se,primary_selective_protection_ci_low,primary_selective_protection_ci_high,reminder_condition_protection_mean,reminder_condition_protection_sd,reminder_condition_protection_se,reminder_condition_protection_ci_low,reminder_condition_protection_ci_high,no_reminder_condition_protection_mean,no_reminder_condition_protection_sd,no_reminder_condition_protection_se,no_reminder_condition_protection_ci_low,no_reminder_condition_protection_ci_high,generic_recall_gain_mean,generic_recall_gain_sd,generic_recall_gain_se,generic_recall_gain_ci_low,generic_recall_gain_ci_high,high_interference_gain_mean,high_interference_gain_sd,high_interference_gain_se,high_interference_gain_ci_low,high_interference_gain_ci_high,endpoint_loss_mean,endpoint_loss_sd,endpoint_loss_se,endpoint_loss_ci_low,endpoint_loss_ci_high,endpoint_protection_mean,endpoint_protection_sd,endpoint_protection_se,endpoint_protection_ci_low,endpoint_protection_ci_high,baseline_reminder_specific_sensitivity_mean,baseline_reminder_specific_sensitivity_sd,baseline_reminder_specific_sensitivity_se,baseline_reminder_specific_sensitivity_ci_low,baseline_reminder_specific_sensitivity_ci_high
grid_beta_0p000000_kappa_0p000000,no_category_grid,0,0,grid,True,0,1,0,10,5000,0,1.5588,0.04064152228,0.0128519778,1.529726806,1.587873194,0.099,0.01890913947,0.005979594932,0.08547321649,0.1125267835,1.4598,0.0350928926,0.01109734703,1.434696057,1.484903943,-0.27,0.08075752459,0.02553777159,-0.3277704529,-0.2122295471,0.3296,0.07194318746,0.02275043345,0.278134944,0.381065056,0.5996,0.05046274754,0.01595772192,0.5635011251,0.6356988749,2.176,0.0857748992,0.02712440476,2.114640333,2.237359667,2.376,0.07568942389,0.02393509743,2.321855048,2.430144952,2.0006,0.04689515493,0.01482955008,1.967053227,2.034146773,0.2,0.07563655789,0.02391837973,0.145892866,0.254107134,1.1898,0.07393360385,0.02337985838,1.136911086,1.242688914
grid_beta_0p000000_kappa_0p100000,no_category_grid,0,0,grid,True,0.1,0.9,0,10,5000,0,1.6798,0.04639396512,0.01467105995,1.646611757,1.712988243,0.1194,0.02052748835,0.006491361781,0.1047155194,0.1340844806,1.5604,0.04675040107,0.01478377489,1.526956778,1.593843222,-0.3706,0.08144282248,0.02575448181,-0.4288606855,-0.3123393145,0.2086,0.0741892475,0.0234607,0.1555282095,0.2616717905,0.5792,0.04395148841,0.01389868099,0.5477589992,0.6106410008,1.9842,0.07585629689,0.0239878673,1.929935674,2.038464326,2.072,0.08609039177,0.02722417227,2.010414644,2.133585356,2.1128,0.05476576384,0.01731845515,2.073622933,2.151977067,0.0878,0.08067740975,0.02551243705,0.03008685778,0.1455131422,1.1898,0.07393360385,0.02337985838,1.136911086,1.242688914
grid_beta_0p000000_kappa_0p200000,no_category_grid,0,0,grid,True,0.2,0.8,0,10,5000,0,1.8404,0.04906050686,0.01551429448,1.805304228,1.875495772,0.164,0.02178684618,0.006889605697,0.1484146291,0.1795853709,1.6764,0.05705202304,0.01804143379,1.635587441,1.717212559,-0.4866,0.1031204258,0.03260954189,-0.5603679088,-0.4128320912,0.048,0.07747687827,0.02450034013,-0.007423619924,0.1034236199,0.5346,0.05353337484,0.01692873953,0.4963045306,0.5728954694,1.7698,0.06945790092,0.02196451684,1.720112811,1.819487189,1.7136,0.09493764035,0.03002191792,1.645685703,1.781514297,2.2568,0.05345153568,0.01690285972,2.218563075,2.295036925,-0.0562,0.06907934247,0.02184480615,-0.1056163847,-0.006783615307,1.1898,0.07393360385,0.02337985838,1.136911086,1.242688914
grid_beta_0p000000_kappa_0p300000,no_category_grid,0,0,grid,True,0.3,0.7,0,10,5000,0,1.9814,0.03776006121,0.0119407798,1.954388079,2.008411921,0.2422,0.02778408817,0.008786100133,0.2223244606,0.2620755394,1.7392,0.04950600413,0.01565517309,1.703785538,1.774614462,-0.5494,0.08431712624,0.02666341647,-0.6097168385,-0.4890831615,-0.093,0.06716645988,0.02123989956,-0.1410479909,-0.04495200907,0.4564,0.04905144691,0.01551142948,0.4213107087,0.4914892913,1.5256,0.07404983307,0.02341661329,1.472627941,1.578572059,1.3524,0.092850178,0.02936180436,1.285978984,1.418821016,2.3738,0.05141940835,0.01626024463,2.337016771,2.410583229,-0.1732,0.08064297173,0.02550154679,-0.2308885067,-0.1155114933,1.1898,0.07393360385,0.02337985838,1.136911086,1.242688914
grid_beta_0p000000_kappa_0p400000,no_category_grid,0,0,grid,True,0.4,0.6,0,10,5000,0,2.1008,0.06442359816,0.02037253053,2.054714134,2.146885866,0.355,0.044723844,0.01414292128,0.3230064893,0.3869935107,1.7458,0.0820159876,0.02593573254,1.687129297,1.804470703,-0.556,0.08718307685,0.02756970963,-0.6183670161,-0.4936329839,-0.2124,0.0754530023,0.02386033436,-0.2663758263,-0.1584241737,0.3436,0.05760246908,0.01821550012,0.3023936759,0.3848063241,1.2666,0.08382017789,0.0265062676,1.206638657,1.326561343,0.9978,0.07862399973,0.02486309179,0.9415557788,1.054044221,2.4694,0.07460741697,0.0235929368,2.416029069,2.522770931,-0.2688,0.09334380894,0.02951790417,-0.3355741384,-0.2020258616,1.1898,0.07393360385,0.02337985838,1.136911086,1.242688914
grid_beta_0p000000_kappa_0p500000,no_category_grid,0,0,grid,True,0.5,0.5,0,10,5000,0,2.1556,0.07889683841,0.02494937096,2.099160602,2.212039398,0.4522,0.04079705872,0.01290116274,0.4230155423,0.4813844577,1.7034,0.08213836565,0.02597443187,1.644641753,1.762158247,-0.5136,0.07424164749,0.02347727033,-0.5667092752,-0.4604907248,-0.2672,0.07108805182,0.02248001582,-0.3180533288,-0.2163466712,0.2464,0.0514224335,0.01626120127,0.2096146071,0.2831853929,1.0034,0.07943718693,0.02512024416,0.9465740597,1.06022594,0.7038,0.05023013704,0.01588416402,0.6678675246,0.7397324754,2.5002,0.0900491224,0.02847603281,2.435782738,2.564617262,-0.2996,0.08637283524,0.02731348873,-0.3613874042,-0.2378125958,1.1898,0.07393360385,0.02337985838,1.136911086,1.242688914
grid_beta_0p000000_kappa_0p600000,no_category_grid,0,0,grid,True,0.6,0.4,0,10,5000,0,2.1552,0.09117114553,0.02883084768,2.089980091,2.220419909,0.5732,0.07335878346,0.02319808421,0.5207222876,0.6256777124,1.582,0.08239741096,0.02605634919,1.523056443,1.640943557,-0.3922,0.07395163585,0.0233855606,-0.4451018134,-0.3392981866,-0.2668,0.07725398228,0.02442985423,-0.3220641697,-0.2115358303,0.1254,0.07407533703,0.02342467834,0.0724096961,0.1783903039,0.7598,0.07943942486,0.02512095186,0.7029724588,0.8166275412,0.4716,0.04010874108,0.01268349759,0.4429079351,0.5002920649,2.4888,0.1030132678,0.03257565553,2.415108748,2.562491252,-0.2882,0.09149353347,0.02893279569,-0.353650531,-0.222749469,1.1898,0.07393360385,0.02337985838,1.136911086,1.242688914
grid_beta_0p000000_kappa_0p700000,no_category_grid,0,0,grid,True,0.7,0.3,0,10,5000,0,2.112,0.09950991017,0.03146779659,2.040814899,2.183185101,0.6366,0.08051528495,0.02546116869,0.5790028349,0.6941971651,1.4754,0.09626837487,0.03044273312,1.406533753,1.544266247,-0.2856,0.05160361744,0.01631849666,-0.3225150041,-0.2486849959,-0.2236,0.06767766741,0.02140155758,-0.2720136868,-0.1751863132,0.062,0.0662922821,0.02096346027,0.01457735818,0.1094226418,0.521,0.06196952656,0.01959648495,0.4766696712,0.5653303288,0.2932,0.03425654844,0.01083287179,0.2686943415,0.3177056585,2.4284,0.1033647264,0.03268679652,2.354457329,2.502342671,-0.2278,0.078669209,0.02487738822,-0.2840765619,-0.1715234381,1.1898,0.07393360385,0.02337985838,1.136911086,1.242688914
grid_beta_0p000000_kappa_0p800000,no_category_grid,0,0,grid,True,0.8,0.2,0,10,5000,0,2.0402,0.09479545231,0.02997695411,1.972387419,2.108012581,0.6792,0.08113199122,0.02565618834,0.6211616698,0.7372383302,1.361,0.08999876542,0.02846010853,1.296618762,1.425381238,-0.1712,0.04228159568,0.01337061455,-0.2014464315,-0.1409535685,-0.1518,0.06123506621,0.01936422819,-0.1956049275,-0.1079950725,0.0194,0.07298127614,0.02307870591,-0.03280765989,0.07160765989,0.3242,0.04156333855,0.0131434817,0.2944673787,0.3539326213,0.1666,0.03984469852,0.0126,0.1380968197,0.1951031803,2.3582,0.09678590347,0.03060639004,2.288963536,2.427436464,-0.1576,0.06515485827,0.02060377527,-0.2042089778,-0.1109910222,1.1898,0.07393360385,0.02337985838,1.136911086,1.242688914
grid_beta_0p000000_kappa_0p900000,no_category_grid,0,0,grid,True,0.9,0.1,0,10,5000,0.1,1.976,0.08840814442,0.02795711001,1.912756623,2.039243377,0.69,0.06113009806,0.01933103435,0.6462701622,0.7337298378,1.286,0.09501812693,0.03004737001,1.218028127,1.353971873,-0.0962,0.06098779477,0.01928603409,-0.1398280402,-0.05257195983,-0.0876,0.04826593001,0.01526302722,-0.1221273664,-0.05307263364,0.0086,0.04721628721,0.01493110102,-0.02517649713,0.04237649713,0.145,0.02325224004,0.007353003921,0.1283663495,0.1616336505,0.0724,0.02172146915,0.006868931665,0.05686139703,0.08793860297,2.2732,0.08899538065,0.02814281041,2.20953654,2.33686346,-0.0726,0.03593883693,0.01136485812,-0.09830909519,-0.04689090481,1.1898,0.07393360385,0.02337985838,1.136911086,1.242688914
grid_beta_0p000000_kappa_1p000000,no_category_grid,0,0,grid,True,1,0,0,10,5000,0,1.8884,0.06351062903,0.02008382434,1.842967233,1.933832767,0.6986,0.04488058229,0.01419248628,0.6664943655,0.7307056345,1.1898,0.07393360385,0.02337985838,1.136911086,1.242688914,0,0,0,0,0,0,0,0,0,0,0,0,0,0,0,0,0,0,0,0,0,0,0,0,0,2.2006,0.06760046022,0.02137714252,2.152241544,2.248958456,0,0,0,0,0,1.1898,0.07393360385,0.02337985838,1.136911086,1.242688914
grid_beta_0p100000_kappa_0p000000,no_category_grid,0.1,0.1305846133,grid,True,0,1,0,10,5000,0,1.6182,0.04209460245,0.01331148209,1.588087335,1.648312665,0.1012,0.01330663995,0.004207929023,0.09168100322,0.1107189968,1.517,0.05097493938,0.0161196912,1.480534725,1.553465275,-0.3272,0.07893851334,0.02496254973,-0.3836692107,-0.2707307893,0.2702,0.06414185668,0.02028343604,0.2243156799,0.3160843201,0.5974,0.04721628721,0.01493110102,0.5636235029,0.6311764971,2.4812,0.1039153502,0.03286091904,2.406863437,2.555536563,2.6016,0.08201788423,0.0259363323,2.54292794,2.66027206,2.0802,0.05269998946,0.01666519994,2.042500699,2.117899301,0.1204,0.06893346228,0.02179867478,0.0710879717,0.1697120283,1.1898,0.07393360385,0.02337985838,1.136911086,1.242688914
grid_beta_0p100000_kappa_0p100000,no_category_grid,0.1,0.1305846133,grid,True,0.1,0.9,0,10,5000,0,1.7566,0.06483517564,0.02050268275,1.710219709,1.802980291,0.1116,0.01516721611,0.004796294866,0.1007500272,0.1224499728,1.645,0.06819090848,0.02156385865,1.596219163,1.693780837,-0.4552,0.1034395153,0.03271044685,-0.5291961716,-0.3812038284,0.1318,0.08035725785,0.02541119613,0.07431588065,0.1892841193,0.587,0.04300129197,0.0135982025,0.5562387288,0.6177612712,2.3104,0.1057367801,0.03343690576,2.234760464,2.386039536,2.3038,0.07514400989,0.02376262238,2.250045214,2.357554786,2.2072,0.06138548507,0.01941179481,2.163287469,2.251112531,-0.0066,0.07724736601,0.02442776198,-0.06185943674,0.04865943674,1.1898,0.07393360385,0.02337985838,1.136911086,1.242688914
grid_beta_0p100000_kappa_0p200000,no_category_grid,0.1,0.1305846133,grid,True,0.2,0.8,0,10,5000,0,1.9248,0.06229107302,0.01969816686,1.880239651,1.969360349,0.1494,0.02550903979,0.008066666667,0.1311519322,0.1676480678,1.7754,0.0693913219,0.02194346271,1.725760439,1.825039561,-0.5856,0.09917347316,0.03136140586,-0.6565444289,-0.5146555711,-0.0364,0.08315340576,0.02629541574,-0.09588436306,0.02308436306,0.5492,0.04625725168,0.01462782736,0.5161095556,0.5822904444,2.1234,0.09845495304,0.03113418985,2.052969569,2.193830431,1.9584,0.08351074449,0.02640841617,1.898660012,2.018139988,2.3656,0.05771038805,0.01824962709,2.324316475,2.406883525,-0.165,0.0791299915,0.02502310044,-0.2216061859,-0.1083938141,1.1898,0.07393360385,0.02337985838,1.136911086,1.242688914
grid_beta_0p100000_kappa_0p300000,no_category_grid,0.1,0.1305846133,grid,True,0.3,0.7,0,10,5000,0,2.0908,0.06137100292,0.01940721515,2.046897829,2.134702171,0.2204,0.01863807334,0.005893876295,0.2070671255,0.2337328745,1.8704,0.07129157656,0.02254437599,1.819401078,1.921398922,-0.6806,0.09406876917,0.02974715673,-0.7478927437,-0.6133072563,-0.2024,0.07711924389,0.02438724621,-0.2575677837,-0.1472322163,0.4782,0.05140211842,0.01625477708,0.4414291396,0.5149708604,1.9076,0.09526944246,0.03012684296,1.839448346,1.975751654,1.589,0.08407007659,0.02658529251,1.52885989,1.64914011,2.5192,0.07417217208,0.02345530028,2.466140424,2.572259576,-0.3186,0.08224110894,0.02600692216,-0.3774317452,-0.2597682548,1.1898,0.07393360385,0.02337985838,1.136911086,1.242688914
grid_beta_0p100000_kappa_0p400000,no_category_grid,0.1,0.1305846133,grid,True,0.4,0.6,0,10,5000,0,2.222,0.08344259504,0.02638686542,2.162308763,2.281691237,0.3378,0.04093843616,0.01294587021,0.308514407,0.367085593,1.8842,0.1092497648,0.03454780906,1.806047426,1.962352574,-0.6944,0.1202471529,0.03802548853,-0.7804196312,-0.6083803688,-0.3336,0.09415731517,0.02977515743,-0.4009560857,-0.2662439143,0.3608,0.05855443811,0.01851653915,0.3189126783,0.4026873217,1.6596,0.095674448,0.03025491696,1.591158623,1.728041377,1.2338,0.07363845614,0.02328652448,1.181122222,1.286477778,2.6264,0.08207205506,0.02595346262,2.567689189,2.685110811,-0.4258,0.09273834159,0.02932643858,-0.4921410131,-0.3594589869,1.1898,0.07393360385,0.02337985838,1.136911086,1.242688914
grid_beta_0p100000_kappa_0p500000,no_category_grid,0.1,0.1305846133,grid,True,0.5,0.5,0,10,5000,0,2.3012,0.08973145119,0.02837557635,2.237009987,2.365390013,0.4096,0.0456342951,0.01443083119,0.3769551919,0.4422448081,1.8916,0.111525981,0.03526761183,1.811819119,1.971380881,-0.7018,0.122261832,0.03866258599,-0.7892608458,-0.6143391542,-0.4128,0.09172519344,0.02900605301,-0.4784162506,-0.3471837494,0.289,0.06293029654,0.01990030709,0.2439823778,0.3340176222,1.3876,0.1088640334,0.0344258301,1.309723362,1.465476638,0.9188,0.05796704044,0.0183307877,0.8773328773,0.9602671227,2.6694,0.0994475853,0.03144808774,2.598259483,2.740540517,-0.4688,0.1029355786,0.03255108805,-0.542435677,-0.395164323,1.1898,0.07393360385,0.02337985838,1.136911086,1.242688914
grid_beta_0p100000_kappa_0p600000,no_category_grid,0.1,0.1305846133,grid,True,0.6,0.4,0,10,5000,0,2.3074,0.1082960962,0.03424623256,2.22992964,2.38487036,0.5282,0.04067704786,0.01286321197,0.4991013929,0.5572986071,1.7792,0.09576452602,0.03028340213,1.710694185,1.847705815,-0.5894,0.09461054675,0.02991848184,-0.657080308,-0.521719692,-0.419,0.1047292806,0.03311830645,-0.4939188142,-0.3440811858,0.1704,0.05917056325,0.01871137503,0.1280719289,0.2127280711,1.1522,0.1230878638,0.0389238002,1.064148247,1.240251753,0.6836,0.03439379789,0.01087627387,0.6589961592,0.7082038408,2.6692,0.1329166823,0.04203194552,2.574117133,2.764282867,-0.4686,0.1211172068,0.03830062373,-0.5552420303,-0.3819579697,1.1898,0.07393360385,0.02337985838,1.136911086,1.242688914
grid_beta_0p100000_kappa_0p700000,no_category_grid,0.1,0.1305846133,grid,True,0.7,0.3,0,10,5000,0,2.2864,0.1118522835,0.03537079775,2.206385697,2.366414303,0.6044,0.04208773904,0.01330931169,0.5742922452,0.6345077548,1.682,0.1078558709,0.03410702111,1.604844558,1.759155442,-0.4922,0.1047683158,0.03313065046,-0.5671467382,-0.4172532618,-0.398,0.09780252212,0.03092787308,-0.4679637096,-0.3280362904,0.0942,0.06741216507,0.02131759836,0.04597624217,0.1424237578,0.9046,0.1258360485,0.03979285251,0.8145823137,0.9946176863,0.4824,0.03188590772,0.01008320937,0.4595901957,0.5052098043,2.6228,0.1409907798,0.04458519934,2.521941272,2.723658728,-0.4222,0.1229108078,0.03886781016,-0.5101250952,-0.3342749048,1.1898,0.07393360385,0.02337985838,1.136911086,1.242688914
grid_beta_0p100000_kappa_0p800000,no_category_grid,0.1,0.1305846133,grid,True,0.8,0.2,0,10,5000,0,2.2172,0.1211911255,0.03832399886,2.130505091,2.303894909,0.6702,0.05204656035,0.01645856751,0.6329681336,0.7074318664,1.547,0.1251354821,0.03957131396,1.457483469,1.636516531,-0.3572,0.1072865322,0.03392698041,-0.4339481618,-0.2804518382,-0.3288,0.09098082826,0.02877066407,-0.3938837638,-0.2637162362,0.0284,0.07233133638,0.02287317692,-0.023342721,0.080142721,0.6962,0.1110213193,0.03510802377,0.6167801325,0.7756198675,0.3298,0.04530832644,0.01432775085,0.2973883758,0.3622116242,2.567,0.1290383233,0.04080550072,2.474691544,2.659308456,-0.3664,0.1050197865,0.03321017247,-0.4415266295,-0.2912733705,1.1898,0.07393360385,0.02337985838,1.136911086,1.242688914
grid_beta_0p100000_kappa_0p900000,no_category_grid,0.1,0.1305846133,grid,True,0.9,0.1,0,10,5000,0,2.1506,0.0995994199,0.03149610205,2.079350867,2.221849133,0.6948,0.04814053501,0.01522337384,0.6603623358,0.7292376642,1.4558,0.08694033714,0.02749294859,1.393606629,1.517993371,-0.266,0.07532448326,0.02381969307,-0.3198838893,-0.2121161107,-0.2622,0.07582113455,0.023976748,-0.3164391722,-0.2079608278,0.0038,0.05253950894,0.01661445154,-0.03378450056,0.04138450056,0.518,0.1011533489,0.03198749756,0.4456392533,0.5903607467,0.2256,0.03673085291,0.01161531556,0.1993243307,0.2518756693,2.493,0.1171561162,0.03704801689,2.409191563,2.576808437,-0.2924,0.09673698592,0.03059092095,-0.3616014709,-0.2231985291,1.1898,0.07393360385,0.02337985838,1.136911086,1.242688914
grid_beta_0p100000_kappa_1p000000,no_category_grid,0.1,0.1305846133,grid,True,1,0,0,10,5000,0,2.0484,0.0650797801,0.02058003347,2.00184473,2.09495527,0.6934,0.03396795876,0.01074161171,0.6691007861,0.7176992139,1.355,0.06570810875,0.02077872844,1.307995251,1.402004749,-0.1652,0.04890989448,0.01546666667,-0.2001880308,-0.1302119692,-0.16,0.04392923603,0.01389164417,-0.1914250824,-0.1285749176,0.0052,0.04668761435,0.01476391999,-0.02819830735,0.03859830735,0.344,0.0908674248,0.02873480275,0.2789973601,0.4090026399,0.1456,0.02358530616,0.007458328678,0.1287280884,0.1624719116,2.399,0.1001521065,0.03167087691,2.327355499,2.470644501,-0.1984,0.08257414177,0.02611223638,-0.2574699826,-0.1393300174,1.1898,0.07393360385,0.02337985838,1.136911086,1.242688914
grid_beta_0p200000_kappa_0p000000,no_category_grid,0.2,0.2611692267,grid,True,0,1,0,10,5000,0,1.6484,0.04455009665,0.01408797754,1.616530781,1.680269219,0.0962,0.01812181006,0.005730619513,0.08323643802,0.109163562,1.5522,0.05399135733,0.01707356631,1.51357691,1.59082309,-0.3624,0.07704428741,0.02436354289,-0.4175141631,-0.3072858369,0.24,0.04995108719,0.01579592071,0.2042671448,0.2757328552,0.6024,0.05561614474,0.01758736921,0.5626146068,0.6421853932,2.7708,0.09431483918,0.0298249709,2.703331228,2.838268772,2.8258,0.07792560555,0.02464224016,2.77005538,2.88154462,2.1456,0.04568296546,0.01444622211,2.112920375,2.178279625,0.055,0.05837236789,0.0184589635,0.01324292351,0.09675707649,1.1898,0.07393360385,0.02337985838,1.136911086,1.242688914
grid_beta_0p200000_kappa_0p100000,no_category_grid,0.2,0.2611692267,grid,True,0.1,0.9,0,10,5000,0,1.8168,0.0481313019,0.01522045407,1.782368941,1.851231059,0.1134,0.02345776346,0.007417996136,0.09661932691,0.1301806731,1.7034,0.05112120673,0.016165945,1.666830092,1.739969908,-0.5136,0.06495673774,0.02054112406,-0.5600672509,-0.4671327491,0.0716,0.04603187302,0.01455655637,0.03867078174,0.1045292183,0.5852,0.05221494039,0.01651181395,0.5478476818,0.6225523182,2.639,0.09749415937,0.03083036022,2.56925688,2.70874312,2.5446,0.08192706784,0.02590761364,2.485992906,2.603207094,2.295,0.05211312481,0.01647961704,2.257720516,2.332279484,-0.0944,0.0565905371,0.01789549912,-0.1348824315,-0.05391756848,1.1898,0.07393360385,0.02337985838,1.136911086,1.242688914
grid_beta_0p200000_kappa_0p200000,no_category_grid,0.2,0.2611692267,grid,True,0.2,0.8,0,10,5000,0,2.0008,0.05810488601,0.0183743783,1.959234269,2.042365731,0.135,0.02219609575,0.007019021774,0.1191218696,0.1508781304,1.8658,0.05327872204,0.01684821125,1.827686698,1.903913302,-0.676,0.09807480138,0.03101397534,-0.7461584865,-0.6058415135,-0.1124,0.07348953062,0.02323943009,-0.1649712432,-0.05982875675,0.5636,0.05020668393,0.0158767475,0.5276843019,0.5995156981,2.4742,0.09411317065,0.02976119771,2.406875493,2.541524507,2.2078,0.08890669266,0.0281147648,2.144199983,2.271400017,2.467,0.05503332324,0.01740306486,2.427631532,2.506368468,-0.2664,0.06090283701,0.01925916809,-0.309967265,-0.222832735,1.1898,0.07393360385,0.02337985838,1.136911086,1.242688914
grid_beta_0p200000_kappa_0p300000,no_category_grid,0.2,0.2611692267,grid,True,0.3,0.7,0,10,5000,0,2.1768,0.06769999179,0.02140861716,2.128370343,2.225229657,0.2134,0.02956048413,0.00934784586,0.1922537035,0.2345462965,1.9634,0.07774059429,0.02458373446,1.907787729,2.019012271,-0.7736,0.09939282335,0.03143077049,-0.8447013426,-0.7024986574,-0.2884,0.08818566273,0.02788675512,-0.3514842228,-0.2253157772,0.4852,0.0588874633,0.01862185096,0.4430744465,0.5273255535,2.291,0.08965241522,0.02835058298,2.226866526,2.355133474,1.8494,0.09074041119,0.02869463752,1.78448822,1.91431178,2.6422,0.05431144753,0.01717478772,2.603347931,2.681052069,-0.4416,0.07446878541,0.02354909765,-0.4948717599,-0.3883282401,1.1898,0.07393360385,0.02337985838,1.136911086,1.242688914
grid_beta_0p200000_kappa_0p400000,no_category_grid,0.2,0.2611692267,grid,True,0.4,0.6,0,10,5000,0,2.3176,0.06659195814,0.02105822616,2.269962983,2.365237017,0.2988,0.03229310212,0.01021197554,0.2756989064,0.3219010936,2.0188,0.06732475193,0.0212899559,1.970638774,2.066961226,-0.829,0.09325353732,0.02948935778,-0.8957095619,-0.7622904381,-0.4292,0.07825996564,0.0247479741,-0.4851838069,-0.3732161931,0.3998,0.04247299796,0.01343114126,0.3694166476,0.4301833524,2.0752,0.08320897388,0.02631298792,2.015675886,2.134724114,1.495,0.07442371187,0.02353484414,1.441760484,1.548239516,2.7808,0.07447117265,0.02354985256,2.727526532,2.834073468,-0.5802,0.07533303835,0.02382239842,-0.6340900092,-0.5263099908,1.1898,0.07393360385,0.02337985838,1.136911086,1.242688914
grid_beta_0p200000_kappa_0p500000,no_category_grid,0.2,0.2611692267,grid,True,0.5,0.5,0,10,5000,0,2.432,0.07784885641,0.02461796995,2.376310283,2.487689717,0.3912,0.03955530587,0.01250848601,0.3629038388,0.4194961612,2.0408,0.08884043124,0.0280938111,1.977247384,2.104352616,-0.851,0.094799203,0.02997814018,-0.9188152645,-0.7831847355,-0.5436,0.07403782817,0.023412817,-0.5965634717,-0.4906365283,0.3074,0.05978517096,0.01890573105,0.2646322651,0.3501677349,1.835,0.08132376993,0.02571683409,1.77682448,1.89317552,1.1664,0.04762632325,0.01506076581,1.132330181,1.200469819,2.8692,0.0752311992,0.02379019406,2.815382842,2.923017158,-0.6686,0.07875164901,0.02490345804,-0.724935536,-0.612264464,1.1898,0.07393360385,0.02337985838,1.136911086,1.242688914
grid_beta_0p200000_kappa_0p600000,no_category_grid,0.2,0.2611692267,grid,True,0.6,0.4,0,10,5000,0,2.4854,0.1077777549,0.03408231865,2.408300439,2.562499561,0.4984,0.04246619571,0.0134289902,0.4680215136,0.5287784864,1.987,0.106237679,0.0335953039,1.911002143,2.062997857,-0.7972,0.08758081982,0.027695487,-0.8598515443,-0.7345484557,-0.597,0.09203501749,0.02910402798,-0.6628378854,-0.5311621146,0.2002,0.03567071628,0.01128007092,0.1746827068,0.2257172932,1.6052,0.08646746337,0.02734341278,1.543344903,1.667055097,0.899,0.0320451071,0.01013355263,0.8760763113,0.9219236887,2.9068,0.1129216051,0.0357089469,2.82602075,2.98757925,-0.7062,0.09667563177,0.03057151906,-0.7753575808,-0.6370424192,1.1898,0.07393360385,0.02337985838,1.136911086,1.242688914
grid_beta_0p200000_kappa_0p700000,no_category_grid,0.2,0.2611692267,grid,True,0.7,0.3,0,10,5000,0,2.4608,0.103714137,0.03279728986,2.386607376,2.534992624,0.5768,0.05206150209,0.0164632925,0.5395574449,0.6140425551,1.884,0.0981608657,0.03104119127,1.813779947,1.954220053,-0.6942,0.08045675167,0.02544265884,-0.7517552929,-0.6366447071,-0.5724,0.09075387962,0.02869889661,-0.6373214145,-0.5074785855,0.1218,0.05973608625,0.0188902091,0.07906737817,0.1645326218,1.3664,0.09264891916,0.02929816073,1.300122956,1.432677044,0.6982,0.0314317603,0.009939595342,0.6757150732,0.7206849268,2.8688,0.1211030782,0.03829615588,2.782168077,2.955431923,-0.6682,0.0998952785,0.03158966076,-0.7396607773,-0.5967392227,1.1898,0.07393360385,0.02337985838,1.136911086,1.242688914
grid_beta_0p200000_kappa_0p800000,no_category_grid,0.2,0.2611692267,grid,True,0.8,0.2,0,10,5000,0,2.4048,0.1071912103,0.03389683696,2.328120027,2.481479973,0.6222,0.07425750991,0.02348228647,0.5690793775,0.6753206225,1.7826,0.09157898837,0.02895981891,1.717088338,1.848111662,-0.5928,0.06003850616,0.01898584268,-0.63574896,-0.54985104,-0.5164,0.08688587662,0.02747572666,-0.5785544119,-0.4542455881,0.0764,0.0856597922,0.02708800473,0.01512267608,0.1376773239,1.1532,0.0915845693,0.02896158375,1.087684346,1.218715654,0.5324,0.04618609699,0.01460532627,0.4993604566,0.5654395434,2.8214,0.1164972103,0.03683965255,2.738062916,2.904737084,-0.6208,0.09549962187,0.03019963208,-0.689116314,-0.552483686,1.1898,0.07393360385,0.02337985838,1.136911086,1.242688914
grid_beta_0p200000_kappa_0p900000,no_category_grid,0.2,0.2611692267,grid,True,0.9,0.1,0,10,5000,0,2.331,0.09389000657,0.02969062703,2.263835135,2.398164865,0.6346,0.07228370033,0.02285811307,0.5828913558,0.6863086442,1.6964,0.09726847154,0.03075899146,1.626818327,1.765981673,-0.5066,0.06454662398,0.0204114347,-0.5527738732,-0.4604261268,-0.4426,0.06995268242,0.02212098049,-0.4926411345,-0.3925588655,0.064,0.06946781829,0.02196765299,0.01430571644,0.1136942836,0.9502,0.07585043763,0.02398601444,0.8959398656,1.004460134,0.4136,0.04790546246,0.01514903737,0.3793304966,0.4478695034,2.7372,0.09579236806,0.03029220655,2.668674268,2.805725732,-0.5366,0.06775806635,0.02142698195,-0.5850712007,-0.4881287993,1.1898,0.07393360385,0.02337985838,1.136911086,1.242688914
grid_beta_0p200000_kappa_1p000000,no_category_grid,0.2,0.2611692267,grid,True,1,0,0,10,5000,0,2.2352,0.07528434986,0.02380700177,2.18134482,2.28905518,0.6424,0.05301404426,0.01676451278,0.6044760373,0.6803239627,1.5928,0.0777128618,0.02457496468,1.537207568,1.648392432,-0.403,0.03960078563,0.01252286797,-0.4313286955,-0.3746713045,-0.3468,0.05238490028,0.01656555999,-0.3842739002,-0.3093260998,0.0562,0.06196378871,0.01959467048,0.01187377583,0.1005262242,0.772,0.06850790709,0.02166410241,0.7229923956,0.8210076044,0.322,0.04475116386,0.01415156057,0.2899869459,0.3540130541,2.6506,0.0840425818,0.02657659789,2.590479559,2.710720441,-0.45,0.05625339496,0.01778888542,-0.4902412546,-0.4097587454,1.1898,0.07393360385,0.02337985838,1.136911086,1.242688914
grid_beta_0p300000_kappa_0p000000,no_category_grid,0.3,0.39175384,grid,True,0,1,0,10,5000,0,1.6888,0.03612570645,0.01142395145,1.662957226,1.714642774,0.081,0.01479489401,0.004678556283,0.07041637039,0.09158362961,1.6078,0.04418597062,0.01397283078,1.576191261,1.639408739,-0.418,0.0853177069,0.02697982786,-0.4790326108,-0.3569673892,0.1996,0.06015387676,0.01902232606,0.1565685088,0.2426314912,0.6176,0.05072628072,0.01604105843,0.5813126048,0.6538873952,3.0368,0.08130709959,0.02571156247,2.978636405,3.094963595,3.0254,0.08790929669,0.0277993605,2.962513478,3.088286522,2.212,0.0505788713,0.01599444348,2.175818055,2.248181945,-0.0114,0.05429998977,0.01717116446,-0.05024387268,0.02744387268,1.1898,0.07393360385,0.02337985838,1.136911086,1.242688914
grid_beta_0p300000_kappa_0p100000,no_category_grid,0.3,0.39175384,grid,True,0.1,0.9,0,10,5000,0,1.8572,0.04263749002,0.01348315822,1.826698977,1.887701023,0.0966,0.01964235786,0.006211458945,0.08254870366,0.1106512963,1.7606,0.0448409535,0.01417995455,1.728522714,1.792677286,-0.5708,0.08959265843,0.02833168623,-0.6348907269,-0.5067092731,0.0312,0.0698137204,0.02207703684,-0.01874172702,0.08114172702,0.602,0.0492882677,0.01558631879,0.5667412973,0.6372587027,2.9356,0.08615128812,0.02724342938,2.873971081,2.997228919,2.7602,0.08251302927,0.02609291091,2.701173735,2.819226265,2.376,0.05423406064,0.01715031584,2.33720329,2.41479671,-0.1754,0.05913487409,0.01870008913,-0.2177025406,-0.1330974594,1.1898,0.07393360385,0.02337985838,1.136911086,1.242688914
grid_beta_0p300000_kappa_0p200000,no_category_grid,0.3,0.39175384,grid,True,0.2,0.8,0,10,5000,0,2.0622,0.05868522434,0.01855789739,2.020219119,2.104180881,0.1158,0.02096452029,0.006629563418,0.1008028856,0.1307971144,1.9464,0.06240227916,0.01973333333,1.901760099,1.991039901,-0.7566,0.09728332048,0.03076368711,-0.8261922951,-0.6870077049,-0.1738,0.07716331886,0.02440118394,-0.228999313,-0.118600687,0.5828,0.05163289219,0.01632775415,0.545864054,0.619735946,2.8056,0.09775161266,0.0309117741,2.735672709,2.875527291,2.439,0.09324400487,0.02948634335,2.372297257,2.505702743,2.5672,0.06289462086,0.01988902545,2.522207899,2.612192101,-0.3666,0.06324590457,0.02000011111,-0.4118433946,-0.3213566054,1.1898,0.07393360385,0.02337985838,1.136911086,1.242688914
grid_beta_0p300000_kappa_0p300000,no_category_grid,0.3,0.39175384,grid,True,0.3,0.7,0,10,5000,0,2.2714,0.06556455682,0.02073333333,2.224497941,2.318302059,0.171,0.01804315814,0.00570574759,0.1580927022,0.1839072978,2.1004,0.06707077522,0.02120964141,2.052420458,2.148379542,-0.9106,0.1049404064,0.03318507027,-0.9856698444,-0.8355301556,-0.383,0.08972674567,0.02837408834,-0.4471866472,-0.3188133528,0.5276,0.04779400241,0.01511379061,0.4934102303,0.5617897697,2.6504,0.09095933157,0.02876386622,2.585331614,2.715468386,2.0826,0.09749324763,0.0308300719,2.012857532,2.152342468,2.7684,0.06979207214,0.02207019106,2.718473759,2.818326241,-0.5678,0.07883851287,0.0249309268,-0.6241976746,-0.5114023254,1.1898,0.07393360385,0.02337985838,1.136911086,1.242688914
grid_beta_0p300000_kappa_0p400000,no_category_grid,0.3,0.39175384,grid,True,0.4,0.6,0,10,5000,0,2.441,0.08991477446,0.02843354826,2.376678845,2.505321155,0.243,0.0323350515,0.0102252411,0.2198688976,0.2661311024,2.198,0.09330952077,0.0295070613,2.13125039,2.26474961,-1.0082,0.1319072064,0.04171272121,-1.102560731,-0.9138392689,-0.5526,0.109113804,0.03450481448,-0.6306553132,-0.4745446868,0.4556,0.05002932473,0.0158206616,0.4198111771,0.4913888229,2.4612,0.09996088124,0.03161040616,2.389692293,2.532707707,1.7314,0.09094589356,0.02875961675,1.666341227,1.796458773,2.9304,0.08871828072,0.02805518372,2.866934765,2.993865235,-0.7298,0.09657904074,0.0305409743,-0.7988884838,-0.6607115162,1.1898,0.07393360385,0.02337985838,1.136911086,1.242688914
grid_beta_0p300000_kappa_0p500000,no_category_grid,0.3,0.39175384,grid,True,0.5,0.5,0,10,5000,0,2.5696,0.0879686813,0.02781813957,2.506670996,2.632529004,0.3342,0.04963376987,0.01569557616,0.29869414,0.36970586,2.2354,0.1053672941,0.03332006403,2.160024778,2.310775222,-1.0456,0.1262089977,0.03991078941,-1.135884478,-0.9553155219,-0.6812,0.09465352021,0.02993207124,-0.7489110494,-0.6134889506,0.3644,0.05774118499,0.01825936594,0.3230944446,0.4057055554,2.2624,0.08248797892,0.0260849893,2.203391655,2.321408345,1.4086,0.08526585874,0.02696343203,1.347604479,1.469595521,3.0544,0.09917795454,0.031362823,2.983452365,3.125347635,-0.8538,0.09946277919,0.03145289247,-0.924951386,-0.782648614,1.1898,0.07393360385,0.02337985838,1.136911086,1.242688914
grid_beta_0p300000_kappa_0p600000,no_category_grid,0.3,0.39175384,grid,True,0.6,0.4,0,10,5000,0,2.6518,0.1191989933,0.03769403136,2.566530177,2.737069823,0.4242,0.05193543,0.016423425,0.3870476315,0.4613523685,2.2276,0.1160107275,0.03668581318,2.144610925,2.310589075,-1.0378,0.1291078791,0.04082749618,-1.130158213,-0.9454417871,-0.7634,0.1089793049,0.03446228212,-0.8413590983,-0.6854409017,0.2744,0.05107554318,0.01615150492,0.2378627575,0.3109372425,2.0532,0.08642119082,0.02732878011,1.991378004,2.115021996,1.1194,0.05424266463,0.01715303666,1.080597135,1.158202865,3.1344,0.1264447178,0.03998533064,3.043946898,3.224853102,-0.9338,0.114054373,0.03606715958,-1.015389583,-0.8522104166,1.1898,0.07393360385,0.02337985838,1.136911086,1.242688914
grid_beta_0p300000_kappa_0p700000,no_category_grid,0.3,0.39175384,grid,True,0.7,0.3,0,10,5000,0,2.6536,0.1224193158,0.03871238676,2.566026497,2.741173503,0.5036,0.05529556944,0.0174859944,0.4640439325,0.5431560675,2.15,0.1392072795,0.04402120701,2.050417111,2.249582889,-0.9602,0.1470765485,0.04650968836,-1.065412225,-0.8549877753,-0.7652,0.1153360308,0.03647245536,-0.8477064261,-0.6826935739,0.195,0.05066008729,0.01602012623,0.1587599567,0.2312400433,1.836,0.08480041929,0.02681624715,1.775337434,1.896662566,0.9054,0.05786612903,0.01829887671,0.864005065,0.946794935,3.1312,0.1405392788,0.04444242218,3.030664256,3.231735744,-0.9306,0.1233785503,0.03901572333,-1.018859698,-0.842340302,1.1898,0.07393360385,0.02337985838,1.136911086,1.242688914
grid_beta_0p300000_kappa_0p800000,no_category_grid,0.3,0.39175384,grid,True,0.8,0.2,0,10,5000,0,2.614,0.115323699,0.03646855571,2.531502395,2.696497605,0.5306,0.05158854309,0.01631372973,0.4936957794,0.5675042206,2.0834,0.1054642646,0.03335072879,2.00795541,2.15884459,-0.8936,0.1213326007,0.03836873727,-0.9803961139,-0.8068038861,-0.7256,0.1084386155,0.03429130113,-0.8031723125,-0.6480276875,0.168,0.07615773106,0.02408318916,0.1135200411,0.2224799589,1.6176,0.1091168589,0.03450578051,1.539542501,1.695657499,0.7362,0.05566127718,0.01760164134,0.696382321,0.776017679,3.082,0.1499422111,0.04741589044,2.974737804,3.189262196,-0.8814,0.1300223912,0.04111669031,-0.9744124155,-0.7883875845,1.1898,0.07393360385,0.02337985838,1.136911086,1.242688914
grid_beta_0p300000_kappa_0p900000,no_category_grid,0.3,0.39175384,grid,True,0.9,0.1,0,10,5000,0,2.5332,0.1171445451,0.0370443578,2.449399841,2.617000159,0.562,0.06746192342,0.02133333333,0.5137406472,0.6102593528,1.9712,0.1180515895,0.03733119041,1.88675098,2.05564902,-0.7814,0.1314738673,0.04157568734,-0.8754507389,-0.6873492611,-0.6448,0.1075843855,0.03402116988,-0.7217612331,-0.5678387669,0.1366,0.07512981358,0.02375813311,0.08285536901,0.190344631,1.411,0.09246380673,0.02923962304,1.344855377,1.477144623,0.6012,0.06181837195,0.01954868566,0.5569778007,0.6454221993,3.0104,0.1338682603,0.04233286089,2.914636416,3.106163584,-0.8098,0.1179659084,0.03730409569,-0.8941877273,-0.7254122727,1.1898,0.07393360385,0.02337985838,1.136911086,1.242688914
grid_beta_0p300000_kappa_1p000000,no_category_grid,0.3,0.39175384,grid,True,1,0,0,10,5000,0,2.4422,0.1006001988,0.03181257613,2.370234953,2.514165047,0.5766,0.0569604151,0.01801246482,0.5358529737,0.6173470263,1.8656,0.1149136874,0.03633889866,1.7833957,1.9478043,-0.6758,0.1260879763,0.03987251908,-0.7659979046,-0.5856020954,-0.5538,0.09359225989,0.02959647126,-0.6207518695,-0.4868481305,0.122,0.06870225615,0.02172556098,0.07285336661,0.1711466334,1.2252,0.09412615648,0.02976530419,1.157866204,1.292533796,0.5052,0.05352631751,0.01692650781,0.4669095791,0.5434904209,2.9206,0.1118055852,0.03535603045,2.840619102,3.000580898,-0.72,0.106014674,0.03352478354,-0.7958383292,-0.6441616708,1.1898,0.07393360385,0.02337985838,1.136911086,1.242688914
grid_beta_0p400000_kappa_0p000000,no_category_grid,0.4,0.5223384533,grid,True,0,1,0,10,5000,0,1.7172,0.04552117944,0.01439506088,1.68463611,1.74976389,0.0678,0.01175490441,0.003717227163,0.05939104795,0.07620895205,1.6494,0.04949567882,0.01565190794,1.613992924,1.684807076,-0.4596,0.0811243216,0.02565376299,-0.5176328437,-0.4015671563,0.1712,0.05975654311,0.01889667813,0.1284527442,0.2139472558,0.6308,0.04409283136,0.01394337756,0.5992578886,0.6623421114,3.278,0.096599977,0.03054759492,3.208896539,3.347103461,3.224,0.07945369022,0.02512546296,3.167162254,3.280837746,2.2546,0.05731046055,0.01812315891,2.213602566,2.295597434,-0.054,0.08234885144,0.02604099332,-0.1129088196,0.004908819576,1.1898,0.07393360385,0.02337985838,1.136911086,1.242688914
grid_beta_0p400000_kappa_0p100000,no_category_grid,0.4,0.5223384533,grid,True,0.1,0.9,0,10,5000,0,1.8962,0.03928754397,0.01242381226,1.868095384,1.924304616,0.0896,0.0158548976,0.005013758847,0.07825808951,0.1009419105,1.8066,0.04869907597,0.0154,1.77176278,1.84143722,-0.6168,0.07584897275,0.02398555121,-0.6710590865,-0.5625409135,-0.0078,0.05981787173,0.01891607194,-0.05059112764,0.03499112764,0.609,0.05188234553,0.01640663822,0.5718856058,0.6461143942,3.2086,0.0933383332,0.02951617259,3.141829779,3.275370221,2.9656,0.08440537108,0.02669132194,2.905220035,3.025979965,2.4436,0.05637808873,0.01782831705,2.403269545,2.483930455,-0.243,0.07866242926,0.02487524428,-0.299271712,-0.186728288,1.1898,0.07393360385,0.02337985838,1.136911086,1.242688914
grid_beta_0p400000_kappa_0p200000,no_category_grid,0.4,0.5223384533,grid,True,0.2,0.8,0,10,5000,0,2.1118,0.05030970748,0.01590932641,2.075810603,2.147789397,0.1098,0.02144657445,0.006782002326,0.09445804486,0.1251419551,2.002,0.05690537955,0.01799506105,1.961292344,2.042707656,-0.8122,0.09204564085,0.02910738738,-0.8780454848,-0.7463545152,-0.2234,0.07257823365,0.02295125269,-0.2753193407,-0.1714806593,0.5888,0.05433394683,0.01718190262,0.5499318359,0.6276681641,3.1234,0.09491071828,0.03001340441,3.055504962,3.191295038,2.662,0.07976632539,0.02522432688,2.604938608,2.719061392,2.662,0.05946427499,0.01880425484,2.61946182,2.70453818,-0.4614,0.08974061387,0.02837847385,-0.5255965679,-0.3972034321,1.1898,0.07393360385,0.02337985838,1.136911086,1.242688914
grid_beta_0p400000_kappa_0p300000,no_category_grid,0.4,0.5223384533,grid,True,0.3,0.7,0,10,5000,0,2.343,0.05857758388,0.01852385849,2.301096121,2.384903879,0.146,0.01546321801,0.004889898886,0.1349382802,0.1570617198,2.197,0.06385574019,0.02019295807,2.151320355,2.242679645,-1.0072,0.09327236104,0.02949531036,-1.073923028,-0.9404769724,-0.4546,0.08017785785,0.02535446487,-0.5119557843,-0.3972442157,0.5526,0.04691410591,0.01483554291,0.5190396703,0.5861603297,3.0074,0.0914186949,0.02890912966,2.942003005,3.072796995,2.3194,0.08279586678,0.02618235199,2.260171405,2.378628595,2.8886,0.06068534511,0.01919039111,2.845188319,2.932011681,-0.688,0.09089676684,0.02874408152,-0.7530236299,-0.6229763701,1.1898,0.07393360385,0.02337985838,1.136911086,1.242688914
grid_beta_0p400000_kappa_0p400000,no_category_grid,0.4,0.5223384533,grid,True,0.4,0.6,0,10,5000,0,2.5464,0.08542599136,0.02701407041,2.485289927,2.607510073,0.205,0.02916999981,0.009224363874,0.1841330392,0.2258669608,2.3414,0.09122889406,0.02884910936,2.276138781,2.406661219,-1.1516,0.1122924753,0.03550999859,-1.231929198,-1.071270802,-0.658,0.09724196625,0.03075060975,-0.7275627121,-0.5884372879,0.4936,0.06451046427,0.0204,0.4474519939,0.5397480061,2.8588,0.08946855438,0.02829244108,2.794798052,2.922801948,1.975,0.08889569418,0.02811128678,1.911407851,2.038592149,3.0844,0.08763459489,0.02771249217,3.021709987,3.147090013,-0.8838,0.1020694752,0.03227720214,-0.956816104,-0.810783896,1.1898,0.07393360385,0.02337985838,1.136911086,1.242688914
grid_beta_0p400000_kappa_0p500000,no_category_grid,0.4,0.5223384533,grid,True,0.5,0.5,0,10,5000,0,2.7022,0.08975745094,0.0283837982,2.637991388,2.766408612,0.2738,0.04337382723,0.01371600849,0.2427722332,0.3048277668,2.4284,0.09728217834,0.03076332593,2.358808522,2.497991478,-1.2386,0.1137171931,0.03596053392,-1.319948379,-1.157251621,-0.8138,0.1000242193,0.03163043541,-0.885353016,-0.742246984,0.4248,0.06907129972,0.02184226281,0.3753893687,0.4742106313,2.687,0.08835408561,0.02794001511,2.623795295,2.750204705,1.6504,0.06672530754,0.02110039494,1.60266759,1.69813241,3.2372,0.08554764754,0.02705254147,3.1760029,3.2983971,-1.0366,0.10575044,0.03344122539,-1.112249308,-0.9609506925,1.1898,0.07393360385,0.02337985838,1.136911086,1.242688914
grid_beta_0p400000_kappa_0p600000,no_category_grid,0.4,0.5223384533,grid,True,0.6,0.4,0,10,5000,0,2.7842,0.1014186045,0.03207137873,2.711649501,2.856750499,0.3698,0.05174681955,0.01636378114,0.3327825553,0.4068174447,2.4144,0.1186509353,0.0375207202,2.329522234,2.499277766,-1.2246,0.1268001052,0.04009771398,-1.315307331,-1.133892669,-0.8958,0.1058991134,0.03348824006,-0.9715556621,-0.8200443379,0.3288,0.06396665798,0.02022803335,0.2830410095,0.3745589905,2.5046,0.09054428014,0.02863261544,2.439828524,2.569371476,1.3772,0.05790567042,0.0183113808,1.335776779,1.418623221,3.328,0.1115865384,0.03528676176,3.248175799,3.407824201,-1.1274,0.1267054327,0.04006777591,-1.218039606,-1.036760394,1.1898,0.07393360385,0.02337985838,1.136911086,1.242688914
grid_beta_0p400000_kappa_0p700000,no_category_grid,0.4,0.5223384533,grid,True,0.7,0.3,0,10,5000,0,2.8424,0.1170823072,0.03702467646,2.758644363,2.926155637,0.447,0.05479051013,0.01732628062,0.4078052302,0.4861947698,2.3954,0.1316191475,0.04162162899,2.301245334,2.489554666,-1.2056,0.1398278306,0.04421744251,-1.305626804,-1.105573196,-0.954,0.1104415381,0.03492468086,-1.033005117,-0.874994883,0.2516,0.07484977548,0.02366957729,0.1980556962,0.3051443038,2.31,0.08529686721,0.02697323777,2.248982297,2.371017703,1.1308,0.05183049296,0.016390241,1.093722699,1.167877301,3.3798,0.1190721537,0.03765392115,3.294620913,3.464979087,-1.1792,0.110832005,0.03504815735,-1.25848444,-1.09991556,1.1898,0.07393360385,0.02337985838,1.136911086,1.242688914
grid_beta_0p400000_kappa_0p800000,no_category_grid,0.4,0.5223384533,grid,True,0.8,0.2,0,10,5000,0,2.8062,0.1156717578,0.03657862156,2.723453409,2.888946591,0.4724,0.07206046844,0.02278752095,0.4208510463,0.5239489537,2.3338,0.1205927951,0.03813479018,2.247533111,2.420066889,-1.144,0.1122813925,0.03550649393,-1.22432127,-1.06367873,-0.9178,0.1022304586,0.03232810954,-0.9909312646,-0.8446687354,0.2262,0.08458762715,0.02674895637,0.1656896568,0.2867103432,2.0942,0.1120969818,0.03544817814,2.01401065,2.17438935,0.9522,0.06667633263,0.02108490771,0.904502625,0.999897375,3.3426,0.1404407348,0.04441125983,3.24213475,3.44306525,-1.142,0.1279861104,0.04047276176,-1.233555748,-1.050444252,1.1898,0.07393360385,0.02337985838,1.136911086,1.242688914
grid_beta_0p400000_kappa_0p900000,no_category_grid,0.4,0.5223384533,grid,True,0.9,0.1,0,10,5000,0,2.7432,0.1062039966,0.03358465258,2.667226238,2.819173762,0.4974,0.06507465798,0.02057841372,0.450848394,0.543951606,2.2458,0.09340687579,0.02953784766,2.178980746,2.312619254,-1.056,0.1167523495,0.03692033466,-1.139519599,-0.9724804005,-0.8548,0.09414976249,0.02977276906,-0.9221506828,-0.7874493172,0.2012,0.08827834767,0.02791606467,0.1380494743,0.2643505257,1.9094,0.1048726211,0.0331636347,1.834378646,1.984421354,0.8072,0.06461647537,0.02043352365,0.7609761581,0.8534238419,3.3028,0.1273706752,0.04027814406,3.211684508,3.393915492,-1.1022,0.1223998911,0.03870624411,-1.189759607,-1.014640393,1.1898,0.07393360385,0.02337985838,1.136911086,1.242688914
grid_beta_0p400000_kappa_1p000000,no_category_grid,0.4,0.5223384533,grid,True,1,0,0,10,5000,0,2.6502,0.09245034703,0.02923536671,2.584065006,2.716334994,0.528,0.05716253629,0.01807638115,0.4871083849,0.5688916151,2.1222,0.06964321774,0.02202311917,2.072380243,2.172019757,-0.9324,0.07445684805,0.02354532272,-0.9856632205,-0.8791367795,-0.7618,0.08811331089,0.02786387546,-0.8248324655,-0.6987675345,0.1706,0.07260272416,0.02295899727,0.1186631399,0.2225368601,1.7198,0.09949405342,0.03146278225,1.648626242,1.790973758,0.6978,0.06486533058,0.02051221858,0.6513981378,0.7442018622,3.2226,0.1104216162,0.03491838102,3.143609134,3.301590866,-1.022,0.116195238,0.03674416053,-1.105121066,-0.9388789341,1.1898,0.07393360385,0.02337985838,1.136911086,1.242688914
grid_beta_0p500000_kappa_0p000000,no_category_grid,0.5,0.6529230667,grid,True,0,1,0,10,5000,0,1.7198,0.03713578687,0.01174336692,1.693234658,1.746365342,0.0486,0.01173977096,0.003712441545,0.04020187377,0.05699812623,1.6712,0.0322517872,0.01019891062,1.648128461,1.694271539,-0.4814,0.0897208015,0.02837220862,-0.545582395,-0.417217605,0.1686,0.06889637952,0.02178694818,0.1193144991,0.2178855009,0.65,0.04333846124,0.01370482478,0.6189975325,0.6810024675,3.4594,0.09324781797,0.02948754916,3.392694529,3.526105471,3.41,0.08951225863,0.02830626158,3.345966788,3.474033212,2.25,0.06423567718,0.02031310469,2.204048565,2.295951435,-0.0494,0.08982971545,0.02840665024,-0.1136603073,0.01486030731,1.1898,0.07393360385,0.02337985838,1.136911086,1.242688914
grid_beta_0p500000_kappa_0p100000,no_category_grid,0.5,0.6529230667,grid,True,0.1,0.9,0,10,5000,0,1.9166,0.03611155555,0.01141947654,1.890767349,1.942432651,0.0582,0.01364469779,0.0043148323,0.04843917121,0.06796082879,1.8584,0.03488138631,0.01103046287,1.833447359,1.883352641,-0.6686,0.0943376913,0.02983219737,-0.736085119,-0.601114881,-0.0282,0.07630610868,0.02413011028,-0.08278610181,0.02638610181,0.6404,0.04396766489,0.01390379644,0.6089474273,0.6718525727,3.4178,0.08505396979,0.02689642686,3.356956055,3.478643945,3.1582,0.0910699365,0.02879884257,3.093052492,3.223347508,2.4602,0.06626847751,0.0209559326,2.412794387,2.507605613,-0.2596,0.09240394412,0.02922069282,-0.3257017996,-0.1934982004,1.1898,0.07393360385,0.02337985838,1.136911086,1.242688914
grid_beta_0p500000_kappa_0p200000,no_category_grid,0.5,0.6529230667,grid,True,0.2,0.8,0,10,5000,0,2.1278,0.04053475875,0.0128182162,2.09880318,2.15679682,0.073,0.02076856599,0.006567597227,0.05814306289,0.08785693711,2.0548,0.0446736313,0.01412704263,2.022842409,2.086757591,-0.865,0.09136130958,0.02889098283,-0.9303559437,-0.7996440563,-0.2394,0.08126253749,0.02569747069,-0.2975317174,-0.1812682826,0.6256,0.04249758163,0.0134389153,0.5951990615,0.6560009385,3.358,0.09047528822,0.02861079827,3.293277878,3.422722122,2.8758,0.08236207326,0.02604517443,2.816881722,2.934718278,2.6828,0.06476075629,0.02047914929,2.636472946,2.729127054,-0.4822,0.1003746316,0.03174124551,-0.5540036859,-0.4103963141,1.1898,0.07393360385,0.02337985838,1.136911086,1.242688914
grid_beta_0p500000_kappa_0p300000,no_category_grid,0.5,0.6529230667,grid,True,0.3,0.7,0,10,5000,0,2.3794,0.05247687321,0.01659464438,2.341860306,2.416939694,0.1032,0.01467272602,0.004639923371,0.09270376411,0.1136962359,2.2762,0.0522425965,0.01652055958,2.238827898,2.313572102,-1.0864,0.09946434314,0.03145338703,-1.157552505,-1.015247495,-0.491,0.08829873536,0.02792251183,-0.5541651101,-0.4278348899,0.5954,0.05291544618,0.01673333333,0.5575465701,0.6332534299,3.2864,0.08885843923,0.02809950573,3.222834502,3.349965498,2.5404,0.0800433216,0.02531192078,2.483140457,2.597659543,2.9466,0.06311224569,0.01995784446,2.901452219,2.991747781,-0.746,0.09820160669,0.0310540747,-0.8162491975,-0.6757508025,1.1898,0.07393360385,0.02337985838,1.136911086,1.242688914
grid_beta_0p500000_kappa_0p400000,no_category_grid,0.5,0.6529230667,grid,True,0.4,0.6,0,10,5000,0,2.595,0.06555913361,0.02073161836,2.548101821,2.641898179,0.1456,0.02228701665,0.007047773486,0.1296568287,0.1615431713,2.4494,0.06415294226,0.02028694161,2.40350775,2.49529225,-1.2596,0.102492493,0.03241097208,-1.332918713,-1.186281287,-0.7066,0.09729702519,0.03076802092,-0.7762020989,-0.6369979011,0.553,0.0543997549,0.01720271296,0.5140847596,0.5919152404,3.1834,0.08460128709,0.02675327602,3.122879885,3.243920115,2.2126,0.07610548235,0.02406666667,2.158157418,2.267042582,3.1714,0.07731637745,0.02444958532,3.116091195,3.226708805,-0.9708,0.1045124129,0.03304972684,-1.045563676,-0.8960363237,1.1898,0.07393360385,0.02337985838,1.136911086,1.242688914
grid_beta_0p500000_kappa_0p500000,no_category_grid,0.5,0.6529230667,grid,True,0.5,0.5,0,10,5000,0,2.78,0.08094442538,0.02559687481,2.722095846,2.837904154,0.2056,0.03177420337,0.01004788535,0.1828701042,0.2283298958,2.5744,0.07660461257,0.0242245055,2.519600361,2.629199639,-1.3846,0.1179794709,0.03730838452,-1.468997429,-1.300202571,-0.8916,0.1001989133,0.0316856785,-0.9632779846,-0.8199220154,0.493,0.06286670201,0.01988019673,0.4480278706,0.5379721294,3.0462,0.08852093287,0.02799277685,2.982875939,3.109524061,1.89,0.06873459423,0.02173578718,1.840830233,1.939169767,3.3568,0.09234332076,0.02920152203,3.290741568,3.422858432,-1.1562,0.1090094797,0.03447182424,-1.234180684,-1.078219316,1.1898,0.07393360385,0.02337985838,1.136911086,1.242688914
grid_beta_0p500000_kappa_0p600000,no_category_grid,0.5,0.6529230667,grid,True,0.6,0.4,0,10,5000,0,2.9136,0.09417619421,0.02978112751,2.846230409,2.980969591,0.2596,0.02052207484,0.006489649879,0.244919392,0.274280608,2.654,0.08472176685,0.02679137506,2.593393699,2.714606301,-1.4642,0.1163231132,0.03678459823,-1.547412542,-1.380987458,-1.0252,0.1045251697,0.03305376092,-1.099972802,-0.950427198,0.439,0.03656652993,0.01156335207,0.4128418803,0.4651581197,2.8996,0.09764698323,0.03087868736,2.829747556,2.969452444,1.6056,0.05730076594,0.01812009321,1.564609501,1.646590499,3.4946,0.1137601766,0.0359741265,3.413220872,3.575979128,-1.294,0.1241110614,0.03924736368,-1.382783705,-1.205216295,1.1898,0.07393360385,0.02337985838,1.136911086,1.242688914
grid_beta_0p500000_kappa_0p700000,no_category_grid,0.5,0.6529230667,grid,True,0.7,0.3,0,10,5000,0,2.984,0.08655377262,0.02737070616,2.922083161,3.045916839,0.3366,0.03502443591,0.01107569913,0.3115450279,0.3616549721,2.6474,0.06729074561,0.02127920216,2.5992631,2.6955369,-1.4576,0.1028561023,0.03252595545,-1.531178823,-1.384021177,-1.0956,0.08909320962,0.02817374664,-1.159333443,-1.031866557,0.362,0.04037601048,0.01276801559,0.3331167421,0.3908832579,2.7362,0.1026426379,0.03245845208,2.66277388,2.80962612,1.3622,0.04097099245,0.01295616541,1.332891118,1.391508882,3.5746,0.1255602556,0.03970563912,3.484779604,3.664420396,-1.374,0.1249355389,0.03950808637,-1.463373501,-1.284626499,1.1898,0.07393360385,0.02337985838,1.136911086,1.242688914
grid_beta_0p500000_kappa_0p800000,no_category_grid,0.5,0.6529230667,grid,True,0.8,0.2,0,10,5000,0,2.9888,0.09250201199,0.0292517046,2.922628047,3.054971953,0.3838,0.03599320924,0.01138205215,0.3580520092,0.4095479908,2.605,0.08433399209,0.02666874992,2.544671096,2.665328904,-1.4152,0.113959837,0.03603726466,-1.496721956,-1.333678044,-1.1004,0.0923991342,0.02921917179,-1.166498359,-1.034301641,0.3148,0.06164558198,0.01949404467,0.2707014072,0.3588985928,2.557,0.1013695111,0.03205585403,2.48448462,2.62951538,1.1784,0.04467960012,0.01412893013,1.146438139,1.210361861,3.5792,0.1246156758,0.03940693678,3.490055316,3.668344684,-1.3786,0.1171401819,0.03704297804,-1.462397038,-1.294802962,1.1898,0.07393360385,0.02337985838,1.136911086,1.242688914
grid_beta_0p500000_kappa_0p900000,no_category_grid,0.5,0.6529230667,grid,True,0.9,0.1,0,10,5000,0,2.9472,0.1059484151,0.03350383063,2.87140907,3.02299093,0.4168,0.04051008105,0.01281041243,0.3878208338,0.4457791662,2.5304,0.09278793025,0.0293421199,2.464023513,2.596776487,-1.3406,0.1180698475,0.03733696411,-1.425062081,-1.256137919,-1.0588,0.1030175821,0.03257701985,-1.132494339,-0.9851056612,0.2818,0.07358411664,0.02326934082,0.229161094,0.334438906,2.389,0.1174629965,0.03714506098,2.304972034,2.473027966,1.0258,0.04795785187,0.01516560436,0.9914930195,1.060106981,3.5638,0.1196864422,0.03784817624,3.478181477,3.649418523,-1.3632,0.1213340659,0.03836920061,-1.449997162,-1.276402838,1.1898,0.07393360385,0.02337985838,1.136911086,1.242688914
grid_beta_0p500000_kappa_1p000000,no_category_grid,0.5,0.6529230667,grid,True,1,0,0,10,5000,0,2.8568,0.09751672221,0.03083749521,2.787040739,2.926559261,0.437,0.04661187259,0.01473996834,0.403655875,0.470344125,2.4198,0.07815341039,0.02471427837,2.363892418,2.475707582,-1.23,0.09762058071,0.03087033815,-1.299833557,-1.160166443,-0.9684,0.08797878532,0.02782133474,-1.031336232,-0.9054637683,0.2616,0.05786420886,0.0182982695,0.2202064386,0.3029935614,2.1848,0.1069878498,0.03383252873,2.108265503,2.261334497,0.9016,0.0533649906,0.01687549176,0.8634249854,0.9397750146,3.4838,0.1161012968,0.03671445371,3.400746136,3.566853864,-1.2832,0.110860072,0.0350570329,-1.362504518,-1.203895482,1.1898,0.07393360385,0.02337985838,1.136911086,1.242688914
grid_beta_0p600000_kappa_0p000000,no_category_grid,0.6,0.78350768,grid,True,0,1,0,10,5000,0,1.723,0.03690528417,0.01167047557,1.69659955,1.74940045,0.0378,0.006356099433,0.002009975124,0.03325312038,0.04234687962,1.6852,0.03873786548,0.01224998866,1.6574886,1.7129114,-0.4954,0.1014562851,0.03208329437,-0.5679774542,-0.4228225458,0.1654,0.08295139139,0.02623153319,0.1060601493,0.2247398507,0.6608,0.04944312108,0.01563528772,0.6254305219,0.6961694781,3.613,0.08937436868,0.02826265695,3.549065428,3.676934572,3.5758,0.09245515429,0.0292368869,3.509661567,3.641938433,2.2378,0.05742976387,0.01816088593,2.196717222,2.278882778,-0.0372,0.0906431342,0.02866387583,-0.102042192,0.02764219203,1.1898,0.07393360385,0.02337985838,1.136911086,1.242688914
grid_beta_0p600000_kappa_0p100000,no_category_grid,0.6,0.78350768,grid,True,0.1,0.9,0,10,5000,0,1.9052,0.04967628542,0.01570902076,1.869663726,1.940736274,0.0476,0.008369255907,0.002646591099,0.04161299499,0.05358700501,1.8576,0.04749549686,0.01501939487,1.823623768,1.891576232,-0.6678,0.1020651208,0.03227582515,-0.740812989,-0.594787011,-0.0168,0.08774305924,0.02774679161,-0.07956760338,0.04596760338,0.651,0.04939860547,0.01562121065,0.6156623664,0.6863376336,3.588,0.09071567303,0.02868681463,3.523105917,3.652894083,3.3512,0.09024509836,0.02853800585,3.286642546,3.415757454,2.4374,0.06278039326,0.01985290351,2.392489612,2.482310388,-0.2368,0.08882542179,0.0280890647,-0.3003418789,-0.1732581211,1.1898,0.07393360385,0.02337985838,1.136911086,1.242688914
grid_beta_0p600000_kappa_0p200000,no_category_grid,0.6,0.78350768,grid,True,0.2,0.8,0,10,5000,0,2.1332,0.05013049637,0.01585265488,2.097338803,2.169061197,0.0544,0.009743373817,0.003081125336,0.04743001025,0.06136998975,2.0788,0.04736806238,0.01497909655,2.044914929,2.112685071,-0.889,0.09565330917,0.03024823227,-0.9574262553,-0.8205737447,-0.2448,0.08472281603,0.02679170684,-0.3054070515,-0.1841929485,0.6442,0.04968746768,0.0157125569,0.6086557269,0.6797442731,3.5494,0.09405931934,0.02974416843,3.482114016,3.616685984,3.069,0.08899563035,0.02814288937,3.005336361,3.132663639,2.681,0.06653486972,0.02104017321,2.633403821,2.728596179,-0.4804,0.09889523076,0.03127341789,-0.5511453863,-0.4096546137,1.1898,0.07393360385,0.02337985838,1.136911086,1.242688914
grid_beta_0p600000_kappa_0p300000,no_category_grid,0.6,0.78350768,grid,True,0.3,0.7,0,10,5000,0,2.3746,0.05212847377,0.01648447081,2.337309536,2.411890464,0.0712,0.01705416209,0.005392999578,0.05900018738,0.08339981262,2.3034,0.05773541182,0.0182575403,2.262098574,2.344701426,-1.1136,0.1010117705,0.03194272652,-1.185859468,-1.041340532,-0.4862,0.08768859041,0.02772956705,-0.5489286387,-0.4234713613,0.6274,0.05168322315,0.0163436702,0.5904280494,0.6643719506,3.4934,0.09771636961,0.03090062926,3.42349792,3.56330208,2.7564,0.07663361606,0.02423367721,2.701579614,2.811220386,2.9376,0.06786129645,0.02145962617,2.889054953,2.986145047,-0.737,0.1047632251,0.03312904063,-0.8119430966,-0.6620569034,1.1898,0.07393360385,0.02337985838,1.136911086,1.242688914
grid_beta_0p600000_kappa_0p400000,no_category_grid,0.6,0.78350768,grid,True,0.4,0.6,0,10,5000,0,2.6292,0.06236950822,0.01972297025,2.584583542,2.673816458,0.111,0.01455258664,0.004601931961,0.1005897067,0.1214102933,2.5182,0.06756363256,0.02136549659,2.469867889,2.566532111,-1.3284,0.1078880078,0.03411718368,-1.405578431,-1.251221569,-0.7408,0.08501607691,0.02688444408,-0.8016168377,-0.6799831623,0.5876,0.05264387693,0.01664745559,0.5499408391,0.6252591609,3.4278,0.09932863524,0.03141047242,3.356744575,3.498855425,2.425,0.06940541125,0.02194791815,2.37535036,2.47464964,3.2034,0.07509431107,0.02374690623,3.149680766,3.257119234,-1.0028,0.1081159871,0.03418927707,-1.080141518,-0.925458482,1.1898,0.07393360385,0.02337985838,1.136911086,1.242688914
grid_beta_0p600000_kappa_0p500000,no_category_grid,0.6,0.78350768,grid,True,0.5,0.5,0,10,5000,0,2.8434,0.08919417021,0.02820567319,2.779594334,2.907205666,0.1558,0.02541128358,0.008035753439,0.1376218628,0.1739781372,2.6876,0.09003604217,0.02847189648,2.623192095,2.752007905,-1.4978,0.1325257208,0.04190831262,-1.59260319,-1.40299681,-0.955,0.1066968707,0.03374051307,-1.031326343,-0.8786736567,0.5428,0.06288755397,0.0198867907,0.497812954,0.587787046,3.336,0.09654014709,0.03052867504,3.266939339,3.405060661,2.1072,0.0681514653,0.02155138562,2.058447379,2.155952621,3.4294,0.08695362749,0.02749715137,3.367197122,3.491602878,-1.2288,0.1129058605,0.03570396803,-1.309567987,-1.148032013,1.1898,0.07393360385,0.02337985838,1.136911086,1.242688914
grid_beta_0p600000_kappa_0p600000,no_category_grid,0.6,0.78350768,grid,True,0.6,0.4,0,10,5000,0,3.0036,0.1006149978,0.03181725597,2.931624366,3.075575634,0.2176,0.02264312503,0.007160384844,0.2014020841,0.2337979159,2.786,0.1077693009,0.03407964528,2.708906486,2.863093514,-1.5962,0.138719381,0.04386691996,-1.695433867,-1.496966133,-1.1152,0.1039538359,0.0328730893,-1.189564094,-1.040835906,0.481,0.05528310974,0.01748205429,0.4414528457,0.5205471543,3.2182,0.09376779831,0.02965198138,3.151122558,3.285277442,1.8222,0.0572048949,0.01808977612,1.781278083,1.863121917,3.5966,0.108762943,0.0343938625,3.518795678,3.674404322,-1.396,0.1157852418,0.03661450836,-1.478827772,-1.313172228,1.1898,0.07393360385,0.02337985838,1.136911086,1.242688914
grid_beta_0p600000_kappa_0p700000,no_category_grid,0.6,0.78350768,grid,True,0.7,0.3,0,10,5000,0,3.107,0.1137336069,0.03596572442,3.025639879,3.188360121,0.2692,0.05030749889,0.01590862799,0.2332121832,0.3051878168,2.8378,0.1297123313,0.04101864075,2.745009388,2.930590612,-1.648,0.1556291889,0.04921427074,-1.759330415,-1.536669585,-1.2186,0.1061405776,0.03356459775,-1.294528395,-1.142671605,0.4294,0.07760899146,0.02454211799,0.373881872,0.484918128,3.1038,0.1128674739,0.03569182913,3.023059473,3.184540527,1.583,0.05785230236,0.01829450434,1.541614956,1.624385044,3.7214,0.1263963783,0.03997004434,3.630981478,3.811818522,-1.5208,0.1327393436,0.04197586608,-1.615756006,-1.425843994,1.1898,0.07393360385,0.02337985838,1.136911086,1.242688914
grid_beta_0p600000_kappa_0p800000,no_category_grid,0.6,0.78350768,grid,True,0.8,0.2,0,10,5000,0,3.1326,0.1096379902,0.0346705767,3.054169707,3.211030293,0.3064,0.05674739348,0.01794510147,0.2658053602,0.3469946398,2.8262,0.1263133669,0.03994379384,2.735840861,2.916559139,-1.6364,0.1563267234,0.0494348505,-1.748229401,-1.524570599,-1.2442,0.1042366965,0.03296253766,-1.318766441,-1.169633559,0.3922,0.07086418936,0.02240922429,0.3415068128,0.4428931872,2.9544,0.1176087676,0.03719115785,2.870267756,3.038532244,1.3932,0.06630702996,0.02096812396,1.345766808,1.440633192,3.7618,0.1382829627,0.04372891238,3.662878328,3.860721672,-1.5612,0.1360529309,0.04302371439,-1.658526404,-1.463873596,1.1898,0.07393360385,0.02337985838,1.136911086,1.242688914
grid_beta_0p600000_kappa_0p900000,no_category_grid,0.6,0.78350768,grid,True,0.9,0.1,0,10,5000,0,3.097,0.1167076119,0.03690618738,3.013512404,3.180487596,0.3296,0.07336847643,0.0232011494,0.2771153537,0.3820846463,2.7674,0.1432543969,0.04530101789,2.664921978,2.869878022,-1.5776,0.1756101743,0.05553281312,-1.703223951,-1.451976049,-1.2086,0.1125148879,0.03558033165,-1.289088302,-1.128111698,0.369,0.0835716592,0.02642767909,0.3092164364,0.4287835636,2.798,0.1213150169,0.03836317679,2.711216465,2.884783535,1.2406,0.07103082273,0.02246191839,1.18978761,1.29141239,3.758,0.1380499105,0.04365521478,3.659245043,3.856754957,-1.5574,0.1411194923,0.0446259018,-1.658350803,-1.456449197,1.1898,0.07393360385,0.02337985838,1.136911086,1.242688914
grid_beta_0p600000_kappa_1p000000,no_category_grid,0.6,0.78350768,grid,True,1,0,0,10,5000,0,3.0248,0.1132635079,0.03581706608,2.943776167,3.105823833,0.3522,0.05688545997,0.01798876192,0.3115065934,0.3928934066,2.6726,0.1405862329,0.04445727037,2.572030667,2.773169333,-1.4828,0.1678178907,0.05306867668,-1.602849687,-1.362750313,-1.1364,0.109863754,0.0347419695,-1.214991795,-1.057808205,0.3464,0.07568824949,0.02393472605,0.292255888,0.400544112,2.6222,0.1194262208,0.03776588702,2.536767628,2.707632372,1.1124,0.06545430976,0.02069847015,1.065576807,1.159223193,3.7104,0.1355541712,0.04286599274,3.613430387,3.807369613,-1.5098,0.1381479079,0.04368620428,-1.60862506,-1.41097494,1.1898,0.07393360385,0.02337985838,1.136911086,1.242688914
grid_beta_0p700000_kappa_0p000000,no_category_grid,0.7,0.9140922933,grid,True,0,1,0,10,5000,0,1.6902,0.05052128264,0.01597623235,1.654059252,1.726340748,0.0256,0.005796550698,0.001833030278,0.02145339743,0.02974660257,1.6646,0.05056173344,0.01598902401,1.628430315,1.700769685,-0.4748,0.1060071276,0.03352239716,-0.5506329308,-0.3989670692,0.1982,0.08204307812,0.02594429931,0.1395099175,0.2568900825,0.673,0.0426484336,0.01348661888,0.6424911485,0.7035088515,3.729,0.09152170356,0.02894170386,3.663529317,3.794470683,3.7368,0.09408837453,0.02975335649,3.669493232,3.804106768,2.1928,0.06384843163,0.0201906469,2.147125583,2.238474417,0.0078,0.08999481467,0.02845885919,-0.05657841217,0.07217841217,1.1898,0.07393360385,0.02337985838,1.136911086,1.242688914
grid_beta_0p700000_kappa_0p100000,no_category_grid,0.7,0.9140922933,grid,True,0.1,0.9,0,10,5000,0,1.8816,0.04948445323,0.0156483581,1.846200955,1.916999045,0.0318,0.01129208179,0.003570869798,0.02372213131,0.03987786869,1.8498,0.05207217214,0.01646666667,1.812549812,1.887050188,-0.66,0.1051897756,0.03326392774,-0.7352482324,-0.5847517676,0.0068,0.08419659534,0.02662530125,-0.05343061593,0.06703061593,0.6668,0.04239706489,0.01340712912,0.6364709668,0.6971290332,3.7116,0.09216314038,0.02914454399,3.645670461,3.777529539,3.512,0.0913114329,0.02887521044,3.446679736,3.577320264,2.4002,0.063752647,0.02016035714,2.354594104,2.445805896,-0.1996,0.08620286151,0.02725973832,-0.2612658123,-0.1379341877,1.1898,0.07393360385,0.02337985838,1.136911086,1.242688914
grid_beta_0p700000_kappa_0p200000,no_category_grid,0.7,0.9140922933,grid,True,0.2,0.8,0,10,5000,0,2.1128,0.06332420987,0.02002487342,2.067500589,2.158099411,0.0372,0.007955431408,0.002515728302,0.0315090272,0.0428909728,2.0756,0.06544751926,0.02069632281,2.028781665,2.122418335,-0.8858,0.1107728406,0.03502944793,-0.9650421165,-0.8065578835,-0.2244,0.09138344124,0.02889798148,-0.2897717758,-0.1590282242,0.6614,0.04427238919,0.01400015873,0.6297294407,0.6930705593,3.6878,0.09260885487,0.02928549129,3.621551616,3.754048384,3.245,0.0874439503,0.02765220506,3.182446366,3.307553634,2.6434,0.07335181585,0.02319588086,2.590927272,2.695872728,-0.4428,0.09811648406,0.03102715656,-0.5129883045,-0.3726116955,1.1898,0.07393360385,0.02337985838,1.136911086,1.242688914
grid_beta_0p700000_kappa_0p300000,no_category_grid,0.7,0.9140922933,grid,True,0.3,0.7,0,10,5000,0,2.3536,0.06586720648,0.02082903956,2.306481439,2.400718561,0.0522,0.01089138293,0.003444157694,0.044408774,0.059991226,2.3014,0.07234516032,0.02287754843,2.24964739,2.35315261,-1.1116,0.1140362515,0.03606142907,-1.19317662,-1.03002338,-0.4652,0.09621365115,0.03042542796,-0.5340270998,-0.3963729002,0.6464,0.04476903692,0.01415721253,0.6143741603,0.6784258397,3.6554,0.09131167626,0.0288752874,3.590079562,3.720720438,2.9506,0.08439615578,0.0266884078,2.890226627,3.010973373,2.9054,0.07662926624,0.02423230167,2.850582725,2.960217275,-0.7048,0.1010223298,0.03194606566,-0.7770670213,-0.6325329787,1.1898,0.07393360385,0.02337985838,1.136911086,1.242688914
grid_beta_0p700000_kappa_0p400000,no_category_grid,0.7,0.9140922933,grid,True,0.4,0.6,0,10,5000,0,2.6044,0.06289886062,0.01989036618,2.559404866,2.649395134,0.0752,0.02177052033,0.00688444301,0.05962630793,0.09077369207,2.5292,0.07764420276,0.02455325278,2.473656683,2.584743317,-1.3394,0.1312302472,0.0414986479,-1.433276464,-1.245523536,-0.716,0.09949651027,0.03146355917,-0.7871755157,-0.6448244843,0.6234,0.05334208262,0.01686824762,0.5852413728,0.6615586272,3.611,0.0933868894,0.02953152741,3.544195044,3.677804956,2.6328,0.07630465254,0.02412964981,2.57821494,2.68738506,3.1788,0.06749617273,0.02134416392,3.130516147,3.227083853,-0.9782,0.09902390284,0.03131410758,-1.049037433,-0.9073625672,1.1898,0.07393360385,0.02337985838,1.136911086,1.242688914
grid_beta_0p700000_kappa_0p500000,no_category_grid,0.7,0.9140922933,grid,True,0.5,0.5,0,10,5000,0,2.8366,0.06951290847,0.02198191176,2.786873461,2.886326539,0.1072,0.03017283547,0.009541488354,0.08561565378,0.1287843462,2.7294,0.08316008658,0.0262975284,2.669910858,2.788889142,-1.5396,0.1326107085,0.04193518809,-1.634463986,-1.444736014,-0.9482,0.09383413262,0.02967295813,-1.015324895,-0.8810751052,0.5914,0.06010398397,0.01900654858,0.5484042,0.6343958,3.548,0.08941787045,0.02827641341,3.484034309,3.611965691,2.3216,0.06800522856,0.0215051415,2.27295199,2.37024801,3.427,0.06980767229,0.02207512426,3.3770626,3.4769374,-1.2264,0.09777434337,0.03091896218,-1.296343552,-1.156456448,1.1898,0.07393360385,0.02337985838,1.136911086,1.242688914
grid_beta_0p700000_kappa_0p600000,no_category_grid,0.7,0.9140922933,grid,True,0.6,0.4,0,10,5000,0,3.0164,0.09093000971,0.02875459384,2.95135259,3.08144741,0.1494,0.03668544973,0.01160095781,0.1231568102,0.1756431898,2.867,0.1043807134,0.03300807982,2.792330536,2.941669464,-1.6772,0.1489166807,0.04709158925,-1.783728576,-1.570671424,-1.128,0.1034730239,0.03272104318,-1.202020142,-1.053979858,0.5492,0.0601346637,0.01901625036,0.506182253,0.592217747,3.4684,0.08714126462,0.02755648744,3.406062895,3.530737105,2.042,0.05949416405,0.01881370659,1.999440439,2.084559561,3.627,0.09075608336,0.02869959349,3.562077009,3.691922991,-1.4264,0.1017482733,0.03217562915,-1.49918633,-1.35361367,1.1898,0.07393360385,0.02337985838,1.136911086,1.242688914
grid_beta_0p700000_kappa_0p700000,no_category_grid,0.7,0.9140922933,grid,True,0.7,0.3,0,10,5000,0,3.142,0.0936423456,0.02961230975,3.075012301,3.208987699,0.1954,0.0376657817,0.011910966,0.1684555229,0.2223444771,2.9466,0.08680527378,0.02745023781,2.884503248,3.008696752,-1.7568,0.1247119347,0.03943737652,-1.846013544,-1.667586456,-1.2536,0.09506395508,0.03006186214,-1.321604657,-1.185595343,0.5032,0.04584224156,0.01449658964,0.4704064359,0.5359935641,3.375,0.0990633916,0.03132659502,3.304134319,3.445865681,1.804,0.0653401357,0.02066236514,1.757258483,1.850741517,3.7716,0.109458465,0.03461380585,3.693298131,3.849901869,-1.571,0.1150854755,0.03639322281,-1.65332719,-1.48867281,1.1898,0.07393360385,0.02337985838,1.136911086,1.242688914
grid_beta_0p700000_kappa_0p800000,no_category_grid,0.7,0.9140922933,grid,True,0.8,0.2,0,10,5000,0,3.2022,0.08952442249,0.02831010813,3.138158086,3.266241914,0.2298,0.05673681932,0.01794175762,0.1892129245,0.2703870755,2.9724,0.09594813414,0.03034146411,2.90376284,3.04103716,-1.7826,0.1275340477,0.04032980701,-1.873832362,-1.691367638,-1.3138,0.09046767378,0.02860839038,-1.378516675,-1.249083325,0.4688,0.06739073461,0.02131082146,0.4205915726,0.5170084274,3.2606,0.1057966603,0.03345584154,3.184917628,3.336282372,1.6108,0.07700620466,0.02435150007,1.55571308,1.66588692,3.8504,0.1099284616,0.03476243183,3.771761916,3.929038084,-1.6498,0.1137422036,0.03596844296,-1.731166271,-1.568433729,1.1898,0.07393360385,0.02337985838,1.136911086,1.242688914
grid_beta_0p700000_kappa_0p900000,no_category_grid,0.7,0.9140922933,grid,True,0.9,0.1,0,10,5000,0,3.2052,0.1025939136,0.03244304411,3.131808735,3.278591265,0.2648,0.04204970604,0.0132972846,0.2347194524,0.2948805476,2.9404,0.09145636482,0.02892104194,2.874976058,3.005823942,-1.7506,0.1302546224,0.04119012827,-1.843778544,-1.657421456,-1.3168,0.101658251,0.03214716162,-1.389521932,-1.244078068,0.4338,0.06193509147,0.01958559561,0.3894943046,0.4781056954,3.1344,0.1010029703,0.03193994364,3.062146828,3.206653172,1.4496,0.0833455991,0.02635619261,1.38997815,1.50922185,3.8854,0.1199001436,0.03791575457,3.799628604,3.971171396,-1.6848,0.1210076214,0.0382659698,-1.771363638,-1.598236362,1.1898,0.07393360385,0.02337985838,1.136911086,1.242688914
grid_beta_0p700000_kappa_1p000000,no_category_grid,0.7,0.9140922933,grid,True,1,0,0,10,5000,0,3.1462,0.09550543905,0.03020147163,3.077879525,3.214520475,0.2696,0.0359110011,0.01135605565,0.2439108174,0.2952891826,2.8766,0.09422455448,0.02979642037,2.809195814,2.944004186,-1.6868,0.1151354758,0.03640903429,-1.769162958,-1.604437042,-1.2578,0.09123571425,0.0288512661,-1.323066098,-1.192533902,0.429,0.05980152358,0.01891090221,0.3862205671,0.4717794329,2.9684,0.1043191684,0.03298861757,2.893774562,3.043025438,1.3164,0.08405183586,0.02657952428,1.256272939,1.376527061,3.8526,0.1161992542,0.03674543055,3.769476061,3.935723939,-1.652,0.1235871263,0.03908168085,-1.740408904,-1.563591096,1.1898,0.07393360385,0.02337985838,1.136911086,1.242688914
grid_beta_0p765787_kappa_0p000000,no_category_grid,0.7657870054,1,fitted,False,0,1,0,10,5000,0,1.6652,0.04150716136,0.01312571691,1.635507565,1.694892435,0.0208,0.006477310827,0.002048305533,0.01616641097,0.02543358903,1.6444,0.04579956332,0.01448309359,1.611636966,1.677163034,-0.4546,0.09291836321,0.02938336642,-0.5210697928,-0.3881302072,0.2232,0.07106929326,0.02247408384,0.1723600903,0.2740399097,0.6778,0.04639396512,0.01467105995,0.6446117567,0.7109882433,3.7812,0.09617206802,0.03041227822,3.712402647,3.849997353,3.8284,0.08660407997,0.02738661474,3.766447173,3.890352827,2.1534,0.05632485143,0.01781148194,2.113107629,2.193692371,0.0472,0.08368299973,0.02646288806,-0.01266321177,0.1070632118,1.1898,0.07393360385,0.02337985838,1.136911086,1.242688914
grid_beta_0p765787_kappa_0p100000,no_category_grid,0.7657870054,1,fitted,False,0.1,0.9,0,10,5000,0,1.8576,0.05068245368,0.0160271991,1.821343957,1.893856043,0.0226,0.004005551703,0.001266666667,0.01973460093,0.02546539907,1.835,0.05050192516,0.01597011097,1.798873099,1.871126901,-0.6452,0.1039880335,0.03288390353,-0.7195885579,-0.5708114421,0.0308,0.08326770749,0.02633156112,-0.0287661296,0.0903661296,0.676,0.04579179936,0.01448063841,0.6432425201,0.7087574799,3.7662,0.0968593482,0.0306296153,3.696910996,3.835489004,3.6066,0.09436595431,0.02984113492,3.539094663,3.674105337,2.3602,0.06507738983,0.0205792776,2.31364644,2.40675356,-0.1596,0.08802423909,0.02783570848,-0.2225687473,-0.09663125268,1.1898,0.07393360385,0.02337985838,1.136911086,1.242688914
grid_beta_0p765787_kappa_0p200000,no_category_grid,0.7657870054,1,fitted,False,0.2,0.8,0,10,5000,0,2.073,0.04364757853,0.01380257625,2.041776403,2.104223597,0.0262,0.004848825746,0.001533333333,0.02273135902,0.02966864098,2.0468,0.04611290492,0.01458218091,2.013812815,2.079787185,-0.857,0.09445163371,0.02986822913,-0.9245666285,-0.7894333715,-0.1846,0.07603537189,0.02404449579,-0.2389924284,-0.1302075716,0.6724,0.04515454942,0.01427912229,0.6400983812,0.7047016188,3.7462,0.09455603865,0.02990124486,3.678558685,3.813841315,3.3576,0.08300896873,0.02624974074,3.298218961,3.416981039,2.5892,0.05349309405,0.01691600163,2.550933346,2.627466654,-0.3886,0.08317611837,0.0263025981,-0.4481006107,-0.3290993893,1.1898,0.07393360385,0.02337985838,1.136911086,1.242688914
grid_beta_0p765787_kappa_0p300000,no_category_grid,0.7657870054,1,fitted,False,0.3,0.7,0,10,5000,0,2.3184,0.04896075526,0.01548275026,2.283375586,2.353424414,0.0396,0.009371351142,0.002963481436,0.03289613924,0.04630386076,2.2788,0.05364243759,0.0169632282,2.240426512,2.317173488,-1.089,0.09312953941,0.0294501462,-1.155620859,-1.022379141,-0.43,0.07521229214,0.02378421512,-0.4838036326,-0.3761963674,0.659,0.05080901057,0.01606721991,0.6226534234,0.6953465766,3.7222,0.09722573962,0.03074547844,3.652648896,3.791751104,3.0664,0.07790478519,0.02463565618,3.010670274,3.122129726,2.8564,0.05826987024,0.01842655089,2.814716246,2.898083754,-0.6558,0.08519493986,0.02694100551,-0.7167447886,-0.5948552114,1.1898,0.07393360385,0.02337985838,1.136911086,1.242688914
grid_beta_0p765787_kappa_0p400000,no_category_grid,0.7657870054,1,fitted,False,0.4,0.6,0,10,5000,0,2.5698,0.04667095218,0.01475865095,2.536413612,2.603186388,0.0516,0.01161608081,0.003673327284,0.04329035637,0.05990964363,2.5182,0.0471918072,0.01492335976,2.484441015,2.551958985,-1.3284,0.09710841593,0.03070837743,-1.397867176,-1.258932824,-0.6814,0.08229513284,0.02602400601,-0.7402703916,-0.6225296084,0.647,0.05272359792,0.01667266559,0.6092838101,0.6847161899,3.6894,0.09584269519,0.03030812139,3.620838266,3.757961734,2.7586,0.07610548235,0.02406666667,2.704157418,2.813042582,3.1314,0.05578570108,0.01764098763,3.091493313,3.171306687,-0.9308,0.08908023849,0.02816964481,-0.9945241638,-0.8670758362,1.1898,0.07393360385,0.02337985838,1.136911086,1.242688914
grid_beta_0p765787_kappa_0p500000,no_category_grid,0.7657870054,1,fitted,False,0.5,0.5,0,10,5000,0,2.8088,0.06234812659,0.01971620879,2.764198837,2.853401163,0.0862,0.02902029941,0.009177024451,0.0654401284,0.1069598716,2.7226,0.06081702978,0.01923203346,2.679094118,2.766105882,-1.5328,0.1143025226,0.03614563136,-1.614567099,-1.451032901,-0.9204,0.0868091137,0.0274514521,-0.982499499,-0.858300501,0.6124,0.05803294084,0.01835162724,0.570885735,0.653914265,3.6438,0.09503426283,0.03005247263,3.575816584,3.711783416,2.4512,0.07506560094,0.02373782729,2.397501304,2.504898696,3.3932,0.0783507782,0.02477669156,3.33715123,3.44924877,-1.1926,0.1037092088,0.03279573143,-1.266789099,-1.118410901,1.1898,0.07393360385,0.02337985838,1.136911086,1.242688914
grid_beta_0p765787_kappa_0p600000,no_category_grid,0.7657870054,1,fitted,False,0.6,0.4,0,10,5000,0,3.002,0.08254291813,0.0261023626,2.942952353,3.061047647,0.1226,0.02641632492,0.008353575415,0.1037028995,0.1414971005,2.8794,0.08341622544,0.02637852662,2.819727627,2.939072373,-1.6896,0.1253148923,0.03962804843,-1.779244874,-1.599955126,-1.1136,0.09274481118,0.02932848445,-1.179945641,-1.047254359,0.576,0.05874237539,0.01857597014,0.5339782361,0.6180217639,3.5774,0.08193791688,0.02591104441,3.518785145,3.636014855,2.171,0.06398784607,0.02023473361,2.125225852,2.216774148,3.607,0.08684724777,0.02746351115,3.544873222,3.669126778,-1.4064,0.1019315675,0.03223359186,-1.479317451,-1.333482549,1.1898,0.07393360385,0.02337985838,1.136911086,1.242688914
grid_beta_0p765787_kappa_0p700000,no_category_grid,0.7657870054,1,fitted,False,0.7,0.3,0,10,5000,0,3.1434,0.07684934757,0.0243018975,3.088425288,3.198374712,0.1584,0.02929998104,0.009265467548,0.1374400562,0.1793599438,2.985,0.08338531712,0.02636875255,2.925349738,3.044650262,-1.7952,0.1178933605,0.03728115401,-1.87953583,-1.71086417,-1.255,0.07351039231,0.02324602714,-1.307586167,-1.202413833,0.5402,0.0675702104,0.02136757668,0.4918631834,0.5885368166,3.5024,0.08822093478,0.02789790912,3.439290545,3.565509455,1.933,0.06622688276,0.02094277919,1.885624142,1.980375858,3.77,0.09404490653,0.0297396107,3.702724327,3.837275673,-1.5694,0.09662780828,0.03055639595,-1.63852337,-1.50027663,1.1898,0.07393360385,0.02337985838,1.136911086,1.242688914
grid_beta_0p765787_kappa_0p800000,no_category_grid,0.7657870054,1,fitted,False,0.8,0.2,0,10,5000,0,3.212,0.08748841193,0.02766626506,3.14941456,3.27458544,0.193,0.04746226571,0.01500888626,0.1590475404,0.2269524596,3.019,0.09280445392,0.02934734514,2.952611693,3.085388307,-1.8292,0.1275659307,0.04033988927,-1.920455169,-1.737944831,-1.3236,0.08152327548,0.02577992328,-1.381918238,-1.265281762,0.5056,0.07199259221,0.0227660566,0.454099602,0.557100398,3.4086,0.08591494502,0.02716869113,3.347140151,3.470059849,1.7442,0.0849493967,0.02686335794,1.683430862,1.804969138,3.865,0.1113602762,0.03521521136,3.785337657,3.944662343,-1.6644,0.1061813962,0.0335775057,-1.740357595,-1.588442405,1.1898,0.07393360385,0.02337985838,1.136911086,1.242688914
grid_beta_0p765787_kappa_0p900000,no_category_grid,0.7657870054,1,fitted,False,0.9,0.1,0,10,5000,0,3.225,0.1001787292,0.03167929573,3.153336454,3.296663546,0.2236,0.03950583642,0.0124928424,0.1953392271,0.2518607729,3.0014,0.09290879638,0.02938034112,2.934937051,3.067862949,-1.8116,0.129853935,0.04106341979,-1.904491909,-1.718708091,-1.3366,0.09093611921,0.02875652583,-1.401651781,-1.271548219,0.475,0.06425815988,0.02032021435,0.4290324816,0.5209675184,3.2964,0.08900337072,0.02814533709,3.232730824,3.360069176,1.5898,0.09466877932,0.0299368966,1.522078035,1.657521965,3.9072,0.1340852134,0.04240146748,3.811281217,4.003118783,-1.7066,0.1298890125,0.04107451224,-1.799517002,-1.613682998,1.1898,0.07393360385,0.02337985838,1.136911086,1.242688914
grid_beta_0p765787_kappa_1p000000,no_category_grid,0.7657870054,1,fitted,False,1,0,0,10,5000,0,3.1728,0.08939400924,0.02826886784,3.108851378,3.236748622,0.234,0.04733802794,0.01496959882,0.2001364148,0.2678635852,2.9388,0.1000897375,0.0316511541,2.867200115,3.010399885,-1.749,0.1301563163,0.04115904113,-1.84210822,-1.65589178,-1.2844,0.08204497412,0.02594489888,-1.343091439,-1.225708561,0.4646,0.07306648418,0.02310565106,0.4123313859,0.5168686141,3.1426,0.09020987874,0.02852686843,3.07806774,3.20713226,1.4488,0.0949535559,0.03002695086,1.380874318,1.516725682,3.8944,0.1260151666,0.03984949463,3.80425418,3.98454582,-1.6938,0.1268891029,0.04012585755,-1.784570996,-1.603029004,1.1898,0.07393360385,0.02337985838,1.136911086,1.242688914
grid_beta_0p800000_kappa_0p000000,no_category_grid,0.8,1.044676907,grid,True,0,1,0,10,5000,0,1.6546,0.05060566503,0.0160029164,1.618398888,1.690801112,0.0186,0.007426678636,0.002348521994,0.01328727415,0.02391272585,1.636,0.05245103537,0.01658647374,1.59847879,1.67352121,-0.4462,0.09500619863,0.03004359795,-0.5141633403,-0.3782366597,0.2338,0.0808040153,0.02555247324,0.1759962896,0.2916037104,0.68,0.04428192508,0.01400317424,0.6483226191,0.7116773809,3.8028,0.09884308552,0.03125692812,3.732091916,3.873508084,3.8684,0.0853374999,0.02698608695,3.80735323,3.92944677,2.135,0.05541159125,0.01752268371,2.095360936,2.174639064,0.0656,0.08290181609,0.0262158561,0.006295613342,0.1249043867,1.1898,0.07393360385,0.02337985838,1.136911086,1.242688914
grid_beta_0p800000_kappa_0p100000,no_category_grid,0.8,1.044676907,grid,True,0.1,0.9,0,10,5000,0,1.8322,0.04510186003,0.01426246044,1.799936073,1.864463927,0.0188,0.007192588778,0.002274496281,0.01365473195,0.02394526805,1.8134,0.04637096793,0.0146637876,1.780228208,1.846571792,-0.6236,0.09568373831,0.03025785481,-0.692048023,-0.555151977,0.0562,0.07642832517,0.02416875853,0.001526469775,0.1108735302,0.6798,0.04395401638,0.01389948041,0.6483571908,0.7112428092,3.7884,0.09816901525,0.03104376839,3.718174117,3.858625883,3.6628,0.08814230917,0.02787304552,3.59974679,3.72585321,2.3262,0.06046817345,0.0191217154,2.282943675,2.369456325,-0.1256,0.08357458412,0.02642860403,-0.1853856559,-0.06581434408,1.1898,0.07393360385,0.02337985838,1.136911086,1.242688914
grid_beta_0p800000_kappa_0p200000,no_category_grid,0.8,1.044676907,grid,True,0.2,0.8,0,10,5000,0,2.0458,0.03892385729,0.01230880444,2.01795555,2.07364445,0.0244,0.006979334575,0.002207059381,0.01940728481,0.02939271519,2.0214,0.04079270087,0.01289978467,1.99221866,2.05058134,-0.8316,0.09257693497,0.02927539733,-0.8978255498,-0.7653744502,-0.1574,0.07806578423,0.02468656855,-0.2132448979,-0.1015551021,0.6742,0.04364961499,0.01380322024,0.6429749465,0.7054250535,3.7716,0.09745107034,0.03081673427,3.701887704,3.841312296,3.415,0.08526168867,0.02696211334,3.354007462,3.475992538,2.5572,0.04965838857,0.01570336128,2.521676529,2.592723471,-0.3566,0.08727504416,0.02759879224,-0.4190328056,-0.2941671944,1.1898,0.07393360385,0.02337985838,1.136911086,1.242688914
grid_beta_0p800000_kappa_0p300000,no_category_grid,0.8,1.044676907,grid,True,0.3,0.7,0,10,5000,0,2.2996,0.05079632533,0.01606320848,2.263262498,2.335937502,0.0342,0.005921711464,0.001872609587,0.02996386281,0.03843613719,2.2654,0.04888126203,0.01545761229,2.230432452,2.300367548,-1.0756,0.08589813088,0.02716337403,-1.137047821,-1.014152179,-0.4112,0.07278705624,0.02301728819,-0.4632687233,-0.3591312767,0.6644,0.04634939769,0.01465696649,0.6312436383,0.6975563617,3.749,0.09849647484,0.0311473202,3.678539867,3.819460133,3.1226,0.0786895447,0.02488381893,3.066308891,3.178891109,2.827,0.05831142446,0.01843969149,2.78528652,2.86871348,-0.6264,0.08712596245,0.02755164847,-0.6887261589,-0.5640738411,1.1898,0.07393360385,0.02337985838,1.136911086,1.242688914
grid_beta_0p800000_kappa_0p400000,no_category_grid,0.8,1.044676907,grid,True,0.4,0.6,0,10,5000,0,2.5494,0.04832344726,0.01528121577,2.514831488,2.583968512,0.0436,0.01210325943,0.003827386692,0.03494184978,0.05225815022,2.5058,0.04547477933,0.01438038788,2.473269303,2.538330697,-1.316,0.09675168675,0.03059556976,-1.385211987,-1.246788013,-0.661,0.08308095115,0.02627250358,-0.7204325322,-0.6015674678,0.655,0.05376698698,0.01700261418,0.6165374146,0.6934625854,3.7184,0.09871530333,0.03121651984,3.647783326,3.789016674,2.8214,0.08162815418,0.02581308884,2.763006736,2.879793264,3.0976,0.05365569246,0.01696741976,3.05921703,3.13598297,-0.897,0.09345349408,0.02955258966,-0.9638526024,-0.8301473976,1.1898,0.07393360385,0.02337985838,1.136911086,1.242688914
grid_beta_0p800000_kappa_0p500000,no_category_grid,0.8,1.044676907,grid,True,0.5,0.5,0,10,5000,0,2.7858,0.05496220924,0.01738057664,2.746482404,2.825117596,0.065,0.01883849487,0.005957255147,0.0515237526,0.0784762474,2.7208,0.06053245227,0.01914204215,2.677497692,2.764102308,-1.531,0.1129729564,0.03572518564,-1.611815985,-1.450184015,-0.8974,0.08131721152,0.02571476014,-0.9555708288,-0.8392291712,0.6336,0.05750980593,0.01818619745,0.5924599632,0.6747400368,3.675,0.09639847855,0.03048387552,3.606040683,3.743959317,2.5234,0.07074869453,0.02237270162,2.472789433,2.574010567,3.3522,0.06792446785,0.02147960273,3.303609763,3.400790237,-1.1516,0.1005531369,0.03179769384,-1.223531381,-1.079668619,1.1898,0.07393360385,0.02337985838,1.136911086,1.242688914
grid_beta_0p800000_kappa_0p600000,no_category_grid,0.8,1.044676907,grid,True,0.6,0.4,0,10,5000,0,2.9794,0.08335226452,0.0263583004,2.919773382,3.039026618,0.0934,0.02011190913,0.006359944095,0.07901280691,0.1077871931,2.886,0.08969082698,0.02836272985,2.821839048,2.950160952,-1.6962,0.1384018304,0.04376650165,-1.795206705,-1.597193295,-1.091,0.1033494611,0.0326819692,-1.164931751,-1.017068249,0.6052,0.0571874112,0.01808424729,0.5642905905,0.6461094095,3.6214,0.09480295354,0.02997932621,3.553582052,3.689217948,2.2456,0.07025540707,0.02221671043,2.195342309,2.295857691,3.5764,0.08695234966,0.02749674728,3.514198036,3.638601964,-1.3758,0.1151866119,0.03642520495,-1.458199538,-1.293400462,1.1898,0.07393360385,0.02337985838,1.136911086,1.242688914
grid_beta_0p800000_kappa_0p700000,no_category_grid,0.8,1.044676907,grid,True,0.7,0.3,0,10,5000,0,3.1358,0.07270916189,0.02299265583,3.083786999,3.187813001,0.1346,0.02963556422,0.009371588268,0.1133999945,0.1558000055,3.0012,0.07963918633,0.02518412198,2.944229558,3.058170442,-1.8114,0.1135333529,0.03590239856,-1.892616868,-1.730183132,-1.2474,0.07647250777,0.02418273029,-1.302105137,-1.192694863,0.564,0.06353301854,0.02009090452,0.5185512164,0.6094487836,3.5488,0.09379030985,0.02965910016,3.481706454,3.615893546,1.9952,0.0642508971,0.02031791765,1.949237677,2.041162323,3.7542,0.08378517503,0.02649519873,3.694263696,3.814136304,-1.5536,0.09681046775,0.03061415794,-1.622854037,-1.484345963,1.1898,0.07393360385,0.02337985838,1.136911086,1.242688914
grid_beta_0p800000_kappa_0p800000,no_category_grid,0.8,1.044676907,grid,True,0.8,0.2,0,10,5000,0,3.2044,0.09495636425,0.03002783894,3.136472309,3.272327691,0.1598,0.04644183937,0.01468619911,0.1265775095,0.1930224905,3.0446,0.09804330109,0.03100401408,2.974464047,3.114735953,-1.8548,0.1299168965,0.04108332995,-1.947736949,-1.761863051,-1.316,0.08628119404,0.02728450924,-1.377721848,-1.254278152,0.5388,0.07099420947,0.02245034026,0.488013802,0.589586198,3.4612,0.09751216448,0.03083605393,3.391444,3.530956,1.8142,0.08218921259,0.02599051109,1.755405379,1.872994621,3.8476,0.1045489784,0.03306128989,3.772810166,3.922389834,-1.647,0.1020163386,0.03226039884,-1.719978092,-1.574021908,1.1898,0.07393360385,0.02337985838,1.136911086,1.242688914
grid_beta_0p800000_kappa_0p900000,no_category_grid,0.8,1.044676907,grid,True,0.9,0.1,0,10,5000,0,3.2224,0.1077767239,0.03408199264,3.145301176,3.299498824,0.1958,0.04793004161,0.01515680998,0.1615129137,0.2300870863,3.0266,0.117469807,0.03714721464,2.942567162,3.110632838,-1.8368,0.1382532298,0.04371951001,-1.935700403,-1.737899597,-1.334,0.09052439818,0.02862632821,-1.398757253,-1.269242747,0.5028,0.07547302682,0.02386666667,0.448809849,0.556790151,3.366,0.09386041646,0.02968126981,3.298856303,3.433143697,1.661,0.08721493246,0.02757978326,1.598610196,1.723389804,3.9056,0.1197694081,0.03787441235,3.819922127,3.991277873,-1.705,0.1200675736,0.03796870056,-1.790891168,-1.619108832,1.1898,0.07393360385,0.02337985838,1.136911086,1.242688914
grid_beta_0p800000_kappa_1p000000,no_category_grid,0.8,1.044676907,grid,True,1,0,0,10,5000,0,3.1888,0.0971193996,0.03071185077,3.119324967,3.258275033,0.2098,0.04361905802,0.01379355727,0.1785968056,0.2410031944,2.979,0.1058353018,0.03346806106,2.903289986,3.054710014,-1.7892,0.1313153964,0.04152557445,-1.883137376,-1.695262624,-1.3004,0.08824108391,0.02790428083,-1.363523869,-1.237276131,0.4888,0.0716857339,0.02266901949,0.4375191152,0.5400808848,3.2194,0.08879464448,0.02807933206,3.155880138,3.282919862,1.5186,0.08803055025,0.02783770425,1.455626738,1.581573262,3.9014,0.121322527,0.03836555168,3.814611092,3.988188908,-1.7008,0.1234187092,0.03902842269,-1.789088426,-1.612511574,1.1898,0.07393360385,0.02337985838,1.136911086,1.242688914
grid_beta_0p900000_kappa_0p000000,no_category_grid,0.9,1.17526152,grid,True,0,1,0,10,5000,0,1.612,0.04808326112,0.01520526225,1.577603307,1.646396693,0.015,0.005436502143,0.001719172928,0.01111096065,0.01888903935,1.597,0.04984643083,0.01576282547,1.561342011,1.632657989,-0.4072,0.09605646488,0.0303757213,-0.4759146555,-0.3384853445,0.2764,0.08263870495,0.02613265305,0.2172838317,0.3355161683,0.6836,0.04748613833,0.01501643544,0.649630463,0.717569537,3.861,0.09684466371,0.03062497166,3.791721501,3.930278499,3.983,0.07864547737,0.02486988362,3.926740415,4.039259585,2.0786,0.04715035053,0.01491025002,2.044870671,2.112329329,0.122,0.0881866707,0.02788707387,0.0589150561,0.1850849439,1.1898,0.07393360385,0.02337985838,1.136911086,1.242688914
grid_beta_0p900000_kappa_0p100000,no_category_grid,0.9,1.17526152,grid,True,0.1,0.9,0,10,5000,0,1.7684,0.04425983883,0.01399618996,1.736738419,1.800061581,0.0154,0.005660781257,0.001790096211,0.01135052103,0.01944947897,1.753,0.04746226571,0.01500888626,1.71904754,1.78695246,-0.5632,0.09714685333,0.0307205324,-0.6326946724,-0.4937053276,0.12,0.08220840725,0.02599658097,0.06119164815,0.1788083519,0.6832,0.04766736596,0.01507374465,0.6491008206,0.7172991794,3.8484,0.09786975472,0.0309491339,3.778388195,3.918411805,3.8034,0.09055900471,0.02863727175,3.738617991,3.868182009,2.2456,0.05146563039,0.01627486132,2.208783706,2.282416294,-0.045,0.08666282043,0.0274051901,-0.1069948471,0.01699484708,1.1898,0.07393360385,0.02337985838,1.136911086,1.242688914
grid_beta_0p900000_kappa_0p200000,no_category_grid,0.9,1.17526152,grid,True,0.2,0.8,0,10,5000,0,1.9824,0.05025976964,0.01589353467,1.946446327,2.018353673,0.0182,0.004467164151,0.00141264134,0.01500438327,0.02139561673,1.9642,0.0513761726,0.01624657229,1.9274477,2.0009523,-0.7744,0.1085369369,0.03432239308,-0.8520426473,-0.6967573527,-0.094,0.09055385138,0.02863564213,-0.1587783229,-0.02922167705,0.6804,0.04572186445,0.01445852305,0.6476925485,0.7131074515,3.832,0.09945629973,0.03145084348,3.760853249,3.903146751,3.56,0.08903931716,0.02815670435,3.49630511,3.62369489,2.4726,0.05808078665,0.01836675741,2.431051508,2.514148492,-0.272,0.098499859,0.03114839036,-0.3424625544,-0.2015374456,1.1898,0.07393360385,0.02337985838,1.136911086,1.242688914
grid_beta_0p900000_kappa_0p300000,no_category_grid,0.9,1.17526152,grid,True,0.3,0.7,0,10,5000,0,2.2248,0.04590037521,0.01451497311,2.19196485,2.25763515,0.0222,0.006696599469,0.00211765069,0.01740954132,0.02699045868,2.2026,0.0439600829,0.01390139881,2.171152851,2.234047149,-1.0128,0.0975622878,0.03085190432,-1.082591856,-0.9430081437,-0.3364,0.08140870824,0.02574369394,-0.3946362816,-0.2781637184,0.6764,0.04688330667,0.01482580333,0.6428617028,0.7099382972,3.8108,0.1035039452,0.03273082136,3.736757738,3.884842262,3.283,0.08323594309,0.02632151634,3.223456593,3.342543407,2.7284,0.05535180415,0.01750377737,2.688803705,2.767996295,-0.5278,0.09334499927,0.02951828059,-0.5945749899,-0.4610250101,1.1898,0.07393360385,0.02337985838,1.136911086,1.242688914
grid_beta_0p900000_kappa_0p400000,no_category_grid,0.9,1.17526152,grid,True,0.4,0.6,0,10,5000,0,2.4688,0.0562391718,0.01778438766,2.42856892,2.50903108,0.0312,0.009052930772,0.002862788074,0.02472392345,0.03767607655,2.4376,0.05411756749,0.01711347747,2.398886624,2.476313376,-1.2478,0.1049039773,0.03317355037,-1.322843785,-1.172756215,-0.5804,0.08523327467,0.02695312804,-0.6413722117,-0.5194277883,0.6674,0.04892670255,0.01547198185,0.6323999454,0.7024000546,3.7862,0.1016680874,0.03215027216,3.713471032,3.858928968,2.9976,0.06680518942,0.02112565581,2.949810446,3.045389554,2.9892,0.05725731394,0.01810635248,2.948240585,3.030159415,-0.7886,0.09707751771,0.03069860656,-0.8580450727,-0.7191549273,1.1898,0.07393360385,0.02337985838,1.136911086,1.242688914
grid_beta_0p900000_kappa_0p500000,no_category_grid,0.9,1.17526152,grid,True,0.5,0.5,0,10,5000,0,2.7054,0.05130345451,0.01622357681,2.66869972,2.74210028,0.049,0.01652607367,0.005226003359,0.03717795907,0.06082204093,2.6564,0.04707252088,0.01488563812,2.622726347,2.690073653,-1.4666,0.1048259934,0.03314888971,-1.541587998,-1.391612002,-0.817,0.08074789299,0.02553472581,-0.8747635629,-0.7592364371,0.6496,0.04997599424,0.01580379701,0.6138493274,0.6853506726,3.7552,0.09980959651,0.03156256573,3.683800516,3.826599484,2.7058,0.06077609179,0.01921908773,2.662323403,2.749276597,3.25,0.05507167047,0.01741519133,3.2106041,3.2893959,-1.0494,0.09359510908,0.02959737226,-1.116353908,-0.9824460924,1.1898,0.07393360385,0.02337985838,1.136911086,1.242688914
grid_beta_0p900000_kappa_0p600000,no_category_grid,0.9,1.17526152,grid,True,0.6,0.4,0,10,5000,0,2.9124,0.08160501074,0.02580577024,2.854023292,2.970776708,0.0606,0.0122583305,0.003876424469,0.05183091862,0.06936908138,2.8518,0.07952889063,0.02514924342,2.794908459,2.908691541,-1.662,0.1190182059,0.03763686136,-1.747140496,-1.576859504,-1.024,0.09162241356,0.02897355116,-1.089542726,-0.9584572737,0.638,0.04790731793,0.01514962412,0.6037291693,0.6722708307,3.7116,0.09770158648,0.03089595443,3.641708495,3.781491505,2.428,0.05503130422,0.0174024264,2.388632976,2.467367024,3.4842,0.0807159629,0.02552462863,3.426459279,3.541940721,-1.2836,0.1122370507,0.03549247182,-1.363889549,-1.203310451,1.1898,0.07393360385,0.02337985838,1.136911086,1.242688914
grid_beta_0p900000_kappa_0p700000,no_category_grid,0.9,1.17526152,grid,True,0.7,0.3,0,10,5000,0,3.0732,0.08801616013,0.02783315369,3.010237032,3.136162968,0.0934,0.02332476033,0.007375936852,0.07671447162,0.1100855284,2.9798,0.08554375099,0.02705130927,2.918605687,3.040994313,-1.79,0.1285405254,0.04064808319,-1.881952353,-1.698047647,-1.1848,0.09453606014,0.02989492711,-1.252427023,-1.117172977,0.6052,0.05672702668,0.01793866092,0.5646199297,0.6457800703,3.6576,0.100172296,0.03167726139,3.585941056,3.729258944,2.1878,0.0682703775,0.02158898896,2.138962314,2.236637686,3.6704,0.09844028082,0.03112955009,3.599980065,3.740819935,-1.4698,0.1167121816,0.03690763245,-1.553290865,-1.386309135,1.1898,0.07393360385,0.02337985838,1.136911086,1.242688914
grid_beta_0p900000_kappa_0p800000,no_category_grid,0.9,1.17526152,grid,True,0.8,0.2,0,10,5000,0,3.1766,0.1083002001,0.03424753032,3.099126704,3.254073296,0.1054,0.03046382189,0.009633506342,0.08360749463,0.1271925054,3.0712,0.09938566854,0.03142850794,3.000103776,3.142296224,-1.8814,0.1275340477,0.04032980701,-1.972632362,-1.790167638,-1.2882,0.09684558155,0.0306252619,-1.357479156,-1.218920844,0.5932,0.05857720452,0.01852373852,0.5512963922,0.6351036078,3.5858,0.1032685819,0.03265639294,3.511926107,3.659673893,1.994,0.07791733511,0.02463962482,1.938261296,2.049738704,3.7924,0.1202175805,0.03801613692,3.706401524,3.878398476,-1.5918,0.1253242905,0.0396310204,-1.681451597,-1.502148403,1.1898,0.07393360385,0.02337985838,1.136911086,1.242688914
grid_beta_0p900000_kappa_0p900000,no_category_grid,0.9,1.17526152,grid,True,0.9,0.1,0,10,5000,0,3.2082,0.1267243728,0.04007376532,3.117546845,3.298853155,0.1392,0.03869194576,0.01223546757,0.1115214494,0.1668785506,3.069,0.1228268881,0.03884127244,2.981134937,3.156865063,-1.8792,0.144293528,0.04562962001,-1.982421372,-1.775978628,-1.3198,0.1099957575,0.03478371266,-1.398486225,-1.241113775,0.5594,0.06623896134,0.02094659877,0.5120155016,0.6067844984,3.5136,0.100513349,0.03178511182,3.441697082,3.585502918,1.8444,0.08564422534,0.02708308205,1.783133812,1.905666188,3.8698,0.1273191964,0.04026186506,3.778721334,3.960878666,-1.6692,0.1313796873,0.041545905,-1.763183367,-1.575216633,1.1898,0.07393360385,0.02337985838,1.136911086,1.242688914
grid_beta_0p900000_kappa_1p000000,no_category_grid,0.9,1.17526152,grid,True,1,0,0,10,5000,0,3.1836,0.1224483565,0.03872157022,3.096005723,3.271194277,0.1452,0.03904641113,0.01234755936,0.1172678801,0.1731321199,3.0384,0.1133599969,0.03584757856,2.957307143,3.119492857,-1.8486,0.1294674562,0.04094120445,-1.941215439,-1.755984561,-1.2952,0.0999475418,0.03160618786,-1.366698164,-1.223701836,0.5534,0.06258895891,0.01979236665,0.508626556,0.598173444,3.3902,0.1044751964,0.03303795797,3.315462947,3.464937053,1.711,0.08909046588,0.028172879,1.64726852,1.77473148,3.8798,0.1410325416,0.04459840555,3.778911397,3.980688603,-1.6792,0.142039744,0.04491691095,-1.780809112,-1.577590888,1.1898,0.07393360385,0.02337985838,1.136911086,1.242688914
grid_beta_1p000000_kappa_0p000000,no_category_grid,1,1.305846133,grid,True,0,1,0,10,5000,0,1.5272,0.03722842403,0.01177266136,1.50056839,1.55383161,0.0076,0.004299870799,0.001359738537,0.004524057729,0.01067594227,1.5196,0.0376155996,0.01189509703,1.492691421,1.546508579,-0.3298,0.08635559559,0.02730803707,-0.3915750717,-0.2680249283,0.3612,0.0735705255,0.02326504292,0.3085708165,0.4138291835,0.691,0.04474371464,0.01414920492,0.6589922747,0.7230077253,3.8948,0.1011234669,0.03197804803,3.82246063,3.96713937,4.134,0.07623938906,0.02410901169,4.079461627,4.188538373,1.9614,0.04093409337,0.0129444969,1.932117514,1.990682486,0.2392,0.0795051361,0.02514173158,0.1823254518,0.2960745482,1.1898,0.07393360385,0.02337985838,1.136911086,1.242688914
grid_beta_1p000000_kappa_0p100000,no_category_grid,1,1.305846133,grid,True,0.1,0.9,0,10,5000,0,1.676,0.04086835233,0.01292370776,1.646764542,1.705235458,0.0098,0.003938414797,0.001245436113,0.006982627777,0.01261737222,1.6662,0.0411765845,0.01302117933,1.636744046,1.695655954,-0.4764,0.0925289144,0.02926021189,-0.5425911979,-0.4102088021,0.2124,0.07672635358,0.02426300339,0.1575132731,0.2672867269,0.6888,0.04435413046,0.01402600759,0.6570709665,0.7205290335,3.8828,0.1019551099,0.03224103665,3.809865708,3.955734292,3.962,0.07080489625,0.02239047416,3.911349228,4.012650772,2.1214,0.05087719419,0.01608878146,2.085004648,2.157795352,0.0792,0.08670358188,0.02741808,0.01717599393,0.1412240061,1.1898,0.07393360385,0.02337985838,1.136911086,1.242688914
grid_beta_1p000000_kappa_0p200000,no_category_grid,1,1.305846133,grid,True,0.2,0.8,0,10,5000,0,1.8634,0.04739479578,0.01498755039,1.829495806,1.897304194,0.0124,0.006979334575,0.002207059381,0.007407284813,0.01739271519,1.851,0.04639204913,0.01467045406,1.817813127,1.884186873,-0.6612,0.09546238352,0.03018785628,-0.7294896753,-0.5929103247,0.025,0.07559688412,0.02390583378,-0.02907875313,0.07907875313,0.6862,0.04453662662,0.01408371794,0.6543404166,0.7180595834,3.8672,0.1022771833,0.03234288519,3.794035311,3.940364689,3.749,0.08104456936,0.02562854312,3.691024208,3.806975792,2.3188,0.06078157616,0.01922082204,2.27531948,2.36228052,-0.1182,0.0930588822,0.02942780242,-0.184770314,-0.05162968596,1.1898,0.07393360385,0.02337985838,1.136911086,1.242688914
grid_beta_1p000000_kappa_0p300000,no_category_grid,1,1.305846133,grid,True,0.3,0.7,0,10,5000,0,2.0752,0.04643944683,0.01468544253,2.041979221,2.108420779,0.0134,0.006040603355,0.001910206504,0.009078812674,0.01772118733,2.0618,0.04741729642,0.01499466572,2.02787971,2.09572029,-0.872,0.08899937578,0.02814407378,-0.9356663181,-0.8083336819,-0.1868,0.07589583505,0.02400037037,-0.2410926097,-0.1325073903,0.6852,0.04376909107,0.01384100189,0.6538894784,0.7165105216,3.8454,0.1053757299,0.03332273165,3.770018744,3.920781256,3.5094,0.08059804244,0.0254873389,3.451743634,3.567056366,2.5366,0.06110864641,0.01932425074,2.492885508,2.580314492,-0.336,0.09751581068,0.03083720696,-0.4057586086,-0.2662413914,1.1898,0.07393360385,0.02337985838,1.136911086,1.242688914
grid_beta_1p000000_kappa_0p400000,no_category_grid,1,1.305846133,grid,True,0.4,0.6,0,10,5000,0,2.3056,0.03639047494,0.0115076786,2.279567822,2.331632178,0.0178,0.004565571645,0.001443760522,0.01453398679,0.02106601321,2.2878,0.03604256743,0.01139766058,2.2620167,2.3135833,-1.098,0.08815642663,0.02787750985,-1.161063309,-1.034936691,-0.4172,0.06789665349,0.02147080705,-0.46577034,-0.36862966,0.6808,0.04745243232,0.01500577667,0.6468545748,0.7147454252,3.8234,0.1051265904,0.03324394682,3.748196968,3.898603032,3.2418,0.07437711715,0.0235201096,3.188593816,3.295006184,2.7822,0.0534619283,0.01690614615,2.74395564,2.82044436,-0.5816,0.09074408459,0.02869579915,-0.6465144076,-0.5166855924,1.1898,0.07393360385,0.02337985838,1.136911086,1.242688914
grid_beta_1p000000_kappa_0p500000,no_category_grid,1,1.305846133,grid,True,0.5,0.5,0,10,5000,0,2.5234,0.0489721009,0.01548633807,2.488367469,2.558432531,0.0242,0.00886691729,0.002803965446,0.01785698948,0.03054301052,2.4992,0.04764871457,0.01506784656,2.465114163,2.533285837,-1.3094,0.09093123165,0.02875498024,-1.374448285,-1.244351715,-0.635,0.07476927474,0.02364412072,-0.688486717,-0.581513283,0.6744,0.04662664951,0.01474464121,0.6410453043,0.7077546957,3.7948,0.1021206258,0.03229337737,3.721747305,3.867852695,2.972,0.06249622211,0.0197630407,2.927292896,3.016707104,3.0234,0.0565610781,0.01788618337,2.982938642,3.063861358,-0.8228,0.1002095582,0.03168904472,-0.8944855995,-0.7511144005,1.1898,0.07393360385,0.02337985838,1.136911086,1.242688914
grid_beta_1p000000_kappa_0p600000,no_category_grid,1,1.305846133,grid,True,0.6,0.4,0,10,5000,0,2.7182,0.07772572862,0.02457903352,2.662598363,2.773801637,0.0392,0.01042219853,0.003295788558,0.03174440831,0.04665559169,2.679,0.0786737285,0.02487881741,2.622720205,2.735279795,-1.4892,0.1181268621,0.03735499372,-1.573702867,-1.404697133,-0.8298,0.09373461355,0.02964148744,-0.8968537031,-0.7627462969,0.6594,0.04713149454,0.01490428723,0.6256841599,0.6931158401,3.7594,0.1007264723,0.03185250731,3.687344622,3.831455378,2.7134,0.05975542746,0.01889632533,2.670653542,2.756146458,3.2466,0.07514164402,0.02376187422,3.192846906,3.300353094,-1.046,0.1138068539,0.03598888717,-1.127412519,-0.9645874811,1.1898,0.07393360385,0.02337985838,1.136911086,1.242688914
grid_beta_1p000000_kappa_0p700000,no_category_grid,1,1.305846133,grid,True,0.7,0.3,0,10,5000,0,2.8976,0.08344685601,0.02638821286,2.837905715,2.957294285,0.0608,0.0102934715,0.003255081498,0.05343649407,0.06816350593,2.8368,0.08135628092,0.02572711497,2.778601223,2.894998777,-1.647,0.1133539197,0.0358456568,-1.728088509,-1.565911491,-1.0092,0.09086840302,0.02873511209,-1.07420334,-0.9441966604,0.6378,0.04382236872,0.01385784976,0.6064513659,0.6691486341,3.7164,0.1040674995,0.03290903287,3.641954596,3.790845404,2.469,0.05720334101,0.01808928473,2.428079195,2.509920805,3.448,0.08782305443,0.02777208831,3.385175172,3.510824828,-1.2474,0.1161189046,0.03672002179,-1.33046646,-1.16433354,1.1898,0.07393360385,0.02337985838,1.136911086,1.242688914
grid_beta_1p000000_kappa_0p800000,no_category_grid,1,1.305846133,grid,True,0.8,0.2,0,10,5000,0,3.012,0.09592589733,0.03033443221,2.943378747,3.080621253,0.073,0.01112554618,0.003518206614,0.06504126371,0.08095873629,2.939,0.09784909016,0.03094259919,2.869002978,3.008997022,-1.7492,0.1271017091,0.04019308951,-1.840123085,-1.658276915,-1.1236,0.09426581801,0.02980946904,-1.191033704,-1.056166296,0.6256,0.05039223926,0.01593542525,0.5895515636,0.6616484364,3.6524,0.1036438346,0.03277505827,3.578257667,3.726542333,2.2718,0.06662298569,0.02106803793,2.224140787,2.319459213,3.5812,0.1006079299,0.03181502091,3.509229423,3.653170577,-1.3806,0.1170946436,0.03702857755,-1.464364462,-1.296835538,1.1898,0.07393360385,0.02337985838,1.136911086,1.242688914
grid_beta_1p000000_kappa_0p900000,no_category_grid,1,1.305846133,grid,True,0.9,0.1,0,10,5000,0,3.0548,0.1181757636,0.03737045773,2.970262151,3.139337849,0.0956,0.02248555092,0.007110555534,0.07951480587,0.1116851941,2.9592,0.1145705023,0.036230374,2.8772412,3.0411588,-1.7694,0.1384711763,0.04378843074,-1.868456312,-1.670343688,-1.1664,0.1074173584,0.03396835128,-1.243241749,-1.089558251,0.603,0.05368426213,0.01697645428,0.5645965923,0.6414034077,3.5866,0.1080948143,0.03418258166,3.509273628,3.663926372,2.1228,0.07584897275,0.02398555121,2.068540914,2.177059086,3.6644,0.1206640884,0.0381573351,3.578082111,3.750717889,-1.4638,0.1331446999,0.04210405101,-1.559045981,-1.368554019,1.1898,0.07393360385,0.02337985838,1.136911086,1.242688914
grid_beta_1p000000_kappa_1p000000,no_category_grid,1,1.305846133,grid,True,1,0,0,10,5000,0,3.056,0.1032537328,0.03265169725,2.982136729,3.129863271,0.1068,0.02951760303,0.009334285666,0.08568437882,0.1279156212,2.9492,0.1036884222,0.0327891581,2.875025771,3.023374229,-1.7594,0.1293747356,0.04091188363,-1.851949111,-1.666850889,-1.1676,0.09295064401,0.02939357451,-1.234092885,-1.101107115,0.5918,0.05630433179,0.01780499306,0.5515223074,0.6320776926,3.4816,0.1116613929,0.03531043283,3.401722251,3.561477749,1.9848,0.06798823428,0.02149976744,1.936164147,2.033435853,3.6974,0.1253228719,0.03963057181,3.607749418,3.787050582,-1.4968,0.1357193182,0.0429182168,-1.593887752,-1.399712248,1.1898,0.07393360385,0.02337985838,1.136911086,1.242688914
category_cue_only_boost_0p000000,category_cue_only,0,0,fixed,False,1,0,0,10,5000,0,1.8884,0.06351062903,0.02008382434,1.842967233,1.933832767,0.6986,0.04488058229,0.01419248628,0.6664943655,0.7307056345,1.1898,0.07393360385,0.02337985838,1.136911086,1.242688914,0,0,0,0,0,0,0,0,0,0,0,0,0,0,0,0,0,0,0,0,0,0,0,0,0,2.2006,0.06760046022,0.02137714252,2.152241544,2.248958456,0,0,0,0,0,1.1898,0.07393360385,0.02337985838,1.136911086,1.242688914
category_cue_only_boost_0p100000,category_cue_only,0,0,fixed,False,1,0,0.1,10,5000,0,2.5132,0.09672503985,0.03058714327,2.444007075,2.582392925,0.6514,0.04640929026,0.01467590618,0.6182007937,0.6845992063,1.8618,0.1101572613,0.03483478466,1.782998242,1.940601758,-0.672,0.1252552949,0.03960920207,-0.7616022402,-0.5823977598,-0.6248,0.09525731235,0.03012300708,-0.6929429762,-0.5566570238,0.0472,0.05743556776,0.01816272128,0.006113069951,0.08828693005,1.4222,0.09654682226,0.03053078592,1.353134564,1.491265436,0.7568,0.04850841851,0.01533970882,0.7220991678,0.7915008322,2.866,0.1164359624,0.03682028426,2.78270673,2.94929327,-0.6654,0.08856911927,0.02800801473,-0.7287585311,-0.6020414689,1.1898,0.07393360385,0.02337985838,1.136911086,1.242688914
category_cue_only_boost_0p200000,category_cue_only,0,0,fixed,False,1,0,0.2,10,5000,0,2.7516,0.1075124799,0.03399843134,2.674690205,2.828509795,0.4392,0.04654460226,0.01471869559,0.4059039973,0.4724960027,2.3124,0.1156923122,0.03658512144,2.229638705,2.395161295,-1.1226,0.148096215,0.04683213522,-1.22854165,-1.01665835,-0.8632,0.1243693424,0.03932903931,-0.952168468,-0.774231532,0.2594,0.05132077769,0.01622905488,0.2226873273,0.2961126727,2.5708,0.08266774193,0.02614183535,2.51166306,2.62993694,1.7076,0.08151782355,0.02577819923,1.649285662,1.765914338,3.0638,0.0958120846,0.03029844147,2.995260164,3.132339836,-0.8632,0.1096426519,0.03467205086,-0.9416336282,-0.7847663718,1.1898,0.07393360385,0.02337985838,1.136911086,1.242688914
category_cue_only_boost_0p300000,category_cue_only,0,0,fixed,False,1,0,0.3,10,5000,0,2.584,0.05595236069,0.01769369002,2.543974092,2.624025908,0.2884,0.05194698152,0.01642707792,0.251239368,0.325560632,2.2956,0.08316943883,0.02630048584,2.236104168,2.355095832,-1.1058,0.1416300345,0.0447873494,-1.207116023,-1.004483977,-0.6956,0.0960268481,0.03036635565,-0.7642934689,-0.6269065311,0.4102,0.08199430875,0.02592887708,0.351544805,0.468855195,3.3888,0.09920215051,0.03137047444,3.317835057,3.459764943,2.7132,0.05485496027,0.01734666154,2.673959125,2.752440875,2.8762,0.05928799766,0.01874851105,2.833787921,2.918612079,-0.6756,0.1026008447,0.03244523591,-0.7489962228,-0.6022037772,1.1898,0.07393360385,0.02337985838,1.136911086,1.242688914
category_cue_only_boost_0p400000,category_cue_only,0,0,fixed,False,1,0,0.4,10,5000,0,2.21,0.06095535707,0.01927577639,2.166395164,2.253604836,0.169,0.02867829222,0.009068872281,0.1484847856,0.1895152144,2.041,0.06285963199,0.019877961,1.996032928,2.085967072,-0.8512,0.1245657345,0.03939114396,-0.9403089585,-0.7620910415,-0.3216,0.1099688845,0.03477521467,-0.400267001,-0.242932999,0.5296,0.06678522791,0.02111934342,0.481824726,0.577375274,3.844,0.1080822732,0.0341786158,3.766682599,3.921317401,3.5944,0.08088840049,0.02557915818,3.536535924,3.652264076,2.4502,0.06336806065,0.02003874026,2.40486922,2.49553078,-0.2496,0.1175256,0.03716485795,-0.3336727496,-0.1655272504,1.1898,0.07393360385,0.02337985838,1.136911086,1.242688914
category_cue_only_boost_0p500000,category_cue_only,0,0,fixed,False,1,0,0.5,10,5000,0,1.826,0.03767698974,0.01191451029,1.799047505,1.852952495,0.069,0.03197568521,0.0101115995,0.04612597276,0.09187402724,1.757,0.05716448004,0.01807699582,1.716106994,1.797893006,-0.5672,0.1140105258,0.03605329389,-0.648758217,-0.485641783,0.0624,0.06879793279,0.02175581659,0.01318492367,0.1116150763,0.6296,0.06101948687,0.01929605602,0.5859492887,0.6732507113,4.0736,0.1041315407,0.0329292845,3.999108783,4.148091217,4.277,0.08249579114,0.02608745974,4.217986066,4.336013934,1.9972,0.03671148776,0.01160919176,1.970938184,2.023461816,0.2034,0.07874600519,0.0249016733,0.1470685014,0.2597314986,1.1898,0.07393360385,0.02337985838,1.136911086,1.242688914
category_cue_only_boost_0p600000,category_cue_only,0,0,fixed,False,1,0,0.6,10,5000,0,1.4774,0.06076585298,0.01921584994,1.433930727,1.520869273,0.0362,0.01799876539,0.00569170937,0.02332445888,0.04907554112,1.4412,0.05948071583,0.01880945389,1.398650059,1.483749941,-0.2514,0.09413016992,0.02976657335,-0.3187366671,-0.1840633329,0.411,0.07274460652,0.02300386441,0.3589616434,0.4630383566,0.6624,0.05591104045,0.01768062342,0.6224036511,0.7023963489,4.2198,0.09750874605,0.03083497293,4.150046445,4.289553555,4.8068,0.1008285674,0.03188479261,4.734671588,4.878928412,1.6136,0.05606979777,0.01773082689,1.573490083,1.653709917,0.587,0.07865112841,0.02487167063,0.5307363721,0.6432636279,1.1898,0.07393360385,0.02337985838,1.136911086,1.242688914
category_cue_only_boost_0p700000,category_cue_only,0,0,fixed,False,1,0,0.7,10,5000,0.7,1.1644,0.06123760646,0.01936503149,1.120593255,1.208206745,0.0214,0.01376145987,0.004351755712,0.01155564465,0.03124435535,1.143,0.05877452207,0.01858613581,1.10095524,1.18504476,0.0468,0.09296211893,0.02939720319,-0.01970109377,0.1133010938,0.724,0.08527602242,0.02696664607,0.6629972084,0.7850027916,0.6772,0.05223196127,0.01651719643,0.6398355058,0.7145644942,4.2964,0.09664045622,0.03056039558,4.227267582,4.365532418,5.2246,0.1021460828,0.03230142756,5.151529094,5.297670906,1.2724,0.06160663745,0.01948172933,1.228329266,1.316470734,0.9282,0.08738904076,0.02763484113,0.8656856462,0.9907143538,1.1898,0.07393360385,0.02337985838,1.136911086,1.242688914
category_cue_only_boost_0p800000,category_cue_only,0,0,fixed,False,1,0,0.8,10,5000,1,0.9214,0.05714737284,0.01807158605,0.8805192322,0.9622807678,0.014,0.008692269874,0.002748737084,0.007781924717,0.02021807528,0.9074,0.05107771856,0.01615219283,0.8708612013,0.9439387987,0.2824,0.0855195884,0.02704366839,0.2212229718,0.3435770282,0.967,0.08393780766,0.0265434654,0.9069545096,1.02704549,0.6846,0.05093830691,0.016108107,0.6481609304,0.7210390696,4.348,0.09009624483,0.02849093423,4.283549029,4.412450971,5.5412,0.0871331038,0.02755390676,5.478868732,5.603531268,1.0074,0.05690577006,0.01799518454,0.9666920644,1.048107936,1.1932,0.08165074675,0.02582023324,1.134790574,1.251609426,1.1898,0.07393360385,0.02337985838,1.136911086,1.242688914
category_cue_only_boost_0p900000,category_cue_only,0,0,fixed,False,1,0,0.9,10,5000,1,0.7324,0.03323719469,0.01051052383,0.7086235432,0.7561764568,0.0102,0.005769652406,0.001824524291,0.006072639306,0.01432736069,0.7222,0.03261151807,0.01031266751,0.6988711253,0.7455288747,0.4676,0.0777734602,0.02459412757,0.4119642181,0.5232357819,1.156,0.07812241107,0.02470447553,1.100114594,1.211885406,0.6884,0.04568296546,0.01444622211,0.6557203752,0.7210796248,4.3842,0.09314958102,0.02945648391,4.317564804,4.450835196,5.7878,0.07614284821,0.02407848279,5.733330688,5.842269312,0.797,0.0379385468,0.0119972219,0.7698603985,0.8241396015,1.4036,0.08658354989,0.02738012255,1.34166186,1.46553814,1.1898,0.07393360385,0.02337985838,1.136911086,1.242688914
category_cue_only_boost_1p000000,category_cue_only,0,0,fixed,False,1,0,1,10,5000,1,0.5804,0.02443676647,0.00772758407,0.5629189903,0.5978810097,0.0072,0.004732863826,0.001496662955,0.003814313177,0.01058568682,0.5732,0.02494794581,0.007889233169,0.5553533147,0.5910466853,0.6166,0.06914750739,0.02186636179,0.5671348531,0.6660651469,1.308,0.06568612233,0.02077177572,1.261010979,1.354989021,0.6914,0.04324657983,0.01367576933,0.6604632605,0.7223367395,4.4068,0.09615820298,0.03040789371,4.338012565,4.475587435,5.9774,0.06939772651,0.02194548802,5.927755857,6.027044143,0.63,0.02777688887,0.008783823516,0.6101296107,0.6498703893,1.5706,0.07177155116,0.02269615729,1.519257725,1.621942275,1.1898,0.07393360385,0.02337985838,1.136911086,1.242688914
category_cue_plus_current_other_controls_boost_0p000000,category_cue_plus_current_other_controls,0.7657870054,1,fitted,False,0,1,0,10,5000,0,1.6652,0.04150716136,0.01312571691,1.635507565,1.694892435,0.0208,0.006477310827,0.002048305533,0.01616641097,0.02543358903,1.6444,0.04579956332,0.01448309359,1.611636966,1.677163034,-0.4546,0.09291836321,0.02938336642,-0.5210697928,-0.3881302072,0.2232,0.07106929326,0.02247408384,0.1723600903,0.2740399097,0.6778,0.04639396512,0.01467105995,0.6446117567,0.7109882433,3.7812,0.09617206802,0.03041227822,3.712402647,3.849997353,3.8284,0.08660407997,0.02738661474,3.766447173,3.890352827,2.1534,0.05632485143,0.01781148194,2.113107629,2.193692371,0.0472,0.08368299973,0.02646288806,-0.01266321177,0.1070632118,1.1898,0.07393360385,0.02337985838,1.136911086,1.242688914
category_cue_plus_current_other_controls_boost_0p100000,category_cue_plus_current_other_controls,0.7657870054,1,fitted,False,0,1,0.1,10,5000,0,1.5188,0.03973467559,0.0125652077,1.490375525,1.547224475,0.0174,0.005660781257,0.001790096211,0.01335052103,0.02144947897,1.5014,0.03944109532,0.01247236946,1.47318554,1.52961446,-0.3116,0.1020230911,0.03226253417,-0.3845829228,-0.2386170772,0.3696,0.08411526483,0.02659958229,0.3094275644,0.4297724356,0.6812,0.04600676279,0.01454861582,0.6482887445,0.7141112555,3.99,0.09458682079,0.02991097903,3.922336665,4.057663335,4.2798,0.08691988649,0.02748648153,4.217621259,4.341978741,1.9108,0.04382997452,0.01386025493,1.879445925,1.942154075,0.2898,0.08413454833,0.02660568026,0.2296137698,0.3499862302,1.1898,0.07393360385,0.02337985838,1.136911086,1.242688914
category_cue_plus_current_other_controls_boost_0p200000,category_cue_plus_current_other_controls,0.7657870054,1,fitted,False,0,1,0.2,10,5000,0.1,1.3594,0.03930563997,0.01242953472,1.331282439,1.387517561,0.0122,0.005370702416,0.001698365227,0.008358030937,0.01604196906,1.3472,0.03910328204,0.01236554352,1.319227197,1.375172803,-0.1574,0.08670793889,0.02741945781,-0.2194271229,-0.09537287711,0.529,0.06097904923,0.01928326851,0.485378216,0.572621784,0.6864,0.0449671485,0.01421986092,0.6542324398,0.7185675602,4.1258,0.09100158729,0.02877722865,4.060701386,4.190898614,4.6694,0.07569558919,0.02393704707,4.615250638,4.723549362,1.657,0.03610170818,0.01141636253,1.631174394,1.682825606,0.5436,0.06328629832,0.02001288474,0.4983277094,0.5888722906,1.1898,0.07393360385,0.02337985838,1.136911086,1.242688914
category_cue_plus_current_other_controls_boost_0p300000,category_cue_plus_current_other_controls,0.7657870054,1,fitted,False,0,1,0.3,10,5000,0.3,1.2134,0.03812319212,0.01205561188,1.186128311,1.240671689,0.0106,0.005738757124,0.001814754345,0.006494740459,0.01470525954,1.2028,0.03690468203,0.01167028515,1.176399981,1.229200019,-0.013,0.09295279567,0.02939425492,-0.07949442431,0.05349442431,0.675,0.07311634564,0.02312141864,0.6226957172,0.7273042828,0.688,0.04333846124,0.01370482478,0.6569975325,0.7190024675,4.2268,0.09570417383,0.03026431709,4.158337358,4.295262642,4.982,0.07126164622,0.02253491119,4.931022489,5.032977511,1.4454,0.04166586666,0.01317590393,1.415594035,1.475205965,0.7552,0.08433899849,0.02667033308,0.694867515,0.815532485,1.1898,0.07393360385,0.02337985838,1.136911086,1.242688914
category_cue_plus_current_other_controls_boost_0p400000,category_cue_plus_current_other_controls,0.7657870054,1,fitted,False,0,1,0.4,10,5000,1,1.0454,0.03261969412,0.010315253,1.022065277,1.068734723,0.0056,0.003977715704,0.001257864151,0.002754513601,0.008445486399,1.0398,0.03397319205,0.01074326663,1.015497042,1.064102958,0.15,0.07767739554,0.02456374926,0.09443293866,0.2055670613,0.843,0.06051078875,0.01913519155,0.7997131894,0.8862868106,0.693,0.0456678832,0.01444145268,0.6603311644,0.7256688356,4.2948,0.1006432644,0.03182619466,4.222804146,4.366795854,5.268,0.07872878903,0.02489622908,5.211680817,5.324319183,1.2274,0.03434530536,0.01086093919,1.202830849,1.251969151,0.9732,0.06913561552,0.02186260125,0.92374336,1.02265664,1.1898,0.07393360385,0.02337985838,1.136911086,1.242688914
category_cue_plus_current_other_controls_boost_0p500000,category_cue_plus_current_other_controls,0.7657870054,1,fitted,False,0,1,0.5,10,5000,1,0.898,0.0409009644,0.0129340206,0.8687412127,0.9272587873,0.0026,0.003533962208,0.001117536974,7.195572893e-05,0.005128044271,0.8954,0.04066174834,0.01285837384,0.8663123375,0.9244876625,0.2944,0.08806462274,0.02784847891,0.231402364,0.357397636,0.9904,0.07442102451,0.02353399432,0.9371624062,1.043637594,0.696,0.0455582655,0.01440678852,0.6634095801,0.7285904199,4.3448,0.1009519137,0.03192379816,4.272583351,4.417016649,5.505,0.08958794562,0.0283301959,5.440912644,5.569087356,1.0404,0.03569998444,0.01128932633,1.01486177,1.06593823,1.1602,0.08020778571,0.02536392889,1.102822807,1.217577193,1.1898,0.07393360385,0.02337985838,1.136911086,1.242688914
category_cue_plus_current_other_controls_boost_0p600000,category_cue_plus_current_other_controls,0.7657870054,1,fitted,False,0,1,0.6,10,5000,1,0.7676,0.03459993577,0.01094146039,0.742848697,0.792351303,0.0032,0.0021499354,0.0006798692685,0.001662028865,0.004737971135,0.7644,0.03461277863,0.01094552166,0.7396395098,0.7891604902,0.4254,0.09208233031,0.0291189896,0.3595282691,0.4912717309,1.1208,0.07701774687,0.02435515004,1.065704823,1.175895177,0.6954,0.04426234919,0.0139969838,0.6637366228,0.7270633772,4.3778,0.09938231455,0.03142744731,4.306706175,4.448893825,5.6986,0.08065316691,0.0255047708,5.6409042,5.7562958,0.8798,0.03465961467,0.01096033252,0.8550060053,0.9045939947,1.3208,0.07978972365,0.02523172606,1.26372187,1.37787813,1.1898,0.07393360385,0.02337985838,1.136911086,1.242688914
category_cue_plus_current_other_controls_boost_0p700000,category_cue_plus_current_other_controls,0.7657870054,1,fitted,False,0,1,0.7,10,5000,1,0.6588,0.03263535915,0.01032020672,0.6354540705,0.6821459295,0.0022,0.001988857852,0.0006289320755,0.0007772568006,0.003622743199,0.6566,0.0322083495,0.01018517441,0.6335595348,0.6796404652,0.5332,0.08151455221,0.02577716474,0.4748880021,0.5915119979,1.2296,0.06873976692,0.02173742293,1.180426533,1.278773467,0.6964,0.04442021562,0.01404690555,0.664623692,0.728176308,4.4024,0.09811920188,0.03102801601,4.332209751,4.472590249,5.8548,0.07625221308,0.024113067,5.800252453,5.909347547,0.7482,0.03340592097,0.01056387976,0.7243028437,0.7720971563,1.4524,0.07753307538,0.02451811122,1.396936179,1.507863821,1.1898,0.07393360385,0.02337985838,1.136911086,1.242688914
category_cue_plus_current_other_controls_boost_0p800000,category_cue_plus_current_other_controls,0.7657870054,1,fitted,False,0,1,0.8,10,5000,1,0.5584,0.02028244999,0.006413873851,0.5438908093,0.5729091907,0.0016,0.002065591118,0.0006531972647,0.0001223651288,0.003077634871,0.5568,0.02000444395,0.006325960621,0.5424896829,0.5711103171,0.633,0.08124175172,0.02569089765,0.5748831519,0.6911168481,1.33,0.06701243666,0.02119119314,1.282062191,1.377937809,0.697,0.04441471228,0.01404516524,0.6652276288,0.7287723712,4.4198,0.09947171569,0.03145571843,4.348642221,4.490957779,5.9916,0.07783629545,0.02461399782,5.935919269,6.047280731,0.6288,0.02346060528,0.007418894796,0.612017294,0.645582706,1.5718,0.07112711625,0.02249236908,1.520918726,1.622681274,1.1898,0.07393360385,0.02337985838,1.136911086,1.242688914
category_cue_plus_current_other_controls_boost_0p900000,category_cue_plus_current_other_controls,0.7657870054,1,fitted,False,0,1,0.9,10,5000,1,0.4724,0.02188454554,0.006920500945,0.4567447392,0.4880552608,0.0012,0.001032795559,0.0003265986324,0.0004611825644,0.001938817436,0.4712,0.02189266747,0.006923069326,0.4555389291,0.4868610709,0.7186,0.07812838437,0.02470636445,0.6627103207,0.7744896793,1.416,0.06547603463,0.02070534016,1.369161266,1.462838734,0.6974,0.04492017612,0.01420500694,0.6652660418,0.7295339582,4.434,0.1020457414,0.03226969683,4.361000874,4.506999126,6.1056,0.07312576685,0.02312439789,6.053288978,6.157911022,0.529,0.0218936825,0.006923390306,0.513338203,0.544661797,1.6716,0.07738963468,0.02447275129,1.61623879,1.72696121,1.1898,0.07393360385,0.02337985838,1.136911086,1.242688914
category_cue_plus_current_other_controls_boost_1p000000,category_cue_plus_current_other_controls,0.7657870054,1,fitted,False,0,1,1,10,5000,1,0.3998,0.01742157028,0.005509184251,0.3873373594,0.4122626406,0.002,0.001333333333,0.0004216370214,0.001046190792,0.002953809208,0.3978,0.01762447793,0.005573349282,0.385192208,0.410407792,0.792,0.07612270796,0.02407211388,0.7375450952,0.8464549048,1.4886,0.06768587576,0.02140415328,1.440180441,1.537019559,0.6966,0.04510777218,0.01426433003,0.6643318437,0.7288681563,4.444,0.1040555407,0.03290525119,4.36956315,4.51843685,6.2008,0.07203826144,0.02278049848,6.149266932,6.252333068,0.4438,0.02134270627,0.006749156326,0.4285323477,0.4590676523,1.7568,0.07756975356,0.02452970988,1.701309941,1.812290059,1.1898,0.07393360385,0.02337985838,1.136911086,1.242688914
